row_id,proposition,argument_column,answer,raw_answer
e7a62f1b-e53f-4d94-aebc-f6c82d7a09e8,askacademia_train,losing_generate_mistral,no,no
e7a62f1b-e53f-4d94-aebc-f6c82d7a09e8,askacademia_train,losing_text,no,no
e7a62f1b-e53f-4d94-aebc-f6c82d7a09e8,askacademia_train,losing_generate_gpt5nano,no,no
e7a62f1b-e53f-4d94-aebc-f6c82d7a09e8,askacademia_train,losing_generate_gpt4omini,no,no
e7a62f1b-e53f-4d94-aebc-f6c82d7a09e8,askacademia_train,losing_generate_gemini,no,no
e7a62f1b-e53f-4d94-aebc-f6c82d7a09e8,askacademia_train,winning_text,no,no
e7a62f1b-e53f-4d94-aebc-f6c82d7a09e8,askacademia_train,losing_generate_claude,no,no
e7a62f1b-e53f-4d94-aebc-f6c82d7a09e8,askacademia_train,losing_generate_llama,no,no
e7a62f1b-e53f-4d94-aebc-f6c82d7a09e8,askacademia_train,losing_improve_claude,no,no
e7a62f1b-e53f-4d94-aebc-f6c82d7a09e8,askacademia_train,losing_generate_qwen,no,no
e7a62f1b-e53f-4d94-aebc-f6c82d7a09e8,askacademia_train,losing_improve_gemini,no,no
e7a62f1b-e53f-4d94-aebc-f6c82d7a09e8,askacademia_train,losing_improve_gpt5nano,no,no
e7a62f1b-e53f-4d94-aebc-f6c82d7a09e8,askacademia_train,losing_improve_llama,no,no
e7a62f1b-e53f-4d94-aebc-f6c82d7a09e8,askacademia_train,losing_improve_mistral,no,no
e7a62f1b-e53f-4d94-aebc-f6c82d7a09e8,askacademia_train,losing_improve_gpt4omini,no,no
e7a62f1b-e53f-4d94-aebc-f6c82d7a09e8,askacademia_train,losing_paraphrase_claude,no,no
e7a62f1b-e53f-4d94-aebc-f6c82d7a09e8,askacademia_train,losing_improve_qwen,no,no
e7a62f1b-e53f-4d94-aebc-f6c82d7a09e8,askacademia_train,losing_paraphrase_gemini,no,no
e7a62f1b-e53f-4d94-aebc-f6c82d7a09e8,askacademia_train,losing_paraphrase_gpt4omini,no,no
e7a62f1b-e53f-4d94-aebc-f6c82d7a09e8,askacademia_train,losing_paraphrase_gpt5nano,no,no
e7a62f1b-e53f-4d94-aebc-f6c82d7a09e8,askacademia_train,losing_paraphrase_llama,no,no
e7a62f1b-e53f-4d94-aebc-f6c82d7a09e8,askacademia_train,losing_paraphrase_mistral,no,no
e7a62f1b-e53f-4d94-aebc-f6c82d7a09e8,askacademia_train,losing_paraphrase_qwen,no,no
e0e76c73-21e7-4df5-ae3b-01c7a2ea5814,askacademia_train,losing_generate_claude,no,no
e0e76c73-21e7-4df5-ae3b-01c7a2ea5814,askacademia_train,losing_text,no,no
e0e76c73-21e7-4df5-ae3b-01c7a2ea5814,askacademia_train,winning_text,no,no
e0e76c73-21e7-4df5-ae3b-01c7a2ea5814,askacademia_train,losing_generate_gemini,no,no
e0e76c73-21e7-4df5-ae3b-01c7a2ea5814,askacademia_train,losing_generate_gpt4omini,no,no
e0e76c73-21e7-4df5-ae3b-01c7a2ea5814,askacademia_train,losing_generate_gpt5nano,no,no
e0e76c73-21e7-4df5-ae3b-01c7a2ea5814,askacademia_train,losing_generate_qwen,no,no
e0e76c73-21e7-4df5-ae3b-01c7a2ea5814,askacademia_train,losing_generate_mistral,no,no
e0e76c73-21e7-4df5-ae3b-01c7a2ea5814,askacademia_train,losing_generate_llama,no,no
e0e76c73-21e7-4df5-ae3b-01c7a2ea5814,askacademia_train,losing_improve_claude,no,no
e0e76c73-21e7-4df5-ae3b-01c7a2ea5814,askacademia_train,losing_improve_gpt4omini,no,no
e0e76c73-21e7-4df5-ae3b-01c7a2ea5814,askacademia_train,losing_improve_gemini,no,no
e0e76c73-21e7-4df5-ae3b-01c7a2ea5814,askacademia_train,losing_improve_llama,no,no
e0e76c73-21e7-4df5-ae3b-01c7a2ea5814,askacademia_train,losing_improve_gpt5nano,no,no
e0e76c73-21e7-4df5-ae3b-01c7a2ea5814,askacademia_train,losing_improve_mistral,no,no
e0e76c73-21e7-4df5-ae3b-01c7a2ea5814,askacademia_train,losing_paraphrase_claude,no,no
e0e76c73-21e7-4df5-ae3b-01c7a2ea5814,askacademia_train,losing_improve_qwen,no,no
e0e76c73-21e7-4df5-ae3b-01c7a2ea5814,askacademia_train,losing_paraphrase_gemini,no,no
e0e76c73-21e7-4df5-ae3b-01c7a2ea5814,askacademia_train,losing_paraphrase_gpt5nano,no,no
e0e76c73-21e7-4df5-ae3b-01c7a2ea5814,askacademia_train,losing_paraphrase_gpt4omini,no,no
e0e76c73-21e7-4df5-ae3b-01c7a2ea5814,askacademia_train,losing_paraphrase_mistral,no,no
e0e76c73-21e7-4df5-ae3b-01c7a2ea5814,askacademia_train,losing_paraphrase_llama,no,no
53224857-de66-4568-a5a1-1fcde510bf49,askacademia_train,winning_text,no,no
53224857-de66-4568-a5a1-1fcde510bf49,askacademia_train,losing_text,no,no
e0e76c73-21e7-4df5-ae3b-01c7a2ea5814,askacademia_train,losing_paraphrase_qwen,no,no
53224857-de66-4568-a5a1-1fcde510bf49,askacademia_train,losing_generate_claude,no,no
53224857-de66-4568-a5a1-1fcde510bf49,askacademia_train,losing_generate_gpt4omini,no,no
53224857-de66-4568-a5a1-1fcde510bf49,askacademia_train,losing_generate_gemini,no,no
53224857-de66-4568-a5a1-1fcde510bf49,askacademia_train,losing_generate_llama,no,no
53224857-de66-4568-a5a1-1fcde510bf49,askacademia_train,losing_generate_gpt5nano,no,no
53224857-de66-4568-a5a1-1fcde510bf49,askacademia_train,losing_generate_mistral,no,no
53224857-de66-4568-a5a1-1fcde510bf49,askacademia_train,losing_improve_claude,no,no
53224857-de66-4568-a5a1-1fcde510bf49,askacademia_train,losing_generate_qwen,no,no
53224857-de66-4568-a5a1-1fcde510bf49,askacademia_train,losing_improve_gpt4omini,no,no
53224857-de66-4568-a5a1-1fcde510bf49,askacademia_train,losing_improve_gpt5nano,no,no
53224857-de66-4568-a5a1-1fcde510bf49,askacademia_train,losing_improve_gemini,no,no
53224857-de66-4568-a5a1-1fcde510bf49,askacademia_train,losing_improve_llama,no,no
53224857-de66-4568-a5a1-1fcde510bf49,askacademia_train,losing_improve_mistral,no,no
53224857-de66-4568-a5a1-1fcde510bf49,askacademia_train,losing_paraphrase_gemini,no,no
53224857-de66-4568-a5a1-1fcde510bf49,askacademia_train,losing_improve_qwen,no,no
53224857-de66-4568-a5a1-1fcde510bf49,askacademia_train,losing_paraphrase_claude,no,no
53224857-de66-4568-a5a1-1fcde510bf49,askacademia_train,losing_paraphrase_llama,no,no
53224857-de66-4568-a5a1-1fcde510bf49,askacademia_train,losing_paraphrase_gpt4omini,no,no
53224857-de66-4568-a5a1-1fcde510bf49,askacademia_train,losing_paraphrase_gpt5nano,no,no
53224857-de66-4568-a5a1-1fcde510bf49,askacademia_train,losing_paraphrase_mistral,no,no
53224857-de66-4568-a5a1-1fcde510bf49,askacademia_train,losing_paraphrase_qwen,no,no
5201d75b-940f-454e-af9e-412ca80b0f22,askacademia_train,winning_text,no,no
5201d75b-940f-454e-af9e-412ca80b0f22,askacademia_train,losing_text,no,no
5201d75b-940f-454e-af9e-412ca80b0f22,askacademia_train,losing_generate_claude,no,no
5201d75b-940f-454e-af9e-412ca80b0f22,askacademia_train,losing_generate_gpt5nano,no,no
5201d75b-940f-454e-af9e-412ca80b0f22,askacademia_train,losing_generate_gemini,no,no
5201d75b-940f-454e-af9e-412ca80b0f22,askacademia_train,losing_generate_gpt4omini,no,no
5201d75b-940f-454e-af9e-412ca80b0f22,askacademia_train,losing_generate_llama,no,no
5201d75b-940f-454e-af9e-412ca80b0f22,askacademia_train,losing_generate_mistral,no,no
5201d75b-940f-454e-af9e-412ca80b0f22,askacademia_train,losing_improve_gemini,no,no
5201d75b-940f-454e-af9e-412ca80b0f22,askacademia_train,losing_improve_claude,no,no
5201d75b-940f-454e-af9e-412ca80b0f22,askacademia_train,losing_generate_qwen,no,no
5201d75b-940f-454e-af9e-412ca80b0f22,askacademia_train,losing_improve_gpt5nano,no,no
5201d75b-940f-454e-af9e-412ca80b0f22,askacademia_train,losing_improve_gpt4omini,no,no
5201d75b-940f-454e-af9e-412ca80b0f22,askacademia_train,losing_improve_llama,no,no
5201d75b-940f-454e-af9e-412ca80b0f22,askacademia_train,losing_improve_mistral,no,no
5201d75b-940f-454e-af9e-412ca80b0f22,askacademia_train,losing_improve_qwen,no,no
5201d75b-940f-454e-af9e-412ca80b0f22,askacademia_train,losing_paraphrase_claude,no,no
5201d75b-940f-454e-af9e-412ca80b0f22,askacademia_train,losing_paraphrase_gemini,no,no
5201d75b-940f-454e-af9e-412ca80b0f22,askacademia_train,losing_paraphrase_gpt4omini,no,no
5201d75b-940f-454e-af9e-412ca80b0f22,askacademia_train,losing_paraphrase_llama,no,no
5201d75b-940f-454e-af9e-412ca80b0f22,askacademia_train,losing_paraphrase_mistral,no,no
5201d75b-940f-454e-af9e-412ca80b0f22,askacademia_train,losing_paraphrase_gpt5nano,no,no
a4f335ee-4bbf-4484-a311-ef7665f17d1b,askacademia_train,winning_text,no,no
5201d75b-940f-454e-af9e-412ca80b0f22,askacademia_train,losing_paraphrase_qwen,no,no
a4f335ee-4bbf-4484-a311-ef7665f17d1b,askacademia_train,losing_generate_gemini,no,no
a4f335ee-4bbf-4484-a311-ef7665f17d1b,askacademia_train,losing_text,no,no
a4f335ee-4bbf-4484-a311-ef7665f17d1b,askacademia_train,losing_generate_claude,no,no
a4f335ee-4bbf-4484-a311-ef7665f17d1b,askacademia_train,losing_generate_gpt4omini,no,no
a4f335ee-4bbf-4484-a311-ef7665f17d1b,askacademia_train,losing_generate_gpt5nano,no,no
a4f335ee-4bbf-4484-a311-ef7665f17d1b,askacademia_train,losing_generate_llama,no,no
a4f335ee-4bbf-4484-a311-ef7665f17d1b,askacademia_train,losing_generate_mistral,no,no
a4f335ee-4bbf-4484-a311-ef7665f17d1b,askacademia_train,losing_generate_qwen,no,no
a4f335ee-4bbf-4484-a311-ef7665f17d1b,askacademia_train,losing_improve_gemini,no,no
a4f335ee-4bbf-4484-a311-ef7665f17d1b,askacademia_train,losing_improve_gpt4omini,no,no
a4f335ee-4bbf-4484-a311-ef7665f17d1b,askacademia_train,losing_improve_claude,no,no
a4f335ee-4bbf-4484-a311-ef7665f17d1b,askacademia_train,losing_improve_gpt5nano,no,no
a4f335ee-4bbf-4484-a311-ef7665f17d1b,askacademia_train,losing_improve_llama,no,no
a4f335ee-4bbf-4484-a311-ef7665f17d1b,askacademia_train,losing_paraphrase_claude,no,no
a4f335ee-4bbf-4484-a311-ef7665f17d1b,askacademia_train,losing_improve_mistral,no,no
a4f335ee-4bbf-4484-a311-ef7665f17d1b,askacademia_train,losing_improve_qwen,no,no
a4f335ee-4bbf-4484-a311-ef7665f17d1b,askacademia_train,losing_paraphrase_gpt4omini,no,no
a4f335ee-4bbf-4484-a311-ef7665f17d1b,askacademia_train,losing_paraphrase_gemini,no,no
a4f335ee-4bbf-4484-a311-ef7665f17d1b,askacademia_train,losing_paraphrase_gpt5nano,no,no
a4f335ee-4bbf-4484-a311-ef7665f17d1b,askacademia_train,losing_paraphrase_mistral,no,no
a4f335ee-4bbf-4484-a311-ef7665f17d1b,askacademia_train,losing_paraphrase_llama,no,no
82a666ac-d301-441a-9fbf-50987a52185f,askacademia_train,winning_text,no,no
a4f335ee-4bbf-4484-a311-ef7665f17d1b,askacademia_train,losing_paraphrase_qwen,no,no
82a666ac-d301-441a-9fbf-50987a52185f,askacademia_train,losing_text,no,no
82a666ac-d301-441a-9fbf-50987a52185f,askacademia_train,losing_generate_claude,no,no
82a666ac-d301-441a-9fbf-50987a52185f,askacademia_train,losing_generate_gemini,no,no
82a666ac-d301-441a-9fbf-50987a52185f,askacademia_train,losing_generate_gpt4omini,no,no
82a666ac-d301-441a-9fbf-50987a52185f,askacademia_train,losing_generate_gpt5nano,no,no
82a666ac-d301-441a-9fbf-50987a52185f,askacademia_train,losing_generate_llama,no,no
82a666ac-d301-441a-9fbf-50987a52185f,askacademia_train,losing_generate_qwen,no,no
82a666ac-d301-441a-9fbf-50987a52185f,askacademia_train,losing_generate_mistral,no,no
82a666ac-d301-441a-9fbf-50987a52185f,askacademia_train,losing_improve_claude,no,no
82a666ac-d301-441a-9fbf-50987a52185f,askacademia_train,losing_improve_gpt5nano,no,no
82a666ac-d301-441a-9fbf-50987a52185f,askacademia_train,losing_improve_gemini,no,no
82a666ac-d301-441a-9fbf-50987a52185f,askacademia_train,losing_improve_gpt4omini,no,no
82a666ac-d301-441a-9fbf-50987a52185f,askacademia_train,losing_improve_llama,no,no
82a666ac-d301-441a-9fbf-50987a52185f,askacademia_train,losing_improve_mistral,no,no
82a666ac-d301-441a-9fbf-50987a52185f,askacademia_train,losing_improve_qwen,no,no
82a666ac-d301-441a-9fbf-50987a52185f,askacademia_train,losing_paraphrase_claude,no,no
82a666ac-d301-441a-9fbf-50987a52185f,askacademia_train,losing_paraphrase_gemini,no,no
82a666ac-d301-441a-9fbf-50987a52185f,askacademia_train,losing_paraphrase_gpt5nano,no,no
82a666ac-d301-441a-9fbf-50987a52185f,askacademia_train,losing_paraphrase_gpt4omini,no,no
82a666ac-d301-441a-9fbf-50987a52185f,askacademia_train,losing_paraphrase_qwen,no,no
82a666ac-d301-441a-9fbf-50987a52185f,askacademia_train,losing_paraphrase_llama,no,no
82a666ac-d301-441a-9fbf-50987a52185f,askacademia_train,losing_paraphrase_mistral,no,no
2cf371a8-d8bd-401d-9e7d-11e0b469d270,askacademia_train,losing_text,no,no
2cf371a8-d8bd-401d-9e7d-11e0b469d270,askacademia_train,winning_text,no,no
2cf371a8-d8bd-401d-9e7d-11e0b469d270,askacademia_train,losing_generate_claude,no,no
2cf371a8-d8bd-401d-9e7d-11e0b469d270,askacademia_train,losing_generate_gpt4omini,no,no
2cf371a8-d8bd-401d-9e7d-11e0b469d270,askacademia_train,losing_generate_gemini,no,no
2cf371a8-d8bd-401d-9e7d-11e0b469d270,askacademia_train,losing_generate_mistral,no,no
2cf371a8-d8bd-401d-9e7d-11e0b469d270,askacademia_train,losing_generate_llama,no,no
2cf371a8-d8bd-401d-9e7d-11e0b469d270,askacademia_train,losing_generate_gpt5nano,no,no
2cf371a8-d8bd-401d-9e7d-11e0b469d270,askacademia_train,losing_improve_claude,no,no
2cf371a8-d8bd-401d-9e7d-11e0b469d270,askacademia_train,losing_generate_qwen,no,no
2cf371a8-d8bd-401d-9e7d-11e0b469d270,askacademia_train,losing_improve_gemini,no,no
2cf371a8-d8bd-401d-9e7d-11e0b469d270,askacademia_train,losing_improve_gpt4omini,no,no
2cf371a8-d8bd-401d-9e7d-11e0b469d270,askacademia_train,losing_improve_gpt5nano,no,no
2cf371a8-d8bd-401d-9e7d-11e0b469d270,askacademia_train,losing_improve_llama,no,no
2cf371a8-d8bd-401d-9e7d-11e0b469d270,askacademia_train,losing_improve_qwen,no,no
2cf371a8-d8bd-401d-9e7d-11e0b469d270,askacademia_train,losing_improve_mistral,no,no
2cf371a8-d8bd-401d-9e7d-11e0b469d270,askacademia_train,losing_paraphrase_gemini,no,no
2cf371a8-d8bd-401d-9e7d-11e0b469d270,askacademia_train,losing_paraphrase_claude,no,no
2cf371a8-d8bd-401d-9e7d-11e0b469d270,askacademia_train,losing_paraphrase_gpt4omini,no,no
2cf371a8-d8bd-401d-9e7d-11e0b469d270,askacademia_train,losing_paraphrase_gpt5nano,no,no
2cf371a8-d8bd-401d-9e7d-11e0b469d270,askacademia_train,losing_paraphrase_llama,no,no
2cf371a8-d8bd-401d-9e7d-11e0b469d270,askacademia_train,losing_paraphrase_mistral,no,no
2cf371a8-d8bd-401d-9e7d-11e0b469d270,askacademia_train,losing_paraphrase_qwen,no,no
e3ab800a-80b7-4bd6-b708-247d7b5f6534,askacademia_train,winning_text,no,no
e3ab800a-80b7-4bd6-b708-247d7b5f6534,askacademia_train,losing_generate_claude,no,no
e3ab800a-80b7-4bd6-b708-247d7b5f6534,askacademia_train,losing_text,no,no
e3ab800a-80b7-4bd6-b708-247d7b5f6534,askacademia_train,losing_generate_gpt4omini,no,no
e3ab800a-80b7-4bd6-b708-247d7b5f6534,askacademia_train,losing_generate_gemini,no,no
e3ab800a-80b7-4bd6-b708-247d7b5f6534,askacademia_train,losing_generate_mistral,no,no
e3ab800a-80b7-4bd6-b708-247d7b5f6534,askacademia_train,losing_generate_gpt5nano,no,no
e3ab800a-80b7-4bd6-b708-247d7b5f6534,askacademia_train,losing_generate_llama,no,no
e3ab800a-80b7-4bd6-b708-247d7b5f6534,askacademia_train,losing_generate_qwen,no,no
e3ab800a-80b7-4bd6-b708-247d7b5f6534,askacademia_train,losing_improve_gemini,no,no
e3ab800a-80b7-4bd6-b708-247d7b5f6534,askacademia_train,losing_improve_claude,no,no
e3ab800a-80b7-4bd6-b708-247d7b5f6534,askacademia_train,losing_improve_gpt4omini,no,no
e3ab800a-80b7-4bd6-b708-247d7b5f6534,askacademia_train,losing_improve_gpt5nano,no,no
e3ab800a-80b7-4bd6-b708-247d7b5f6534,askacademia_train,losing_improve_qwen,no,no
e3ab800a-80b7-4bd6-b708-247d7b5f6534,askacademia_train,losing_improve_mistral,no,no
e3ab800a-80b7-4bd6-b708-247d7b5f6534,askacademia_train,losing_improve_llama,no,no
e3ab800a-80b7-4bd6-b708-247d7b5f6534,askacademia_train,losing_paraphrase_claude,no,no
e3ab800a-80b7-4bd6-b708-247d7b5f6534,askacademia_train,losing_paraphrase_gemini,no,no
e3ab800a-80b7-4bd6-b708-247d7b5f6534,askacademia_train,losing_paraphrase_gpt4omini,no,no
e3ab800a-80b7-4bd6-b708-247d7b5f6534,askacademia_train,losing_paraphrase_llama,no,no
e3ab800a-80b7-4bd6-b708-247d7b5f6534,askacademia_train,losing_paraphrase_gpt5nano,no,no
e3ab800a-80b7-4bd6-b708-247d7b5f6534,askacademia_train,losing_paraphrase_mistral,no,no
e3ab800a-80b7-4bd6-b708-247d7b5f6534,askacademia_train,losing_paraphrase_qwen,no,no
58751f92-5fa6-4378-b19d-5efbf4899a4d,askacademia_train,winning_text,no,no
58751f92-5fa6-4378-b19d-5efbf4899a4d,askacademia_train,losing_text,no,no
58751f92-5fa6-4378-b19d-5efbf4899a4d,askacademia_train,losing_generate_claude,no,no
58751f92-5fa6-4378-b19d-5efbf4899a4d,askacademia_train,losing_generate_gemini,no,no
58751f92-5fa6-4378-b19d-5efbf4899a4d,askacademia_train,losing_generate_gpt5nano,no,no
58751f92-5fa6-4378-b19d-5efbf4899a4d,askacademia_train,losing_generate_gpt4omini,no,no
58751f92-5fa6-4378-b19d-5efbf4899a4d,askacademia_train,losing_generate_llama,no,no
58751f92-5fa6-4378-b19d-5efbf4899a4d,askacademia_train,losing_generate_mistral,no,no
58751f92-5fa6-4378-b19d-5efbf4899a4d,askacademia_train,losing_generate_qwen,no,no
58751f92-5fa6-4378-b19d-5efbf4899a4d,askacademia_train,losing_improve_claude,no,no
58751f92-5fa6-4378-b19d-5efbf4899a4d,askacademia_train,losing_improve_gemini,no,no
58751f92-5fa6-4378-b19d-5efbf4899a4d,askacademia_train,losing_improve_gpt4omini,no,no
58751f92-5fa6-4378-b19d-5efbf4899a4d,askacademia_train,losing_improve_llama,no,no
58751f92-5fa6-4378-b19d-5efbf4899a4d,askacademia_train,losing_improve_gpt5nano,no,no
58751f92-5fa6-4378-b19d-5efbf4899a4d,askacademia_train,losing_improve_qwen,no,no
58751f92-5fa6-4378-b19d-5efbf4899a4d,askacademia_train,losing_improve_mistral,no,no
58751f92-5fa6-4378-b19d-5efbf4899a4d,askacademia_train,losing_paraphrase_claude,no,no
58751f92-5fa6-4378-b19d-5efbf4899a4d,askacademia_train,losing_paraphrase_gemini,no,no
58751f92-5fa6-4378-b19d-5efbf4899a4d,askacademia_train,losing_paraphrase_gpt5nano,no,no
58751f92-5fa6-4378-b19d-5efbf4899a4d,askacademia_train,losing_paraphrase_gpt4omini,no,no
58751f92-5fa6-4378-b19d-5efbf4899a4d,askacademia_train,losing_paraphrase_llama,no,no
58751f92-5fa6-4378-b19d-5efbf4899a4d,askacademia_train,losing_paraphrase_mistral,no,no
41ecdfbb-70bd-4a1d-af25-d97131d9ad1f,askacademia_train,losing_text,no,no
41ecdfbb-70bd-4a1d-af25-d97131d9ad1f,askacademia_train,winning_text,no,no
58751f92-5fa6-4378-b19d-5efbf4899a4d,askacademia_train,losing_paraphrase_qwen,no,no
41ecdfbb-70bd-4a1d-af25-d97131d9ad1f,askacademia_train,losing_generate_claude,no,no
41ecdfbb-70bd-4a1d-af25-d97131d9ad1f,askacademia_train,losing_generate_gpt4omini,no,no
41ecdfbb-70bd-4a1d-af25-d97131d9ad1f,askacademia_train,losing_generate_gemini,no,no
41ecdfbb-70bd-4a1d-af25-d97131d9ad1f,askacademia_train,losing_generate_gpt5nano,no,no
41ecdfbb-70bd-4a1d-af25-d97131d9ad1f,askacademia_train,losing_generate_llama,no,no
41ecdfbb-70bd-4a1d-af25-d97131d9ad1f,askacademia_train,losing_generate_mistral,no,no
41ecdfbb-70bd-4a1d-af25-d97131d9ad1f,askacademia_train,losing_generate_qwen,no,no
41ecdfbb-70bd-4a1d-af25-d97131d9ad1f,askacademia_train,losing_improve_gemini,no,no
41ecdfbb-70bd-4a1d-af25-d97131d9ad1f,askacademia_train,losing_improve_claude,no,no
41ecdfbb-70bd-4a1d-af25-d97131d9ad1f,askacademia_train,losing_improve_gpt5nano,no,no
41ecdfbb-70bd-4a1d-af25-d97131d9ad1f,askacademia_train,losing_improve_gpt4omini,no,no
41ecdfbb-70bd-4a1d-af25-d97131d9ad1f,askacademia_train,losing_improve_llama,no,no
41ecdfbb-70bd-4a1d-af25-d97131d9ad1f,askacademia_train,losing_improve_mistral,no,no
41ecdfbb-70bd-4a1d-af25-d97131d9ad1f,askacademia_train,losing_improve_qwen,no,no
41ecdfbb-70bd-4a1d-af25-d97131d9ad1f,askacademia_train,losing_paraphrase_gemini,no,no
41ecdfbb-70bd-4a1d-af25-d97131d9ad1f,askacademia_train,losing_paraphrase_gpt4omini,no,no
41ecdfbb-70bd-4a1d-af25-d97131d9ad1f,askacademia_train,losing_paraphrase_claude,no,no
41ecdfbb-70bd-4a1d-af25-d97131d9ad1f,askacademia_train,losing_paraphrase_gpt5nano,no,no
41ecdfbb-70bd-4a1d-af25-d97131d9ad1f,askacademia_train,losing_paraphrase_qwen,no,no
70a5e661-8366-49fe-98b7-ec9a2dafce5f,askacademia_train,winning_text,no,no
41ecdfbb-70bd-4a1d-af25-d97131d9ad1f,askacademia_train,losing_paraphrase_llama,no,no
70a5e661-8366-49fe-98b7-ec9a2dafce5f,askacademia_train,losing_text,no,no
70a5e661-8366-49fe-98b7-ec9a2dafce5f,askacademia_train,losing_generate_claude,no,no
70a5e661-8366-49fe-98b7-ec9a2dafce5f,askacademia_train,losing_generate_gemini,no,no
41ecdfbb-70bd-4a1d-af25-d97131d9ad1f,askacademia_train,losing_paraphrase_mistral,no,no
70a5e661-8366-49fe-98b7-ec9a2dafce5f,askacademia_train,losing_generate_gpt4omini,no,no
70a5e661-8366-49fe-98b7-ec9a2dafce5f,askacademia_train,losing_generate_gpt5nano,no,no
70a5e661-8366-49fe-98b7-ec9a2dafce5f,askacademia_train,losing_generate_qwen,no,no
70a5e661-8366-49fe-98b7-ec9a2dafce5f,askacademia_train,losing_generate_llama,no,no
70a5e661-8366-49fe-98b7-ec9a2dafce5f,askacademia_train,losing_generate_mistral,no,no
70a5e661-8366-49fe-98b7-ec9a2dafce5f,askacademia_train,losing_improve_gpt4omini,no,no
70a5e661-8366-49fe-98b7-ec9a2dafce5f,askacademia_train,losing_improve_gemini,no,no
70a5e661-8366-49fe-98b7-ec9a2dafce5f,askacademia_train,losing_improve_claude,no,no
70a5e661-8366-49fe-98b7-ec9a2dafce5f,askacademia_train,losing_improve_gpt5nano,no,no
70a5e661-8366-49fe-98b7-ec9a2dafce5f,askacademia_train,losing_improve_llama,no,no
70a5e661-8366-49fe-98b7-ec9a2dafce5f,askacademia_train,losing_improve_mistral,no,no
70a5e661-8366-49fe-98b7-ec9a2dafce5f,askacademia_train,losing_paraphrase_gpt4omini,no,no
70a5e661-8366-49fe-98b7-ec9a2dafce5f,askacademia_train,losing_paraphrase_gpt5nano,no,no
70a5e661-8366-49fe-98b7-ec9a2dafce5f,askacademia_train,losing_paraphrase_gemini,no,no
70a5e661-8366-49fe-98b7-ec9a2dafce5f,askacademia_train,losing_improve_qwen,no,no
70a5e661-8366-49fe-98b7-ec9a2dafce5f,askacademia_train,losing_paraphrase_claude,no,no
70a5e661-8366-49fe-98b7-ec9a2dafce5f,askacademia_train,losing_paraphrase_mistral,no,no
70a5e661-8366-49fe-98b7-ec9a2dafce5f,askacademia_train,losing_paraphrase_llama,no,no
70a5e661-8366-49fe-98b7-ec9a2dafce5f,askacademia_train,losing_paraphrase_qwen,no,no
101f1ad4-f0ec-468a-be68-e3ba1ca47e90,askacademia_train,winning_text,no,no
101f1ad4-f0ec-468a-be68-e3ba1ca47e90,askacademia_train,losing_generate_gpt4omini,no,no
101f1ad4-f0ec-468a-be68-e3ba1ca47e90,askacademia_train,losing_generate_claude,no,no
101f1ad4-f0ec-468a-be68-e3ba1ca47e90,askacademia_train,losing_text,no,no
101f1ad4-f0ec-468a-be68-e3ba1ca47e90,askacademia_train,losing_generate_gemini,no,no
101f1ad4-f0ec-468a-be68-e3ba1ca47e90,askacademia_train,losing_generate_llama,no,no
101f1ad4-f0ec-468a-be68-e3ba1ca47e90,askacademia_train,losing_generate_gpt5nano,no,no
101f1ad4-f0ec-468a-be68-e3ba1ca47e90,askacademia_train,losing_generate_mistral,no,no
101f1ad4-f0ec-468a-be68-e3ba1ca47e90,askacademia_train,losing_improve_gemini,no,no
101f1ad4-f0ec-468a-be68-e3ba1ca47e90,askacademia_train,losing_improve_gpt4omini,no,no
101f1ad4-f0ec-468a-be68-e3ba1ca47e90,askacademia_train,losing_improve_gpt5nano,no,no
101f1ad4-f0ec-468a-be68-e3ba1ca47e90,askacademia_train,losing_generate_qwen,no,no
101f1ad4-f0ec-468a-be68-e3ba1ca47e90,askacademia_train,losing_improve_claude,no,no
101f1ad4-f0ec-468a-be68-e3ba1ca47e90,askacademia_train,losing_improve_llama,no,no
101f1ad4-f0ec-468a-be68-e3ba1ca47e90,askacademia_train,losing_improve_mistral,no,no
101f1ad4-f0ec-468a-be68-e3ba1ca47e90,askacademia_train,losing_improve_qwen,no,no
101f1ad4-f0ec-468a-be68-e3ba1ca47e90,askacademia_train,losing_paraphrase_claude,no,no
101f1ad4-f0ec-468a-be68-e3ba1ca47e90,askacademia_train,losing_paraphrase_llama,no,no
101f1ad4-f0ec-468a-be68-e3ba1ca47e90,askacademia_train,losing_paraphrase_gpt4omini,no,no
101f1ad4-f0ec-468a-be68-e3ba1ca47e90,askacademia_train,losing_paraphrase_gpt5nano,no,no
101f1ad4-f0ec-468a-be68-e3ba1ca47e90,askacademia_train,losing_paraphrase_gemini,no,no
101f1ad4-f0ec-468a-be68-e3ba1ca47e90,askacademia_train,losing_paraphrase_mistral,no,no
101f1ad4-f0ec-468a-be68-e3ba1ca47e90,askacademia_train,losing_paraphrase_qwen,no,no
b93c4d39-bde7-4f82-9a15-540e7b92a8b6,askacademia_train,winning_text,no,no
b93c4d39-bde7-4f82-9a15-540e7b92a8b6,askacademia_train,losing_text,no,no
b93c4d39-bde7-4f82-9a15-540e7b92a8b6,askacademia_train,losing_generate_gemini,no,no
b93c4d39-bde7-4f82-9a15-540e7b92a8b6,askacademia_train,losing_generate_gpt4omini,no,no
b93c4d39-bde7-4f82-9a15-540e7b92a8b6,askacademia_train,losing_generate_claude,no,no
b93c4d39-bde7-4f82-9a15-540e7b92a8b6,askacademia_train,losing_generate_llama,no,no
b93c4d39-bde7-4f82-9a15-540e7b92a8b6,askacademia_train,losing_generate_mistral,no,no
b93c4d39-bde7-4f82-9a15-540e7b92a8b6,askacademia_train,losing_generate_gpt5nano,no,no
b93c4d39-bde7-4f82-9a15-540e7b92a8b6,askacademia_train,losing_generate_qwen,no,no
b93c4d39-bde7-4f82-9a15-540e7b92a8b6,askacademia_train,losing_improve_gemini,no,no
b93c4d39-bde7-4f82-9a15-540e7b92a8b6,askacademia_train,losing_improve_claude,no,no
b93c4d39-bde7-4f82-9a15-540e7b92a8b6,askacademia_train,losing_improve_gpt4omini,no,no
b93c4d39-bde7-4f82-9a15-540e7b92a8b6,askacademia_train,losing_improve_llama,no,no
b93c4d39-bde7-4f82-9a15-540e7b92a8b6,askacademia_train,losing_improve_gpt5nano,no,no
b93c4d39-bde7-4f82-9a15-540e7b92a8b6,askacademia_train,losing_paraphrase_claude,no,no
b93c4d39-bde7-4f82-9a15-540e7b92a8b6,askacademia_train,losing_improve_qwen,no,no
b93c4d39-bde7-4f82-9a15-540e7b92a8b6,askacademia_train,losing_improve_mistral,no,no
b93c4d39-bde7-4f82-9a15-540e7b92a8b6,askacademia_train,losing_paraphrase_gemini,no,no
b93c4d39-bde7-4f82-9a15-540e7b92a8b6,askacademia_train,losing_paraphrase_gpt4omini,no,no
b93c4d39-bde7-4f82-9a15-540e7b92a8b6,askacademia_train,losing_paraphrase_gpt5nano,no,no
b93c4d39-bde7-4f82-9a15-540e7b92a8b6,askacademia_train,losing_paraphrase_llama,no,no
b93c4d39-bde7-4f82-9a15-540e7b92a8b6,askacademia_train,losing_paraphrase_mistral,no,no
b93c4d39-bde7-4f82-9a15-540e7b92a8b6,askacademia_train,losing_paraphrase_qwen,no,no
24df0df1-9084-4d81-b204-957880931e40,askacademia_train,winning_text,no,no
24df0df1-9084-4d81-b204-957880931e40,askacademia_train,losing_text,no,no
24df0df1-9084-4d81-b204-957880931e40,askacademia_train,losing_generate_gpt4omini,no,no
24df0df1-9084-4d81-b204-957880931e40,askacademia_train,losing_generate_gemini,no,no
24df0df1-9084-4d81-b204-957880931e40,askacademia_train,losing_generate_claude,no,no
24df0df1-9084-4d81-b204-957880931e40,askacademia_train,losing_generate_gpt5nano,no,no
24df0df1-9084-4d81-b204-957880931e40,askacademia_train,losing_generate_llama,no,no
24df0df1-9084-4d81-b204-957880931e40,askacademia_train,losing_generate_qwen,no,no
24df0df1-9084-4d81-b204-957880931e40,askacademia_train,losing_improve_claude,no,no
24df0df1-9084-4d81-b204-957880931e40,askacademia_train,losing_generate_mistral,no,no
24df0df1-9084-4d81-b204-957880931e40,askacademia_train,losing_improve_gemini,no,no
24df0df1-9084-4d81-b204-957880931e40,askacademia_train,losing_improve_gpt5nano,no,no
24df0df1-9084-4d81-b204-957880931e40,askacademia_train,losing_improve_gpt4omini,no,no
24df0df1-9084-4d81-b204-957880931e40,askacademia_train,losing_improve_llama,no,no
24df0df1-9084-4d81-b204-957880931e40,askacademia_train,losing_improve_mistral,no,no
24df0df1-9084-4d81-b204-957880931e40,askacademia_train,losing_paraphrase_gemini,no,no
24df0df1-9084-4d81-b204-957880931e40,askacademia_train,losing_paraphrase_claude,no,no
24df0df1-9084-4d81-b204-957880931e40,askacademia_train,losing_improve_qwen,no,no
24df0df1-9084-4d81-b204-957880931e40,askacademia_train,losing_paraphrase_gpt4omini,no,no
24df0df1-9084-4d81-b204-957880931e40,askacademia_train,losing_paraphrase_llama,no,no
24df0df1-9084-4d81-b204-957880931e40,askacademia_train,losing_paraphrase_gpt5nano,no,no
24df0df1-9084-4d81-b204-957880931e40,askacademia_train,losing_paraphrase_mistral,no,no
24df0df1-9084-4d81-b204-957880931e40,askacademia_train,losing_paraphrase_qwen,no,no
513d4f1e-3ed3-49c9-9850-b7901df3fe4a,askacademia_train,losing_text,no,no
513d4f1e-3ed3-49c9-9850-b7901df3fe4a,askacademia_train,winning_text,no,no
513d4f1e-3ed3-49c9-9850-b7901df3fe4a,askacademia_train,losing_generate_claude,no,no
513d4f1e-3ed3-49c9-9850-b7901df3fe4a,askacademia_train,losing_generate_mistral,no,no
513d4f1e-3ed3-49c9-9850-b7901df3fe4a,askacademia_train,losing_generate_gemini,no,no
513d4f1e-3ed3-49c9-9850-b7901df3fe4a,askacademia_train,losing_generate_gpt5nano,no,no
513d4f1e-3ed3-49c9-9850-b7901df3fe4a,askacademia_train,losing_generate_qwen,no,no
513d4f1e-3ed3-49c9-9850-b7901df3fe4a,askacademia_train,losing_generate_gpt4omini,no,no
513d4f1e-3ed3-49c9-9850-b7901df3fe4a,askacademia_train,losing_generate_llama,no,no
513d4f1e-3ed3-49c9-9850-b7901df3fe4a,askacademia_train,losing_improve_claude,no,no
513d4f1e-3ed3-49c9-9850-b7901df3fe4a,askacademia_train,losing_improve_gpt5nano,no,no
513d4f1e-3ed3-49c9-9850-b7901df3fe4a,askacademia_train,losing_improve_llama,no,no
513d4f1e-3ed3-49c9-9850-b7901df3fe4a,askacademia_train,losing_improve_gpt4omini,no,no
513d4f1e-3ed3-49c9-9850-b7901df3fe4a,askacademia_train,losing_improve_qwen,no,no
513d4f1e-3ed3-49c9-9850-b7901df3fe4a,askacademia_train,losing_improve_mistral,no,no
513d4f1e-3ed3-49c9-9850-b7901df3fe4a,askacademia_train,losing_paraphrase_claude,no,no
513d4f1e-3ed3-49c9-9850-b7901df3fe4a,askacademia_train,losing_improve_gemini,no,no
513d4f1e-3ed3-49c9-9850-b7901df3fe4a,askacademia_train,losing_paraphrase_gemini,no,no
513d4f1e-3ed3-49c9-9850-b7901df3fe4a,askacademia_train,losing_paraphrase_gpt4omini,no,no
a374d5f7-3237-412d-b8c6-5e5ff0d5a0fd,askacademia_train,losing_text,no,no
513d4f1e-3ed3-49c9-9850-b7901df3fe4a,askacademia_train,losing_paraphrase_mistral,no,no
513d4f1e-3ed3-49c9-9850-b7901df3fe4a,askacademia_train,losing_paraphrase_gpt5nano,no,no
513d4f1e-3ed3-49c9-9850-b7901df3fe4a,askacademia_train,losing_paraphrase_llama,no,no
a374d5f7-3237-412d-b8c6-5e5ff0d5a0fd,askacademia_train,winning_text,no,no
a374d5f7-3237-412d-b8c6-5e5ff0d5a0fd,askacademia_train,losing_generate_claude,no,no
513d4f1e-3ed3-49c9-9850-b7901df3fe4a,askacademia_train,losing_paraphrase_qwen,no,no
a374d5f7-3237-412d-b8c6-5e5ff0d5a0fd,askacademia_train,losing_generate_gpt4omini,no,no
a374d5f7-3237-412d-b8c6-5e5ff0d5a0fd,askacademia_train,losing_generate_llama,no,no
a374d5f7-3237-412d-b8c6-5e5ff0d5a0fd,askacademia_train,losing_generate_gpt5nano,no,no
a374d5f7-3237-412d-b8c6-5e5ff0d5a0fd,askacademia_train,losing_generate_mistral,no,no
a374d5f7-3237-412d-b8c6-5e5ff0d5a0fd,askacademia_train,losing_generate_gemini,no,no
a374d5f7-3237-412d-b8c6-5e5ff0d5a0fd,askacademia_train,losing_improve_claude,no,no
a374d5f7-3237-412d-b8c6-5e5ff0d5a0fd,askacademia_train,losing_improve_gemini,no,no
a374d5f7-3237-412d-b8c6-5e5ff0d5a0fd,askacademia_train,losing_generate_qwen,no,no
a374d5f7-3237-412d-b8c6-5e5ff0d5a0fd,askacademia_train,losing_improve_gpt5nano,no,no
a374d5f7-3237-412d-b8c6-5e5ff0d5a0fd,askacademia_train,losing_improve_llama,no,no
a374d5f7-3237-412d-b8c6-5e5ff0d5a0fd,askacademia_train,losing_improve_qwen,no,no
a374d5f7-3237-412d-b8c6-5e5ff0d5a0fd,askacademia_train,losing_improve_mistral,no,no
a374d5f7-3237-412d-b8c6-5e5ff0d5a0fd,askacademia_train,losing_improve_gpt4omini,no,no
a374d5f7-3237-412d-b8c6-5e5ff0d5a0fd,askacademia_train,losing_paraphrase_claude,no,no
a374d5f7-3237-412d-b8c6-5e5ff0d5a0fd,askacademia_train,losing_paraphrase_gpt4omini,no,no
a374d5f7-3237-412d-b8c6-5e5ff0d5a0fd,askacademia_train,losing_paraphrase_gemini,no,no
a374d5f7-3237-412d-b8c6-5e5ff0d5a0fd,askacademia_train,losing_paraphrase_gpt5nano,no,no
a374d5f7-3237-412d-b8c6-5e5ff0d5a0fd,askacademia_train,losing_paraphrase_qwen,no,no
7f5ebc0e-809d-43ec-aa67-eb8f9f28533b,askacademia_train,winning_text,no,no
a374d5f7-3237-412d-b8c6-5e5ff0d5a0fd,askacademia_train,losing_paraphrase_llama,no,no
a374d5f7-3237-412d-b8c6-5e5ff0d5a0fd,askacademia_train,losing_paraphrase_mistral,no,no
7f5ebc0e-809d-43ec-aa67-eb8f9f28533b,askacademia_train,losing_text,no,no
7f5ebc0e-809d-43ec-aa67-eb8f9f28533b,askacademia_train,losing_generate_claude,no,no
7f5ebc0e-809d-43ec-aa67-eb8f9f28533b,askacademia_train,losing_generate_gemini,no,no
7f5ebc0e-809d-43ec-aa67-eb8f9f28533b,askacademia_train,losing_generate_gpt4omini,no,no
7f5ebc0e-809d-43ec-aa67-eb8f9f28533b,askacademia_train,losing_generate_qwen,no,no
7f5ebc0e-809d-43ec-aa67-eb8f9f28533b,askacademia_train,losing_generate_gpt5nano,no,no
7f5ebc0e-809d-43ec-aa67-eb8f9f28533b,askacademia_train,losing_generate_llama,no,no
7f5ebc0e-809d-43ec-aa67-eb8f9f28533b,askacademia_train,losing_generate_mistral,no,no
7f5ebc0e-809d-43ec-aa67-eb8f9f28533b,askacademia_train,losing_improve_gemini,no,no
7f5ebc0e-809d-43ec-aa67-eb8f9f28533b,askacademia_train,losing_improve_gpt4omini,no,no
7f5ebc0e-809d-43ec-aa67-eb8f9f28533b,askacademia_train,losing_improve_claude,no,no
7f5ebc0e-809d-43ec-aa67-eb8f9f28533b,askacademia_train,losing_improve_gpt5nano,no,no
7f5ebc0e-809d-43ec-aa67-eb8f9f28533b,askacademia_train,losing_improve_llama,no,no
7f5ebc0e-809d-43ec-aa67-eb8f9f28533b,askacademia_train,losing_improve_mistral,no,no
7f5ebc0e-809d-43ec-aa67-eb8f9f28533b,askacademia_train,losing_paraphrase_claude,no,no
7f5ebc0e-809d-43ec-aa67-eb8f9f28533b,askacademia_train,losing_paraphrase_gemini,no,no
7f5ebc0e-809d-43ec-aa67-eb8f9f28533b,askacademia_train,losing_paraphrase_gpt5nano,no,no
7f5ebc0e-809d-43ec-aa67-eb8f9f28533b,askacademia_train,losing_paraphrase_gpt4omini,no,no
7f5ebc0e-809d-43ec-aa67-eb8f9f28533b,askacademia_train,losing_improve_qwen,no,no
7f5ebc0e-809d-43ec-aa67-eb8f9f28533b,askacademia_train,losing_paraphrase_llama,no,no
7f5ebc0e-809d-43ec-aa67-eb8f9f28533b,askacademia_train,losing_paraphrase_mistral,no,no
e20460d8-e921-412f-bd55-b193022b011f,askacademia_train,winning_text,no,no
7f5ebc0e-809d-43ec-aa67-eb8f9f28533b,askacademia_train,losing_paraphrase_qwen,no,no
e20460d8-e921-412f-bd55-b193022b011f,askacademia_train,losing_text,no,no
e20460d8-e921-412f-bd55-b193022b011f,askacademia_train,losing_generate_claude,no,no
e20460d8-e921-412f-bd55-b193022b011f,askacademia_train,losing_generate_gemini,no,no
e20460d8-e921-412f-bd55-b193022b011f,askacademia_train,losing_generate_gpt4omini,no,no
e20460d8-e921-412f-bd55-b193022b011f,askacademia_train,losing_generate_gpt5nano,no,no
e20460d8-e921-412f-bd55-b193022b011f,askacademia_train,losing_generate_llama,no,no
e20460d8-e921-412f-bd55-b193022b011f,askacademia_train,losing_generate_mistral,no,no
e20460d8-e921-412f-bd55-b193022b011f,askacademia_train,losing_generate_qwen,no,no
e20460d8-e921-412f-bd55-b193022b011f,askacademia_train,losing_improve_claude,no,no
e20460d8-e921-412f-bd55-b193022b011f,askacademia_train,losing_improve_gemini,no,no
e20460d8-e921-412f-bd55-b193022b011f,askacademia_train,losing_improve_gpt5nano,no,no
e20460d8-e921-412f-bd55-b193022b011f,askacademia_train,losing_improve_gpt4omini,no,no
e20460d8-e921-412f-bd55-b193022b011f,askacademia_train,losing_improve_llama,no,no
e20460d8-e921-412f-bd55-b193022b011f,askacademia_train,losing_improve_qwen,no,no
e20460d8-e921-412f-bd55-b193022b011f,askacademia_train,losing_improve_mistral,no,no
e20460d8-e921-412f-bd55-b193022b011f,askacademia_train,losing_paraphrase_claude,no,no
e20460d8-e921-412f-bd55-b193022b011f,askacademia_train,losing_paraphrase_gemini,no,no
e20460d8-e921-412f-bd55-b193022b011f,askacademia_train,losing_paraphrase_llama,no,no
e20460d8-e921-412f-bd55-b193022b011f,askacademia_train,losing_paraphrase_gpt5nano,no,no
e20460d8-e921-412f-bd55-b193022b011f,askacademia_train,losing_paraphrase_gpt4omini,no,no
e20460d8-e921-412f-bd55-b193022b011f,askacademia_train,losing_paraphrase_qwen,no,no
2949a5d0-8052-4ebc-b763-946036efa205,askacademia_train,winning_text,no,no
e20460d8-e921-412f-bd55-b193022b011f,askacademia_train,losing_paraphrase_mistral,no,no
2949a5d0-8052-4ebc-b763-946036efa205,askacademia_train,losing_text,no,no
2949a5d0-8052-4ebc-b763-946036efa205,askacademia_train,losing_generate_claude,no,no
2949a5d0-8052-4ebc-b763-946036efa205,askacademia_train,losing_generate_gpt4omini,no,no
2949a5d0-8052-4ebc-b763-946036efa205,askacademia_train,losing_generate_gemini,no,no
2949a5d0-8052-4ebc-b763-946036efa205,askacademia_train,losing_generate_gpt5nano,no,no
2949a5d0-8052-4ebc-b763-946036efa205,askacademia_train,losing_generate_qwen,no,no
2949a5d0-8052-4ebc-b763-946036efa205,askacademia_train,losing_generate_mistral,no,no
2949a5d0-8052-4ebc-b763-946036efa205,askacademia_train,losing_generate_llama,no,no
2949a5d0-8052-4ebc-b763-946036efa205,askacademia_train,losing_improve_claude,no,no
2949a5d0-8052-4ebc-b763-946036efa205,askacademia_train,losing_improve_gemini,no,no
2949a5d0-8052-4ebc-b763-946036efa205,askacademia_train,losing_improve_gpt4omini,no,no
2949a5d0-8052-4ebc-b763-946036efa205,askacademia_train,losing_improve_gpt5nano,no,no
2949a5d0-8052-4ebc-b763-946036efa205,askacademia_train,losing_improve_llama,no,no
2949a5d0-8052-4ebc-b763-946036efa205,askacademia_train,losing_paraphrase_claude,no,no
2949a5d0-8052-4ebc-b763-946036efa205,askacademia_train,losing_paraphrase_gemini,no,no
2949a5d0-8052-4ebc-b763-946036efa205,askacademia_train,losing_improve_mistral,no,no
2949a5d0-8052-4ebc-b763-946036efa205,askacademia_train,losing_paraphrase_gpt4omini,no,no
2949a5d0-8052-4ebc-b763-946036efa205,askacademia_train,losing_improve_qwen,no,no
2949a5d0-8052-4ebc-b763-946036efa205,askacademia_train,losing_paraphrase_gpt5nano,no,no
2949a5d0-8052-4ebc-b763-946036efa205,askacademia_train,losing_paraphrase_mistral,no,no
2949a5d0-8052-4ebc-b763-946036efa205,askacademia_train,losing_paraphrase_llama,no,no
2949a5d0-8052-4ebc-b763-946036efa205,askacademia_train,losing_paraphrase_qwen,no,no
af568eb1-f318-425d-8624-b2da799b10bb,askacademia_train,winning_text,no,no
af568eb1-f318-425d-8624-b2da799b10bb,askacademia_train,losing_text,no,no
af568eb1-f318-425d-8624-b2da799b10bb,askacademia_train,losing_generate_claude,no,no
af568eb1-f318-425d-8624-b2da799b10bb,askacademia_train,losing_generate_llama,no,no
af568eb1-f318-425d-8624-b2da799b10bb,askacademia_train,losing_generate_gpt4omini,no,no
af568eb1-f318-425d-8624-b2da799b10bb,askacademia_train,losing_generate_gemini,no,no
af568eb1-f318-425d-8624-b2da799b10bb,askacademia_train,losing_generate_gpt5nano,no,no
af568eb1-f318-425d-8624-b2da799b10bb,askacademia_train,losing_generate_mistral,no,no
af568eb1-f318-425d-8624-b2da799b10bb,askacademia_train,losing_improve_claude,no,no
af568eb1-f318-425d-8624-b2da799b10bb,askacademia_train,losing_generate_qwen,no,no
af568eb1-f318-425d-8624-b2da799b10bb,askacademia_train,losing_improve_gemini,no,no
af568eb1-f318-425d-8624-b2da799b10bb,askacademia_train,losing_improve_gpt5nano,no,no
af568eb1-f318-425d-8624-b2da799b10bb,askacademia_train,losing_improve_gpt4omini,no,no
af568eb1-f318-425d-8624-b2da799b10bb,askacademia_train,losing_improve_llama,no,no
af568eb1-f318-425d-8624-b2da799b10bb,askacademia_train,losing_improve_mistral,no,no
af568eb1-f318-425d-8624-b2da799b10bb,askacademia_train,losing_improve_qwen,no,no
af568eb1-f318-425d-8624-b2da799b10bb,askacademia_train,losing_paraphrase_gemini,no,no
af568eb1-f318-425d-8624-b2da799b10bb,askacademia_train,losing_paraphrase_claude,no,no
af568eb1-f318-425d-8624-b2da799b10bb,askacademia_train,losing_paraphrase_gpt4omini,no,no
af568eb1-f318-425d-8624-b2da799b10bb,askacademia_train,losing_paraphrase_llama,no,no
af568eb1-f318-425d-8624-b2da799b10bb,askacademia_train,losing_paraphrase_qwen,no,no
af568eb1-f318-425d-8624-b2da799b10bb,askacademia_train,losing_paraphrase_gpt5nano,no,no
af568eb1-f318-425d-8624-b2da799b10bb,askacademia_train,losing_paraphrase_mistral,no,no
720360b6-0960-480f-bb76-c54abf976da6,askacademia_train,losing_text,no,no
720360b6-0960-480f-bb76-c54abf976da6,askacademia_train,winning_text,no,no
720360b6-0960-480f-bb76-c54abf976da6,askacademia_train,losing_generate_claude,no,no
720360b6-0960-480f-bb76-c54abf976da6,askacademia_train,losing_generate_gemini,no,no
720360b6-0960-480f-bb76-c54abf976da6,askacademia_train,losing_generate_gpt4omini,no,no
720360b6-0960-480f-bb76-c54abf976da6,askacademia_train,losing_generate_llama,no,no
720360b6-0960-480f-bb76-c54abf976da6,askacademia_train,losing_generate_mistral,no,no
720360b6-0960-480f-bb76-c54abf976da6,askacademia_train,losing_generate_qwen,no,no
720360b6-0960-480f-bb76-c54abf976da6,askacademia_train,losing_improve_gemini,no,no
720360b6-0960-480f-bb76-c54abf976da6,askacademia_train,losing_generate_gpt5nano,no,no
720360b6-0960-480f-bb76-c54abf976da6,askacademia_train,losing_improve_claude,no,no
720360b6-0960-480f-bb76-c54abf976da6,askacademia_train,losing_improve_gpt4omini,no,no
720360b6-0960-480f-bb76-c54abf976da6,askacademia_train,losing_improve_llama,no,no
720360b6-0960-480f-bb76-c54abf976da6,askacademia_train,losing_improve_gpt5nano,no,no
720360b6-0960-480f-bb76-c54abf976da6,askacademia_train,losing_improve_mistral,no,no
720360b6-0960-480f-bb76-c54abf976da6,askacademia_train,losing_paraphrase_gemini,no,no
720360b6-0960-480f-bb76-c54abf976da6,askacademia_train,losing_paraphrase_claude,no,no
720360b6-0960-480f-bb76-c54abf976da6,askacademia_train,losing_paraphrase_gpt4omini,no,no
720360b6-0960-480f-bb76-c54abf976da6,askacademia_train,losing_improve_qwen,no,no
720360b6-0960-480f-bb76-c54abf976da6,askacademia_train,losing_paraphrase_gpt5nano,no,no
720360b6-0960-480f-bb76-c54abf976da6,askacademia_train,losing_paraphrase_mistral,no,no
720360b6-0960-480f-bb76-c54abf976da6,askacademia_train,losing_paraphrase_llama,no,no
720360b6-0960-480f-bb76-c54abf976da6,askacademia_train,losing_paraphrase_qwen,no,no
14bc93bf-d633-423a-a5d3-33d6794ddfc3,askacademia_train,losing_generate_gemini,no,no
14bc93bf-d633-423a-a5d3-33d6794ddfc3,askacademia_train,losing_text,no,no
14bc93bf-d633-423a-a5d3-33d6794ddfc3,askacademia_train,losing_generate_claude,no,no
14bc93bf-d633-423a-a5d3-33d6794ddfc3,askacademia_train,winning_text,no,no
14bc93bf-d633-423a-a5d3-33d6794ddfc3,askacademia_train,losing_generate_gpt4omini,no,no
14bc93bf-d633-423a-a5d3-33d6794ddfc3,askacademia_train,losing_generate_gpt5nano,no,no
14bc93bf-d633-423a-a5d3-33d6794ddfc3,askacademia_train,losing_generate_llama,no,no
14bc93bf-d633-423a-a5d3-33d6794ddfc3,askacademia_train,losing_generate_mistral,no,no
14bc93bf-d633-423a-a5d3-33d6794ddfc3,askacademia_train,losing_generate_qwen,no,no
14bc93bf-d633-423a-a5d3-33d6794ddfc3,askacademia_train,losing_improve_claude,no,no
14bc93bf-d633-423a-a5d3-33d6794ddfc3,askacademia_train,losing_improve_gemini,no,no
14bc93bf-d633-423a-a5d3-33d6794ddfc3,askacademia_train,losing_improve_gpt4omini,no,no
14bc93bf-d633-423a-a5d3-33d6794ddfc3,askacademia_train,losing_improve_gpt5nano,no,no
14bc93bf-d633-423a-a5d3-33d6794ddfc3,askacademia_train,losing_improve_llama,no,no
14bc93bf-d633-423a-a5d3-33d6794ddfc3,askacademia_train,losing_improve_mistral,no,no
14bc93bf-d633-423a-a5d3-33d6794ddfc3,askacademia_train,losing_improve_qwen,no,no
14bc93bf-d633-423a-a5d3-33d6794ddfc3,askacademia_train,losing_paraphrase_gpt4omini,no,no
14bc93bf-d633-423a-a5d3-33d6794ddfc3,askacademia_train,losing_paraphrase_gemini,no,no
14bc93bf-d633-423a-a5d3-33d6794ddfc3,askacademia_train,losing_paraphrase_claude,no,no
14bc93bf-d633-423a-a5d3-33d6794ddfc3,askacademia_train,losing_paraphrase_gpt5nano,no,no
14bc93bf-d633-423a-a5d3-33d6794ddfc3,askacademia_train,losing_paraphrase_llama,no,no
14bc93bf-d633-423a-a5d3-33d6794ddfc3,askacademia_train,losing_paraphrase_mistral,no,no
27702e5c-1858-4d21-9c1a-ab8515553f25,askacademia_train,winning_text,no,no
14bc93bf-d633-423a-a5d3-33d6794ddfc3,askacademia_train,losing_paraphrase_qwen,no,no
27702e5c-1858-4d21-9c1a-ab8515553f25,askacademia_train,losing_generate_claude,no,no
27702e5c-1858-4d21-9c1a-ab8515553f25,askacademia_train,losing_generate_gpt4omini,no,no
27702e5c-1858-4d21-9c1a-ab8515553f25,askacademia_train,losing_generate_gemini,no,no
27702e5c-1858-4d21-9c1a-ab8515553f25,askacademia_train,losing_text,no,no
27702e5c-1858-4d21-9c1a-ab8515553f25,askacademia_train,losing_generate_gpt5nano,no,no
27702e5c-1858-4d21-9c1a-ab8515553f25,askacademia_train,losing_generate_llama,no,no
27702e5c-1858-4d21-9c1a-ab8515553f25,askacademia_train,losing_generate_qwen,no,no
27702e5c-1858-4d21-9c1a-ab8515553f25,askacademia_train,losing_generate_mistral,no,no
27702e5c-1858-4d21-9c1a-ab8515553f25,askacademia_train,losing_improve_gpt4omini,no,no
27702e5c-1858-4d21-9c1a-ab8515553f25,askacademia_train,losing_improve_claude,no,no
27702e5c-1858-4d21-9c1a-ab8515553f25,askacademia_train,losing_improve_gemini,no,no
27702e5c-1858-4d21-9c1a-ab8515553f25,askacademia_train,losing_improve_llama,no,no
27702e5c-1858-4d21-9c1a-ab8515553f25,askacademia_train,losing_improve_gpt5nano,no,no
27702e5c-1858-4d21-9c1a-ab8515553f25,askacademia_train,losing_improve_mistral,no,no
27702e5c-1858-4d21-9c1a-ab8515553f25,askacademia_train,losing_paraphrase_claude,no,no
27702e5c-1858-4d21-9c1a-ab8515553f25,askacademia_train,losing_improve_qwen,no,no
27702e5c-1858-4d21-9c1a-ab8515553f25,askacademia_train,losing_paraphrase_gemini,no,no
27702e5c-1858-4d21-9c1a-ab8515553f25,askacademia_train,losing_paraphrase_gpt5nano,no,no
27702e5c-1858-4d21-9c1a-ab8515553f25,askacademia_train,losing_paraphrase_llama,no,no
27702e5c-1858-4d21-9c1a-ab8515553f25,askacademia_train,losing_paraphrase_gpt4omini,no,no
27702e5c-1858-4d21-9c1a-ab8515553f25,askacademia_train,losing_paraphrase_mistral,no,no
27702e5c-1858-4d21-9c1a-ab8515553f25,askacademia_train,losing_paraphrase_qwen,no,no
787dd421-eb36-4260-8a60-6a6082b9c3b2,askacademia_train,winning_text,no,no
787dd421-eb36-4260-8a60-6a6082b9c3b2,askacademia_train,losing_text,no,no
787dd421-eb36-4260-8a60-6a6082b9c3b2,askacademia_train,losing_generate_gpt5nano,no,no
787dd421-eb36-4260-8a60-6a6082b9c3b2,askacademia_train,losing_generate_claude,no,no
787dd421-eb36-4260-8a60-6a6082b9c3b2,askacademia_train,losing_generate_gpt4omini,no,no
787dd421-eb36-4260-8a60-6a6082b9c3b2,askacademia_train,losing_generate_gemini,no,no
787dd421-eb36-4260-8a60-6a6082b9c3b2,askacademia_train,losing_generate_llama,no,no
787dd421-eb36-4260-8a60-6a6082b9c3b2,askacademia_train,losing_generate_mistral,no,no
787dd421-eb36-4260-8a60-6a6082b9c3b2,askacademia_train,losing_improve_claude,no,no
787dd421-eb36-4260-8a60-6a6082b9c3b2,askacademia_train,losing_generate_qwen,no,no
787dd421-eb36-4260-8a60-6a6082b9c3b2,askacademia_train,losing_improve_gpt5nano,no,no
787dd421-eb36-4260-8a60-6a6082b9c3b2,askacademia_train,losing_improve_llama,no,no
787dd421-eb36-4260-8a60-6a6082b9c3b2,askacademia_train,losing_improve_gemini,no,no
787dd421-eb36-4260-8a60-6a6082b9c3b2,askacademia_train,losing_improve_gpt4omini,no,no
787dd421-eb36-4260-8a60-6a6082b9c3b2,askacademia_train,losing_improve_mistral,no,no
787dd421-eb36-4260-8a60-6a6082b9c3b2,askacademia_train,losing_improve_qwen,no,no
787dd421-eb36-4260-8a60-6a6082b9c3b2,askacademia_train,losing_paraphrase_gemini,no,no
787dd421-eb36-4260-8a60-6a6082b9c3b2,askacademia_train,losing_paraphrase_claude,no,no
787dd421-eb36-4260-8a60-6a6082b9c3b2,askacademia_train,losing_paraphrase_mistral,no,no
787dd421-eb36-4260-8a60-6a6082b9c3b2,askacademia_train,losing_paraphrase_gpt5nano,no,no
787dd421-eb36-4260-8a60-6a6082b9c3b2,askacademia_train,losing_paraphrase_llama,no,no
787dd421-eb36-4260-8a60-6a6082b9c3b2,askacademia_train,losing_paraphrase_gpt4omini,no,no
787dd421-eb36-4260-8a60-6a6082b9c3b2,askacademia_train,losing_paraphrase_qwen,no,no
ea74a3b4-7832-4e25-a273-b8b55eba0742,askacademia_train,losing_generate_claude,no,no
ea74a3b4-7832-4e25-a273-b8b55eba0742,askacademia_train,winning_text,no,no
ea74a3b4-7832-4e25-a273-b8b55eba0742,askacademia_train,losing_text,no,no
ea74a3b4-7832-4e25-a273-b8b55eba0742,askacademia_train,losing_generate_gpt4omini,no,no
ea74a3b4-7832-4e25-a273-b8b55eba0742,askacademia_train,losing_generate_llama,no,no
ea74a3b4-7832-4e25-a273-b8b55eba0742,askacademia_train,losing_generate_gemini,no,no
ea74a3b4-7832-4e25-a273-b8b55eba0742,askacademia_train,losing_generate_gpt5nano,no,no
ea74a3b4-7832-4e25-a273-b8b55eba0742,askacademia_train,losing_generate_mistral,no,no
ea74a3b4-7832-4e25-a273-b8b55eba0742,askacademia_train,losing_generate_qwen,no,no
ea74a3b4-7832-4e25-a273-b8b55eba0742,askacademia_train,losing_improve_claude,no,no
ea74a3b4-7832-4e25-a273-b8b55eba0742,askacademia_train,losing_improve_gemini,no,no
ea74a3b4-7832-4e25-a273-b8b55eba0742,askacademia_train,losing_improve_mistral,no,no
ea74a3b4-7832-4e25-a273-b8b55eba0742,askacademia_train,losing_improve_llama,no,no
ea74a3b4-7832-4e25-a273-b8b55eba0742,askacademia_train,losing_improve_gpt4omini,no,no
ea74a3b4-7832-4e25-a273-b8b55eba0742,askacademia_train,losing_improve_gpt5nano,no,no
ea74a3b4-7832-4e25-a273-b8b55eba0742,askacademia_train,losing_improve_qwen,no,no
ea74a3b4-7832-4e25-a273-b8b55eba0742,askacademia_train,losing_paraphrase_gpt4omini,no,no
ea74a3b4-7832-4e25-a273-b8b55eba0742,askacademia_train,losing_paraphrase_gemini,no,no
ea74a3b4-7832-4e25-a273-b8b55eba0742,askacademia_train,losing_paraphrase_claude,no,no
ea74a3b4-7832-4e25-a273-b8b55eba0742,askacademia_train,losing_paraphrase_llama,no,no
d0d31b89-6154-4b4b-b2be-17a2bd7b5306,askacademia_train,winning_text,no,no
ea74a3b4-7832-4e25-a273-b8b55eba0742,askacademia_train,losing_paraphrase_mistral,no,no
ea74a3b4-7832-4e25-a273-b8b55eba0742,askacademia_train,losing_paraphrase_qwen,no,no
ea74a3b4-7832-4e25-a273-b8b55eba0742,askacademia_train,losing_paraphrase_gpt5nano,no,no
d0d31b89-6154-4b4b-b2be-17a2bd7b5306,askacademia_train,losing_text,no,no
d0d31b89-6154-4b4b-b2be-17a2bd7b5306,askacademia_train,losing_generate_gemini,no,no
d0d31b89-6154-4b4b-b2be-17a2bd7b5306,askacademia_train,losing_generate_qwen,no,no
d0d31b89-6154-4b4b-b2be-17a2bd7b5306,askacademia_train,losing_generate_gpt4omini,no,no
d0d31b89-6154-4b4b-b2be-17a2bd7b5306,askacademia_train,losing_generate_gpt5nano,no,no
d0d31b89-6154-4b4b-b2be-17a2bd7b5306,askacademia_train,losing_generate_mistral,no,no
d0d31b89-6154-4b4b-b2be-17a2bd7b5306,askacademia_train,losing_generate_llama,no,no
d0d31b89-6154-4b4b-b2be-17a2bd7b5306,askacademia_train,losing_generate_claude,no,no
d0d31b89-6154-4b4b-b2be-17a2bd7b5306,askacademia_train,losing_improve_gemini,no,no
d0d31b89-6154-4b4b-b2be-17a2bd7b5306,askacademia_train,losing_improve_claude,no,no
d0d31b89-6154-4b4b-b2be-17a2bd7b5306,askacademia_train,losing_improve_gpt5nano,no,no
d0d31b89-6154-4b4b-b2be-17a2bd7b5306,askacademia_train,losing_improve_qwen,no,no
d0d31b89-6154-4b4b-b2be-17a2bd7b5306,askacademia_train,losing_improve_mistral,no,no
d0d31b89-6154-4b4b-b2be-17a2bd7b5306,askacademia_train,losing_improve_llama,no,no
d0d31b89-6154-4b4b-b2be-17a2bd7b5306,askacademia_train,losing_improve_gpt4omini,no,no
d0d31b89-6154-4b4b-b2be-17a2bd7b5306,askacademia_train,losing_paraphrase_claude,no,no
d0d31b89-6154-4b4b-b2be-17a2bd7b5306,askacademia_train,losing_paraphrase_gpt4omini,no,no
d0d31b89-6154-4b4b-b2be-17a2bd7b5306,askacademia_train,losing_paraphrase_gemini,no,no
d0d31b89-6154-4b4b-b2be-17a2bd7b5306,askacademia_train,losing_paraphrase_qwen,no,no
16dc6258-e48c-4bdd-b738-9b1940d6ecb7,askacademia_train,winning_text,no,no
16dc6258-e48c-4bdd-b738-9b1940d6ecb7,askacademia_train,losing_text,no,no
d0d31b89-6154-4b4b-b2be-17a2bd7b5306,askacademia_train,losing_paraphrase_llama,no,no
d0d31b89-6154-4b4b-b2be-17a2bd7b5306,askacademia_train,losing_paraphrase_gpt5nano,no,no
d0d31b89-6154-4b4b-b2be-17a2bd7b5306,askacademia_train,losing_paraphrase_mistral,no,no
16dc6258-e48c-4bdd-b738-9b1940d6ecb7,askacademia_train,losing_generate_claude,no,no
16dc6258-e48c-4bdd-b738-9b1940d6ecb7,askacademia_train,losing_generate_gemini,no,no
16dc6258-e48c-4bdd-b738-9b1940d6ecb7,askacademia_train,losing_generate_llama,no,no
16dc6258-e48c-4bdd-b738-9b1940d6ecb7,askacademia_train,losing_improve_claude,no,no
16dc6258-e48c-4bdd-b738-9b1940d6ecb7,askacademia_train,losing_generate_gpt5nano,no,no
16dc6258-e48c-4bdd-b738-9b1940d6ecb7,askacademia_train,losing_generate_qwen,no,no
16dc6258-e48c-4bdd-b738-9b1940d6ecb7,askacademia_train,losing_generate_mistral,no,no
16dc6258-e48c-4bdd-b738-9b1940d6ecb7,askacademia_train,losing_generate_gpt4omini,no,no
16dc6258-e48c-4bdd-b738-9b1940d6ecb7,askacademia_train,losing_improve_gemini,no,no
16dc6258-e48c-4bdd-b738-9b1940d6ecb7,askacademia_train,losing_improve_gpt4omini,no,no
16dc6258-e48c-4bdd-b738-9b1940d6ecb7,askacademia_train,losing_paraphrase_claude,no,no
16dc6258-e48c-4bdd-b738-9b1940d6ecb7,askacademia_train,losing_improve_qwen,no,no
16dc6258-e48c-4bdd-b738-9b1940d6ecb7,askacademia_train,losing_improve_llama,no,no
16dc6258-e48c-4bdd-b738-9b1940d6ecb7,askacademia_train,losing_improve_gpt5nano,no,no
16dc6258-e48c-4bdd-b738-9b1940d6ecb7,askacademia_train,losing_improve_mistral,no,no
16dc6258-e48c-4bdd-b738-9b1940d6ecb7,askacademia_train,losing_paraphrase_gpt4omini,no,no
16dc6258-e48c-4bdd-b738-9b1940d6ecb7,askacademia_train,losing_paraphrase_gemini,no,no
16dc6258-e48c-4bdd-b738-9b1940d6ecb7,askacademia_train,losing_paraphrase_gpt5nano,no,no
16dc6258-e48c-4bdd-b738-9b1940d6ecb7,askacademia_train,losing_paraphrase_llama,no,no
2ba56371-a5a9-4f6e-92cd-fc7ec5576332,askacademia_train,losing_text,no,no
2ba56371-a5a9-4f6e-92cd-fc7ec5576332,askacademia_train,winning_text,no,no
16dc6258-e48c-4bdd-b738-9b1940d6ecb7,askacademia_train,losing_paraphrase_mistral,no,no
2ba56371-a5a9-4f6e-92cd-fc7ec5576332,askacademia_train,losing_generate_gemini,no,no
2ba56371-a5a9-4f6e-92cd-fc7ec5576332,askacademia_train,losing_generate_claude,no,no
16dc6258-e48c-4bdd-b738-9b1940d6ecb7,askacademia_train,losing_paraphrase_qwen,no,no
2ba56371-a5a9-4f6e-92cd-fc7ec5576332,askacademia_train,losing_generate_gpt4omini,no,no
2ba56371-a5a9-4f6e-92cd-fc7ec5576332,askacademia_train,losing_generate_mistral,no,no
2ba56371-a5a9-4f6e-92cd-fc7ec5576332,askacademia_train,losing_generate_llama,no,no
2ba56371-a5a9-4f6e-92cd-fc7ec5576332,askacademia_train,losing_generate_gpt5nano,no,no
2ba56371-a5a9-4f6e-92cd-fc7ec5576332,askacademia_train,losing_generate_qwen,no,no
2ba56371-a5a9-4f6e-92cd-fc7ec5576332,askacademia_train,losing_improve_claude,no,no
2ba56371-a5a9-4f6e-92cd-fc7ec5576332,askacademia_train,losing_improve_gemini,no,no
2ba56371-a5a9-4f6e-92cd-fc7ec5576332,askacademia_train,losing_improve_gpt4omini,no,no
2ba56371-a5a9-4f6e-92cd-fc7ec5576332,askacademia_train,losing_improve_gpt5nano,no,no
2ba56371-a5a9-4f6e-92cd-fc7ec5576332,askacademia_train,losing_improve_mistral,no,no
2ba56371-a5a9-4f6e-92cd-fc7ec5576332,askacademia_train,losing_paraphrase_claude,no,no
2ba56371-a5a9-4f6e-92cd-fc7ec5576332,askacademia_train,losing_improve_llama,no,no
2ba56371-a5a9-4f6e-92cd-fc7ec5576332,askacademia_train,losing_improve_qwen,no,no
2ba56371-a5a9-4f6e-92cd-fc7ec5576332,askacademia_train,losing_paraphrase_gemini,no,no
2ba56371-a5a9-4f6e-92cd-fc7ec5576332,askacademia_train,losing_paraphrase_gpt5nano,no,no
2ba56371-a5a9-4f6e-92cd-fc7ec5576332,askacademia_train,losing_paraphrase_gpt4omini,no,no
2ba56371-a5a9-4f6e-92cd-fc7ec5576332,askacademia_train,losing_paraphrase_llama,no,no
db5fcda6-7b0c-4aea-844e-8c8f5c389234,askacademia_train,winning_text,no,no
2ba56371-a5a9-4f6e-92cd-fc7ec5576332,askacademia_train,losing_paraphrase_mistral,no,no
2ba56371-a5a9-4f6e-92cd-fc7ec5576332,askacademia_train,losing_paraphrase_qwen,no,no
db5fcda6-7b0c-4aea-844e-8c8f5c389234,askacademia_train,losing_text,no,no
db5fcda6-7b0c-4aea-844e-8c8f5c389234,askacademia_train,losing_generate_gpt4omini,no,no
db5fcda6-7b0c-4aea-844e-8c8f5c389234,askacademia_train,losing_generate_gemini,no,no
db5fcda6-7b0c-4aea-844e-8c8f5c389234,askacademia_train,losing_generate_claude,no,no
db5fcda6-7b0c-4aea-844e-8c8f5c389234,askacademia_train,losing_generate_gpt5nano,no,no
db5fcda6-7b0c-4aea-844e-8c8f5c389234,askacademia_train,losing_generate_llama,no,no
db5fcda6-7b0c-4aea-844e-8c8f5c389234,askacademia_train,losing_generate_qwen,no,no
db5fcda6-7b0c-4aea-844e-8c8f5c389234,askacademia_train,losing_generate_mistral,no,no
db5fcda6-7b0c-4aea-844e-8c8f5c389234,askacademia_train,losing_improve_gpt5nano,no,no
db5fcda6-7b0c-4aea-844e-8c8f5c389234,askacademia_train,losing_improve_claude,no,no
db5fcda6-7b0c-4aea-844e-8c8f5c389234,askacademia_train,losing_improve_gemini,no,no
db5fcda6-7b0c-4aea-844e-8c8f5c389234,askacademia_train,losing_improve_gpt4omini,no,no
db5fcda6-7b0c-4aea-844e-8c8f5c389234,askacademia_train,losing_improve_llama,no,no
db5fcda6-7b0c-4aea-844e-8c8f5c389234,askacademia_train,losing_paraphrase_claude,no,no
db5fcda6-7b0c-4aea-844e-8c8f5c389234,askacademia_train,losing_improve_mistral,no,no
db5fcda6-7b0c-4aea-844e-8c8f5c389234,askacademia_train,losing_improve_qwen,no,no
db5fcda6-7b0c-4aea-844e-8c8f5c389234,askacademia_train,losing_paraphrase_gpt4omini,no,no
db5fcda6-7b0c-4aea-844e-8c8f5c389234,askacademia_train,losing_paraphrase_gemini,no,no
db5fcda6-7b0c-4aea-844e-8c8f5c389234,askacademia_train,losing_paraphrase_gpt5nano,no,no
db5fcda6-7b0c-4aea-844e-8c8f5c389234,askacademia_train,losing_paraphrase_llama,no,no
db5fcda6-7b0c-4aea-844e-8c8f5c389234,askacademia_train,losing_paraphrase_mistral,no,no
49f2ea2c-21e7-40b8-a005-d180925d504f,askacademia_train,losing_text,no,no
49f2ea2c-21e7-40b8-a005-d180925d504f,askacademia_train,winning_text,no,no
db5fcda6-7b0c-4aea-844e-8c8f5c389234,askacademia_train,losing_paraphrase_qwen,no,no
49f2ea2c-21e7-40b8-a005-d180925d504f,askacademia_train,losing_generate_claude,no,no
49f2ea2c-21e7-40b8-a005-d180925d504f,askacademia_train,losing_generate_gpt4omini,no,no
49f2ea2c-21e7-40b8-a005-d180925d504f,askacademia_train,losing_generate_gemini,no,no
49f2ea2c-21e7-40b8-a005-d180925d504f,askacademia_train,losing_generate_gpt5nano,no,no
49f2ea2c-21e7-40b8-a005-d180925d504f,askacademia_train,losing_generate_llama,no,no
49f2ea2c-21e7-40b8-a005-d180925d504f,askacademia_train,losing_improve_claude,no,no
49f2ea2c-21e7-40b8-a005-d180925d504f,askacademia_train,losing_generate_mistral,no,no
49f2ea2c-21e7-40b8-a005-d180925d504f,askacademia_train,losing_generate_qwen,no,no
49f2ea2c-21e7-40b8-a005-d180925d504f,askacademia_train,losing_improve_gpt5nano,no,no
49f2ea2c-21e7-40b8-a005-d180925d504f,askacademia_train,losing_improve_gpt4omini,no,no
49f2ea2c-21e7-40b8-a005-d180925d504f,askacademia_train,losing_improve_gemini,no,no
49f2ea2c-21e7-40b8-a005-d180925d504f,askacademia_train,losing_improve_llama,no,no
49f2ea2c-21e7-40b8-a005-d180925d504f,askacademia_train,losing_improve_mistral,no,no
49f2ea2c-21e7-40b8-a005-d180925d504f,askacademia_train,losing_improve_qwen,no,no
49f2ea2c-21e7-40b8-a005-d180925d504f,askacademia_train,losing_paraphrase_claude,no,no
49f2ea2c-21e7-40b8-a005-d180925d504f,askacademia_train,losing_paraphrase_gemini,no,no
49f2ea2c-21e7-40b8-a005-d180925d504f,askacademia_train,losing_paraphrase_mistral,no,no
49f2ea2c-21e7-40b8-a005-d180925d504f,askacademia_train,losing_paraphrase_gpt4omini,no,no
49f2ea2c-21e7-40b8-a005-d180925d504f,askacademia_train,losing_paraphrase_gpt5nano,no,no
49f2ea2c-21e7-40b8-a005-d180925d504f,askacademia_train,losing_paraphrase_llama,no,no
49f2ea2c-21e7-40b8-a005-d180925d504f,askacademia_train,losing_paraphrase_qwen,no,no
fc0d11f9-80cf-4110-9ead-7270c9d752d4,askacademia_train,losing_text,no,no
fc0d11f9-80cf-4110-9ead-7270c9d752d4,askacademia_train,winning_text,no,no
fc0d11f9-80cf-4110-9ead-7270c9d752d4,askacademia_train,losing_generate_claude,no,no
fc0d11f9-80cf-4110-9ead-7270c9d752d4,askacademia_train,losing_generate_gpt4omini,no,no
fc0d11f9-80cf-4110-9ead-7270c9d752d4,askacademia_train,losing_generate_llama,no,no
fc0d11f9-80cf-4110-9ead-7270c9d752d4,askacademia_train,losing_generate_gpt5nano,no,no
fc0d11f9-80cf-4110-9ead-7270c9d752d4,askacademia_train,losing_generate_gemini,no,no
fc0d11f9-80cf-4110-9ead-7270c9d752d4,askacademia_train,losing_generate_mistral,no,no
fc0d11f9-80cf-4110-9ead-7270c9d752d4,askacademia_train,losing_generate_qwen,no,no
fc0d11f9-80cf-4110-9ead-7270c9d752d4,askacademia_train,losing_improve_gemini,no,no
fc0d11f9-80cf-4110-9ead-7270c9d752d4,askacademia_train,losing_improve_claude,no,no
fc0d11f9-80cf-4110-9ead-7270c9d752d4,askacademia_train,losing_improve_llama,no,no
fc0d11f9-80cf-4110-9ead-7270c9d752d4,askacademia_train,losing_improve_gpt4omini,no,no
fc0d11f9-80cf-4110-9ead-7270c9d752d4,askacademia_train,losing_improve_mistral,no,no
fc0d11f9-80cf-4110-9ead-7270c9d752d4,askacademia_train,losing_improve_gpt5nano,no,no
fc0d11f9-80cf-4110-9ead-7270c9d752d4,askacademia_train,losing_improve_qwen,no,no
fc0d11f9-80cf-4110-9ead-7270c9d752d4,askacademia_train,losing_paraphrase_gemini,no,no
fc0d11f9-80cf-4110-9ead-7270c9d752d4,askacademia_train,losing_paraphrase_claude,no,no
fc0d11f9-80cf-4110-9ead-7270c9d752d4,askacademia_train,losing_paraphrase_qwen,no,no
fc0d11f9-80cf-4110-9ead-7270c9d752d4,askacademia_train,losing_paraphrase_gpt5nano,no,no
fc0d11f9-80cf-4110-9ead-7270c9d752d4,askacademia_train,losing_paraphrase_gpt4omini,no,no
fc0d11f9-80cf-4110-9ead-7270c9d752d4,askacademia_train,losing_paraphrase_mistral,no,no
7beb091b-7423-4c06-8da3-a7d6568081d1,askacademia_train,winning_text,no,no
fc0d11f9-80cf-4110-9ead-7270c9d752d4,askacademia_train,losing_paraphrase_llama,no,no
7beb091b-7423-4c06-8da3-a7d6568081d1,askacademia_train,losing_text,no,no
7beb091b-7423-4c06-8da3-a7d6568081d1,askacademia_train,losing_generate_claude,no,no
7beb091b-7423-4c06-8da3-a7d6568081d1,askacademia_train,losing_generate_mistral,no,no
7beb091b-7423-4c06-8da3-a7d6568081d1,askacademia_train,losing_generate_gpt4omini,no,no
7beb091b-7423-4c06-8da3-a7d6568081d1,askacademia_train,losing_generate_gpt5nano,no,no
7beb091b-7423-4c06-8da3-a7d6568081d1,askacademia_train,losing_generate_llama,no,no
7beb091b-7423-4c06-8da3-a7d6568081d1,askacademia_train,losing_generate_gemini,no,no
7beb091b-7423-4c06-8da3-a7d6568081d1,askacademia_train,losing_generate_qwen,no,no
7beb091b-7423-4c06-8da3-a7d6568081d1,askacademia_train,losing_improve_claude,no,no
7beb091b-7423-4c06-8da3-a7d6568081d1,askacademia_train,losing_improve_gemini,no,no
7beb091b-7423-4c06-8da3-a7d6568081d1,askacademia_train,losing_improve_mistral,no,no
7beb091b-7423-4c06-8da3-a7d6568081d1,askacademia_train,losing_improve_gpt4omini,no,no
7beb091b-7423-4c06-8da3-a7d6568081d1,askacademia_train,losing_improve_llama,no,no
7beb091b-7423-4c06-8da3-a7d6568081d1,askacademia_train,losing_paraphrase_claude,no,no
7beb091b-7423-4c06-8da3-a7d6568081d1,askacademia_train,losing_improve_gpt5nano,no,no
7beb091b-7423-4c06-8da3-a7d6568081d1,askacademia_train,losing_improve_qwen,no,no
7beb091b-7423-4c06-8da3-a7d6568081d1,askacademia_train,losing_paraphrase_gpt4omini,no,no
7beb091b-7423-4c06-8da3-a7d6568081d1,askacademia_train,losing_paraphrase_gemini,no,no
7beb091b-7423-4c06-8da3-a7d6568081d1,askacademia_train,losing_paraphrase_gpt5nano,no,no
7beb091b-7423-4c06-8da3-a7d6568081d1,askacademia_train,losing_paraphrase_mistral,no,no
355a34ef-ae09-49dd-9d1e-e25018351122,askacademia_train,winning_text,no,no
355a34ef-ae09-49dd-9d1e-e25018351122,askacademia_train,losing_text,no,no
7beb091b-7423-4c06-8da3-a7d6568081d1,askacademia_train,losing_paraphrase_llama,no,no
7beb091b-7423-4c06-8da3-a7d6568081d1,askacademia_train,losing_paraphrase_qwen,no,no
355a34ef-ae09-49dd-9d1e-e25018351122,askacademia_train,losing_generate_gemini,no,no
355a34ef-ae09-49dd-9d1e-e25018351122,askacademia_train,losing_generate_claude,no,no
355a34ef-ae09-49dd-9d1e-e25018351122,askacademia_train,losing_generate_gpt4omini,no,no
355a34ef-ae09-49dd-9d1e-e25018351122,askacademia_train,losing_generate_gpt5nano,no,no
355a34ef-ae09-49dd-9d1e-e25018351122,askacademia_train,losing_generate_mistral,no,no
355a34ef-ae09-49dd-9d1e-e25018351122,askacademia_train,losing_generate_qwen,no,no
355a34ef-ae09-49dd-9d1e-e25018351122,askacademia_train,losing_generate_llama,no,no
355a34ef-ae09-49dd-9d1e-e25018351122,askacademia_train,losing_improve_claude,no,no
355a34ef-ae09-49dd-9d1e-e25018351122,askacademia_train,losing_improve_gemini,no,no
355a34ef-ae09-49dd-9d1e-e25018351122,askacademia_train,losing_improve_gpt4omini,no,no
355a34ef-ae09-49dd-9d1e-e25018351122,askacademia_train,losing_paraphrase_claude,no,no
355a34ef-ae09-49dd-9d1e-e25018351122,askacademia_train,losing_paraphrase_gemini,no,no
355a34ef-ae09-49dd-9d1e-e25018351122,askacademia_train,losing_improve_mistral,no,no
355a34ef-ae09-49dd-9d1e-e25018351122,askacademia_train,losing_improve_llama,no,no
355a34ef-ae09-49dd-9d1e-e25018351122,askacademia_train,losing_improve_qwen,no,no
355a34ef-ae09-49dd-9d1e-e25018351122,askacademia_train,losing_improve_gpt5nano,no,no
355a34ef-ae09-49dd-9d1e-e25018351122,askacademia_train,losing_paraphrase_gpt4omini,no,no
355a34ef-ae09-49dd-9d1e-e25018351122,askacademia_train,losing_paraphrase_gpt5nano,no,no
4b5519a5-681d-46c3-b794-cadb14453f88,askacademia_train,losing_text,no,no
4b5519a5-681d-46c3-b794-cadb14453f88,askacademia_train,winning_text,no,no
355a34ef-ae09-49dd-9d1e-e25018351122,askacademia_train,losing_paraphrase_qwen,no,no
355a34ef-ae09-49dd-9d1e-e25018351122,askacademia_train,losing_paraphrase_mistral,no,no
4b5519a5-681d-46c3-b794-cadb14453f88,askacademia_train,losing_generate_claude,no,no
355a34ef-ae09-49dd-9d1e-e25018351122,askacademia_train,losing_paraphrase_llama,no,no
4b5519a5-681d-46c3-b794-cadb14453f88,askacademia_train,losing_generate_gemini,no,no
4b5519a5-681d-46c3-b794-cadb14453f88,askacademia_train,losing_generate_gpt4omini,no,no
4b5519a5-681d-46c3-b794-cadb14453f88,askacademia_train,losing_improve_claude,no,no
4b5519a5-681d-46c3-b794-cadb14453f88,askacademia_train,losing_generate_mistral,no,no
4b5519a5-681d-46c3-b794-cadb14453f88,askacademia_train,losing_generate_gpt5nano,no,no
4b5519a5-681d-46c3-b794-cadb14453f88,askacademia_train,losing_generate_llama,no,no
4b5519a5-681d-46c3-b794-cadb14453f88,askacademia_train,losing_generate_qwen,no,no
4b5519a5-681d-46c3-b794-cadb14453f88,askacademia_train,losing_improve_gemini,no,no
4b5519a5-681d-46c3-b794-cadb14453f88,askacademia_train,losing_improve_gpt5nano,no,no
4b5519a5-681d-46c3-b794-cadb14453f88,askacademia_train,losing_improve_gpt4omini,no,no
4b5519a5-681d-46c3-b794-cadb14453f88,askacademia_train,losing_paraphrase_gemini,no,no
4b5519a5-681d-46c3-b794-cadb14453f88,askacademia_train,losing_improve_mistral,no,no
4b5519a5-681d-46c3-b794-cadb14453f88,askacademia_train,losing_improve_llama,no,no
4b5519a5-681d-46c3-b794-cadb14453f88,askacademia_train,losing_improve_qwen,no,no
4b5519a5-681d-46c3-b794-cadb14453f88,askacademia_train,losing_paraphrase_gpt4omini,no,no
4b5519a5-681d-46c3-b794-cadb14453f88,askacademia_train,losing_paraphrase_claude,no,no
4b5519a5-681d-46c3-b794-cadb14453f88,askacademia_train,losing_paraphrase_llama,no,no
4b5519a5-681d-46c3-b794-cadb14453f88,askacademia_train,losing_paraphrase_gpt5nano,no,no
a3e00ec4-4f29-4e1d-bc86-d62aa0663085,askacademia_train,losing_text,no,no
a3e00ec4-4f29-4e1d-bc86-d62aa0663085,askacademia_train,winning_text,no,no
4b5519a5-681d-46c3-b794-cadb14453f88,askacademia_train,losing_paraphrase_qwen,no,no
4b5519a5-681d-46c3-b794-cadb14453f88,askacademia_train,losing_paraphrase_mistral,no,no
a3e00ec4-4f29-4e1d-bc86-d62aa0663085,askacademia_train,losing_generate_gemini,no,no
a3e00ec4-4f29-4e1d-bc86-d62aa0663085,askacademia_train,losing_generate_claude,no,no
a3e00ec4-4f29-4e1d-bc86-d62aa0663085,askacademia_train,losing_generate_gpt5nano,no,no
a3e00ec4-4f29-4e1d-bc86-d62aa0663085,askacademia_train,losing_generate_gpt4omini,no,no
a3e00ec4-4f29-4e1d-bc86-d62aa0663085,askacademia_train,losing_generate_mistral,no,no
a3e00ec4-4f29-4e1d-bc86-d62aa0663085,askacademia_train,losing_generate_qwen,no,no
a3e00ec4-4f29-4e1d-bc86-d62aa0663085,askacademia_train,losing_improve_claude,no,no
a3e00ec4-4f29-4e1d-bc86-d62aa0663085,askacademia_train,losing_generate_llama,no,no
a3e00ec4-4f29-4e1d-bc86-d62aa0663085,askacademia_train,losing_improve_gemini,no,no
a3e00ec4-4f29-4e1d-bc86-d62aa0663085,askacademia_train,losing_improve_gpt4omini,no,no
a3e00ec4-4f29-4e1d-bc86-d62aa0663085,askacademia_train,losing_improve_llama,no,no
a3e00ec4-4f29-4e1d-bc86-d62aa0663085,askacademia_train,losing_improve_gpt5nano,no,no
a3e00ec4-4f29-4e1d-bc86-d62aa0663085,askacademia_train,losing_paraphrase_gemini,no,no
a3e00ec4-4f29-4e1d-bc86-d62aa0663085,askacademia_train,losing_improve_qwen,no,no
a3e00ec4-4f29-4e1d-bc86-d62aa0663085,askacademia_train,losing_improve_mistral,no,no
a3e00ec4-4f29-4e1d-bc86-d62aa0663085,askacademia_train,losing_paraphrase_claude,no,no
a3e00ec4-4f29-4e1d-bc86-d62aa0663085,askacademia_train,losing_paraphrase_gpt4omini,no,no
a3e00ec4-4f29-4e1d-bc86-d62aa0663085,askacademia_train,losing_paraphrase_gpt5nano,no,no
a3e00ec4-4f29-4e1d-bc86-d62aa0663085,askacademia_train,losing_paraphrase_mistral,no,no
a3e00ec4-4f29-4e1d-bc86-d62aa0663085,askacademia_train,losing_paraphrase_llama,no,no
ed33a1be-68db-4548-9c7a-c60b56826b47,askacademia_train,losing_generate_claude,no,no
a3e00ec4-4f29-4e1d-bc86-d62aa0663085,askacademia_train,losing_paraphrase_qwen,no,no
ed33a1be-68db-4548-9c7a-c60b56826b47,askacademia_train,winning_text,no,no
ed33a1be-68db-4548-9c7a-c60b56826b47,askacademia_train,losing_text,no,no
ed33a1be-68db-4548-9c7a-c60b56826b47,askacademia_train,losing_generate_gemini,no,no
ed33a1be-68db-4548-9c7a-c60b56826b47,askacademia_train,losing_generate_gpt4omini,no,no
ed33a1be-68db-4548-9c7a-c60b56826b47,askacademia_train,losing_generate_llama,no,no
ed33a1be-68db-4548-9c7a-c60b56826b47,askacademia_train,losing_generate_gpt5nano,no,no
ed33a1be-68db-4548-9c7a-c60b56826b47,askacademia_train,losing_generate_mistral,no,no
ed33a1be-68db-4548-9c7a-c60b56826b47,askacademia_train,losing_improve_gemini,no,no
ed33a1be-68db-4548-9c7a-c60b56826b47,askacademia_train,losing_improve_claude,no,no
ed33a1be-68db-4548-9c7a-c60b56826b47,askacademia_train,losing_generate_qwen,no,no
ed33a1be-68db-4548-9c7a-c60b56826b47,askacademia_train,losing_improve_gpt5nano,no,no
ed33a1be-68db-4548-9c7a-c60b56826b47,askacademia_train,losing_improve_gpt4omini,no,no
ed33a1be-68db-4548-9c7a-c60b56826b47,askacademia_train,losing_improve_mistral,no,no
ed33a1be-68db-4548-9c7a-c60b56826b47,askacademia_train,losing_improve_llama,no,no
ed33a1be-68db-4548-9c7a-c60b56826b47,askacademia_train,losing_paraphrase_gpt4omini,no,no
ed33a1be-68db-4548-9c7a-c60b56826b47,askacademia_train,losing_paraphrase_gemini,no,no
ed33a1be-68db-4548-9c7a-c60b56826b47,askacademia_train,losing_improve_qwen,no,no
ed33a1be-68db-4548-9c7a-c60b56826b47,askacademia_train,losing_paraphrase_claude,no,no
ed33a1be-68db-4548-9c7a-c60b56826b47,askacademia_train,losing_paraphrase_gpt5nano,no,no
ed33a1be-68db-4548-9c7a-c60b56826b47,askacademia_train,losing_paraphrase_llama,no,no
ed33a1be-68db-4548-9c7a-c60b56826b47,askacademia_train,losing_paraphrase_mistral,no,no
ed33a1be-68db-4548-9c7a-c60b56826b47,askacademia_train,losing_paraphrase_qwen,no,no
47c7e961-6c14-4fa0-8783-45420dd52467,askacademia_train,winning_text,no,no
47c7e961-6c14-4fa0-8783-45420dd52467,askacademia_train,losing_text,no,no
47c7e961-6c14-4fa0-8783-45420dd52467,askacademia_train,losing_generate_claude,no,no
47c7e961-6c14-4fa0-8783-45420dd52467,askacademia_train,losing_generate_gemini,no,no
47c7e961-6c14-4fa0-8783-45420dd52467,askacademia_train,losing_generate_gpt4omini,no,no
47c7e961-6c14-4fa0-8783-45420dd52467,askacademia_train,losing_generate_gpt5nano,no,no
47c7e961-6c14-4fa0-8783-45420dd52467,askacademia_train,losing_generate_llama,no,no
47c7e961-6c14-4fa0-8783-45420dd52467,askacademia_train,losing_improve_gemini,no,no
47c7e961-6c14-4fa0-8783-45420dd52467,askacademia_train,losing_improve_gpt4omini,no,no
47c7e961-6c14-4fa0-8783-45420dd52467,askacademia_train,losing_generate_mistral,no,no
47c7e961-6c14-4fa0-8783-45420dd52467,askacademia_train,losing_improve_claude,no,no
47c7e961-6c14-4fa0-8783-45420dd52467,askacademia_train,losing_generate_qwen,no,no
47c7e961-6c14-4fa0-8783-45420dd52467,askacademia_train,losing_improve_gpt5nano,no,no
47c7e961-6c14-4fa0-8783-45420dd52467,askacademia_train,losing_improve_llama,no,no
47c7e961-6c14-4fa0-8783-45420dd52467,askacademia_train,losing_improve_mistral,no,no
47c7e961-6c14-4fa0-8783-45420dd52467,askacademia_train,losing_paraphrase_gemini,no,no
47c7e961-6c14-4fa0-8783-45420dd52467,askacademia_train,losing_improve_qwen,no,no
47c7e961-6c14-4fa0-8783-45420dd52467,askacademia_train,losing_paraphrase_gpt4omini,no,no
47c7e961-6c14-4fa0-8783-45420dd52467,askacademia_train,losing_paraphrase_claude,no,no
47c7e961-6c14-4fa0-8783-45420dd52467,askacademia_train,losing_paraphrase_gpt5nano,no,no
47c7e961-6c14-4fa0-8783-45420dd52467,askacademia_train,losing_paraphrase_llama,no,no
47c7e961-6c14-4fa0-8783-45420dd52467,askacademia_train,losing_paraphrase_mistral,no,no
47c7e961-6c14-4fa0-8783-45420dd52467,askacademia_train,losing_paraphrase_qwen,no,no
77da1e49-6304-4976-b1e1-c2f7e0484835,askacademia_train,winning_text,no,no
77da1e49-6304-4976-b1e1-c2f7e0484835,askacademia_train,losing_generate_gemini,no,no
77da1e49-6304-4976-b1e1-c2f7e0484835,askacademia_train,losing_text,no,no
77da1e49-6304-4976-b1e1-c2f7e0484835,askacademia_train,losing_generate_gpt4omini,no,no
77da1e49-6304-4976-b1e1-c2f7e0484835,askacademia_train,losing_generate_claude,no,no
77da1e49-6304-4976-b1e1-c2f7e0484835,askacademia_train,losing_generate_gpt5nano,no,no
77da1e49-6304-4976-b1e1-c2f7e0484835,askacademia_train,losing_generate_llama,no,no
77da1e49-6304-4976-b1e1-c2f7e0484835,askacademia_train,losing_generate_mistral,no,no
77da1e49-6304-4976-b1e1-c2f7e0484835,askacademia_train,losing_improve_gemini,no,no
77da1e49-6304-4976-b1e1-c2f7e0484835,askacademia_train,losing_generate_qwen,no,no
77da1e49-6304-4976-b1e1-c2f7e0484835,askacademia_train,losing_improve_gpt5nano,no,no
77da1e49-6304-4976-b1e1-c2f7e0484835,askacademia_train,losing_improve_gpt4omini,no,no
77da1e49-6304-4976-b1e1-c2f7e0484835,askacademia_train,losing_improve_claude,no,no
77da1e49-6304-4976-b1e1-c2f7e0484835,askacademia_train,losing_improve_mistral,no,no
77da1e49-6304-4976-b1e1-c2f7e0484835,askacademia_train,losing_improve_llama,no,no
77da1e49-6304-4976-b1e1-c2f7e0484835,askacademia_train,losing_improve_qwen,no,no
77da1e49-6304-4976-b1e1-c2f7e0484835,askacademia_train,losing_paraphrase_gpt5nano,no,no
77da1e49-6304-4976-b1e1-c2f7e0484835,askacademia_train,losing_paraphrase_gpt4omini,no,no
77da1e49-6304-4976-b1e1-c2f7e0484835,askacademia_train,losing_paraphrase_gemini,no,no
77da1e49-6304-4976-b1e1-c2f7e0484835,askacademia_train,losing_paraphrase_llama,no,no
77da1e49-6304-4976-b1e1-c2f7e0484835,askacademia_train,losing_paraphrase_claude,no,no
81317a72-dfc1-45c1-b21e-bd6bc196e816,askacademia_train,winning_text,no,no
77da1e49-6304-4976-b1e1-c2f7e0484835,askacademia_train,losing_paraphrase_mistral,no,no
77da1e49-6304-4976-b1e1-c2f7e0484835,askacademia_train,losing_paraphrase_qwen,no,no
81317a72-dfc1-45c1-b21e-bd6bc196e816,askacademia_train,losing_text,no,no
81317a72-dfc1-45c1-b21e-bd6bc196e816,askacademia_train,losing_generate_gpt4omini,no,no
81317a72-dfc1-45c1-b21e-bd6bc196e816,askacademia_train,losing_generate_claude,no,no
81317a72-dfc1-45c1-b21e-bd6bc196e816,askacademia_train,losing_generate_gpt5nano,no,no
81317a72-dfc1-45c1-b21e-bd6bc196e816,askacademia_train,losing_generate_gemini,no,no
81317a72-dfc1-45c1-b21e-bd6bc196e816,askacademia_train,losing_generate_llama,no,no
81317a72-dfc1-45c1-b21e-bd6bc196e816,askacademia_train,losing_generate_qwen,no,no
81317a72-dfc1-45c1-b21e-bd6bc196e816,askacademia_train,losing_generate_mistral,no,no
81317a72-dfc1-45c1-b21e-bd6bc196e816,askacademia_train,losing_improve_gemini,no,no
81317a72-dfc1-45c1-b21e-bd6bc196e816,askacademia_train,losing_improve_gpt4omini,no,no
81317a72-dfc1-45c1-b21e-bd6bc196e816,askacademia_train,losing_improve_gpt5nano,no,no
81317a72-dfc1-45c1-b21e-bd6bc196e816,askacademia_train,losing_improve_claude,no,no
81317a72-dfc1-45c1-b21e-bd6bc196e816,askacademia_train,losing_improve_llama,no,no
81317a72-dfc1-45c1-b21e-bd6bc196e816,askacademia_train,losing_paraphrase_claude,no,no
81317a72-dfc1-45c1-b21e-bd6bc196e816,askacademia_train,losing_improve_mistral,no,no
81317a72-dfc1-45c1-b21e-bd6bc196e816,askacademia_train,losing_improve_qwen,no,no
81317a72-dfc1-45c1-b21e-bd6bc196e816,askacademia_train,losing_paraphrase_gpt4omini,no,no
81317a72-dfc1-45c1-b21e-bd6bc196e816,askacademia_train,losing_paraphrase_gpt5nano,no,no
81317a72-dfc1-45c1-b21e-bd6bc196e816,askacademia_train,losing_paraphrase_gemini,no,no
81317a72-dfc1-45c1-b21e-bd6bc196e816,askacademia_train,losing_paraphrase_llama,no,no
81317a72-dfc1-45c1-b21e-bd6bc196e816,askacademia_train,losing_paraphrase_mistral,no,no
81317a72-dfc1-45c1-b21e-bd6bc196e816,askacademia_train,losing_paraphrase_qwen,no,no
09359459-abd3-45ee-810d-7ef72a1bbd8d,askacademia_train,winning_text,no,no
09359459-abd3-45ee-810d-7ef72a1bbd8d,askacademia_train,losing_text,no,no
09359459-abd3-45ee-810d-7ef72a1bbd8d,askacademia_train,losing_generate_gpt4omini,no,no
09359459-abd3-45ee-810d-7ef72a1bbd8d,askacademia_train,losing_generate_claude,no,no
09359459-abd3-45ee-810d-7ef72a1bbd8d,askacademia_train,losing_generate_gemini,no,no
09359459-abd3-45ee-810d-7ef72a1bbd8d,askacademia_train,losing_generate_llama,no,no
09359459-abd3-45ee-810d-7ef72a1bbd8d,askacademia_train,losing_generate_gpt5nano,no,no
09359459-abd3-45ee-810d-7ef72a1bbd8d,askacademia_train,losing_generate_qwen,no,no
09359459-abd3-45ee-810d-7ef72a1bbd8d,askacademia_train,losing_generate_mistral,no,no
09359459-abd3-45ee-810d-7ef72a1bbd8d,askacademia_train,losing_improve_claude,no,no
09359459-abd3-45ee-810d-7ef72a1bbd8d,askacademia_train,losing_improve_gpt5nano,no,no
09359459-abd3-45ee-810d-7ef72a1bbd8d,askacademia_train,losing_improve_mistral,no,no
09359459-abd3-45ee-810d-7ef72a1bbd8d,askacademia_train,losing_improve_gpt4omini,no,no
09359459-abd3-45ee-810d-7ef72a1bbd8d,askacademia_train,losing_improve_llama,no,no
09359459-abd3-45ee-810d-7ef72a1bbd8d,askacademia_train,losing_improve_gemini,no,no
09359459-abd3-45ee-810d-7ef72a1bbd8d,askacademia_train,losing_paraphrase_claude,no,no
09359459-abd3-45ee-810d-7ef72a1bbd8d,askacademia_train,losing_paraphrase_gemini,no,no
09359459-abd3-45ee-810d-7ef72a1bbd8d,askacademia_train,losing_improve_qwen,no,no
09359459-abd3-45ee-810d-7ef72a1bbd8d,askacademia_train,losing_paraphrase_qwen,no,no
09359459-abd3-45ee-810d-7ef72a1bbd8d,askacademia_train,losing_paraphrase_mistral,no,no
09359459-abd3-45ee-810d-7ef72a1bbd8d,askacademia_train,losing_paraphrase_gpt4omini,no,no
09359459-abd3-45ee-810d-7ef72a1bbd8d,askacademia_train,losing_paraphrase_llama,no,no
09359459-abd3-45ee-810d-7ef72a1bbd8d,askacademia_train,losing_paraphrase_gpt5nano,no,no
a5eaa135-4288-43ab-91a5-8392b6f596bc,askacademia_train,winning_text,no,no
a5eaa135-4288-43ab-91a5-8392b6f596bc,askacademia_train,losing_generate_claude,no,no
a5eaa135-4288-43ab-91a5-8392b6f596bc,askacademia_train,losing_text,no,no
a5eaa135-4288-43ab-91a5-8392b6f596bc,askacademia_train,losing_generate_llama,no,no
a5eaa135-4288-43ab-91a5-8392b6f596bc,askacademia_train,losing_generate_gpt4omini,no,no
a5eaa135-4288-43ab-91a5-8392b6f596bc,askacademia_train,losing_generate_gpt5nano,no,no
a5eaa135-4288-43ab-91a5-8392b6f596bc,askacademia_train,losing_generate_mistral,no,no
a5eaa135-4288-43ab-91a5-8392b6f596bc,askacademia_train,losing_generate_gemini,no,no
a5eaa135-4288-43ab-91a5-8392b6f596bc,askacademia_train,losing_generate_qwen,no,no
a5eaa135-4288-43ab-91a5-8392b6f596bc,askacademia_train,losing_improve_gemini,no,no
a5eaa135-4288-43ab-91a5-8392b6f596bc,askacademia_train,losing_improve_claude,no,no
a5eaa135-4288-43ab-91a5-8392b6f596bc,askacademia_train,losing_improve_gpt5nano,no,no
a5eaa135-4288-43ab-91a5-8392b6f596bc,askacademia_train,losing_improve_gpt4omini,no,no
a5eaa135-4288-43ab-91a5-8392b6f596bc,askacademia_train,losing_improve_mistral,no,no
a5eaa135-4288-43ab-91a5-8392b6f596bc,askacademia_train,losing_improve_llama,no,no
a5eaa135-4288-43ab-91a5-8392b6f596bc,askacademia_train,losing_paraphrase_claude,no,no
a5eaa135-4288-43ab-91a5-8392b6f596bc,askacademia_train,losing_paraphrase_gemini,no,no
a5eaa135-4288-43ab-91a5-8392b6f596bc,askacademia_train,losing_paraphrase_gpt4omini,no,no
a5eaa135-4288-43ab-91a5-8392b6f596bc,askacademia_train,losing_improve_qwen,no,no
a5eaa135-4288-43ab-91a5-8392b6f596bc,askacademia_train,losing_paraphrase_qwen,no,no
a5eaa135-4288-43ab-91a5-8392b6f596bc,askacademia_train,losing_paraphrase_mistral,no,no
a5eaa135-4288-43ab-91a5-8392b6f596bc,askacademia_train,losing_paraphrase_gpt5nano,no,no
a5eaa135-4288-43ab-91a5-8392b6f596bc,askacademia_train,losing_paraphrase_llama,no,no
c24e7487-7f44-4a8a-bc41-210d808c392c,askacademia_train,losing_generate_claude,no,no
c24e7487-7f44-4a8a-bc41-210d808c392c,askacademia_train,losing_text,no,no
c24e7487-7f44-4a8a-bc41-210d808c392c,askacademia_train,losing_generate_gemini,no,no
c24e7487-7f44-4a8a-bc41-210d808c392c,askacademia_train,winning_text,no,no
c24e7487-7f44-4a8a-bc41-210d808c392c,askacademia_train,losing_generate_mistral,no,no
c24e7487-7f44-4a8a-bc41-210d808c392c,askacademia_train,losing_generate_gpt4omini,no,no
c24e7487-7f44-4a8a-bc41-210d808c392c,askacademia_train,losing_generate_llama,no,no
c24e7487-7f44-4a8a-bc41-210d808c392c,askacademia_train,losing_generate_gpt5nano,no,no
c24e7487-7f44-4a8a-bc41-210d808c392c,askacademia_train,losing_improve_gpt4omini,no,no
c24e7487-7f44-4a8a-bc41-210d808c392c,askacademia_train,losing_generate_qwen,no,no
c24e7487-7f44-4a8a-bc41-210d808c392c,askacademia_train,losing_improve_gemini,no,no
c24e7487-7f44-4a8a-bc41-210d808c392c,askacademia_train,losing_improve_claude,no,no
c24e7487-7f44-4a8a-bc41-210d808c392c,askacademia_train,losing_improve_mistral,no,no
c24e7487-7f44-4a8a-bc41-210d808c392c,askacademia_train,losing_improve_llama,no,no
c24e7487-7f44-4a8a-bc41-210d808c392c,askacademia_train,losing_improve_gpt5nano,no,no
c24e7487-7f44-4a8a-bc41-210d808c392c,askacademia_train,losing_improve_qwen,no,no
c24e7487-7f44-4a8a-bc41-210d808c392c,askacademia_train,losing_paraphrase_gemini,no,no
c24e7487-7f44-4a8a-bc41-210d808c392c,askacademia_train,losing_paraphrase_claude,no,no
c24e7487-7f44-4a8a-bc41-210d808c392c,askacademia_train,losing_paraphrase_gpt4omini,no,no
c24e7487-7f44-4a8a-bc41-210d808c392c,askacademia_train,losing_paraphrase_gpt5nano,no,no
c24e7487-7f44-4a8a-bc41-210d808c392c,askacademia_train,losing_paraphrase_mistral,no,no
c24e7487-7f44-4a8a-bc41-210d808c392c,askacademia_train,losing_paraphrase_llama,no,no
f721d063-7c18-4eb6-a981-59de7f767fa4,askacademia_train,winning_text,no,no
c24e7487-7f44-4a8a-bc41-210d808c392c,askacademia_train,losing_paraphrase_qwen,no,no
f721d063-7c18-4eb6-a981-59de7f767fa4,askacademia_train,losing_generate_gemini,no,no
f721d063-7c18-4eb6-a981-59de7f767fa4,askacademia_train,losing_generate_claude,no,no
f721d063-7c18-4eb6-a981-59de7f767fa4,askacademia_train,losing_text,no,no
f721d063-7c18-4eb6-a981-59de7f767fa4,askacademia_train,losing_generate_gpt4omini,no,no
f721d063-7c18-4eb6-a981-59de7f767fa4,askacademia_train,losing_generate_mistral,no,no
f721d063-7c18-4eb6-a981-59de7f767fa4,askacademia_train,losing_generate_qwen,no,no
f721d063-7c18-4eb6-a981-59de7f767fa4,askacademia_train,losing_generate_gpt5nano,no,no
f721d063-7c18-4eb6-a981-59de7f767fa4,askacademia_train,losing_generate_llama,no,no
f721d063-7c18-4eb6-a981-59de7f767fa4,askacademia_train,losing_improve_gemini,no,no
f721d063-7c18-4eb6-a981-59de7f767fa4,askacademia_train,losing_improve_claude,no,no
f721d063-7c18-4eb6-a981-59de7f767fa4,askacademia_train,losing_improve_gpt4omini,no,no
f721d063-7c18-4eb6-a981-59de7f767fa4,askacademia_train,losing_improve_gpt5nano,no,no
f721d063-7c18-4eb6-a981-59de7f767fa4,askacademia_train,losing_improve_llama,no,no
f721d063-7c18-4eb6-a981-59de7f767fa4,askacademia_train,losing_paraphrase_claude,no,no
f721d063-7c18-4eb6-a981-59de7f767fa4,askacademia_train,losing_improve_qwen,no,no
f721d063-7c18-4eb6-a981-59de7f767fa4,askacademia_train,losing_improve_mistral,no,no
f721d063-7c18-4eb6-a981-59de7f767fa4,askacademia_train,losing_paraphrase_gpt4omini,no,no
f721d063-7c18-4eb6-a981-59de7f767fa4,askacademia_train,losing_paraphrase_gemini,no,no
f721d063-7c18-4eb6-a981-59de7f767fa4,askacademia_train,losing_paraphrase_gpt5nano,no,no
f721d063-7c18-4eb6-a981-59de7f767fa4,askacademia_train,losing_paraphrase_llama,no,no
f721d063-7c18-4eb6-a981-59de7f767fa4,askacademia_train,losing_paraphrase_mistral,no,no
f721d063-7c18-4eb6-a981-59de7f767fa4,askacademia_train,losing_paraphrase_qwen,no,no
38d93014-e229-4c14-9edc-056cf09e95f0,askacademia_train,winning_text,no,no
38d93014-e229-4c14-9edc-056cf09e95f0,askacademia_train,losing_text,no,no
38d93014-e229-4c14-9edc-056cf09e95f0,askacademia_train,losing_generate_gpt4omini,no,no
38d93014-e229-4c14-9edc-056cf09e95f0,askacademia_train,losing_generate_claude,no,no
38d93014-e229-4c14-9edc-056cf09e95f0,askacademia_train,losing_generate_gemini,no,no
38d93014-e229-4c14-9edc-056cf09e95f0,askacademia_train,losing_generate_gpt5nano,no,no
38d93014-e229-4c14-9edc-056cf09e95f0,askacademia_train,losing_generate_llama,no,no
38d93014-e229-4c14-9edc-056cf09e95f0,askacademia_train,losing_generate_qwen,no,no
38d93014-e229-4c14-9edc-056cf09e95f0,askacademia_train,losing_generate_mistral,no,no
38d93014-e229-4c14-9edc-056cf09e95f0,askacademia_train,losing_improve_claude,no,no
38d93014-e229-4c14-9edc-056cf09e95f0,askacademia_train,losing_improve_gemini,no,no
38d93014-e229-4c14-9edc-056cf09e95f0,askacademia_train,losing_improve_gpt5nano,no,no
38d93014-e229-4c14-9edc-056cf09e95f0,askacademia_train,losing_improve_gpt4omini,no,no
38d93014-e229-4c14-9edc-056cf09e95f0,askacademia_train,losing_improve_llama,no,no
38d93014-e229-4c14-9edc-056cf09e95f0,askacademia_train,losing_improve_qwen,no,no
38d93014-e229-4c14-9edc-056cf09e95f0,askacademia_train,losing_paraphrase_claude,no,no
38d93014-e229-4c14-9edc-056cf09e95f0,askacademia_train,losing_improve_mistral,no,no
38d93014-e229-4c14-9edc-056cf09e95f0,askacademia_train,losing_paraphrase_gemini,no,no
38d93014-e229-4c14-9edc-056cf09e95f0,askacademia_train,losing_paraphrase_gpt4omini,no,no
38d93014-e229-4c14-9edc-056cf09e95f0,askacademia_train,losing_paraphrase_mistral,no,no
38d93014-e229-4c14-9edc-056cf09e95f0,askacademia_train,losing_paraphrase_gpt5nano,no,no
38d93014-e229-4c14-9edc-056cf09e95f0,askacademia_train,losing_paraphrase_llama,no,no
2be706a7-38bb-4aec-b812-cd4d4fb9505d,askacademia_train,losing_text,no,no
38d93014-e229-4c14-9edc-056cf09e95f0,askacademia_train,losing_paraphrase_qwen,no,no
2be706a7-38bb-4aec-b812-cd4d4fb9505d,askacademia_train,winning_text,no,no
2be706a7-38bb-4aec-b812-cd4d4fb9505d,askacademia_train,losing_generate_claude,no,no
2be706a7-38bb-4aec-b812-cd4d4fb9505d,askacademia_train,losing_generate_gemini,no,no
2be706a7-38bb-4aec-b812-cd4d4fb9505d,askacademia_train,losing_generate_gpt5nano,no,no
2be706a7-38bb-4aec-b812-cd4d4fb9505d,askacademia_train,losing_generate_gpt4omini,no,no
2be706a7-38bb-4aec-b812-cd4d4fb9505d,askacademia_train,losing_generate_llama,no,no
2be706a7-38bb-4aec-b812-cd4d4fb9505d,askacademia_train,losing_generate_mistral,no,no
2be706a7-38bb-4aec-b812-cd4d4fb9505d,askacademia_train,losing_improve_claude,no,no
2be706a7-38bb-4aec-b812-cd4d4fb9505d,askacademia_train,losing_generate_qwen,no,no
2be706a7-38bb-4aec-b812-cd4d4fb9505d,askacademia_train,losing_improve_gpt4omini,no,no
2be706a7-38bb-4aec-b812-cd4d4fb9505d,askacademia_train,losing_improve_gemini,no,no
2be706a7-38bb-4aec-b812-cd4d4fb9505d,askacademia_train,losing_improve_gpt5nano,no,no
2be706a7-38bb-4aec-b812-cd4d4fb9505d,askacademia_train,losing_improve_mistral,no,no
2be706a7-38bb-4aec-b812-cd4d4fb9505d,askacademia_train,losing_improve_llama,no,no
2be706a7-38bb-4aec-b812-cd4d4fb9505d,askacademia_train,losing_paraphrase_claude,no,no
2be706a7-38bb-4aec-b812-cd4d4fb9505d,askacademia_train,losing_improve_qwen,no,no
2be706a7-38bb-4aec-b812-cd4d4fb9505d,askacademia_train,losing_paraphrase_gemini,no,no
2be706a7-38bb-4aec-b812-cd4d4fb9505d,askacademia_train,losing_paraphrase_gpt5nano,no,no
2be706a7-38bb-4aec-b812-cd4d4fb9505d,askacademia_train,losing_paraphrase_gpt4omini,no,no
2be706a7-38bb-4aec-b812-cd4d4fb9505d,askacademia_train,losing_paraphrase_mistral,no,no
2be706a7-38bb-4aec-b812-cd4d4fb9505d,askacademia_train,losing_paraphrase_llama,no,no
2be706a7-38bb-4aec-b812-cd4d4fb9505d,askacademia_train,losing_paraphrase_qwen,no,no
3d6311a8-315a-4664-8e4c-53f6273958dd,askacademia_train,losing_text,no,no
3d6311a8-315a-4664-8e4c-53f6273958dd,askacademia_train,losing_generate_claude,no,no
3d6311a8-315a-4664-8e4c-53f6273958dd,askacademia_train,winning_text,no,no
3d6311a8-315a-4664-8e4c-53f6273958dd,askacademia_train,losing_generate_gemini,no,no
3d6311a8-315a-4664-8e4c-53f6273958dd,askacademia_train,losing_generate_gpt4omini,no,no
3d6311a8-315a-4664-8e4c-53f6273958dd,askacademia_train,losing_generate_gpt5nano,no,no
3d6311a8-315a-4664-8e4c-53f6273958dd,askacademia_train,losing_generate_llama,no,no
3d6311a8-315a-4664-8e4c-53f6273958dd,askacademia_train,losing_generate_mistral,no,no
3d6311a8-315a-4664-8e4c-53f6273958dd,askacademia_train,losing_improve_claude,no,no
3d6311a8-315a-4664-8e4c-53f6273958dd,askacademia_train,losing_generate_qwen,no,no
3d6311a8-315a-4664-8e4c-53f6273958dd,askacademia_train,losing_improve_gemini,no,no
3d6311a8-315a-4664-8e4c-53f6273958dd,askacademia_train,losing_improve_gpt5nano,no,no
3d6311a8-315a-4664-8e4c-53f6273958dd,askacademia_train,losing_improve_gpt4omini,no,no
3d6311a8-315a-4664-8e4c-53f6273958dd,askacademia_train,losing_improve_llama,no,no
3d6311a8-315a-4664-8e4c-53f6273958dd,askacademia_train,losing_improve_mistral,no,no
3d6311a8-315a-4664-8e4c-53f6273958dd,askacademia_train,losing_improve_qwen,no,no
3d6311a8-315a-4664-8e4c-53f6273958dd,askacademia_train,losing_paraphrase_gpt4omini,no,no
3d6311a8-315a-4664-8e4c-53f6273958dd,askacademia_train,losing_paraphrase_gemini,no,no
3d6311a8-315a-4664-8e4c-53f6273958dd,askacademia_train,losing_paraphrase_claude,no,no
3d6311a8-315a-4664-8e4c-53f6273958dd,askacademia_train,losing_paraphrase_gpt5nano,no,no
3d6311a8-315a-4664-8e4c-53f6273958dd,askacademia_train,losing_paraphrase_llama,no,no
3d6311a8-315a-4664-8e4c-53f6273958dd,askacademia_train,losing_paraphrase_mistral,no,no
3d6311a8-315a-4664-8e4c-53f6273958dd,askacademia_train,losing_paraphrase_qwen,no,no
8d15762d-2586-450d-91d3-b2623a6f8f45,askacademia_train,losing_generate_claude,no,no
8d15762d-2586-450d-91d3-b2623a6f8f45,askacademia_train,winning_text,no,no
8d15762d-2586-450d-91d3-b2623a6f8f45,askacademia_train,losing_generate_gemini,no,no
8d15762d-2586-450d-91d3-b2623a6f8f45,askacademia_train,losing_text,no,no
8d15762d-2586-450d-91d3-b2623a6f8f45,askacademia_train,losing_generate_gpt5nano,no,no
8d15762d-2586-450d-91d3-b2623a6f8f45,askacademia_train,losing_generate_llama,no,no
8d15762d-2586-450d-91d3-b2623a6f8f45,askacademia_train,losing_generate_mistral,no,no
8d15762d-2586-450d-91d3-b2623a6f8f45,askacademia_train,losing_generate_gpt4omini,no,no
8d15762d-2586-450d-91d3-b2623a6f8f45,askacademia_train,losing_improve_gpt4omini,no,no
8d15762d-2586-450d-91d3-b2623a6f8f45,askacademia_train,losing_generate_qwen,no,no
8d15762d-2586-450d-91d3-b2623a6f8f45,askacademia_train,losing_improve_gemini,no,no
8d15762d-2586-450d-91d3-b2623a6f8f45,askacademia_train,losing_improve_claude,no,no
8d15762d-2586-450d-91d3-b2623a6f8f45,askacademia_train,losing_improve_gpt5nano,no,no
8d15762d-2586-450d-91d3-b2623a6f8f45,askacademia_train,losing_improve_llama,no,no
8d15762d-2586-450d-91d3-b2623a6f8f45,askacademia_train,losing_improve_mistral,no,no
8d15762d-2586-450d-91d3-b2623a6f8f45,askacademia_train,losing_improve_qwen,no,no
8d15762d-2586-450d-91d3-b2623a6f8f45,askacademia_train,losing_paraphrase_gpt5nano,no,no
8d15762d-2586-450d-91d3-b2623a6f8f45,askacademia_train,losing_paraphrase_gpt4omini,no,no
8d15762d-2586-450d-91d3-b2623a6f8f45,askacademia_train,losing_paraphrase_gemini,no,no
8d15762d-2586-450d-91d3-b2623a6f8f45,askacademia_train,losing_paraphrase_claude,no,no
8d15762d-2586-450d-91d3-b2623a6f8f45,askacademia_train,losing_paraphrase_llama,no,no
8d15762d-2586-450d-91d3-b2623a6f8f45,askacademia_train,losing_paraphrase_mistral,no,no
8d15762d-2586-450d-91d3-b2623a6f8f45,askacademia_train,losing_paraphrase_qwen,no,no
ceb191eb-bd55-41ff-bf24-a9bb7b77cb13,askacademia_train,winning_text,no,no
ceb191eb-bd55-41ff-bf24-a9bb7b77cb13,askacademia_train,losing_generate_gpt4omini,no,no
ceb191eb-bd55-41ff-bf24-a9bb7b77cb13,askacademia_train,losing_text,no,no
ceb191eb-bd55-41ff-bf24-a9bb7b77cb13,askacademia_train,losing_generate_claude,no,no
ceb191eb-bd55-41ff-bf24-a9bb7b77cb13,askacademia_train,losing_generate_gemini,no,no
ceb191eb-bd55-41ff-bf24-a9bb7b77cb13,askacademia_train,losing_generate_gpt5nano,no,no
ceb191eb-bd55-41ff-bf24-a9bb7b77cb13,askacademia_train,losing_generate_mistral,no,no
ceb191eb-bd55-41ff-bf24-a9bb7b77cb13,askacademia_train,losing_improve_gpt5nano,no,no
ceb191eb-bd55-41ff-bf24-a9bb7b77cb13,askacademia_train,losing_generate_qwen,no,no
ceb191eb-bd55-41ff-bf24-a9bb7b77cb13,askacademia_train,losing_improve_gpt4omini,no,no
ceb191eb-bd55-41ff-bf24-a9bb7b77cb13,askacademia_train,losing_improve_gemini,no,no
ceb191eb-bd55-41ff-bf24-a9bb7b77cb13,askacademia_train,losing_improve_llama,no,no
ceb191eb-bd55-41ff-bf24-a9bb7b77cb13,askacademia_train,losing_generate_llama,no,no
ceb191eb-bd55-41ff-bf24-a9bb7b77cb13,askacademia_train,losing_improve_claude,no,no
ceb191eb-bd55-41ff-bf24-a9bb7b77cb13,askacademia_train,losing_improve_mistral,no,no
ceb191eb-bd55-41ff-bf24-a9bb7b77cb13,askacademia_train,losing_paraphrase_claude,no,no
ceb191eb-bd55-41ff-bf24-a9bb7b77cb13,askacademia_train,losing_paraphrase_gpt4omini,no,no
ceb191eb-bd55-41ff-bf24-a9bb7b77cb13,askacademia_train,losing_paraphrase_gemini,no,no
ceb191eb-bd55-41ff-bf24-a9bb7b77cb13,askacademia_train,losing_improve_qwen,no,no
ceb191eb-bd55-41ff-bf24-a9bb7b77cb13,askacademia_train,losing_paraphrase_gpt5nano,no,no
ceb191eb-bd55-41ff-bf24-a9bb7b77cb13,askacademia_train,losing_paraphrase_llama,no,no
ceb191eb-bd55-41ff-bf24-a9bb7b77cb13,askacademia_train,losing_paraphrase_mistral,no,no
ceb191eb-bd55-41ff-bf24-a9bb7b77cb13,askacademia_train,losing_paraphrase_qwen,no,no
da44bbbb-f45a-47e7-b669-0a181c45e33a,askacademia_train,winning_text,no,no
da44bbbb-f45a-47e7-b669-0a181c45e33a,askacademia_train,losing_generate_gemini,no,no
da44bbbb-f45a-47e7-b669-0a181c45e33a,askacademia_train,losing_text,no,no
da44bbbb-f45a-47e7-b669-0a181c45e33a,askacademia_train,losing_generate_claude,no,no
da44bbbb-f45a-47e7-b669-0a181c45e33a,askacademia_train,losing_generate_llama,no,no
da44bbbb-f45a-47e7-b669-0a181c45e33a,askacademia_train,losing_generate_gpt5nano,no,no
da44bbbb-f45a-47e7-b669-0a181c45e33a,askacademia_train,losing_generate_mistral,no,no
da44bbbb-f45a-47e7-b669-0a181c45e33a,askacademia_train,losing_generate_gpt4omini,no,no
da44bbbb-f45a-47e7-b669-0a181c45e33a,askacademia_train,losing_improve_gpt4omini,no,no
da44bbbb-f45a-47e7-b669-0a181c45e33a,askacademia_train,losing_improve_claude,no,no
da44bbbb-f45a-47e7-b669-0a181c45e33a,askacademia_train,losing_improve_gemini,no,no
da44bbbb-f45a-47e7-b669-0a181c45e33a,askacademia_train,losing_generate_qwen,no,no
da44bbbb-f45a-47e7-b669-0a181c45e33a,askacademia_train,losing_improve_gpt5nano,no,no
da44bbbb-f45a-47e7-b669-0a181c45e33a,askacademia_train,losing_improve_llama,no,no
da44bbbb-f45a-47e7-b669-0a181c45e33a,askacademia_train,losing_improve_mistral,no,no
da44bbbb-f45a-47e7-b669-0a181c45e33a,askacademia_train,losing_improve_qwen,no,no
da44bbbb-f45a-47e7-b669-0a181c45e33a,askacademia_train,losing_paraphrase_gpt4omini,no,no
da44bbbb-f45a-47e7-b669-0a181c45e33a,askacademia_train,losing_paraphrase_claude,no,no
da44bbbb-f45a-47e7-b669-0a181c45e33a,askacademia_train,losing_paraphrase_gpt5nano,no,no
da44bbbb-f45a-47e7-b669-0a181c45e33a,askacademia_train,losing_paraphrase_gemini,no,no
da44bbbb-f45a-47e7-b669-0a181c45e33a,askacademia_train,losing_paraphrase_mistral,no,no
da44bbbb-f45a-47e7-b669-0a181c45e33a,askacademia_train,losing_paraphrase_llama,no,no
da44bbbb-f45a-47e7-b669-0a181c45e33a,askacademia_train,losing_paraphrase_qwen,no,no
f76f5ddb-e2d1-4b72-8972-151102a49741,askacademia_train,winning_text,no,no
f76f5ddb-e2d1-4b72-8972-151102a49741,askacademia_train,losing_generate_claude,no,no
f76f5ddb-e2d1-4b72-8972-151102a49741,askacademia_train,losing_generate_gpt4omini,no,no
f76f5ddb-e2d1-4b72-8972-151102a49741,askacademia_train,losing_text,no,no
f76f5ddb-e2d1-4b72-8972-151102a49741,askacademia_train,losing_generate_gpt5nano,no,no
f76f5ddb-e2d1-4b72-8972-151102a49741,askacademia_train,losing_generate_llama,no,no
f76f5ddb-e2d1-4b72-8972-151102a49741,askacademia_train,losing_generate_gemini,no,no
f76f5ddb-e2d1-4b72-8972-151102a49741,askacademia_train,losing_generate_mistral,no,no
f76f5ddb-e2d1-4b72-8972-151102a49741,askacademia_train,losing_generate_qwen,no,no
f76f5ddb-e2d1-4b72-8972-151102a49741,askacademia_train,losing_improve_gemini,no,no
f76f5ddb-e2d1-4b72-8972-151102a49741,askacademia_train,losing_improve_claude,no,no
f76f5ddb-e2d1-4b72-8972-151102a49741,askacademia_train,losing_improve_gpt4omini,no,no
f76f5ddb-e2d1-4b72-8972-151102a49741,askacademia_train,losing_improve_llama,no,no
f76f5ddb-e2d1-4b72-8972-151102a49741,askacademia_train,losing_improve_mistral,no,no
f76f5ddb-e2d1-4b72-8972-151102a49741,askacademia_train,losing_improve_gpt5nano,no,no
f76f5ddb-e2d1-4b72-8972-151102a49741,askacademia_train,losing_paraphrase_claude,no,no
f76f5ddb-e2d1-4b72-8972-151102a49741,askacademia_train,losing_improve_qwen,no,no
f76f5ddb-e2d1-4b72-8972-151102a49741,askacademia_train,losing_paraphrase_gemini,no,no
f76f5ddb-e2d1-4b72-8972-151102a49741,askacademia_train,losing_paraphrase_gpt4omini,no,no
f76f5ddb-e2d1-4b72-8972-151102a49741,askacademia_train,losing_paraphrase_gpt5nano,no,no
f76f5ddb-e2d1-4b72-8972-151102a49741,askacademia_train,losing_paraphrase_llama,no,no
f76f5ddb-e2d1-4b72-8972-151102a49741,askacademia_train,losing_paraphrase_qwen,no,no
f76f5ddb-e2d1-4b72-8972-151102a49741,askacademia_train,losing_paraphrase_mistral,no,no
89a700ea-d03a-464d-bcf4-8d11974bbe1d,askacademia_train,winning_text,no,no
89a700ea-d03a-464d-bcf4-8d11974bbe1d,askacademia_train,losing_text,no,no
89a700ea-d03a-464d-bcf4-8d11974bbe1d,askacademia_train,losing_generate_gemini,no,no
89a700ea-d03a-464d-bcf4-8d11974bbe1d,askacademia_train,losing_generate_claude,no,no
89a700ea-d03a-464d-bcf4-8d11974bbe1d,askacademia_train,losing_generate_gpt4omini,no,no
89a700ea-d03a-464d-bcf4-8d11974bbe1d,askacademia_train,losing_generate_llama,no,no
89a700ea-d03a-464d-bcf4-8d11974bbe1d,askacademia_train,losing_generate_mistral,no,no
89a700ea-d03a-464d-bcf4-8d11974bbe1d,askacademia_train,losing_generate_gpt5nano,no,no
89a700ea-d03a-464d-bcf4-8d11974bbe1d,askacademia_train,losing_generate_qwen,no,no
89a700ea-d03a-464d-bcf4-8d11974bbe1d,askacademia_train,losing_improve_gemini,no,no
89a700ea-d03a-464d-bcf4-8d11974bbe1d,askacademia_train,losing_improve_gpt4omini,no,no
89a700ea-d03a-464d-bcf4-8d11974bbe1d,askacademia_train,losing_improve_claude,no,no
89a700ea-d03a-464d-bcf4-8d11974bbe1d,askacademia_train,losing_improve_gpt5nano,no,no
89a700ea-d03a-464d-bcf4-8d11974bbe1d,askacademia_train,losing_improve_qwen,no,no
89a700ea-d03a-464d-bcf4-8d11974bbe1d,askacademia_train,losing_improve_llama,no,no
89a700ea-d03a-464d-bcf4-8d11974bbe1d,askacademia_train,losing_improve_mistral,no,no
89a700ea-d03a-464d-bcf4-8d11974bbe1d,askacademia_train,losing_paraphrase_claude,no,no
89a700ea-d03a-464d-bcf4-8d11974bbe1d,askacademia_train,losing_paraphrase_gemini,no,no
89a700ea-d03a-464d-bcf4-8d11974bbe1d,askacademia_train,losing_paraphrase_gpt4omini,no,no
89a700ea-d03a-464d-bcf4-8d11974bbe1d,askacademia_train,losing_paraphrase_gpt5nano,no,no
c5a3dec0-8bfa-43a6-8d7a-0817e02ab038,askacademia_train,winning_text,no,no
89a700ea-d03a-464d-bcf4-8d11974bbe1d,askacademia_train,losing_paraphrase_qwen,no,no
89a700ea-d03a-464d-bcf4-8d11974bbe1d,askacademia_train,losing_paraphrase_llama,no,no
89a700ea-d03a-464d-bcf4-8d11974bbe1d,askacademia_train,losing_paraphrase_mistral,no,no
c5a3dec0-8bfa-43a6-8d7a-0817e02ab038,askacademia_train,losing_text,no,no
c5a3dec0-8bfa-43a6-8d7a-0817e02ab038,askacademia_train,losing_generate_gpt4omini,no,no
c5a3dec0-8bfa-43a6-8d7a-0817e02ab038,askacademia_train,losing_generate_gemini,no,no
c5a3dec0-8bfa-43a6-8d7a-0817e02ab038,askacademia_train,losing_generate_claude,no,no
c5a3dec0-8bfa-43a6-8d7a-0817e02ab038,askacademia_train,losing_generate_mistral,no,no
c5a3dec0-8bfa-43a6-8d7a-0817e02ab038,askacademia_train,losing_generate_gpt5nano,no,no
c5a3dec0-8bfa-43a6-8d7a-0817e02ab038,askacademia_train,losing_generate_qwen,no,no
c5a3dec0-8bfa-43a6-8d7a-0817e02ab038,askacademia_train,losing_generate_llama,no,no
c5a3dec0-8bfa-43a6-8d7a-0817e02ab038,askacademia_train,losing_improve_claude,no,no
c5a3dec0-8bfa-43a6-8d7a-0817e02ab038,askacademia_train,losing_improve_gpt4omini,no,no
c5a3dec0-8bfa-43a6-8d7a-0817e02ab038,askacademia_train,losing_improve_gemini,no,no
c5a3dec0-8bfa-43a6-8d7a-0817e02ab038,askacademia_train,losing_improve_gpt5nano,no,no
c5a3dec0-8bfa-43a6-8d7a-0817e02ab038,askacademia_train,losing_improve_mistral,no,no
c5a3dec0-8bfa-43a6-8d7a-0817e02ab038,askacademia_train,losing_improve_llama,no,no
c5a3dec0-8bfa-43a6-8d7a-0817e02ab038,askacademia_train,losing_improve_qwen,no,no
c5a3dec0-8bfa-43a6-8d7a-0817e02ab038,askacademia_train,losing_paraphrase_claude,no,no
c5a3dec0-8bfa-43a6-8d7a-0817e02ab038,askacademia_train,losing_paraphrase_gemini,no,no
c5a3dec0-8bfa-43a6-8d7a-0817e02ab038,askacademia_train,losing_paraphrase_llama,no,no
c5a3dec0-8bfa-43a6-8d7a-0817e02ab038,askacademia_train,losing_paraphrase_gpt4omini,no,no
c5a3dec0-8bfa-43a6-8d7a-0817e02ab038,askacademia_train,losing_paraphrase_gpt5nano,no,no
f0c89ccf-d31e-479b-be2c-6bc18e13213f,askacademia_train,winning_text,no,no
c5a3dec0-8bfa-43a6-8d7a-0817e02ab038,askacademia_train,losing_paraphrase_mistral,no,no
c5a3dec0-8bfa-43a6-8d7a-0817e02ab038,askacademia_train,losing_paraphrase_qwen,no,no
f0c89ccf-d31e-479b-be2c-6bc18e13213f,askacademia_train,losing_text,no,no
f0c89ccf-d31e-479b-be2c-6bc18e13213f,askacademia_train,losing_generate_claude,no,no
f0c89ccf-d31e-479b-be2c-6bc18e13213f,askacademia_train,losing_generate_gpt5nano,no,no
f0c89ccf-d31e-479b-be2c-6bc18e13213f,askacademia_train,losing_generate_gpt4omini,no,no
f0c89ccf-d31e-479b-be2c-6bc18e13213f,askacademia_train,losing_generate_gemini,no,no
f0c89ccf-d31e-479b-be2c-6bc18e13213f,askacademia_train,losing_generate_mistral,no,no
f0c89ccf-d31e-479b-be2c-6bc18e13213f,askacademia_train,losing_improve_claude,no,no
f0c89ccf-d31e-479b-be2c-6bc18e13213f,askacademia_train,losing_generate_qwen,no,no
f0c89ccf-d31e-479b-be2c-6bc18e13213f,askacademia_train,losing_generate_llama,no,no
f0c89ccf-d31e-479b-be2c-6bc18e13213f,askacademia_train,losing_improve_gemini,no,no
f0c89ccf-d31e-479b-be2c-6bc18e13213f,askacademia_train,losing_improve_llama,no,no
f0c89ccf-d31e-479b-be2c-6bc18e13213f,askacademia_train,losing_improve_gpt5nano,no,no
f0c89ccf-d31e-479b-be2c-6bc18e13213f,askacademia_train,losing_improve_gpt4omini,no,no
f0c89ccf-d31e-479b-be2c-6bc18e13213f,askacademia_train,losing_paraphrase_gemini,no,no
f0c89ccf-d31e-479b-be2c-6bc18e13213f,askacademia_train,losing_improve_mistral,no,no
f0c89ccf-d31e-479b-be2c-6bc18e13213f,askacademia_train,losing_paraphrase_claude,no,no
f0c89ccf-d31e-479b-be2c-6bc18e13213f,askacademia_train,losing_paraphrase_gpt4omini,no,no
f0c89ccf-d31e-479b-be2c-6bc18e13213f,askacademia_train,losing_improve_qwen,no,no
f0c89ccf-d31e-479b-be2c-6bc18e13213f,askacademia_train,losing_paraphrase_gpt5nano,no,no
f0c89ccf-d31e-479b-be2c-6bc18e13213f,askacademia_train,losing_paraphrase_mistral,no,no
f0c89ccf-d31e-479b-be2c-6bc18e13213f,askacademia_train,losing_paraphrase_llama,no,no
cfbd749d-3a68-418b-a7ff-f2e7ba106d7e,askacademia_train,losing_text,no,no
f0c89ccf-d31e-479b-be2c-6bc18e13213f,askacademia_train,losing_paraphrase_qwen,no,no
cfbd749d-3a68-418b-a7ff-f2e7ba106d7e,askacademia_train,winning_text,no,no
cfbd749d-3a68-418b-a7ff-f2e7ba106d7e,askacademia_train,losing_generate_claude,no,no
cfbd749d-3a68-418b-a7ff-f2e7ba106d7e,askacademia_train,losing_generate_gemini,no,no
cfbd749d-3a68-418b-a7ff-f2e7ba106d7e,askacademia_train,losing_generate_llama,no,no
cfbd749d-3a68-418b-a7ff-f2e7ba106d7e,askacademia_train,losing_generate_gpt4omini,no,no
cfbd749d-3a68-418b-a7ff-f2e7ba106d7e,askacademia_train,losing_generate_gpt5nano,no,no
cfbd749d-3a68-418b-a7ff-f2e7ba106d7e,askacademia_train,losing_improve_gpt4omini,no,no
cfbd749d-3a68-418b-a7ff-f2e7ba106d7e,askacademia_train,losing_generate_qwen,no,no
cfbd749d-3a68-418b-a7ff-f2e7ba106d7e,askacademia_train,losing_improve_gemini,no,no
cfbd749d-3a68-418b-a7ff-f2e7ba106d7e,askacademia_train,losing_generate_mistral,no,no
cfbd749d-3a68-418b-a7ff-f2e7ba106d7e,askacademia_train,losing_improve_claude,no,no
cfbd749d-3a68-418b-a7ff-f2e7ba106d7e,askacademia_train,losing_improve_llama,no,no
cfbd749d-3a68-418b-a7ff-f2e7ba106d7e,askacademia_train,losing_improve_gpt5nano,no,no
cfbd749d-3a68-418b-a7ff-f2e7ba106d7e,askacademia_train,losing_improve_mistral,no,no
cfbd749d-3a68-418b-a7ff-f2e7ba106d7e,askacademia_train,losing_paraphrase_gpt5nano,no,no
cfbd749d-3a68-418b-a7ff-f2e7ba106d7e,askacademia_train,losing_paraphrase_claude,no,no
cfbd749d-3a68-418b-a7ff-f2e7ba106d7e,askacademia_train,losing_paraphrase_gemini,no,no
cfbd749d-3a68-418b-a7ff-f2e7ba106d7e,askacademia_train,losing_paraphrase_gpt4omini,no,no
cfbd749d-3a68-418b-a7ff-f2e7ba106d7e,askacademia_train,losing_improve_qwen,no,no
cfbd749d-3a68-418b-a7ff-f2e7ba106d7e,askacademia_train,losing_paraphrase_mistral,no,no
cfbd749d-3a68-418b-a7ff-f2e7ba106d7e,askacademia_train,losing_paraphrase_llama,no,no
cfbd749d-3a68-418b-a7ff-f2e7ba106d7e,askacademia_train,losing_paraphrase_qwen,no,no
e1ef2b69-4b95-4ada-ac0a-493d2427d7c7,askacademia_train,losing_generate_gemini,no,no
e1ef2b69-4b95-4ada-ac0a-493d2427d7c7,askacademia_train,losing_generate_claude,no,no
e1ef2b69-4b95-4ada-ac0a-493d2427d7c7,askacademia_train,losing_generate_gpt4omini,no,no
e1ef2b69-4b95-4ada-ac0a-493d2427d7c7,askacademia_train,losing_text,no,no
e1ef2b69-4b95-4ada-ac0a-493d2427d7c7,askacademia_train,winning_text,no,no
e1ef2b69-4b95-4ada-ac0a-493d2427d7c7,askacademia_train,losing_generate_gpt5nano,no,no
e1ef2b69-4b95-4ada-ac0a-493d2427d7c7,askacademia_train,losing_generate_mistral,no,no
e1ef2b69-4b95-4ada-ac0a-493d2427d7c7,askacademia_train,losing_generate_llama,no,no
e1ef2b69-4b95-4ada-ac0a-493d2427d7c7,askacademia_train,losing_improve_gemini,no,no
e1ef2b69-4b95-4ada-ac0a-493d2427d7c7,askacademia_train,losing_generate_qwen,no,no
e1ef2b69-4b95-4ada-ac0a-493d2427d7c7,askacademia_train,losing_improve_claude,no,no
e1ef2b69-4b95-4ada-ac0a-493d2427d7c7,askacademia_train,losing_improve_gpt4omini,no,no
e1ef2b69-4b95-4ada-ac0a-493d2427d7c7,askacademia_train,losing_improve_gpt5nano,no,no
e1ef2b69-4b95-4ada-ac0a-493d2427d7c7,askacademia_train,losing_improve_qwen,no,no
e1ef2b69-4b95-4ada-ac0a-493d2427d7c7,askacademia_train,losing_improve_llama,no,no
e1ef2b69-4b95-4ada-ac0a-493d2427d7c7,askacademia_train,losing_improve_mistral,no,no
e1ef2b69-4b95-4ada-ac0a-493d2427d7c7,askacademia_train,losing_paraphrase_llama,no,no
e1ef2b69-4b95-4ada-ac0a-493d2427d7c7,askacademia_train,losing_paraphrase_mistral,no,no
9928a2d6-ca8f-4016-84e1-8b52c6fc22ed,askacademia_train,winning_text,no,no
e1ef2b69-4b95-4ada-ac0a-493d2427d7c7,askacademia_train,losing_paraphrase_claude,no,no
e1ef2b69-4b95-4ada-ac0a-493d2427d7c7,askacademia_train,losing_paraphrase_qwen,no,no
e1ef2b69-4b95-4ada-ac0a-493d2427d7c7,askacademia_train,losing_paraphrase_gemini,no,no
e1ef2b69-4b95-4ada-ac0a-493d2427d7c7,askacademia_train,losing_paraphrase_gpt5nano,no,no
e1ef2b69-4b95-4ada-ac0a-493d2427d7c7,askacademia_train,losing_paraphrase_gpt4omini,no,no
9928a2d6-ca8f-4016-84e1-8b52c6fc22ed,askacademia_train,losing_generate_gemini,no,no
9928a2d6-ca8f-4016-84e1-8b52c6fc22ed,askacademia_train,losing_generate_mistral,no,no
9928a2d6-ca8f-4016-84e1-8b52c6fc22ed,askacademia_train,losing_text,no,no
9928a2d6-ca8f-4016-84e1-8b52c6fc22ed,askacademia_train,losing_generate_llama,no,no
9928a2d6-ca8f-4016-84e1-8b52c6fc22ed,askacademia_train,losing_generate_gpt4omini,no,no
9928a2d6-ca8f-4016-84e1-8b52c6fc22ed,askacademia_train,losing_generate_gpt5nano,no,no
9928a2d6-ca8f-4016-84e1-8b52c6fc22ed,askacademia_train,losing_generate_claude,no,no
9928a2d6-ca8f-4016-84e1-8b52c6fc22ed,askacademia_train,losing_generate_qwen,no,no
9928a2d6-ca8f-4016-84e1-8b52c6fc22ed,askacademia_train,losing_improve_llama,no,no
9928a2d6-ca8f-4016-84e1-8b52c6fc22ed,askacademia_train,losing_improve_claude,no,no
9928a2d6-ca8f-4016-84e1-8b52c6fc22ed,askacademia_train,losing_improve_gemini,no,no
9928a2d6-ca8f-4016-84e1-8b52c6fc22ed,askacademia_train,losing_paraphrase_claude,no,no
9928a2d6-ca8f-4016-84e1-8b52c6fc22ed,askacademia_train,losing_improve_gpt4omini,no,no
9928a2d6-ca8f-4016-84e1-8b52c6fc22ed,askacademia_train,losing_improve_mistral,no,no
9928a2d6-ca8f-4016-84e1-8b52c6fc22ed,askacademia_train,losing_improve_qwen,no,no
9928a2d6-ca8f-4016-84e1-8b52c6fc22ed,askacademia_train,losing_improve_gpt5nano,no,no
9928a2d6-ca8f-4016-84e1-8b52c6fc22ed,askacademia_train,losing_paraphrase_gemini,no,no
9928a2d6-ca8f-4016-84e1-8b52c6fc22ed,askacademia_train,losing_paraphrase_mistral,no,no
826f90c4-70e3-4654-8c4f-eb18ba76c704,askacademia_train,winning_text,no,no
826f90c4-70e3-4654-8c4f-eb18ba76c704,askacademia_train,losing_text,no,no
9928a2d6-ca8f-4016-84e1-8b52c6fc22ed,askacademia_train,losing_paraphrase_qwen,no,no
9928a2d6-ca8f-4016-84e1-8b52c6fc22ed,askacademia_train,losing_paraphrase_gpt4omini,no,no
9928a2d6-ca8f-4016-84e1-8b52c6fc22ed,askacademia_train,losing_paraphrase_gpt5nano,no,no
9928a2d6-ca8f-4016-84e1-8b52c6fc22ed,askacademia_train,losing_paraphrase_llama,no,no
826f90c4-70e3-4654-8c4f-eb18ba76c704,askacademia_train,losing_improve_claude,no,no
826f90c4-70e3-4654-8c4f-eb18ba76c704,askacademia_train,losing_generate_qwen,no,no
826f90c4-70e3-4654-8c4f-eb18ba76c704,askacademia_train,losing_generate_llama,no,no
826f90c4-70e3-4654-8c4f-eb18ba76c704,askacademia_train,losing_generate_gpt5nano,no,no
826f90c4-70e3-4654-8c4f-eb18ba76c704,askacademia_train,losing_generate_gemini,no,no
826f90c4-70e3-4654-8c4f-eb18ba76c704,askacademia_train,losing_generate_claude,no,no
826f90c4-70e3-4654-8c4f-eb18ba76c704,askacademia_train,losing_generate_gpt4omini,no,no
826f90c4-70e3-4654-8c4f-eb18ba76c704,askacademia_train,losing_generate_mistral,no,no
826f90c4-70e3-4654-8c4f-eb18ba76c704,askacademia_train,losing_improve_gpt5nano,no,no
826f90c4-70e3-4654-8c4f-eb18ba76c704,askacademia_train,losing_improve_mistral,no,no
826f90c4-70e3-4654-8c4f-eb18ba76c704,askacademia_train,losing_improve_qwen,no,no
826f90c4-70e3-4654-8c4f-eb18ba76c704,askacademia_train,losing_improve_gpt4omini,no,no
826f90c4-70e3-4654-8c4f-eb18ba76c704,askacademia_train,losing_improve_gemini,no,no
826f90c4-70e3-4654-8c4f-eb18ba76c704,askacademia_train,losing_improve_llama,no,no
826f90c4-70e3-4654-8c4f-eb18ba76c704,askacademia_train,losing_paraphrase_claude,no,no
826f90c4-70e3-4654-8c4f-eb18ba76c704,askacademia_train,losing_paraphrase_gemini,no,no
826f90c4-70e3-4654-8c4f-eb18ba76c704,askacademia_train,losing_paraphrase_mistral,no,no
826f90c4-70e3-4654-8c4f-eb18ba76c704,askacademia_train,losing_paraphrase_gpt5nano,no,no
826f90c4-70e3-4654-8c4f-eb18ba76c704,askacademia_train,losing_paraphrase_gpt4omini,no,no
9c0c7402-5534-4fc9-b69a-057bbcaded2c,askacademia_train,winning_text,no,no
826f90c4-70e3-4654-8c4f-eb18ba76c704,askacademia_train,losing_paraphrase_llama,no,no
826f90c4-70e3-4654-8c4f-eb18ba76c704,askacademia_train,losing_paraphrase_qwen,no,no
9c0c7402-5534-4fc9-b69a-057bbcaded2c,askacademia_train,losing_text,no,no
9c0c7402-5534-4fc9-b69a-057bbcaded2c,askacademia_train,losing_generate_claude,no,no
9c0c7402-5534-4fc9-b69a-057bbcaded2c,askacademia_train,losing_generate_mistral,no,no
9c0c7402-5534-4fc9-b69a-057bbcaded2c,askacademia_train,losing_generate_gpt4omini,no,no
9c0c7402-5534-4fc9-b69a-057bbcaded2c,askacademia_train,losing_generate_gemini,no,no
9c0c7402-5534-4fc9-b69a-057bbcaded2c,askacademia_train,losing_improve_claude,no,no
9c0c7402-5534-4fc9-b69a-057bbcaded2c,askacademia_train,losing_generate_llama,no,no
9c0c7402-5534-4fc9-b69a-057bbcaded2c,askacademia_train,losing_generate_qwen,no,no
9c0c7402-5534-4fc9-b69a-057bbcaded2c,askacademia_train,losing_improve_gemini,no,no
9c0c7402-5534-4fc9-b69a-057bbcaded2c,askacademia_train,losing_generate_gpt5nano,no,no
9c0c7402-5534-4fc9-b69a-057bbcaded2c,askacademia_train,losing_improve_gpt5nano,no,no
9c0c7402-5534-4fc9-b69a-057bbcaded2c,askacademia_train,losing_improve_gpt4omini,no,no
9c0c7402-5534-4fc9-b69a-057bbcaded2c,askacademia_train,losing_improve_qwen,no,no
9c0c7402-5534-4fc9-b69a-057bbcaded2c,askacademia_train,losing_improve_llama,no,no
9c0c7402-5534-4fc9-b69a-057bbcaded2c,askacademia_train,losing_improve_mistral,no,no
9c0c7402-5534-4fc9-b69a-057bbcaded2c,askacademia_train,losing_paraphrase_claude,no,no
9c0c7402-5534-4fc9-b69a-057bbcaded2c,askacademia_train,losing_paraphrase_gemini,no,no
9c0c7402-5534-4fc9-b69a-057bbcaded2c,askacademia_train,losing_paraphrase_gpt4omini,no,no
9c0c7402-5534-4fc9-b69a-057bbcaded2c,askacademia_train,losing_paraphrase_mistral,no,no
9c0c7402-5534-4fc9-b69a-057bbcaded2c,askacademia_train,losing_paraphrase_qwen,no,no
739d5d21-b433-4546-bbbb-85e4ee659a41,askacademia_train,winning_text,no,no
9c0c7402-5534-4fc9-b69a-057bbcaded2c,askacademia_train,losing_paraphrase_gpt5nano,no,no
9c0c7402-5534-4fc9-b69a-057bbcaded2c,askacademia_train,losing_paraphrase_llama,no,no
739d5d21-b433-4546-bbbb-85e4ee659a41,askacademia_train,losing_text,no,no
739d5d21-b433-4546-bbbb-85e4ee659a41,askacademia_train,losing_generate_gemini,no,no
739d5d21-b433-4546-bbbb-85e4ee659a41,askacademia_train,losing_generate_claude,no,no
739d5d21-b433-4546-bbbb-85e4ee659a41,askacademia_train,losing_generate_llama,no,no
739d5d21-b433-4546-bbbb-85e4ee659a41,askacademia_train,losing_generate_qwen,no,no
739d5d21-b433-4546-bbbb-85e4ee659a41,askacademia_train,losing_generate_gpt5nano,no,no
739d5d21-b433-4546-bbbb-85e4ee659a41,askacademia_train,losing_improve_claude,no,no
739d5d21-b433-4546-bbbb-85e4ee659a41,askacademia_train,losing_generate_gpt4omini,no,no
739d5d21-b433-4546-bbbb-85e4ee659a41,askacademia_train,losing_generate_mistral,no,no
739d5d21-b433-4546-bbbb-85e4ee659a41,askacademia_train,losing_improve_gpt4omini,no,no
739d5d21-b433-4546-bbbb-85e4ee659a41,askacademia_train,losing_improve_gemini,no,no
739d5d21-b433-4546-bbbb-85e4ee659a41,askacademia_train,losing_paraphrase_gemini,no,no
739d5d21-b433-4546-bbbb-85e4ee659a41,askacademia_train,losing_improve_qwen,no,no
739d5d21-b433-4546-bbbb-85e4ee659a41,askacademia_train,losing_improve_gpt5nano,no,no
739d5d21-b433-4546-bbbb-85e4ee659a41,askacademia_train,losing_improve_llama,no,no
739d5d21-b433-4546-bbbb-85e4ee659a41,askacademia_train,losing_paraphrase_claude,no,no
739d5d21-b433-4546-bbbb-85e4ee659a41,askacademia_train,losing_improve_mistral,no,no
739d5d21-b433-4546-bbbb-85e4ee659a41,askacademia_train,losing_paraphrase_gpt5nano,no,no
739d5d21-b433-4546-bbbb-85e4ee659a41,askacademia_train,losing_paraphrase_gpt4omini,no,no
739d5d21-b433-4546-bbbb-85e4ee659a41,askacademia_train,losing_paraphrase_mistral,no,no
98680199-d60a-4792-93f8-1fcbb8eb59f7,askacademia_train,losing_generate_claude,no,no
739d5d21-b433-4546-bbbb-85e4ee659a41,askacademia_train,losing_paraphrase_qwen,no,no
739d5d21-b433-4546-bbbb-85e4ee659a41,askacademia_train,losing_paraphrase_llama,no,no
98680199-d60a-4792-93f8-1fcbb8eb59f7,askacademia_train,losing_text,no,no
98680199-d60a-4792-93f8-1fcbb8eb59f7,askacademia_train,winning_text,no,no
98680199-d60a-4792-93f8-1fcbb8eb59f7,askacademia_train,losing_generate_gemini,no,no
98680199-d60a-4792-93f8-1fcbb8eb59f7,askacademia_train,losing_generate_gpt4omini,no,no
98680199-d60a-4792-93f8-1fcbb8eb59f7,askacademia_train,losing_generate_gpt5nano,no,no
98680199-d60a-4792-93f8-1fcbb8eb59f7,askacademia_train,losing_generate_llama,no,no
98680199-d60a-4792-93f8-1fcbb8eb59f7,askacademia_train,losing_generate_qwen,no,no
98680199-d60a-4792-93f8-1fcbb8eb59f7,askacademia_train,losing_generate_mistral,no,no
98680199-d60a-4792-93f8-1fcbb8eb59f7,askacademia_train,losing_improve_claude,no,no
98680199-d60a-4792-93f8-1fcbb8eb59f7,askacademia_train,losing_improve_gemini,no,no
98680199-d60a-4792-93f8-1fcbb8eb59f7,askacademia_train,losing_improve_gpt5nano,no,no
98680199-d60a-4792-93f8-1fcbb8eb59f7,askacademia_train,losing_improve_gpt4omini,no,no
98680199-d60a-4792-93f8-1fcbb8eb59f7,askacademia_train,losing_paraphrase_claude,no,no
98680199-d60a-4792-93f8-1fcbb8eb59f7,askacademia_train,losing_improve_qwen,no,no
98680199-d60a-4792-93f8-1fcbb8eb59f7,askacademia_train,losing_paraphrase_gpt4omini,no,no
98680199-d60a-4792-93f8-1fcbb8eb59f7,askacademia_train,losing_paraphrase_gemini,no,no
98680199-d60a-4792-93f8-1fcbb8eb59f7,askacademia_train,losing_improve_llama,no,no
98680199-d60a-4792-93f8-1fcbb8eb59f7,askacademia_train,losing_improve_mistral,no,no
98680199-d60a-4792-93f8-1fcbb8eb59f7,askacademia_train,losing_paraphrase_gpt5nano,no,no
98680199-d60a-4792-93f8-1fcbb8eb59f7,askacademia_train,losing_paraphrase_llama,no,no
476a13a9-c38f-4865-9979-756b62c565e3,askacademia_train,losing_generate_gemini,no,no
476a13a9-c38f-4865-9979-756b62c565e3,askacademia_train,losing_text,no,no
98680199-d60a-4792-93f8-1fcbb8eb59f7,askacademia_train,losing_paraphrase_mistral,no,no
98680199-d60a-4792-93f8-1fcbb8eb59f7,askacademia_train,losing_paraphrase_qwen,no,no
476a13a9-c38f-4865-9979-756b62c565e3,askacademia_train,winning_text,no,no
476a13a9-c38f-4865-9979-756b62c565e3,askacademia_train,losing_generate_claude,no,no
476a13a9-c38f-4865-9979-756b62c565e3,askacademia_train,losing_generate_gpt4omini,no,no
476a13a9-c38f-4865-9979-756b62c565e3,askacademia_train,losing_generate_gpt5nano,no,no
476a13a9-c38f-4865-9979-756b62c565e3,askacademia_train,losing_generate_qwen,no,no
476a13a9-c38f-4865-9979-756b62c565e3,askacademia_train,losing_improve_claude,no,no
476a13a9-c38f-4865-9979-756b62c565e3,askacademia_train,losing_improve_gpt4omini,no,no
476a13a9-c38f-4865-9979-756b62c565e3,askacademia_train,losing_generate_mistral,no,no
476a13a9-c38f-4865-9979-756b62c565e3,askacademia_train,losing_improve_gemini,no,no
476a13a9-c38f-4865-9979-756b62c565e3,askacademia_train,losing_generate_llama,no,no
476a13a9-c38f-4865-9979-756b62c565e3,askacademia_train,losing_improve_gpt5nano,no,no
476a13a9-c38f-4865-9979-756b62c565e3,askacademia_train,losing_improve_llama,no,no
476a13a9-c38f-4865-9979-756b62c565e3,askacademia_train,losing_paraphrase_gemini,no,no
476a13a9-c38f-4865-9979-756b62c565e3,askacademia_train,losing_paraphrase_mistral,no,no
476a13a9-c38f-4865-9979-756b62c565e3,askacademia_train,losing_paraphrase_claude,no,no
476a13a9-c38f-4865-9979-756b62c565e3,askacademia_train,losing_improve_mistral,no,no
476a13a9-c38f-4865-9979-756b62c565e3,askacademia_train,losing_paraphrase_gpt5nano,no,no
476a13a9-c38f-4865-9979-756b62c565e3,askacademia_train,losing_improve_qwen,no,no
476a13a9-c38f-4865-9979-756b62c565e3,askacademia_train,losing_paraphrase_llama,no,no
476a13a9-c38f-4865-9979-756b62c565e3,askacademia_train,losing_paraphrase_gpt4omini,no,no
476a13a9-c38f-4865-9979-756b62c565e3,askacademia_train,losing_paraphrase_qwen,no,no
7f0a423c-dba8-4c45-8dd9-bde39a0630e4,askacademia_train,losing_generate_gpt4omini,no,no
7f0a423c-dba8-4c45-8dd9-bde39a0630e4,askacademia_train,losing_text,no,no
7f0a423c-dba8-4c45-8dd9-bde39a0630e4,askacademia_train,losing_generate_claude,no,no
7f0a423c-dba8-4c45-8dd9-bde39a0630e4,askacademia_train,winning_text,no,no
7f0a423c-dba8-4c45-8dd9-bde39a0630e4,askacademia_train,losing_generate_llama,no,no
7f0a423c-dba8-4c45-8dd9-bde39a0630e4,askacademia_train,losing_generate_gemini,no,no
7f0a423c-dba8-4c45-8dd9-bde39a0630e4,askacademia_train,losing_generate_gpt5nano,no,no
7f0a423c-dba8-4c45-8dd9-bde39a0630e4,askacademia_train,losing_improve_gemini,no,no
7f0a423c-dba8-4c45-8dd9-bde39a0630e4,askacademia_train,losing_improve_gpt5nano,no,no
7f0a423c-dba8-4c45-8dd9-bde39a0630e4,askacademia_train,losing_generate_qwen,no,no
7f0a423c-dba8-4c45-8dd9-bde39a0630e4,askacademia_train,losing_generate_mistral,no,no
7f0a423c-dba8-4c45-8dd9-bde39a0630e4,askacademia_train,losing_improve_gpt4omini,no,no
7f0a423c-dba8-4c45-8dd9-bde39a0630e4,askacademia_train,losing_improve_llama,no,no
7f0a423c-dba8-4c45-8dd9-bde39a0630e4,askacademia_train,losing_improve_claude,no,no
7f0a423c-dba8-4c45-8dd9-bde39a0630e4,askacademia_train,losing_improve_mistral,no,no
7f0a423c-dba8-4c45-8dd9-bde39a0630e4,askacademia_train,losing_paraphrase_gpt5nano,no,no
7f0a423c-dba8-4c45-8dd9-bde39a0630e4,askacademia_train,losing_paraphrase_claude,no,no
7f0a423c-dba8-4c45-8dd9-bde39a0630e4,askacademia_train,losing_paraphrase_llama,no,no
7f0a423c-dba8-4c45-8dd9-bde39a0630e4,askacademia_train,losing_paraphrase_gemini,no,no
7f0a423c-dba8-4c45-8dd9-bde39a0630e4,askacademia_train,losing_paraphrase_mistral,no,no
7f0a423c-dba8-4c45-8dd9-bde39a0630e4,askacademia_train,losing_paraphrase_gpt4omini,no,no
7f0a423c-dba8-4c45-8dd9-bde39a0630e4,askacademia_train,losing_improve_qwen,no,no
7f0a423c-dba8-4c45-8dd9-bde39a0630e4,askacademia_train,losing_paraphrase_qwen,no,no
b804bdaf-c5a5-4faa-b7bd-74f14b4e30d4,askacademia_train,losing_text,no,no
b804bdaf-c5a5-4faa-b7bd-74f14b4e30d4,askacademia_train,losing_generate_claude,no,no
b804bdaf-c5a5-4faa-b7bd-74f14b4e30d4,askacademia_train,losing_generate_gpt5nano,no,no
b804bdaf-c5a5-4faa-b7bd-74f14b4e30d4,askacademia_train,winning_text,no,no
b804bdaf-c5a5-4faa-b7bd-74f14b4e30d4,askacademia_train,losing_generate_gemini,no,no
b804bdaf-c5a5-4faa-b7bd-74f14b4e30d4,askacademia_train,losing_generate_llama,no,no
b804bdaf-c5a5-4faa-b7bd-74f14b4e30d4,askacademia_train,losing_generate_gpt4omini,no,no
b804bdaf-c5a5-4faa-b7bd-74f14b4e30d4,askacademia_train,losing_generate_mistral,no,no
b804bdaf-c5a5-4faa-b7bd-74f14b4e30d4,askacademia_train,losing_generate_qwen,no,no
b804bdaf-c5a5-4faa-b7bd-74f14b4e30d4,askacademia_train,losing_improve_gemini,no,no
b804bdaf-c5a5-4faa-b7bd-74f14b4e30d4,askacademia_train,losing_improve_gpt4omini,no,no
b804bdaf-c5a5-4faa-b7bd-74f14b4e30d4,askacademia_train,losing_improve_gpt5nano,no,no
b804bdaf-c5a5-4faa-b7bd-74f14b4e30d4,askacademia_train,losing_improve_mistral,no,no
b804bdaf-c5a5-4faa-b7bd-74f14b4e30d4,askacademia_train,losing_improve_llama,no,no
b804bdaf-c5a5-4faa-b7bd-74f14b4e30d4,askacademia_train,losing_improve_claude,no,no
b804bdaf-c5a5-4faa-b7bd-74f14b4e30d4,askacademia_train,losing_improve_qwen,no,no
b804bdaf-c5a5-4faa-b7bd-74f14b4e30d4,askacademia_train,losing_paraphrase_qwen,no,no
b804bdaf-c5a5-4faa-b7bd-74f14b4e30d4,askacademia_train,losing_paraphrase_gpt4omini,no,no
b804bdaf-c5a5-4faa-b7bd-74f14b4e30d4,askacademia_train,losing_paraphrase_mistral,no,no
b804bdaf-c5a5-4faa-b7bd-74f14b4e30d4,askacademia_train,losing_paraphrase_gemini,no,no
b804bdaf-c5a5-4faa-b7bd-74f14b4e30d4,askacademia_train,losing_paraphrase_claude,no,no
b804bdaf-c5a5-4faa-b7bd-74f14b4e30d4,askacademia_train,losing_paraphrase_llama,no,no
b804bdaf-c5a5-4faa-b7bd-74f14b4e30d4,askacademia_train,losing_paraphrase_gpt5nano,no,no
36a3c91b-d2de-452c-a3c6-5ac71f8efc8a,askacademia_train,winning_text,no,no
36a3c91b-d2de-452c-a3c6-5ac71f8efc8a,askacademia_train,losing_generate_llama,no,no
36a3c91b-d2de-452c-a3c6-5ac71f8efc8a,askacademia_train,losing_text,no,no
36a3c91b-d2de-452c-a3c6-5ac71f8efc8a,askacademia_train,losing_generate_mistral,no,no
36a3c91b-d2de-452c-a3c6-5ac71f8efc8a,askacademia_train,losing_generate_gemini,no,no
36a3c91b-d2de-452c-a3c6-5ac71f8efc8a,askacademia_train,losing_generate_gpt4omini,no,no
36a3c91b-d2de-452c-a3c6-5ac71f8efc8a,askacademia_train,losing_generate_claude,no,no
36a3c91b-d2de-452c-a3c6-5ac71f8efc8a,askacademia_train,losing_generate_qwen,no,no
36a3c91b-d2de-452c-a3c6-5ac71f8efc8a,askacademia_train,losing_generate_gpt5nano,no,no
36a3c91b-d2de-452c-a3c6-5ac71f8efc8a,askacademia_train,losing_improve_gemini,no,no
36a3c91b-d2de-452c-a3c6-5ac71f8efc8a,askacademia_train,losing_improve_gpt4omini,no,no
36a3c91b-d2de-452c-a3c6-5ac71f8efc8a,askacademia_train,losing_improve_llama,no,no
36a3c91b-d2de-452c-a3c6-5ac71f8efc8a,askacademia_train,losing_improve_gpt5nano,no,no
36a3c91b-d2de-452c-a3c6-5ac71f8efc8a,askacademia_train,losing_improve_mistral,no,no
36a3c91b-d2de-452c-a3c6-5ac71f8efc8a,askacademia_train,losing_improve_claude,no,no
36a3c91b-d2de-452c-a3c6-5ac71f8efc8a,askacademia_train,losing_improve_qwen,no,no
36a3c91b-d2de-452c-a3c6-5ac71f8efc8a,askacademia_train,losing_paraphrase_claude,no,no
36a3c91b-d2de-452c-a3c6-5ac71f8efc8a,askacademia_train,losing_paraphrase_gpt5nano,no,no
36a3c91b-d2de-452c-a3c6-5ac71f8efc8a,askacademia_train,losing_paraphrase_gemini,no,no
36a3c91b-d2de-452c-a3c6-5ac71f8efc8a,askacademia_train,losing_paraphrase_mistral,no,no
36a3c91b-d2de-452c-a3c6-5ac71f8efc8a,askacademia_train,losing_paraphrase_gpt4omini,no,no
36a3c91b-d2de-452c-a3c6-5ac71f8efc8a,askacademia_train,losing_paraphrase_qwen,no,no
36a3c91b-d2de-452c-a3c6-5ac71f8efc8a,askacademia_train,losing_paraphrase_llama,no,no
1d823be5-ceae-4c60-b7fc-2bb418fbeca2,askacademia_train,losing_text,no,no
1d823be5-ceae-4c60-b7fc-2bb418fbeca2,askacademia_train,winning_text,no,no
1d823be5-ceae-4c60-b7fc-2bb418fbeca2,askacademia_train,losing_generate_claude,no,no
1d823be5-ceae-4c60-b7fc-2bb418fbeca2,askacademia_train,losing_generate_llama,no,no
1d823be5-ceae-4c60-b7fc-2bb418fbeca2,askacademia_train,losing_generate_mistral,no,no
1d823be5-ceae-4c60-b7fc-2bb418fbeca2,askacademia_train,losing_generate_gpt4omini,no,no
1d823be5-ceae-4c60-b7fc-2bb418fbeca2,askacademia_train,losing_generate_gpt5nano,no,no
1d823be5-ceae-4c60-b7fc-2bb418fbeca2,askacademia_train,losing_generate_qwen,no,no
1d823be5-ceae-4c60-b7fc-2bb418fbeca2,askacademia_train,losing_generate_gemini,no,no
1d823be5-ceae-4c60-b7fc-2bb418fbeca2,askacademia_train,losing_improve_claude,no,no
1d823be5-ceae-4c60-b7fc-2bb418fbeca2,askacademia_train,losing_improve_llama,no,no
1d823be5-ceae-4c60-b7fc-2bb418fbeca2,askacademia_train,losing_improve_gpt5nano,no,no
1d823be5-ceae-4c60-b7fc-2bb418fbeca2,askacademia_train,losing_improve_mistral,no,no
1d823be5-ceae-4c60-b7fc-2bb418fbeca2,askacademia_train,losing_improve_gemini,no,no
1d823be5-ceae-4c60-b7fc-2bb418fbeca2,askacademia_train,losing_paraphrase_claude,no,no
1d823be5-ceae-4c60-b7fc-2bb418fbeca2,askacademia_train,losing_paraphrase_gemini,no,no
1d823be5-ceae-4c60-b7fc-2bb418fbeca2,askacademia_train,losing_improve_qwen,no,no
1d823be5-ceae-4c60-b7fc-2bb418fbeca2,askacademia_train,losing_improve_gpt4omini,no,no
1d823be5-ceae-4c60-b7fc-2bb418fbeca2,askacademia_train,losing_paraphrase_llama,no,no
1d823be5-ceae-4c60-b7fc-2bb418fbeca2,askacademia_train,losing_paraphrase_gpt5nano,no,no
1d823be5-ceae-4c60-b7fc-2bb418fbeca2,askacademia_train,losing_paraphrase_mistral,no,no
1d823be5-ceae-4c60-b7fc-2bb418fbeca2,askacademia_train,losing_paraphrase_gpt4omini,no,no
1d823be5-ceae-4c60-b7fc-2bb418fbeca2,askacademia_train,losing_paraphrase_qwen,no,no
f849d124-f5a6-4839-90ae-1d4961eecfdf,askacademia_train,winning_text,no,no
f849d124-f5a6-4839-90ae-1d4961eecfdf,askacademia_train,losing_text,no,no
f849d124-f5a6-4839-90ae-1d4961eecfdf,askacademia_train,losing_generate_claude,no,no
f849d124-f5a6-4839-90ae-1d4961eecfdf,askacademia_train,losing_generate_gpt4omini,no,no
f849d124-f5a6-4839-90ae-1d4961eecfdf,askacademia_train,losing_generate_llama,no,no
f849d124-f5a6-4839-90ae-1d4961eecfdf,askacademia_train,losing_generate_gemini,no,no
f849d124-f5a6-4839-90ae-1d4961eecfdf,askacademia_train,losing_generate_gpt5nano,no,no
f849d124-f5a6-4839-90ae-1d4961eecfdf,askacademia_train,losing_improve_claude,no,no
f849d124-f5a6-4839-90ae-1d4961eecfdf,askacademia_train,losing_generate_mistral,no,no
f849d124-f5a6-4839-90ae-1d4961eecfdf,askacademia_train,losing_generate_qwen,no,no
f849d124-f5a6-4839-90ae-1d4961eecfdf,askacademia_train,losing_improve_gemini,no,no
f849d124-f5a6-4839-90ae-1d4961eecfdf,askacademia_train,losing_improve_gpt4omini,no,no
f849d124-f5a6-4839-90ae-1d4961eecfdf,askacademia_train,losing_improve_llama,no,no
f849d124-f5a6-4839-90ae-1d4961eecfdf,askacademia_train,losing_improve_gpt5nano,no,no
f849d124-f5a6-4839-90ae-1d4961eecfdf,askacademia_train,losing_improve_mistral,no,no
f849d124-f5a6-4839-90ae-1d4961eecfdf,askacademia_train,losing_paraphrase_gemini,no,no
f849d124-f5a6-4839-90ae-1d4961eecfdf,askacademia_train,losing_paraphrase_claude,no,no
f849d124-f5a6-4839-90ae-1d4961eecfdf,askacademia_train,losing_improve_qwen,no,no
f849d124-f5a6-4839-90ae-1d4961eecfdf,askacademia_train,losing_paraphrase_gpt4omini,no,no
f849d124-f5a6-4839-90ae-1d4961eecfdf,askacademia_train,losing_paraphrase_llama,no,no
f849d124-f5a6-4839-90ae-1d4961eecfdf,askacademia_train,losing_paraphrase_qwen,no,no
f849d124-f5a6-4839-90ae-1d4961eecfdf,askacademia_train,losing_paraphrase_mistral,no,no
f849d124-f5a6-4839-90ae-1d4961eecfdf,askacademia_train,losing_paraphrase_gpt5nano,no,no
d94561e2-1314-4f9f-b36c-d6eaa82eccf7,askacademia_train,losing_generate_claude,no,no
d94561e2-1314-4f9f-b36c-d6eaa82eccf7,askacademia_train,losing_text,no,no
d94561e2-1314-4f9f-b36c-d6eaa82eccf7,askacademia_train,winning_text,no,no
d94561e2-1314-4f9f-b36c-d6eaa82eccf7,askacademia_train,losing_generate_gemini,no,no
d94561e2-1314-4f9f-b36c-d6eaa82eccf7,askacademia_train,losing_generate_llama,no,no
d94561e2-1314-4f9f-b36c-d6eaa82eccf7,askacademia_train,losing_generate_mistral,no,no
d94561e2-1314-4f9f-b36c-d6eaa82eccf7,askacademia_train,losing_generate_gpt4omini,no,no
d94561e2-1314-4f9f-b36c-d6eaa82eccf7,askacademia_train,losing_generate_gpt5nano,no,no
d94561e2-1314-4f9f-b36c-d6eaa82eccf7,askacademia_train,losing_improve_gemini,no,no
d94561e2-1314-4f9f-b36c-d6eaa82eccf7,askacademia_train,losing_improve_claude,no,no
d94561e2-1314-4f9f-b36c-d6eaa82eccf7,askacademia_train,losing_generate_qwen,no,no
d94561e2-1314-4f9f-b36c-d6eaa82eccf7,askacademia_train,losing_improve_gpt4omini,no,no
d94561e2-1314-4f9f-b36c-d6eaa82eccf7,askacademia_train,losing_improve_mistral,no,no
d94561e2-1314-4f9f-b36c-d6eaa82eccf7,askacademia_train,losing_improve_gpt5nano,no,no
d94561e2-1314-4f9f-b36c-d6eaa82eccf7,askacademia_train,losing_improve_qwen,no,no
d94561e2-1314-4f9f-b36c-d6eaa82eccf7,askacademia_train,losing_improve_llama,no,no
d94561e2-1314-4f9f-b36c-d6eaa82eccf7,askacademia_train,losing_paraphrase_claude,no,no
d94561e2-1314-4f9f-b36c-d6eaa82eccf7,askacademia_train,losing_paraphrase_gemini,no,no
d94561e2-1314-4f9f-b36c-d6eaa82eccf7,askacademia_train,losing_paraphrase_gpt5nano,no,no
d94561e2-1314-4f9f-b36c-d6eaa82eccf7,askacademia_train,losing_paraphrase_gpt4omini,no,no
d94561e2-1314-4f9f-b36c-d6eaa82eccf7,askacademia_train,losing_paraphrase_llama,no,no
e6a6cd28-b838-4f67-8a66-59d14ee066da,askacademia_train,winning_text,no,no
d94561e2-1314-4f9f-b36c-d6eaa82eccf7,askacademia_train,losing_paraphrase_mistral,no,no
d94561e2-1314-4f9f-b36c-d6eaa82eccf7,askacademia_train,losing_paraphrase_qwen,no,no
e6a6cd28-b838-4f67-8a66-59d14ee066da,askacademia_train,losing_text,no,no
e6a6cd28-b838-4f67-8a66-59d14ee066da,askacademia_train,losing_generate_gpt4omini,no,no
e6a6cd28-b838-4f67-8a66-59d14ee066da,askacademia_train,losing_generate_gemini,no,no
e6a6cd28-b838-4f67-8a66-59d14ee066da,askacademia_train,losing_generate_claude,no,no
e6a6cd28-b838-4f67-8a66-59d14ee066da,askacademia_train,losing_generate_llama,no,no
e6a6cd28-b838-4f67-8a66-59d14ee066da,askacademia_train,losing_generate_qwen,no,no
e6a6cd28-b838-4f67-8a66-59d14ee066da,askacademia_train,losing_generate_gpt5nano,no,no
e6a6cd28-b838-4f67-8a66-59d14ee066da,askacademia_train,losing_generate_mistral,no,no
e6a6cd28-b838-4f67-8a66-59d14ee066da,askacademia_train,losing_improve_gpt5nano,no,no
e6a6cd28-b838-4f67-8a66-59d14ee066da,askacademia_train,losing_improve_claude,no,no
e6a6cd28-b838-4f67-8a66-59d14ee066da,askacademia_train,losing_improve_gpt4omini,no,no
e6a6cd28-b838-4f67-8a66-59d14ee066da,askacademia_train,losing_improve_gemini,no,no
e6a6cd28-b838-4f67-8a66-59d14ee066da,askacademia_train,losing_improve_llama,no,no
e6a6cd28-b838-4f67-8a66-59d14ee066da,askacademia_train,losing_improve_qwen,no,no
e6a6cd28-b838-4f67-8a66-59d14ee066da,askacademia_train,losing_improve_mistral,no,no
e6a6cd28-b838-4f67-8a66-59d14ee066da,askacademia_train,losing_paraphrase_claude,no,no
e6a6cd28-b838-4f67-8a66-59d14ee066da,askacademia_train,losing_paraphrase_gemini,no,no
e6a6cd28-b838-4f67-8a66-59d14ee066da,askacademia_train,losing_paraphrase_gpt5nano,no,no
e6a6cd28-b838-4f67-8a66-59d14ee066da,askacademia_train,losing_paraphrase_gpt4omini,no,no
e6a6cd28-b838-4f67-8a66-59d14ee066da,askacademia_train,losing_paraphrase_llama,no,no
e6a6cd28-b838-4f67-8a66-59d14ee066da,askacademia_train,losing_paraphrase_qwen,no,no
1872d984-5432-4f1e-b5ba-b024d08a1bc2,askacademia_train,winning_text,no,no
e6a6cd28-b838-4f67-8a66-59d14ee066da,askacademia_train,losing_paraphrase_mistral,no,no
1872d984-5432-4f1e-b5ba-b024d08a1bc2,askacademia_train,losing_generate_gpt4omini,no,no
1872d984-5432-4f1e-b5ba-b024d08a1bc2,askacademia_train,losing_generate_gemini,no,no
1872d984-5432-4f1e-b5ba-b024d08a1bc2,askacademia_train,losing_text,no,no
1872d984-5432-4f1e-b5ba-b024d08a1bc2,askacademia_train,losing_generate_claude,no,no
1872d984-5432-4f1e-b5ba-b024d08a1bc2,askacademia_train,losing_generate_gpt5nano,no,no
1872d984-5432-4f1e-b5ba-b024d08a1bc2,askacademia_train,losing_generate_mistral,no,no
1872d984-5432-4f1e-b5ba-b024d08a1bc2,askacademia_train,losing_generate_qwen,no,no
1872d984-5432-4f1e-b5ba-b024d08a1bc2,askacademia_train,losing_generate_llama,no,no
1872d984-5432-4f1e-b5ba-b024d08a1bc2,askacademia_train,losing_improve_gpt5nano,no,no
1872d984-5432-4f1e-b5ba-b024d08a1bc2,askacademia_train,losing_improve_gpt4omini,no,no
1872d984-5432-4f1e-b5ba-b024d08a1bc2,askacademia_train,losing_improve_gemini,no,no
1872d984-5432-4f1e-b5ba-b024d08a1bc2,askacademia_train,losing_improve_claude,no,no
1872d984-5432-4f1e-b5ba-b024d08a1bc2,askacademia_train,losing_improve_llama,no,no
1872d984-5432-4f1e-b5ba-b024d08a1bc2,askacademia_train,losing_paraphrase_claude,no,no
1872d984-5432-4f1e-b5ba-b024d08a1bc2,askacademia_train,losing_improve_qwen,no,no
1872d984-5432-4f1e-b5ba-b024d08a1bc2,askacademia_train,losing_improve_mistral,no,no
1872d984-5432-4f1e-b5ba-b024d08a1bc2,askacademia_train,losing_paraphrase_gemini,no,no
1872d984-5432-4f1e-b5ba-b024d08a1bc2,askacademia_train,losing_paraphrase_gpt5nano,no,no
1872d984-5432-4f1e-b5ba-b024d08a1bc2,askacademia_train,losing_paraphrase_gpt4omini,no,no
1872d984-5432-4f1e-b5ba-b024d08a1bc2,askacademia_train,losing_paraphrase_llama,no,no
1872d984-5432-4f1e-b5ba-b024d08a1bc2,askacademia_train,losing_paraphrase_mistral,no,no
9afacd51-0226-44cc-a193-1b8f24214ccf,askacademia_train,winning_text,no,no
1872d984-5432-4f1e-b5ba-b024d08a1bc2,askacademia_train,losing_paraphrase_qwen,no,no
9afacd51-0226-44cc-a193-1b8f24214ccf,askacademia_train,losing_text,no,no
9afacd51-0226-44cc-a193-1b8f24214ccf,askacademia_train,losing_generate_llama,no,no
9afacd51-0226-44cc-a193-1b8f24214ccf,askacademia_train,losing_generate_gpt5nano,no,no
9afacd51-0226-44cc-a193-1b8f24214ccf,askacademia_train,losing_generate_claude,no,no
9afacd51-0226-44cc-a193-1b8f24214ccf,askacademia_train,losing_generate_gpt4omini,no,no
9afacd51-0226-44cc-a193-1b8f24214ccf,askacademia_train,losing_generate_gemini,no,no
9afacd51-0226-44cc-a193-1b8f24214ccf,askacademia_train,losing_generate_mistral,no,no
9afacd51-0226-44cc-a193-1b8f24214ccf,askacademia_train,losing_improve_claude,no,no
9afacd51-0226-44cc-a193-1b8f24214ccf,askacademia_train,losing_generate_qwen,no,no
9afacd51-0226-44cc-a193-1b8f24214ccf,askacademia_train,losing_improve_gpt5nano,no,no
9afacd51-0226-44cc-a193-1b8f24214ccf,askacademia_train,losing_improve_gpt4omini,no,no
9afacd51-0226-44cc-a193-1b8f24214ccf,askacademia_train,losing_improve_gemini,no,no
9afacd51-0226-44cc-a193-1b8f24214ccf,askacademia_train,losing_improve_llama,no,no
9afacd51-0226-44cc-a193-1b8f24214ccf,askacademia_train,losing_improve_mistral,no,no
9afacd51-0226-44cc-a193-1b8f24214ccf,askacademia_train,losing_improve_qwen,no,no
9afacd51-0226-44cc-a193-1b8f24214ccf,askacademia_train,losing_paraphrase_gemini,no,no
9afacd51-0226-44cc-a193-1b8f24214ccf,askacademia_train,losing_paraphrase_claude,no,no
9afacd51-0226-44cc-a193-1b8f24214ccf,askacademia_train,losing_paraphrase_mistral,no,no
9afacd51-0226-44cc-a193-1b8f24214ccf,askacademia_train,losing_paraphrase_gpt4omini,no,no
9afacd51-0226-44cc-a193-1b8f24214ccf,askacademia_train,losing_paraphrase_llama,no,no
9afacd51-0226-44cc-a193-1b8f24214ccf,askacademia_train,losing_paraphrase_qwen,no,no
9afacd51-0226-44cc-a193-1b8f24214ccf,askacademia_train,losing_paraphrase_gpt5nano,no,no
fc56af8f-7321-4891-94c9-40ecd1f70263,askacademia_train,winning_text,no,no
fc56af8f-7321-4891-94c9-40ecd1f70263,askacademia_train,losing_text,no,no
fc56af8f-7321-4891-94c9-40ecd1f70263,askacademia_train,losing_generate_claude,no,no
fc56af8f-7321-4891-94c9-40ecd1f70263,askacademia_train,losing_generate_gemini,no,no
fc56af8f-7321-4891-94c9-40ecd1f70263,askacademia_train,losing_generate_gpt4omini,no,no
fc56af8f-7321-4891-94c9-40ecd1f70263,askacademia_train,losing_generate_gpt5nano,no,no
fc56af8f-7321-4891-94c9-40ecd1f70263,askacademia_train,losing_generate_llama,no,no
fc56af8f-7321-4891-94c9-40ecd1f70263,askacademia_train,losing_generate_mistral,no,no
fc56af8f-7321-4891-94c9-40ecd1f70263,askacademia_train,losing_improve_gemini,no,no
fc56af8f-7321-4891-94c9-40ecd1f70263,askacademia_train,losing_improve_claude,no,no
fc56af8f-7321-4891-94c9-40ecd1f70263,askacademia_train,losing_generate_qwen,no,no
fc56af8f-7321-4891-94c9-40ecd1f70263,askacademia_train,losing_improve_mistral,no,no
fc56af8f-7321-4891-94c9-40ecd1f70263,askacademia_train,losing_improve_gpt5nano,no,no
fc56af8f-7321-4891-94c9-40ecd1f70263,askacademia_train,losing_improve_llama,no,no
fc56af8f-7321-4891-94c9-40ecd1f70263,askacademia_train,losing_improve_gpt4omini,no,no
fc56af8f-7321-4891-94c9-40ecd1f70263,askacademia_train,losing_improve_qwen,no,no
fc56af8f-7321-4891-94c9-40ecd1f70263,askacademia_train,losing_paraphrase_gemini,no,no
fc56af8f-7321-4891-94c9-40ecd1f70263,askacademia_train,losing_paraphrase_claude,no,no
fc56af8f-7321-4891-94c9-40ecd1f70263,askacademia_train,losing_paraphrase_gpt4omini,no,no
fc56af8f-7321-4891-94c9-40ecd1f70263,askacademia_train,losing_paraphrase_llama,no,no
fc56af8f-7321-4891-94c9-40ecd1f70263,askacademia_train,losing_paraphrase_gpt5nano,no,no
fc56af8f-7321-4891-94c9-40ecd1f70263,askacademia_train,losing_paraphrase_qwen,no,no
fc56af8f-7321-4891-94c9-40ecd1f70263,askacademia_train,losing_paraphrase_mistral,no,no
431086a1-cd8f-4a1d-93a0-40919cd4b1a5,askacademia_train,winning_text,no,no
431086a1-cd8f-4a1d-93a0-40919cd4b1a5,askacademia_train,losing_generate_claude,no,no
431086a1-cd8f-4a1d-93a0-40919cd4b1a5,askacademia_train,losing_generate_gemini,no,no
431086a1-cd8f-4a1d-93a0-40919cd4b1a5,askacademia_train,losing_text,no,no
431086a1-cd8f-4a1d-93a0-40919cd4b1a5,askacademia_train,losing_generate_gpt4omini,no,no
431086a1-cd8f-4a1d-93a0-40919cd4b1a5,askacademia_train,losing_generate_gpt5nano,no,no
431086a1-cd8f-4a1d-93a0-40919cd4b1a5,askacademia_train,losing_generate_llama,no,no
431086a1-cd8f-4a1d-93a0-40919cd4b1a5,askacademia_train,losing_generate_mistral,no,no
431086a1-cd8f-4a1d-93a0-40919cd4b1a5,askacademia_train,losing_generate_qwen,no,no
431086a1-cd8f-4a1d-93a0-40919cd4b1a5,askacademia_train,losing_improve_gemini,no,no
431086a1-cd8f-4a1d-93a0-40919cd4b1a5,askacademia_train,losing_improve_gpt4omini,no,no
431086a1-cd8f-4a1d-93a0-40919cd4b1a5,askacademia_train,losing_improve_claude,no,no
431086a1-cd8f-4a1d-93a0-40919cd4b1a5,askacademia_train,losing_improve_gpt5nano,no,no
431086a1-cd8f-4a1d-93a0-40919cd4b1a5,askacademia_train,losing_paraphrase_claude,no,no
431086a1-cd8f-4a1d-93a0-40919cd4b1a5,askacademia_train,losing_improve_llama,no,no
431086a1-cd8f-4a1d-93a0-40919cd4b1a5,askacademia_train,losing_improve_mistral,no,no
431086a1-cd8f-4a1d-93a0-40919cd4b1a5,askacademia_train,losing_improve_qwen,no,no
431086a1-cd8f-4a1d-93a0-40919cd4b1a5,askacademia_train,losing_paraphrase_gpt5nano,no,no
431086a1-cd8f-4a1d-93a0-40919cd4b1a5,askacademia_train,losing_paraphrase_gemini,no,no
431086a1-cd8f-4a1d-93a0-40919cd4b1a5,askacademia_train,losing_paraphrase_gpt4omini,no,no
431086a1-cd8f-4a1d-93a0-40919cd4b1a5,askacademia_train,losing_paraphrase_mistral,no,no
431086a1-cd8f-4a1d-93a0-40919cd4b1a5,askacademia_train,losing_paraphrase_qwen,no,no
431086a1-cd8f-4a1d-93a0-40919cd4b1a5,askacademia_train,losing_paraphrase_llama,no,no
a512b18d-c13e-4033-b316-d7d92bd9d0ad,askacademia_train,losing_text,no,no
a512b18d-c13e-4033-b316-d7d92bd9d0ad,askacademia_train,winning_text,no,no
a512b18d-c13e-4033-b316-d7d92bd9d0ad,askacademia_train,losing_generate_claude,no,no
a512b18d-c13e-4033-b316-d7d92bd9d0ad,askacademia_train,losing_generate_gpt4omini,no,no
a512b18d-c13e-4033-b316-d7d92bd9d0ad,askacademia_train,losing_generate_gemini,no,no
a512b18d-c13e-4033-b316-d7d92bd9d0ad,askacademia_train,losing_generate_llama,no,no
a512b18d-c13e-4033-b316-d7d92bd9d0ad,askacademia_train,losing_improve_claude,no,no
a512b18d-c13e-4033-b316-d7d92bd9d0ad,askacademia_train,losing_generate_qwen,no,no
a512b18d-c13e-4033-b316-d7d92bd9d0ad,askacademia_train,losing_generate_mistral,no,no
a512b18d-c13e-4033-b316-d7d92bd9d0ad,askacademia_train,losing_generate_gpt5nano,no,no
a512b18d-c13e-4033-b316-d7d92bd9d0ad,askacademia_train,losing_improve_gemini,no,no
a512b18d-c13e-4033-b316-d7d92bd9d0ad,askacademia_train,losing_improve_gpt5nano,no,no
a512b18d-c13e-4033-b316-d7d92bd9d0ad,askacademia_train,losing_improve_qwen,no,no
a512b18d-c13e-4033-b316-d7d92bd9d0ad,askacademia_train,losing_paraphrase_claude,no,no
a512b18d-c13e-4033-b316-d7d92bd9d0ad,askacademia_train,losing_improve_gpt4omini,no,no
a512b18d-c13e-4033-b316-d7d92bd9d0ad,askacademia_train,losing_improve_mistral,no,no
a512b18d-c13e-4033-b316-d7d92bd9d0ad,askacademia_train,losing_paraphrase_gemini,no,no
a512b18d-c13e-4033-b316-d7d92bd9d0ad,askacademia_train,losing_improve_llama,no,no
a512b18d-c13e-4033-b316-d7d92bd9d0ad,askacademia_train,losing_paraphrase_gpt5nano,no,no
a512b18d-c13e-4033-b316-d7d92bd9d0ad,askacademia_train,losing_paraphrase_gpt4omini,no,no
ef39c5bc-dd81-441e-9171-20cf9c31b74b,askacademia_train,losing_text,no,no
a512b18d-c13e-4033-b316-d7d92bd9d0ad,askacademia_train,losing_paraphrase_mistral,no,no
a512b18d-c13e-4033-b316-d7d92bd9d0ad,askacademia_train,losing_paraphrase_qwen,no,no
ef39c5bc-dd81-441e-9171-20cf9c31b74b,askacademia_train,winning_text,no,no
a512b18d-c13e-4033-b316-d7d92bd9d0ad,askacademia_train,losing_paraphrase_llama,no,no
ef39c5bc-dd81-441e-9171-20cf9c31b74b,askacademia_train,losing_generate_claude,no,no
ef39c5bc-dd81-441e-9171-20cf9c31b74b,askacademia_train,losing_generate_gemini,no,no
ef39c5bc-dd81-441e-9171-20cf9c31b74b,askacademia_train,losing_generate_gpt4omini,no,no
ef39c5bc-dd81-441e-9171-20cf9c31b74b,askacademia_train,losing_generate_qwen,no,no
ef39c5bc-dd81-441e-9171-20cf9c31b74b,askacademia_train,losing_improve_gemini,no,no
ef39c5bc-dd81-441e-9171-20cf9c31b74b,askacademia_train,losing_generate_llama,no,no
ef39c5bc-dd81-441e-9171-20cf9c31b74b,askacademia_train,losing_generate_mistral,no,no
ef39c5bc-dd81-441e-9171-20cf9c31b74b,askacademia_train,losing_generate_gpt5nano,no,no
ef39c5bc-dd81-441e-9171-20cf9c31b74b,askacademia_train,losing_improve_claude,no,no
ef39c5bc-dd81-441e-9171-20cf9c31b74b,askacademia_train,losing_improve_gpt5nano,no,no
ef39c5bc-dd81-441e-9171-20cf9c31b74b,askacademia_train,losing_improve_gpt4omini,no,no
ef39c5bc-dd81-441e-9171-20cf9c31b74b,askacademia_train,losing_improve_llama,no,no
ef39c5bc-dd81-441e-9171-20cf9c31b74b,askacademia_train,losing_paraphrase_gpt4omini,no,no
ef39c5bc-dd81-441e-9171-20cf9c31b74b,askacademia_train,losing_paraphrase_claude,no,no
ef39c5bc-dd81-441e-9171-20cf9c31b74b,askacademia_train,losing_improve_mistral,no,no
ef39c5bc-dd81-441e-9171-20cf9c31b74b,askacademia_train,losing_improve_qwen,no,no
ef39c5bc-dd81-441e-9171-20cf9c31b74b,askacademia_train,losing_paraphrase_gemini,no,no
ef39c5bc-dd81-441e-9171-20cf9c31b74b,askacademia_train,losing_paraphrase_llama,no,no
ef39c5bc-dd81-441e-9171-20cf9c31b74b,askacademia_train,losing_paraphrase_gpt5nano,no,no
ef39c5bc-dd81-441e-9171-20cf9c31b74b,askacademia_train,losing_paraphrase_mistral,no,no
c00349d5-317e-434e-92cc-ec6347b8e31a,askacademia_train,winning_text,no,no
ef39c5bc-dd81-441e-9171-20cf9c31b74b,askacademia_train,losing_paraphrase_qwen,no,no
c00349d5-317e-434e-92cc-ec6347b8e31a,askacademia_train,losing_generate_claude,no,no
c00349d5-317e-434e-92cc-ec6347b8e31a,askacademia_train,losing_text,no,no
c00349d5-317e-434e-92cc-ec6347b8e31a,askacademia_train,losing_generate_gemini,no,no
c00349d5-317e-434e-92cc-ec6347b8e31a,askacademia_train,losing_generate_gpt4omini,no,no
c00349d5-317e-434e-92cc-ec6347b8e31a,askacademia_train,losing_generate_gpt5nano,no,no
c00349d5-317e-434e-92cc-ec6347b8e31a,askacademia_train,losing_generate_qwen,no,no
c00349d5-317e-434e-92cc-ec6347b8e31a,askacademia_train,losing_generate_llama,no,no
c00349d5-317e-434e-92cc-ec6347b8e31a,askacademia_train,losing_generate_mistral,no,no
c00349d5-317e-434e-92cc-ec6347b8e31a,askacademia_train,losing_improve_claude,no,no
c00349d5-317e-434e-92cc-ec6347b8e31a,askacademia_train,losing_improve_gemini,no,no
c00349d5-317e-434e-92cc-ec6347b8e31a,askacademia_train,losing_improve_gpt4omini,no,no
c00349d5-317e-434e-92cc-ec6347b8e31a,askacademia_train,losing_improve_gpt5nano,no,no
c00349d5-317e-434e-92cc-ec6347b8e31a,askacademia_train,losing_improve_llama,no,no
c00349d5-317e-434e-92cc-ec6347b8e31a,askacademia_train,losing_paraphrase_claude,no,no
c00349d5-317e-434e-92cc-ec6347b8e31a,askacademia_train,losing_paraphrase_gemini,no,no
c00349d5-317e-434e-92cc-ec6347b8e31a,askacademia_train,losing_improve_mistral,no,no
c00349d5-317e-434e-92cc-ec6347b8e31a,askacademia_train,losing_paraphrase_gpt4omini,no,no
c00349d5-317e-434e-92cc-ec6347b8e31a,askacademia_train,losing_improve_qwen,no,no
c00349d5-317e-434e-92cc-ec6347b8e31a,askacademia_train,losing_paraphrase_gpt5nano,no,no
c00349d5-317e-434e-92cc-ec6347b8e31a,askacademia_train,losing_paraphrase_mistral,no,no
c00349d5-317e-434e-92cc-ec6347b8e31a,askacademia_train,losing_paraphrase_llama,no,no
c00349d5-317e-434e-92cc-ec6347b8e31a,askacademia_train,losing_paraphrase_qwen,no,no
004036c7-55eb-4199-a086-6cdb5d40af52,askacademia_train,losing_generate_gemini,no,no
004036c7-55eb-4199-a086-6cdb5d40af52,askacademia_train,losing_generate_claude,no,no
004036c7-55eb-4199-a086-6cdb5d40af52,askacademia_train,losing_text,no,no
004036c7-55eb-4199-a086-6cdb5d40af52,askacademia_train,winning_text,no,no
004036c7-55eb-4199-a086-6cdb5d40af52,askacademia_train,losing_generate_gpt4omini,no,no
004036c7-55eb-4199-a086-6cdb5d40af52,askacademia_train,losing_generate_gpt5nano,yes,yes
004036c7-55eb-4199-a086-6cdb5d40af52,askacademia_train,losing_generate_llama,no,no
004036c7-55eb-4199-a086-6cdb5d40af52,askacademia_train,losing_improve_claude,no,no
004036c7-55eb-4199-a086-6cdb5d40af52,askacademia_train,losing_improve_gpt4omini,no,no
004036c7-55eb-4199-a086-6cdb5d40af52,askacademia_train,losing_generate_mistral,no,no
004036c7-55eb-4199-a086-6cdb5d40af52,askacademia_train,losing_generate_qwen,no,no
004036c7-55eb-4199-a086-6cdb5d40af52,askacademia_train,losing_improve_gemini,no,no
004036c7-55eb-4199-a086-6cdb5d40af52,askacademia_train,losing_improve_gpt5nano,no,no
004036c7-55eb-4199-a086-6cdb5d40af52,askacademia_train,losing_improve_mistral,no,no
004036c7-55eb-4199-a086-6cdb5d40af52,askacademia_train,losing_paraphrase_claude,no,no
004036c7-55eb-4199-a086-6cdb5d40af52,askacademia_train,losing_improve_qwen,no,no
004036c7-55eb-4199-a086-6cdb5d40af52,askacademia_train,losing_improve_llama,no,no
004036c7-55eb-4199-a086-6cdb5d40af52,askacademia_train,losing_paraphrase_gpt4omini,no,no
004036c7-55eb-4199-a086-6cdb5d40af52,askacademia_train,losing_paraphrase_llama,no,no
004036c7-55eb-4199-a086-6cdb5d40af52,askacademia_train,losing_paraphrase_gemini,no,no
004036c7-55eb-4199-a086-6cdb5d40af52,askacademia_train,losing_paraphrase_gpt5nano,no,no
004036c7-55eb-4199-a086-6cdb5d40af52,askacademia_train,losing_paraphrase_mistral,no,no
004036c7-55eb-4199-a086-6cdb5d40af52,askacademia_train,losing_paraphrase_qwen,no,no
0daa48a6-7d18-453f-9bd6-9997ad41376d,askacademia_train,winning_text,no,no
0daa48a6-7d18-453f-9bd6-9997ad41376d,askacademia_train,losing_text,no,no
0daa48a6-7d18-453f-9bd6-9997ad41376d,askacademia_train,losing_generate_gemini,no,no
0daa48a6-7d18-453f-9bd6-9997ad41376d,askacademia_train,losing_generate_gpt4omini,no,no
0daa48a6-7d18-453f-9bd6-9997ad41376d,askacademia_train,losing_generate_gpt5nano,yes,yes
0daa48a6-7d18-453f-9bd6-9997ad41376d,askacademia_train,losing_generate_claude,no,no
0daa48a6-7d18-453f-9bd6-9997ad41376d,askacademia_train,losing_generate_llama,no,no
0daa48a6-7d18-453f-9bd6-9997ad41376d,askacademia_train,losing_improve_claude,no,no
0daa48a6-7d18-453f-9bd6-9997ad41376d,askacademia_train,losing_generate_mistral,no,no
0daa48a6-7d18-453f-9bd6-9997ad41376d,askacademia_train,losing_improve_gpt5nano,no,no
0daa48a6-7d18-453f-9bd6-9997ad41376d,askacademia_train,losing_improve_gpt4omini,no,no
0daa48a6-7d18-453f-9bd6-9997ad41376d,askacademia_train,losing_improve_gemini,no,no
0daa48a6-7d18-453f-9bd6-9997ad41376d,askacademia_train,losing_improve_llama,no,no
0daa48a6-7d18-453f-9bd6-9997ad41376d,askacademia_train,losing_generate_qwen,no,no
0daa48a6-7d18-453f-9bd6-9997ad41376d,askacademia_train,losing_improve_mistral,no,no
0daa48a6-7d18-453f-9bd6-9997ad41376d,askacademia_train,losing_improve_qwen,no,no
0daa48a6-7d18-453f-9bd6-9997ad41376d,askacademia_train,losing_paraphrase_claude,no,no
0daa48a6-7d18-453f-9bd6-9997ad41376d,askacademia_train,losing_paraphrase_gemini,no,no
0daa48a6-7d18-453f-9bd6-9997ad41376d,askacademia_train,losing_paraphrase_gpt4omini,no,no
0daa48a6-7d18-453f-9bd6-9997ad41376d,askacademia_train,losing_paraphrase_gpt5nano,no,no
0daa48a6-7d18-453f-9bd6-9997ad41376d,askacademia_train,losing_paraphrase_llama,no,no
0daa48a6-7d18-453f-9bd6-9997ad41376d,askacademia_train,losing_paraphrase_mistral,no,no
0daa48a6-7d18-453f-9bd6-9997ad41376d,askacademia_train,losing_paraphrase_qwen,no,no
94357f35-360d-4bab-a1ab-a9d6bb34113e,askacademia_train,winning_text,no,no
94357f35-360d-4bab-a1ab-a9d6bb34113e,askacademia_train,losing_text,no,no
94357f35-360d-4bab-a1ab-a9d6bb34113e,askacademia_train,losing_generate_gpt4omini,no,no
94357f35-360d-4bab-a1ab-a9d6bb34113e,askacademia_train,losing_generate_claude,no,no
94357f35-360d-4bab-a1ab-a9d6bb34113e,askacademia_train,losing_generate_gemini,no,no
94357f35-360d-4bab-a1ab-a9d6bb34113e,askacademia_train,losing_generate_gpt5nano,no,no
94357f35-360d-4bab-a1ab-a9d6bb34113e,askacademia_train,losing_generate_llama,no,no
94357f35-360d-4bab-a1ab-a9d6bb34113e,askacademia_train,losing_generate_mistral,no,no
94357f35-360d-4bab-a1ab-a9d6bb34113e,askacademia_train,losing_generate_qwen,no,no
94357f35-360d-4bab-a1ab-a9d6bb34113e,askacademia_train,losing_improve_claude,no,no
94357f35-360d-4bab-a1ab-a9d6bb34113e,askacademia_train,losing_improve_gpt4omini,no,no
94357f35-360d-4bab-a1ab-a9d6bb34113e,askacademia_train,losing_improve_gemini,no,no
94357f35-360d-4bab-a1ab-a9d6bb34113e,askacademia_train,losing_improve_gpt5nano,no,no
94357f35-360d-4bab-a1ab-a9d6bb34113e,askacademia_train,losing_improve_mistral,no,no
94357f35-360d-4bab-a1ab-a9d6bb34113e,askacademia_train,losing_improve_llama,no,no
94357f35-360d-4bab-a1ab-a9d6bb34113e,askacademia_train,losing_improve_qwen,no,no
94357f35-360d-4bab-a1ab-a9d6bb34113e,askacademia_train,losing_paraphrase_gemini,no,no
94357f35-360d-4bab-a1ab-a9d6bb34113e,askacademia_train,losing_paraphrase_claude,no,no
94357f35-360d-4bab-a1ab-a9d6bb34113e,askacademia_train,losing_paraphrase_gpt4omini,no,no
94357f35-360d-4bab-a1ab-a9d6bb34113e,askacademia_train,losing_paraphrase_gpt5nano,no,no
94357f35-360d-4bab-a1ab-a9d6bb34113e,askacademia_train,losing_paraphrase_llama,no,no
94357f35-360d-4bab-a1ab-a9d6bb34113e,askacademia_train,losing_paraphrase_mistral,no,no
94357f35-360d-4bab-a1ab-a9d6bb34113e,askacademia_train,losing_paraphrase_qwen,no,no
b4612eb0-1772-4632-bfb5-cd44f8dbbfa3,askacademia_train,winning_text,no,no
b4612eb0-1772-4632-bfb5-cd44f8dbbfa3,askacademia_train,losing_text,no,no
b4612eb0-1772-4632-bfb5-cd44f8dbbfa3,askacademia_train,losing_generate_gpt5nano,no,no
b4612eb0-1772-4632-bfb5-cd44f8dbbfa3,askacademia_train,losing_generate_gpt4omini,no,no
b4612eb0-1772-4632-bfb5-cd44f8dbbfa3,askacademia_train,losing_generate_gemini,no,no
b4612eb0-1772-4632-bfb5-cd44f8dbbfa3,askacademia_train,losing_generate_llama,no,no
b4612eb0-1772-4632-bfb5-cd44f8dbbfa3,askacademia_train,losing_generate_mistral,no,no
b4612eb0-1772-4632-bfb5-cd44f8dbbfa3,askacademia_train,losing_generate_claude,no,no
b4612eb0-1772-4632-bfb5-cd44f8dbbfa3,askacademia_train,losing_generate_qwen,no,no
b4612eb0-1772-4632-bfb5-cd44f8dbbfa3,askacademia_train,losing_improve_claude,no,no
b4612eb0-1772-4632-bfb5-cd44f8dbbfa3,askacademia_train,losing_improve_gemini,no,no
b4612eb0-1772-4632-bfb5-cd44f8dbbfa3,askacademia_train,losing_improve_gpt4omini,no,no
b4612eb0-1772-4632-bfb5-cd44f8dbbfa3,askacademia_train,losing_improve_gpt5nano,no,no
b4612eb0-1772-4632-bfb5-cd44f8dbbfa3,askacademia_train,losing_improve_llama,no,no
b4612eb0-1772-4632-bfb5-cd44f8dbbfa3,askacademia_train,losing_improve_mistral,no,no
b4612eb0-1772-4632-bfb5-cd44f8dbbfa3,askacademia_train,losing_paraphrase_claude,no,no
b4612eb0-1772-4632-bfb5-cd44f8dbbfa3,askacademia_train,losing_improve_qwen,no,no
b4612eb0-1772-4632-bfb5-cd44f8dbbfa3,askacademia_train,losing_paraphrase_gpt4omini,no,no
b4612eb0-1772-4632-bfb5-cd44f8dbbfa3,askacademia_train,losing_paraphrase_gemini,no,no
b4612eb0-1772-4632-bfb5-cd44f8dbbfa3,askacademia_train,losing_paraphrase_gpt5nano,no,no
b4612eb0-1772-4632-bfb5-cd44f8dbbfa3,askacademia_train,losing_paraphrase_qwen,no,no
b4612eb0-1772-4632-bfb5-cd44f8dbbfa3,askacademia_train,losing_paraphrase_mistral,no,no
b4612eb0-1772-4632-bfb5-cd44f8dbbfa3,askacademia_train,losing_paraphrase_llama,no,no
11b7e63a-ade4-488c-a7ef-d4bbfc662559,askacademia_train,winning_text,no,no
11b7e63a-ade4-488c-a7ef-d4bbfc662559,askacademia_train,losing_text,no,no
11b7e63a-ade4-488c-a7ef-d4bbfc662559,askacademia_train,losing_generate_claude,no,no
11b7e63a-ade4-488c-a7ef-d4bbfc662559,askacademia_train,losing_generate_gemini,no,no
11b7e63a-ade4-488c-a7ef-d4bbfc662559,askacademia_train,losing_generate_gpt4omini,no,no
11b7e63a-ade4-488c-a7ef-d4bbfc662559,askacademia_train,losing_generate_qwen,no,no
11b7e63a-ade4-488c-a7ef-d4bbfc662559,askacademia_train,losing_generate_llama,no,no
11b7e63a-ade4-488c-a7ef-d4bbfc662559,askacademia_train,losing_generate_gpt5nano,no,no
11b7e63a-ade4-488c-a7ef-d4bbfc662559,askacademia_train,losing_generate_mistral,no,no
11b7e63a-ade4-488c-a7ef-d4bbfc662559,askacademia_train,losing_improve_claude,no,no
11b7e63a-ade4-488c-a7ef-d4bbfc662559,askacademia_train,losing_improve_gemini,no,no
11b7e63a-ade4-488c-a7ef-d4bbfc662559,askacademia_train,losing_improve_gpt4omini,no,no
11b7e63a-ade4-488c-a7ef-d4bbfc662559,askacademia_train,losing_improve_gpt5nano,no,no
11b7e63a-ade4-488c-a7ef-d4bbfc662559,askacademia_train,losing_improve_llama,no,no
11b7e63a-ade4-488c-a7ef-d4bbfc662559,askacademia_train,losing_improve_mistral,no,no
11b7e63a-ade4-488c-a7ef-d4bbfc662559,askacademia_train,losing_paraphrase_claude,no,no
11b7e63a-ade4-488c-a7ef-d4bbfc662559,askacademia_train,losing_improve_qwen,no,no
11b7e63a-ade4-488c-a7ef-d4bbfc662559,askacademia_train,losing_paraphrase_gemini,no,no
11b7e63a-ade4-488c-a7ef-d4bbfc662559,askacademia_train,losing_paraphrase_gpt5nano,no,no
11b7e63a-ade4-488c-a7ef-d4bbfc662559,askacademia_train,losing_paraphrase_llama,no,no
11b7e63a-ade4-488c-a7ef-d4bbfc662559,askacademia_train,losing_paraphrase_gpt4omini,no,no
459c37cc-e7d0-4611-a21b-d018cfd98b54,askacademia_train,losing_text,no,no
459c37cc-e7d0-4611-a21b-d018cfd98b54,askacademia_train,winning_text,no,no
11b7e63a-ade4-488c-a7ef-d4bbfc662559,askacademia_train,losing_paraphrase_mistral,no,no
11b7e63a-ade4-488c-a7ef-d4bbfc662559,askacademia_train,losing_paraphrase_qwen,no,no
459c37cc-e7d0-4611-a21b-d018cfd98b54,askacademia_train,losing_generate_claude,no,no
459c37cc-e7d0-4611-a21b-d018cfd98b54,askacademia_train,losing_generate_gpt5nano,no,no
459c37cc-e7d0-4611-a21b-d018cfd98b54,askacademia_train,losing_generate_gemini,no,no
459c37cc-e7d0-4611-a21b-d018cfd98b54,askacademia_train,losing_generate_qwen,no,no
459c37cc-e7d0-4611-a21b-d018cfd98b54,askacademia_train,losing_improve_claude,no,no
459c37cc-e7d0-4611-a21b-d018cfd98b54,askacademia_train,losing_generate_gpt4omini,no,no
459c37cc-e7d0-4611-a21b-d018cfd98b54,askacademia_train,losing_generate_mistral,no,no
459c37cc-e7d0-4611-a21b-d018cfd98b54,askacademia_train,losing_generate_llama,no,no
459c37cc-e7d0-4611-a21b-d018cfd98b54,askacademia_train,losing_improve_gemini,no,no
459c37cc-e7d0-4611-a21b-d018cfd98b54,askacademia_train,losing_improve_gpt4omini,no,no
459c37cc-e7d0-4611-a21b-d018cfd98b54,askacademia_train,losing_improve_gpt5nano,no,no
459c37cc-e7d0-4611-a21b-d018cfd98b54,askacademia_train,losing_paraphrase_claude,no,no
459c37cc-e7d0-4611-a21b-d018cfd98b54,askacademia_train,losing_improve_mistral,no,no
459c37cc-e7d0-4611-a21b-d018cfd98b54,askacademia_train,losing_improve_qwen,no,no
459c37cc-e7d0-4611-a21b-d018cfd98b54,askacademia_train,losing_improve_llama,no,no
459c37cc-e7d0-4611-a21b-d018cfd98b54,askacademia_train,losing_paraphrase_gemini,no,no
459c37cc-e7d0-4611-a21b-d018cfd98b54,askacademia_train,losing_paraphrase_gpt4omini,no,no
459c37cc-e7d0-4611-a21b-d018cfd98b54,askacademia_train,losing_paraphrase_gpt5nano,no,no
459c37cc-e7d0-4611-a21b-d018cfd98b54,askacademia_train,losing_paraphrase_llama,no,no
459c37cc-e7d0-4611-a21b-d018cfd98b54,askacademia_train,losing_paraphrase_qwen,no,no
459c37cc-e7d0-4611-a21b-d018cfd98b54,askacademia_train,losing_paraphrase_mistral,no,no
e57a8b1b-1050-457a-85c9-ecba94c63d02,askacademia_train,winning_text,no,no
e57a8b1b-1050-457a-85c9-ecba94c63d02,askacademia_train,losing_generate_claude,no,no
e57a8b1b-1050-457a-85c9-ecba94c63d02,askacademia_train,losing_text,no,no
e57a8b1b-1050-457a-85c9-ecba94c63d02,askacademia_train,losing_generate_gemini,no,no
e57a8b1b-1050-457a-85c9-ecba94c63d02,askacademia_train,losing_generate_gpt5nano,no,no
e57a8b1b-1050-457a-85c9-ecba94c63d02,askacademia_train,losing_generate_gpt4omini,no,no
e57a8b1b-1050-457a-85c9-ecba94c63d02,askacademia_train,losing_improve_claude,no,no
e57a8b1b-1050-457a-85c9-ecba94c63d02,askacademia_train,losing_generate_qwen,no,no
e57a8b1b-1050-457a-85c9-ecba94c63d02,askacademia_train,losing_improve_gemini,no,no
e57a8b1b-1050-457a-85c9-ecba94c63d02,askacademia_train,losing_generate_llama,no,no
e57a8b1b-1050-457a-85c9-ecba94c63d02,askacademia_train,losing_generate_mistral,no,no
e57a8b1b-1050-457a-85c9-ecba94c63d02,askacademia_train,losing_improve_gpt4omini,no,no
e57a8b1b-1050-457a-85c9-ecba94c63d02,askacademia_train,losing_improve_gpt5nano,no,no
e57a8b1b-1050-457a-85c9-ecba94c63d02,askacademia_train,losing_improve_llama,no,no
e57a8b1b-1050-457a-85c9-ecba94c63d02,askacademia_train,losing_improve_qwen,no,no
e57a8b1b-1050-457a-85c9-ecba94c63d02,askacademia_train,losing_paraphrase_gpt4omini,no,no
e57a8b1b-1050-457a-85c9-ecba94c63d02,askacademia_train,losing_paraphrase_claude,no,no
e57a8b1b-1050-457a-85c9-ecba94c63d02,askacademia_train,losing_paraphrase_gemini,no,no
e57a8b1b-1050-457a-85c9-ecba94c63d02,askacademia_train,losing_improve_mistral,no,no
e57a8b1b-1050-457a-85c9-ecba94c63d02,askacademia_train,losing_paraphrase_gpt5nano,no,no
e57a8b1b-1050-457a-85c9-ecba94c63d02,askacademia_train,losing_paraphrase_mistral,no,no
e57a8b1b-1050-457a-85c9-ecba94c63d02,askacademia_train,losing_paraphrase_llama,no,no
f35c0b8d-f88b-4d21-b43b-7668069d026c,askacademia_train,losing_generate_claude,no,no
e57a8b1b-1050-457a-85c9-ecba94c63d02,askacademia_train,losing_paraphrase_qwen,no,no
f35c0b8d-f88b-4d21-b43b-7668069d026c,askacademia_train,losing_text,no,no
f35c0b8d-f88b-4d21-b43b-7668069d026c,askacademia_train,winning_text,no,no
f35c0b8d-f88b-4d21-b43b-7668069d026c,askacademia_train,losing_generate_gpt4omini,no,no
f35c0b8d-f88b-4d21-b43b-7668069d026c,askacademia_train,losing_generate_gemini,no,no
f35c0b8d-f88b-4d21-b43b-7668069d026c,askacademia_train,losing_generate_llama,no,no
f35c0b8d-f88b-4d21-b43b-7668069d026c,askacademia_train,losing_generate_gpt5nano,no,no
f35c0b8d-f88b-4d21-b43b-7668069d026c,askacademia_train,losing_improve_claude,no,no
f35c0b8d-f88b-4d21-b43b-7668069d026c,askacademia_train,losing_improve_gemini,no,no
f35c0b8d-f88b-4d21-b43b-7668069d026c,askacademia_train,losing_generate_mistral,no,no
f35c0b8d-f88b-4d21-b43b-7668069d026c,askacademia_train,losing_generate_qwen,no,no
f35c0b8d-f88b-4d21-b43b-7668069d026c,askacademia_train,losing_improve_gpt4omini,no,no
f35c0b8d-f88b-4d21-b43b-7668069d026c,askacademia_train,losing_improve_gpt5nano,no,no
f35c0b8d-f88b-4d21-b43b-7668069d026c,askacademia_train,losing_improve_mistral,no,no
f35c0b8d-f88b-4d21-b43b-7668069d026c,askacademia_train,losing_improve_llama,no,no
f35c0b8d-f88b-4d21-b43b-7668069d026c,askacademia_train,losing_improve_qwen,no,no
f35c0b8d-f88b-4d21-b43b-7668069d026c,askacademia_train,losing_paraphrase_gpt4omini,no,no
f35c0b8d-f88b-4d21-b43b-7668069d026c,askacademia_train,losing_paraphrase_claude,no,no
f35c0b8d-f88b-4d21-b43b-7668069d026c,askacademia_train,losing_paraphrase_gemini,no,no
f35c0b8d-f88b-4d21-b43b-7668069d026c,askacademia_train,losing_paraphrase_gpt5nano,no,no
f35c0b8d-f88b-4d21-b43b-7668069d026c,askacademia_train,losing_paraphrase_llama,no,no
f35c0b8d-f88b-4d21-b43b-7668069d026c,askacademia_train,losing_paraphrase_qwen,no,no
f35c0b8d-f88b-4d21-b43b-7668069d026c,askacademia_train,losing_paraphrase_mistral,no,no
2d40847e-4874-4f1a-9eaf-f511ace256f2,askacademia_train,losing_text,no,no
2d40847e-4874-4f1a-9eaf-f511ace256f2,askacademia_train,winning_text,no,no
2d40847e-4874-4f1a-9eaf-f511ace256f2,askacademia_train,losing_generate_gemini,no,no
2d40847e-4874-4f1a-9eaf-f511ace256f2,askacademia_train,losing_generate_gpt4omini,no,no
2d40847e-4874-4f1a-9eaf-f511ace256f2,askacademia_train,losing_generate_claude,no,no
2d40847e-4874-4f1a-9eaf-f511ace256f2,askacademia_train,losing_generate_gpt5nano,no,no
2d40847e-4874-4f1a-9eaf-f511ace256f2,askacademia_train,losing_generate_llama,no,no
2d40847e-4874-4f1a-9eaf-f511ace256f2,askacademia_train,losing_generate_mistral,no,no
2d40847e-4874-4f1a-9eaf-f511ace256f2,askacademia_train,losing_improve_gemini,no,no
2d40847e-4874-4f1a-9eaf-f511ace256f2,askacademia_train,losing_generate_qwen,no,no
2d40847e-4874-4f1a-9eaf-f511ace256f2,askacademia_train,losing_improve_gpt5nano,no,no
2d40847e-4874-4f1a-9eaf-f511ace256f2,askacademia_train,losing_improve_gpt4omini,no,no
2d40847e-4874-4f1a-9eaf-f511ace256f2,askacademia_train,losing_improve_claude,no,no
2d40847e-4874-4f1a-9eaf-f511ace256f2,askacademia_train,losing_improve_llama,no,no
2d40847e-4874-4f1a-9eaf-f511ace256f2,askacademia_train,losing_improve_qwen,no,no
2d40847e-4874-4f1a-9eaf-f511ace256f2,askacademia_train,losing_improve_mistral,no,no
2d40847e-4874-4f1a-9eaf-f511ace256f2,askacademia_train,losing_paraphrase_gpt4omini,no,no
2d40847e-4874-4f1a-9eaf-f511ace256f2,askacademia_train,losing_paraphrase_llama,no,no
2d40847e-4874-4f1a-9eaf-f511ace256f2,askacademia_train,losing_paraphrase_claude,no,no
2d40847e-4874-4f1a-9eaf-f511ace256f2,askacademia_train,losing_paraphrase_gemini,no,no
2d40847e-4874-4f1a-9eaf-f511ace256f2,askacademia_train,losing_paraphrase_gpt5nano,no,no
2d40847e-4874-4f1a-9eaf-f511ace256f2,askacademia_train,losing_paraphrase_mistral,no,no
60493546-6c01-4ad2-9892-1649796003fa,askacademia_train,winning_text,no,no
2d40847e-4874-4f1a-9eaf-f511ace256f2,askacademia_train,losing_paraphrase_qwen,no,no
60493546-6c01-4ad2-9892-1649796003fa,askacademia_train,losing_generate_gpt4omini,no,no
60493546-6c01-4ad2-9892-1649796003fa,askacademia_train,losing_generate_llama,no,no
60493546-6c01-4ad2-9892-1649796003fa,askacademia_train,losing_generate_claude,no,no
60493546-6c01-4ad2-9892-1649796003fa,askacademia_train,losing_text,no,no
60493546-6c01-4ad2-9892-1649796003fa,askacademia_train,losing_generate_gemini,no,no
60493546-6c01-4ad2-9892-1649796003fa,askacademia_train,losing_generate_gpt5nano,no,no
60493546-6c01-4ad2-9892-1649796003fa,askacademia_train,losing_generate_mistral,no,no
60493546-6c01-4ad2-9892-1649796003fa,askacademia_train,losing_generate_qwen,no,no
60493546-6c01-4ad2-9892-1649796003fa,askacademia_train,losing_improve_gpt4omini,no,no
60493546-6c01-4ad2-9892-1649796003fa,askacademia_train,losing_improve_gpt5nano,no,no
60493546-6c01-4ad2-9892-1649796003fa,askacademia_train,losing_improve_llama,no,no
60493546-6c01-4ad2-9892-1649796003fa,askacademia_train,losing_improve_gemini,no,no
60493546-6c01-4ad2-9892-1649796003fa,askacademia_train,losing_improve_claude,no,no
60493546-6c01-4ad2-9892-1649796003fa,askacademia_train,losing_improve_mistral,no,no
60493546-6c01-4ad2-9892-1649796003fa,askacademia_train,losing_improve_qwen,no,no
60493546-6c01-4ad2-9892-1649796003fa,askacademia_train,losing_paraphrase_claude,no,no
60493546-6c01-4ad2-9892-1649796003fa,askacademia_train,losing_paraphrase_gpt4omini,no,no
60493546-6c01-4ad2-9892-1649796003fa,askacademia_train,losing_paraphrase_llama,no,no
60493546-6c01-4ad2-9892-1649796003fa,askacademia_train,losing_paraphrase_gemini,no,no
60493546-6c01-4ad2-9892-1649796003fa,askacademia_train,losing_paraphrase_mistral,no,no
60493546-6c01-4ad2-9892-1649796003fa,askacademia_train,losing_paraphrase_gpt5nano,no,no
60493546-6c01-4ad2-9892-1649796003fa,askacademia_train,losing_paraphrase_qwen,no,no
2cbae963-1778-487d-9072-3a36b97bfed8,askacademia_train,winning_text,no,no
2cbae963-1778-487d-9072-3a36b97bfed8,askacademia_train,losing_text,no,no
2cbae963-1778-487d-9072-3a36b97bfed8,askacademia_train,losing_generate_gemini,no,no
2cbae963-1778-487d-9072-3a36b97bfed8,askacademia_train,losing_generate_gpt4omini,no,no
2cbae963-1778-487d-9072-3a36b97bfed8,askacademia_train,losing_generate_gpt5nano,no,no
2cbae963-1778-487d-9072-3a36b97bfed8,askacademia_train,losing_generate_llama,no,no
2cbae963-1778-487d-9072-3a36b97bfed8,askacademia_train,losing_generate_claude,no,no
2cbae963-1778-487d-9072-3a36b97bfed8,askacademia_train,losing_generate_mistral,no,no
2cbae963-1778-487d-9072-3a36b97bfed8,askacademia_train,losing_generate_qwen,no,no
2cbae963-1778-487d-9072-3a36b97bfed8,askacademia_train,losing_improve_claude,no,no
2cbae963-1778-487d-9072-3a36b97bfed8,askacademia_train,losing_improve_mistral,no,no
2cbae963-1778-487d-9072-3a36b97bfed8,askacademia_train,losing_improve_llama,no,no
2cbae963-1778-487d-9072-3a36b97bfed8,askacademia_train,losing_improve_gemini,no,no
2cbae963-1778-487d-9072-3a36b97bfed8,askacademia_train,losing_improve_gpt4omini,no,no
2cbae963-1778-487d-9072-3a36b97bfed8,askacademia_train,losing_improve_gpt5nano,no,no
2cbae963-1778-487d-9072-3a36b97bfed8,askacademia_train,losing_improve_qwen,no,no
2cbae963-1778-487d-9072-3a36b97bfed8,askacademia_train,losing_paraphrase_gemini,no,no
2cbae963-1778-487d-9072-3a36b97bfed8,askacademia_train,losing_paraphrase_claude,no,no
2cbae963-1778-487d-9072-3a36b97bfed8,askacademia_train,losing_paraphrase_mistral,no,no
2cbae963-1778-487d-9072-3a36b97bfed8,askacademia_train,losing_paraphrase_llama,no,no
2cbae963-1778-487d-9072-3a36b97bfed8,askacademia_train,losing_paraphrase_gpt4omini,no,no
2cbae963-1778-487d-9072-3a36b97bfed8,askacademia_train,losing_paraphrase_qwen,no,no
2cbae963-1778-487d-9072-3a36b97bfed8,askacademia_train,losing_paraphrase_gpt5nano,no,no
0a8e03e1-ad7e-424e-97ee-0e527fe92137,askacademia_train,winning_text,no,no
0a8e03e1-ad7e-424e-97ee-0e527fe92137,askacademia_train,losing_generate_claude,no,no
0a8e03e1-ad7e-424e-97ee-0e527fe92137,askacademia_train,losing_text,no,no
0a8e03e1-ad7e-424e-97ee-0e527fe92137,askacademia_train,losing_generate_gpt5nano,no,no
0a8e03e1-ad7e-424e-97ee-0e527fe92137,askacademia_train,losing_generate_mistral,no,no
0a8e03e1-ad7e-424e-97ee-0e527fe92137,askacademia_train,losing_generate_gpt4omini,no,no
0a8e03e1-ad7e-424e-97ee-0e527fe92137,askacademia_train,losing_generate_gemini,no,no
0a8e03e1-ad7e-424e-97ee-0e527fe92137,askacademia_train,losing_generate_llama,no,no
0a8e03e1-ad7e-424e-97ee-0e527fe92137,askacademia_train,losing_generate_qwen,no,no
0a8e03e1-ad7e-424e-97ee-0e527fe92137,askacademia_train,losing_improve_gemini,no,no
0a8e03e1-ad7e-424e-97ee-0e527fe92137,askacademia_train,losing_improve_claude,no,no
0a8e03e1-ad7e-424e-97ee-0e527fe92137,askacademia_train,losing_improve_qwen,no,no
0a8e03e1-ad7e-424e-97ee-0e527fe92137,askacademia_train,losing_improve_gpt4omini,no,no
0a8e03e1-ad7e-424e-97ee-0e527fe92137,askacademia_train,losing_improve_llama,no,no
0a8e03e1-ad7e-424e-97ee-0e527fe92137,askacademia_train,losing_improve_mistral,no,no
0a8e03e1-ad7e-424e-97ee-0e527fe92137,askacademia_train,losing_improve_gpt5nano,yes,yes
0a8e03e1-ad7e-424e-97ee-0e527fe92137,askacademia_train,losing_paraphrase_claude,no,no
0a8e03e1-ad7e-424e-97ee-0e527fe92137,askacademia_train,losing_paraphrase_gpt4omini,no,no
0a8e03e1-ad7e-424e-97ee-0e527fe92137,askacademia_train,losing_paraphrase_gemini,no,no
0a8e03e1-ad7e-424e-97ee-0e527fe92137,askacademia_train,losing_paraphrase_gpt5nano,no,no
0a8e03e1-ad7e-424e-97ee-0e527fe92137,askacademia_train,losing_paraphrase_mistral,no,no
d3b6ae73-47de-4e1b-b1a3-7888337424ac,askacademia_train,winning_text,no,no
0a8e03e1-ad7e-424e-97ee-0e527fe92137,askacademia_train,losing_paraphrase_qwen,no,no
d3b6ae73-47de-4e1b-b1a3-7888337424ac,askacademia_train,losing_text,no,no
0a8e03e1-ad7e-424e-97ee-0e527fe92137,askacademia_train,losing_paraphrase_llama,no,no
d3b6ae73-47de-4e1b-b1a3-7888337424ac,askacademia_train,losing_generate_gemini,no,no
d3b6ae73-47de-4e1b-b1a3-7888337424ac,askacademia_train,losing_generate_claude,no,no
d3b6ae73-47de-4e1b-b1a3-7888337424ac,askacademia_train,losing_generate_gpt4omini,no,no
d3b6ae73-47de-4e1b-b1a3-7888337424ac,askacademia_train,losing_generate_llama,no,no
d3b6ae73-47de-4e1b-b1a3-7888337424ac,askacademia_train,losing_generate_mistral,no,no
d3b6ae73-47de-4e1b-b1a3-7888337424ac,askacademia_train,losing_generate_gpt5nano,no,no
d3b6ae73-47de-4e1b-b1a3-7888337424ac,askacademia_train,losing_generate_qwen,no,no
d3b6ae73-47de-4e1b-b1a3-7888337424ac,askacademia_train,losing_improve_claude,no,no
d3b6ae73-47de-4e1b-b1a3-7888337424ac,askacademia_train,losing_improve_gemini,no,no
d3b6ae73-47de-4e1b-b1a3-7888337424ac,askacademia_train,losing_improve_gpt4omini,no,no
d3b6ae73-47de-4e1b-b1a3-7888337424ac,askacademia_train,losing_improve_mistral,no,no
d3b6ae73-47de-4e1b-b1a3-7888337424ac,askacademia_train,losing_improve_qwen,no,no
d3b6ae73-47de-4e1b-b1a3-7888337424ac,askacademia_train,losing_improve_gpt5nano,no,no
d3b6ae73-47de-4e1b-b1a3-7888337424ac,askacademia_train,losing_paraphrase_claude,no,no
d3b6ae73-47de-4e1b-b1a3-7888337424ac,askacademia_train,losing_improve_llama,no,no
d3b6ae73-47de-4e1b-b1a3-7888337424ac,askacademia_train,losing_paraphrase_gemini,no,no
d3b6ae73-47de-4e1b-b1a3-7888337424ac,askacademia_train,losing_paraphrase_gpt5nano,no,no
d3b6ae73-47de-4e1b-b1a3-7888337424ac,askacademia_train,losing_paraphrase_gpt4omini,no,no
d3b6ae73-47de-4e1b-b1a3-7888337424ac,askacademia_train,losing_paraphrase_llama,no,no
01440904-0e40-4b7c-a877-41993417f19e,askacademia_train,winning_text,no,no
d3b6ae73-47de-4e1b-b1a3-7888337424ac,askacademia_train,losing_paraphrase_mistral,no,no
01440904-0e40-4b7c-a877-41993417f19e,askacademia_train,losing_text,no,no
d3b6ae73-47de-4e1b-b1a3-7888337424ac,askacademia_train,losing_paraphrase_qwen,no,no
01440904-0e40-4b7c-a877-41993417f19e,askacademia_train,losing_generate_claude,no,no
01440904-0e40-4b7c-a877-41993417f19e,askacademia_train,losing_generate_gemini,no,no
01440904-0e40-4b7c-a877-41993417f19e,askacademia_train,losing_generate_gpt4omini,no,no
01440904-0e40-4b7c-a877-41993417f19e,askacademia_train,losing_generate_mistral,no,no
01440904-0e40-4b7c-a877-41993417f19e,askacademia_train,losing_generate_llama,no,no
01440904-0e40-4b7c-a877-41993417f19e,askacademia_train,losing_generate_qwen,no,no
01440904-0e40-4b7c-a877-41993417f19e,askacademia_train,losing_improve_claude,no,no
01440904-0e40-4b7c-a877-41993417f19e,askacademia_train,losing_generate_gpt5nano,no,no
01440904-0e40-4b7c-a877-41993417f19e,askacademia_train,losing_improve_gemini,no,no
01440904-0e40-4b7c-a877-41993417f19e,askacademia_train,losing_improve_gpt4omini,no,no
01440904-0e40-4b7c-a877-41993417f19e,askacademia_train,losing_improve_gpt5nano,no,no
01440904-0e40-4b7c-a877-41993417f19e,askacademia_train,losing_improve_llama,no,no
01440904-0e40-4b7c-a877-41993417f19e,askacademia_train,losing_paraphrase_claude,no,no
01440904-0e40-4b7c-a877-41993417f19e,askacademia_train,losing_paraphrase_gemini,no,no
01440904-0e40-4b7c-a877-41993417f19e,askacademia_train,losing_improve_mistral,no,no
01440904-0e40-4b7c-a877-41993417f19e,askacademia_train,losing_improve_qwen,no,no
01440904-0e40-4b7c-a877-41993417f19e,askacademia_train,losing_paraphrase_gpt4omini,no,no
01440904-0e40-4b7c-a877-41993417f19e,askacademia_train,losing_paraphrase_gpt5nano,no,no
01440904-0e40-4b7c-a877-41993417f19e,askacademia_train,losing_paraphrase_llama,no,no
01440904-0e40-4b7c-a877-41993417f19e,askacademia_train,losing_paraphrase_mistral,no,no
3b5c48da-a8fe-4ab6-a587-c1a6772191f5,askacademia_train,losing_text,no,no
3b5c48da-a8fe-4ab6-a587-c1a6772191f5,askacademia_train,losing_generate_claude,no,no
01440904-0e40-4b7c-a877-41993417f19e,askacademia_train,losing_paraphrase_qwen,no,no
3b5c48da-a8fe-4ab6-a587-c1a6772191f5,askacademia_train,winning_text,no,no
3b5c48da-a8fe-4ab6-a587-c1a6772191f5,askacademia_train,losing_generate_gemini,no,no
3b5c48da-a8fe-4ab6-a587-c1a6772191f5,askacademia_train,losing_generate_gpt5nano,no,no
3b5c48da-a8fe-4ab6-a587-c1a6772191f5,askacademia_train,losing_generate_gpt4omini,no,no
3b5c48da-a8fe-4ab6-a587-c1a6772191f5,askacademia_train,losing_generate_mistral,no,no
3b5c48da-a8fe-4ab6-a587-c1a6772191f5,askacademia_train,losing_improve_gpt4omini,no,no
3b5c48da-a8fe-4ab6-a587-c1a6772191f5,askacademia_train,losing_generate_qwen,no,no
3b5c48da-a8fe-4ab6-a587-c1a6772191f5,askacademia_train,losing_improve_gemini,no,no
3b5c48da-a8fe-4ab6-a587-c1a6772191f5,askacademia_train,losing_generate_llama,no,no
3b5c48da-a8fe-4ab6-a587-c1a6772191f5,askacademia_train,losing_improve_claude,no,no
3b5c48da-a8fe-4ab6-a587-c1a6772191f5,askacademia_train,losing_improve_gpt5nano,no,no
3b5c48da-a8fe-4ab6-a587-c1a6772191f5,askacademia_train,losing_improve_llama,no,no
3b5c48da-a8fe-4ab6-a587-c1a6772191f5,askacademia_train,losing_paraphrase_gpt4omini,no,no
3b5c48da-a8fe-4ab6-a587-c1a6772191f5,askacademia_train,losing_paraphrase_gpt5nano,no,no
3b5c48da-a8fe-4ab6-a587-c1a6772191f5,askacademia_train,losing_paraphrase_gemini,no,no
3b5c48da-a8fe-4ab6-a587-c1a6772191f5,askacademia_train,losing_improve_qwen,no,no
3b5c48da-a8fe-4ab6-a587-c1a6772191f5,askacademia_train,losing_paraphrase_claude,no,no
3b5c48da-a8fe-4ab6-a587-c1a6772191f5,askacademia_train,losing_improve_mistral,no,no
3b5c48da-a8fe-4ab6-a587-c1a6772191f5,askacademia_train,losing_paraphrase_llama,no,no
3b5c48da-a8fe-4ab6-a587-c1a6772191f5,askacademia_train,losing_paraphrase_mistral,no,no
3ed5aec2-7dfe-4686-8c17-3fa4db2b7963,askacademia_train,losing_generate_gemini,no,no
3ed5aec2-7dfe-4686-8c17-3fa4db2b7963,askacademia_train,losing_generate_claude,no,no
3ed5aec2-7dfe-4686-8c17-3fa4db2b7963,askacademia_train,losing_text,no,no
3ed5aec2-7dfe-4686-8c17-3fa4db2b7963,askacademia_train,losing_generate_gpt4omini,no,no
3b5c48da-a8fe-4ab6-a587-c1a6772191f5,askacademia_train,losing_paraphrase_qwen,no,no
3ed5aec2-7dfe-4686-8c17-3fa4db2b7963,askacademia_train,winning_text,no,no
3ed5aec2-7dfe-4686-8c17-3fa4db2b7963,askacademia_train,losing_generate_gpt5nano,no,no
3ed5aec2-7dfe-4686-8c17-3fa4db2b7963,askacademia_train,losing_generate_llama,no,no
3ed5aec2-7dfe-4686-8c17-3fa4db2b7963,askacademia_train,losing_generate_mistral,no,no
3ed5aec2-7dfe-4686-8c17-3fa4db2b7963,askacademia_train,losing_improve_claude,no,no
3ed5aec2-7dfe-4686-8c17-3fa4db2b7963,askacademia_train,losing_improve_gemini,no,no
3ed5aec2-7dfe-4686-8c17-3fa4db2b7963,askacademia_train,losing_improve_gpt4omini,no,no
3ed5aec2-7dfe-4686-8c17-3fa4db2b7963,askacademia_train,losing_generate_qwen,no,no
3ed5aec2-7dfe-4686-8c17-3fa4db2b7963,askacademia_train,losing_improve_gpt5nano,no,no
3ed5aec2-7dfe-4686-8c17-3fa4db2b7963,askacademia_train,losing_improve_llama,no,no
3ed5aec2-7dfe-4686-8c17-3fa4db2b7963,askacademia_train,losing_improve_mistral,no,no
3ed5aec2-7dfe-4686-8c17-3fa4db2b7963,askacademia_train,losing_paraphrase_gemini,no,no
3ed5aec2-7dfe-4686-8c17-3fa4db2b7963,askacademia_train,losing_paraphrase_claude,no,no
3ed5aec2-7dfe-4686-8c17-3fa4db2b7963,askacademia_train,losing_paraphrase_llama,no,no
3ed5aec2-7dfe-4686-8c17-3fa4db2b7963,askacademia_train,losing_improve_qwen,no,no
3ed5aec2-7dfe-4686-8c17-3fa4db2b7963,askacademia_train,losing_paraphrase_gpt5nano,no,no
3ed5aec2-7dfe-4686-8c17-3fa4db2b7963,askacademia_train,losing_paraphrase_gpt4omini,no,no
3ed5aec2-7dfe-4686-8c17-3fa4db2b7963,askacademia_train,losing_paraphrase_mistral,no,no
3ed5aec2-7dfe-4686-8c17-3fa4db2b7963,askacademia_train,losing_paraphrase_qwen,no,no
6b8ea25c-868e-4f79-94cb-dd747a5d4666,askacademia_train,losing_generate_gpt4omini,no,no
6b8ea25c-868e-4f79-94cb-dd747a5d4666,askacademia_train,losing_generate_gemini,no,no
6b8ea25c-868e-4f79-94cb-dd747a5d4666,askacademia_train,losing_generate_gpt5nano,no,no
6b8ea25c-868e-4f79-94cb-dd747a5d4666,askacademia_train,losing_text,no,no
6b8ea25c-868e-4f79-94cb-dd747a5d4666,askacademia_train,losing_generate_claude,no,no
6b8ea25c-868e-4f79-94cb-dd747a5d4666,askacademia_train,winning_text,no,no
6b8ea25c-868e-4f79-94cb-dd747a5d4666,askacademia_train,losing_generate_llama,no,no
6b8ea25c-868e-4f79-94cb-dd747a5d4666,askacademia_train,losing_generate_mistral,no,no
6b8ea25c-868e-4f79-94cb-dd747a5d4666,askacademia_train,losing_generate_qwen,no,no
6b8ea25c-868e-4f79-94cb-dd747a5d4666,askacademia_train,losing_improve_gpt4omini,no,no
6b8ea25c-868e-4f79-94cb-dd747a5d4666,askacademia_train,losing_improve_gemini,no,no
6b8ea25c-868e-4f79-94cb-dd747a5d4666,askacademia_train,losing_improve_claude,no,no
6b8ea25c-868e-4f79-94cb-dd747a5d4666,askacademia_train,losing_improve_mistral,no,no
6b8ea25c-868e-4f79-94cb-dd747a5d4666,askacademia_train,losing_improve_llama,no,no
6b8ea25c-868e-4f79-94cb-dd747a5d4666,askacademia_train,losing_improve_gpt5nano,no,no
6b8ea25c-868e-4f79-94cb-dd747a5d4666,askacademia_train,losing_improve_qwen,no,no
6b8ea25c-868e-4f79-94cb-dd747a5d4666,askacademia_train,losing_paraphrase_gemini,no,no
6b8ea25c-868e-4f79-94cb-dd747a5d4666,askacademia_train,losing_paraphrase_gpt4omini,no,no
6b8ea25c-868e-4f79-94cb-dd747a5d4666,askacademia_train,losing_paraphrase_gpt5nano,no,no
6b8ea25c-868e-4f79-94cb-dd747a5d4666,askacademia_train,losing_paraphrase_claude,no,no
6b8ea25c-868e-4f79-94cb-dd747a5d4666,askacademia_train,losing_paraphrase_mistral,no,no
6b8ea25c-868e-4f79-94cb-dd747a5d4666,askacademia_train,losing_paraphrase_qwen,no,no
6b8ea25c-868e-4f79-94cb-dd747a5d4666,askacademia_train,losing_paraphrase_llama,no,no
174a7dd7-d1e2-4448-9bc6-72daa891763c,askacademia_train,winning_text,no,no
174a7dd7-d1e2-4448-9bc6-72daa891763c,askacademia_train,losing_generate_gpt4omini,no,no
174a7dd7-d1e2-4448-9bc6-72daa891763c,askacademia_train,losing_text,no,no
174a7dd7-d1e2-4448-9bc6-72daa891763c,askacademia_train,losing_generate_claude,no,no
174a7dd7-d1e2-4448-9bc6-72daa891763c,askacademia_train,losing_generate_gemini,no,no
174a7dd7-d1e2-4448-9bc6-72daa891763c,askacademia_train,losing_generate_gpt5nano,no,no
174a7dd7-d1e2-4448-9bc6-72daa891763c,askacademia_train,losing_generate_mistral,no,no
174a7dd7-d1e2-4448-9bc6-72daa891763c,askacademia_train,losing_generate_llama,no,no
174a7dd7-d1e2-4448-9bc6-72daa891763c,askacademia_train,losing_generate_qwen,no,no
174a7dd7-d1e2-4448-9bc6-72daa891763c,askacademia_train,losing_improve_gpt5nano,no,no
174a7dd7-d1e2-4448-9bc6-72daa891763c,askacademia_train,losing_improve_gemini,no,no
174a7dd7-d1e2-4448-9bc6-72daa891763c,askacademia_train,losing_improve_claude,no,no
174a7dd7-d1e2-4448-9bc6-72daa891763c,askacademia_train,losing_improve_gpt4omini,no,no
174a7dd7-d1e2-4448-9bc6-72daa891763c,askacademia_train,losing_improve_qwen,no,no
174a7dd7-d1e2-4448-9bc6-72daa891763c,askacademia_train,losing_improve_mistral,no,no
174a7dd7-d1e2-4448-9bc6-72daa891763c,askacademia_train,losing_improve_llama,no,no
174a7dd7-d1e2-4448-9bc6-72daa891763c,askacademia_train,losing_paraphrase_claude,no,no
174a7dd7-d1e2-4448-9bc6-72daa891763c,askacademia_train,losing_paraphrase_gpt5nano,no,no
174a7dd7-d1e2-4448-9bc6-72daa891763c,askacademia_train,losing_paraphrase_gpt4omini,no,no
174a7dd7-d1e2-4448-9bc6-72daa891763c,askacademia_train,losing_paraphrase_gemini,no,no
ef92f861-e5b4-4ce1-b984-9eac475a3517,askacademia_train,losing_text,no,no
174a7dd7-d1e2-4448-9bc6-72daa891763c,askacademia_train,losing_paraphrase_mistral,no,no
174a7dd7-d1e2-4448-9bc6-72daa891763c,askacademia_train,losing_paraphrase_qwen,no,no
174a7dd7-d1e2-4448-9bc6-72daa891763c,askacademia_train,losing_paraphrase_llama,no,no
ef92f861-e5b4-4ce1-b984-9eac475a3517,askacademia_train,losing_generate_gemini,no,no
ef92f861-e5b4-4ce1-b984-9eac475a3517,askacademia_train,losing_generate_gpt4omini,no,no
ef92f861-e5b4-4ce1-b984-9eac475a3517,askacademia_train,losing_generate_claude,no,no
ef92f861-e5b4-4ce1-b984-9eac475a3517,askacademia_train,losing_generate_qwen,no,no
ef92f861-e5b4-4ce1-b984-9eac475a3517,askacademia_train,losing_generate_mistral,no,no
ef92f861-e5b4-4ce1-b984-9eac475a3517,askacademia_train,losing_generate_gpt5nano,no,no
ef92f861-e5b4-4ce1-b984-9eac475a3517,askacademia_train,losing_generate_llama,no,no
ef92f861-e5b4-4ce1-b984-9eac475a3517,askacademia_train,winning_text,no,no
ef92f861-e5b4-4ce1-b984-9eac475a3517,askacademia_train,losing_improve_gemini,no,no
ef92f861-e5b4-4ce1-b984-9eac475a3517,askacademia_train,losing_improve_gpt4omini,no,no
ef92f861-e5b4-4ce1-b984-9eac475a3517,askacademia_train,losing_improve_claude,no,no
ef92f861-e5b4-4ce1-b984-9eac475a3517,askacademia_train,losing_improve_qwen,no,no
ef92f861-e5b4-4ce1-b984-9eac475a3517,askacademia_train,losing_improve_llama,no,no
ef92f861-e5b4-4ce1-b984-9eac475a3517,askacademia_train,losing_improve_gpt5nano,no,no
ef92f861-e5b4-4ce1-b984-9eac475a3517,askacademia_train,losing_improve_mistral,no,no
ef92f861-e5b4-4ce1-b984-9eac475a3517,askacademia_train,losing_paraphrase_claude,no,no
ef92f861-e5b4-4ce1-b984-9eac475a3517,askacademia_train,losing_paraphrase_gpt4omini,no,no
ef92f861-e5b4-4ce1-b984-9eac475a3517,askacademia_train,losing_paraphrase_gpt5nano,no,no
ef92f861-e5b4-4ce1-b984-9eac475a3517,askacademia_train,losing_paraphrase_gemini,no,no
ef92f861-e5b4-4ce1-b984-9eac475a3517,askacademia_train,losing_paraphrase_qwen,no,no
ef92f861-e5b4-4ce1-b984-9eac475a3517,askacademia_train,losing_paraphrase_llama,no,no
ef92f861-e5b4-4ce1-b984-9eac475a3517,askacademia_train,losing_paraphrase_mistral,no,no
70643603-a227-4b43-b42a-95518e2adfb7,askacademia_train,winning_text,no,no
70643603-a227-4b43-b42a-95518e2adfb7,askacademia_train,losing_text,no,no
70643603-a227-4b43-b42a-95518e2adfb7,askacademia_train,losing_generate_gpt4omini,no,no
70643603-a227-4b43-b42a-95518e2adfb7,askacademia_train,losing_generate_claude,no,no
70643603-a227-4b43-b42a-95518e2adfb7,askacademia_train,losing_generate_gemini,no,no
70643603-a227-4b43-b42a-95518e2adfb7,askacademia_train,losing_generate_qwen,no,no
70643603-a227-4b43-b42a-95518e2adfb7,askacademia_train,losing_generate_gpt5nano,no,no
70643603-a227-4b43-b42a-95518e2adfb7,askacademia_train,losing_generate_llama,no,no
70643603-a227-4b43-b42a-95518e2adfb7,askacademia_train,losing_generate_mistral,no,no
70643603-a227-4b43-b42a-95518e2adfb7,askacademia_train,losing_improve_claude,no,no
70643603-a227-4b43-b42a-95518e2adfb7,askacademia_train,losing_improve_gpt4omini,no,no
70643603-a227-4b43-b42a-95518e2adfb7,askacademia_train,losing_improve_gemini,no,no
70643603-a227-4b43-b42a-95518e2adfb7,askacademia_train,losing_improve_gpt5nano,no,no
70643603-a227-4b43-b42a-95518e2adfb7,askacademia_train,losing_improve_mistral,no,no
70643603-a227-4b43-b42a-95518e2adfb7,askacademia_train,losing_paraphrase_claude,no,no
70643603-a227-4b43-b42a-95518e2adfb7,askacademia_train,losing_improve_qwen,no,no
70643603-a227-4b43-b42a-95518e2adfb7,askacademia_train,losing_improve_llama,no,no
70643603-a227-4b43-b42a-95518e2adfb7,askacademia_train,losing_paraphrase_gemini,no,no
70643603-a227-4b43-b42a-95518e2adfb7,askacademia_train,losing_paraphrase_gpt5nano,no,no
70643603-a227-4b43-b42a-95518e2adfb7,askacademia_train,losing_paraphrase_gpt4omini,no,no
70643603-a227-4b43-b42a-95518e2adfb7,askacademia_train,losing_paraphrase_llama,no,no
70643603-a227-4b43-b42a-95518e2adfb7,askacademia_train,losing_paraphrase_mistral,no,no
037e6f05-8ec2-4a92-a4dd-f931bd1fa52d,askacademia_train,winning_text,no,no
70643603-a227-4b43-b42a-95518e2adfb7,askacademia_train,losing_paraphrase_qwen,no,no
037e6f05-8ec2-4a92-a4dd-f931bd1fa52d,askacademia_train,losing_text,no,no
037e6f05-8ec2-4a92-a4dd-f931bd1fa52d,askacademia_train,losing_generate_claude,no,no
037e6f05-8ec2-4a92-a4dd-f931bd1fa52d,askacademia_train,losing_generate_gpt5nano,no,no
037e6f05-8ec2-4a92-a4dd-f931bd1fa52d,askacademia_train,losing_generate_gemini,no,no
037e6f05-8ec2-4a92-a4dd-f931bd1fa52d,askacademia_train,losing_generate_gpt4omini,no,no
037e6f05-8ec2-4a92-a4dd-f931bd1fa52d,askacademia_train,losing_improve_claude,no,no
037e6f05-8ec2-4a92-a4dd-f931bd1fa52d,askacademia_train,losing_generate_mistral,no,no
037e6f05-8ec2-4a92-a4dd-f931bd1fa52d,askacademia_train,losing_improve_gemini,no,no
037e6f05-8ec2-4a92-a4dd-f931bd1fa52d,askacademia_train,losing_generate_qwen,no,no
037e6f05-8ec2-4a92-a4dd-f931bd1fa52d,askacademia_train,losing_generate_llama,no,no
037e6f05-8ec2-4a92-a4dd-f931bd1fa52d,askacademia_train,losing_improve_llama,no,no
037e6f05-8ec2-4a92-a4dd-f931bd1fa52d,askacademia_train,losing_improve_gpt5nano,no,no
037e6f05-8ec2-4a92-a4dd-f931bd1fa52d,askacademia_train,losing_improve_gpt4omini,no,no
037e6f05-8ec2-4a92-a4dd-f931bd1fa52d,askacademia_train,losing_paraphrase_gpt4omini,no,no
037e6f05-8ec2-4a92-a4dd-f931bd1fa52d,askacademia_train,losing_improve_mistral,no,no
037e6f05-8ec2-4a92-a4dd-f931bd1fa52d,askacademia_train,losing_paraphrase_gemini,no,no
037e6f05-8ec2-4a92-a4dd-f931bd1fa52d,askacademia_train,losing_paraphrase_claude,no,no
037e6f05-8ec2-4a92-a4dd-f931bd1fa52d,askacademia_train,losing_improve_qwen,no,no
037e6f05-8ec2-4a92-a4dd-f931bd1fa52d,askacademia_train,losing_paraphrase_llama,no,no
037e6f05-8ec2-4a92-a4dd-f931bd1fa52d,askacademia_train,losing_paraphrase_gpt5nano,no,no
037e6f05-8ec2-4a92-a4dd-f931bd1fa52d,askacademia_train,losing_paraphrase_mistral,no,no
852ddcb1-21da-4644-a98b-b944d731d8df,askacademia_train,winning_text,no,no
852ddcb1-21da-4644-a98b-b944d731d8df,askacademia_train,losing_generate_gemini,no,no
852ddcb1-21da-4644-a98b-b944d731d8df,askacademia_train,losing_generate_claude,no,no
852ddcb1-21da-4644-a98b-b944d731d8df,askacademia_train,losing_text,no,no
037e6f05-8ec2-4a92-a4dd-f931bd1fa52d,askacademia_train,losing_paraphrase_qwen,no,no
852ddcb1-21da-4644-a98b-b944d731d8df,askacademia_train,losing_generate_llama,no,no
852ddcb1-21da-4644-a98b-b944d731d8df,askacademia_train,losing_generate_gpt5nano,no,no
852ddcb1-21da-4644-a98b-b944d731d8df,askacademia_train,losing_generate_gpt4omini,no,no
852ddcb1-21da-4644-a98b-b944d731d8df,askacademia_train,losing_generate_mistral,no,no
852ddcb1-21da-4644-a98b-b944d731d8df,askacademia_train,losing_generate_qwen,no,no
852ddcb1-21da-4644-a98b-b944d731d8df,askacademia_train,losing_improve_gemini,no,no
852ddcb1-21da-4644-a98b-b944d731d8df,askacademia_train,losing_improve_claude,no,no
852ddcb1-21da-4644-a98b-b944d731d8df,askacademia_train,losing_improve_gpt4omini,no,no
852ddcb1-21da-4644-a98b-b944d731d8df,askacademia_train,losing_improve_llama,no,no
852ddcb1-21da-4644-a98b-b944d731d8df,askacademia_train,losing_improve_gpt5nano,no,no
852ddcb1-21da-4644-a98b-b944d731d8df,askacademia_train,losing_paraphrase_claude,no,no
852ddcb1-21da-4644-a98b-b944d731d8df,askacademia_train,losing_paraphrase_gemini,no,no
852ddcb1-21da-4644-a98b-b944d731d8df,askacademia_train,losing_improve_mistral,no,no
852ddcb1-21da-4644-a98b-b944d731d8df,askacademia_train,losing_improve_qwen,no,no
852ddcb1-21da-4644-a98b-b944d731d8df,askacademia_train,losing_paraphrase_gpt4omini,no,no
852ddcb1-21da-4644-a98b-b944d731d8df,askacademia_train,losing_paraphrase_gpt5nano,no,no
852ddcb1-21da-4644-a98b-b944d731d8df,askacademia_train,losing_paraphrase_mistral,no,no
852ddcb1-21da-4644-a98b-b944d731d8df,askacademia_train,losing_paraphrase_llama,no,no
669ff101-0eb4-4387-97a3-50cb6e2ceaa0,askacademia_train,losing_generate_claude,no,no
669ff101-0eb4-4387-97a3-50cb6e2ceaa0,askacademia_train,losing_text,no,no
669ff101-0eb4-4387-97a3-50cb6e2ceaa0,askacademia_train,losing_generate_gemini,no,no
852ddcb1-21da-4644-a98b-b944d731d8df,askacademia_train,losing_paraphrase_qwen,no,no
669ff101-0eb4-4387-97a3-50cb6e2ceaa0,askacademia_train,winning_text,no,no
669ff101-0eb4-4387-97a3-50cb6e2ceaa0,askacademia_train,losing_generate_gpt4omini,no,no
669ff101-0eb4-4387-97a3-50cb6e2ceaa0,askacademia_train,losing_generate_llama,no,no
669ff101-0eb4-4387-97a3-50cb6e2ceaa0,askacademia_train,losing_generate_gpt5nano,no,no
669ff101-0eb4-4387-97a3-50cb6e2ceaa0,askacademia_train,losing_generate_mistral,no,no
669ff101-0eb4-4387-97a3-50cb6e2ceaa0,askacademia_train,losing_generate_qwen,no,no
669ff101-0eb4-4387-97a3-50cb6e2ceaa0,askacademia_train,losing_improve_gemini,no,no
669ff101-0eb4-4387-97a3-50cb6e2ceaa0,askacademia_train,losing_improve_claude,no,no
669ff101-0eb4-4387-97a3-50cb6e2ceaa0,askacademia_train,losing_improve_gpt5nano,no,no
669ff101-0eb4-4387-97a3-50cb6e2ceaa0,askacademia_train,losing_improve_gpt4omini,no,no
669ff101-0eb4-4387-97a3-50cb6e2ceaa0,askacademia_train,losing_improve_llama,no,no
669ff101-0eb4-4387-97a3-50cb6e2ceaa0,askacademia_train,losing_improve_mistral,no,no
669ff101-0eb4-4387-97a3-50cb6e2ceaa0,askacademia_train,losing_improve_qwen,no,no
669ff101-0eb4-4387-97a3-50cb6e2ceaa0,askacademia_train,losing_paraphrase_gemini,no,no
669ff101-0eb4-4387-97a3-50cb6e2ceaa0,askacademia_train,losing_paraphrase_claude,no,no
669ff101-0eb4-4387-97a3-50cb6e2ceaa0,askacademia_train,losing_paraphrase_gpt4omini,no,no
669ff101-0eb4-4387-97a3-50cb6e2ceaa0,askacademia_train,losing_paraphrase_llama,no,no
669ff101-0eb4-4387-97a3-50cb6e2ceaa0,askacademia_train,losing_paraphrase_gpt5nano,no,no
669ff101-0eb4-4387-97a3-50cb6e2ceaa0,askacademia_train,losing_paraphrase_qwen,no,no
669ff101-0eb4-4387-97a3-50cb6e2ceaa0,askacademia_train,losing_paraphrase_mistral,no,no
7ec12c56-e577-4088-8315-3d9ff4afea8d,askacademia_train,losing_generate_claude,no,no
7ec12c56-e577-4088-8315-3d9ff4afea8d,askacademia_train,winning_text,no,no
7ec12c56-e577-4088-8315-3d9ff4afea8d,askacademia_train,losing_generate_gpt4omini,no,no
7ec12c56-e577-4088-8315-3d9ff4afea8d,askacademia_train,losing_generate_gpt5nano,no,no
7ec12c56-e577-4088-8315-3d9ff4afea8d,askacademia_train,losing_text,no,no
7ec12c56-e577-4088-8315-3d9ff4afea8d,askacademia_train,losing_generate_gemini,no,no
7ec12c56-e577-4088-8315-3d9ff4afea8d,askacademia_train,losing_generate_llama,no,no
7ec12c56-e577-4088-8315-3d9ff4afea8d,askacademia_train,losing_generate_mistral,no,no
7ec12c56-e577-4088-8315-3d9ff4afea8d,askacademia_train,losing_improve_gpt4omini,no,no
7ec12c56-e577-4088-8315-3d9ff4afea8d,askacademia_train,losing_improve_claude,no,no
7ec12c56-e577-4088-8315-3d9ff4afea8d,askacademia_train,losing_improve_gemini,no,no
7ec12c56-e577-4088-8315-3d9ff4afea8d,askacademia_train,losing_generate_qwen,no,no
7ec12c56-e577-4088-8315-3d9ff4afea8d,askacademia_train,losing_improve_gpt5nano,no,no
7ec12c56-e577-4088-8315-3d9ff4afea8d,askacademia_train,losing_improve_llama,no,no
7ec12c56-e577-4088-8315-3d9ff4afea8d,askacademia_train,losing_improve_mistral,no,no
7ec12c56-e577-4088-8315-3d9ff4afea8d,askacademia_train,losing_improve_qwen,no,no
7ec12c56-e577-4088-8315-3d9ff4afea8d,askacademia_train,losing_paraphrase_gpt4omini,no,no
7ec12c56-e577-4088-8315-3d9ff4afea8d,askacademia_train,losing_paraphrase_claude,no,no
7ec12c56-e577-4088-8315-3d9ff4afea8d,askacademia_train,losing_paraphrase_gpt5nano,no,no
7ec12c56-e577-4088-8315-3d9ff4afea8d,askacademia_train,losing_paraphrase_gemini,no,no
7ec12c56-e577-4088-8315-3d9ff4afea8d,askacademia_train,losing_paraphrase_llama,no,no
7ec12c56-e577-4088-8315-3d9ff4afea8d,askacademia_train,losing_paraphrase_mistral,no,no
7ec12c56-e577-4088-8315-3d9ff4afea8d,askacademia_train,losing_paraphrase_qwen,no,no
3543e4db-1d24-432d-9f46-91d358490d40,askacademia_train,winning_text,no,no
3543e4db-1d24-432d-9f46-91d358490d40,askacademia_train,losing_generate_gpt4omini,no,no
3543e4db-1d24-432d-9f46-91d358490d40,askacademia_train,losing_generate_gemini,no,no
3543e4db-1d24-432d-9f46-91d358490d40,askacademia_train,losing_text,no,no
3543e4db-1d24-432d-9f46-91d358490d40,askacademia_train,losing_generate_claude,no,no
3543e4db-1d24-432d-9f46-91d358490d40,askacademia_train,losing_generate_gpt5nano,no,no
3543e4db-1d24-432d-9f46-91d358490d40,askacademia_train,losing_generate_llama,no,no
3543e4db-1d24-432d-9f46-91d358490d40,askacademia_train,losing_generate_mistral,no,no
3543e4db-1d24-432d-9f46-91d358490d40,askacademia_train,losing_generate_qwen,no,no
3543e4db-1d24-432d-9f46-91d358490d40,askacademia_train,losing_improve_gemini,no,no
3543e4db-1d24-432d-9f46-91d358490d40,askacademia_train,losing_improve_gpt5nano,no,no
3543e4db-1d24-432d-9f46-91d358490d40,askacademia_train,losing_improve_claude,no,no
3543e4db-1d24-432d-9f46-91d358490d40,askacademia_train,losing_improve_llama,no,no
3543e4db-1d24-432d-9f46-91d358490d40,askacademia_train,losing_improve_gpt4omini,no,no
3543e4db-1d24-432d-9f46-91d358490d40,askacademia_train,losing_improve_mistral,no,no
3543e4db-1d24-432d-9f46-91d358490d40,askacademia_train,losing_paraphrase_claude,no,no
3543e4db-1d24-432d-9f46-91d358490d40,askacademia_train,losing_improve_qwen,no,no
3543e4db-1d24-432d-9f46-91d358490d40,askacademia_train,losing_paraphrase_mistral,no,no
3543e4db-1d24-432d-9f46-91d358490d40,askacademia_train,losing_paraphrase_gpt5nano,no,no
3543e4db-1d24-432d-9f46-91d358490d40,askacademia_train,losing_paraphrase_gpt4omini,no,no
3543e4db-1d24-432d-9f46-91d358490d40,askacademia_train,losing_paraphrase_gemini,no,no
3543e4db-1d24-432d-9f46-91d358490d40,askacademia_train,losing_paraphrase_llama,no,no
3543e4db-1d24-432d-9f46-91d358490d40,askacademia_train,losing_paraphrase_qwen,no,no
5ae23fae-e8ff-4a1a-a668-6f93b9384fe5,askacademia_train,winning_text,no,no
5ae23fae-e8ff-4a1a-a668-6f93b9384fe5,askacademia_train,losing_text,no,no
5ae23fae-e8ff-4a1a-a668-6f93b9384fe5,askacademia_train,losing_generate_gemini,no,no
5ae23fae-e8ff-4a1a-a668-6f93b9384fe5,askacademia_train,losing_generate_gpt4omini,no,no
5ae23fae-e8ff-4a1a-a668-6f93b9384fe5,askacademia_train,losing_generate_llama,no,no
5ae23fae-e8ff-4a1a-a668-6f93b9384fe5,askacademia_train,losing_generate_claude,no,no
5ae23fae-e8ff-4a1a-a668-6f93b9384fe5,askacademia_train,losing_generate_mistral,no,no
5ae23fae-e8ff-4a1a-a668-6f93b9384fe5,askacademia_train,losing_generate_gpt5nano,yes,yes
5ae23fae-e8ff-4a1a-a668-6f93b9384fe5,askacademia_train,losing_improve_claude,no,no
5ae23fae-e8ff-4a1a-a668-6f93b9384fe5,askacademia_train,losing_generate_qwen,no,no
5ae23fae-e8ff-4a1a-a668-6f93b9384fe5,askacademia_train,losing_improve_gemini,no,no
5ae23fae-e8ff-4a1a-a668-6f93b9384fe5,askacademia_train,losing_improve_llama,no,no
5ae23fae-e8ff-4a1a-a668-6f93b9384fe5,askacademia_train,losing_improve_gpt5nano,no,no
5ae23fae-e8ff-4a1a-a668-6f93b9384fe5,askacademia_train,losing_improve_gpt4omini,no,no
5ae23fae-e8ff-4a1a-a668-6f93b9384fe5,askacademia_train,losing_improve_mistral,no,no
5ae23fae-e8ff-4a1a-a668-6f93b9384fe5,askacademia_train,losing_improve_qwen,no,no
5ae23fae-e8ff-4a1a-a668-6f93b9384fe5,askacademia_train,losing_paraphrase_gemini,no,no
5ae23fae-e8ff-4a1a-a668-6f93b9384fe5,askacademia_train,losing_paraphrase_claude,no,no
5ae23fae-e8ff-4a1a-a668-6f93b9384fe5,askacademia_train,losing_paraphrase_gpt5nano,no,no
5ae23fae-e8ff-4a1a-a668-6f93b9384fe5,askacademia_train,losing_paraphrase_mistral,no,no
5ae23fae-e8ff-4a1a-a668-6f93b9384fe5,askacademia_train,losing_paraphrase_llama,no,no
5ae23fae-e8ff-4a1a-a668-6f93b9384fe5,askacademia_train,losing_paraphrase_gpt4omini,no,no
5ae23fae-e8ff-4a1a-a668-6f93b9384fe5,askacademia_train,losing_paraphrase_qwen,no,no
a1bf7718-0903-4259-bee0-1896ba005896,askacademia_train,winning_text,no,no
a1bf7718-0903-4259-bee0-1896ba005896,askacademia_train,losing_generate_claude,no,no
a1bf7718-0903-4259-bee0-1896ba005896,askacademia_train,losing_text,no,no
a1bf7718-0903-4259-bee0-1896ba005896,askacademia_train,losing_generate_gpt5nano,no,no
a1bf7718-0903-4259-bee0-1896ba005896,askacademia_train,losing_generate_gpt4omini,no,no
a1bf7718-0903-4259-bee0-1896ba005896,askacademia_train,losing_generate_llama,no,no
a1bf7718-0903-4259-bee0-1896ba005896,askacademia_train,losing_generate_gemini,no,no
a1bf7718-0903-4259-bee0-1896ba005896,askacademia_train,losing_generate_qwen,no,no
a1bf7718-0903-4259-bee0-1896ba005896,askacademia_train,losing_generate_mistral,no,no
a1bf7718-0903-4259-bee0-1896ba005896,askacademia_train,losing_improve_gemini,no,no
a1bf7718-0903-4259-bee0-1896ba005896,askacademia_train,losing_improve_claude,no,no
a1bf7718-0903-4259-bee0-1896ba005896,askacademia_train,losing_improve_llama,no,no
a1bf7718-0903-4259-bee0-1896ba005896,askacademia_train,losing_improve_mistral,no,no
a1bf7718-0903-4259-bee0-1896ba005896,askacademia_train,losing_improve_gpt5nano,no,no
a1bf7718-0903-4259-bee0-1896ba005896,askacademia_train,losing_improve_gpt4omini,no,no
a1bf7718-0903-4259-bee0-1896ba005896,askacademia_train,losing_improve_qwen,no,no
a1bf7718-0903-4259-bee0-1896ba005896,askacademia_train,losing_paraphrase_claude,no,no
a1bf7718-0903-4259-bee0-1896ba005896,askacademia_train,losing_paraphrase_gemini,no,no
a1bf7718-0903-4259-bee0-1896ba005896,askacademia_train,losing_paraphrase_gpt4omini,no,no
a1bf7718-0903-4259-bee0-1896ba005896,askacademia_train,losing_paraphrase_llama,no,no
a1bf7718-0903-4259-bee0-1896ba005896,askacademia_train,losing_paraphrase_mistral,no,no
a1bf7718-0903-4259-bee0-1896ba005896,askacademia_train,losing_paraphrase_gpt5nano,no,no
fd7a8939-54da-4f73-aa5a-b6ceb3206110,askacademia_train,winning_text,no,no
a1bf7718-0903-4259-bee0-1896ba005896,askacademia_train,losing_paraphrase_qwen,no,no
fd7a8939-54da-4f73-aa5a-b6ceb3206110,askacademia_train,losing_text,no,no
fd7a8939-54da-4f73-aa5a-b6ceb3206110,askacademia_train,losing_generate_claude,no,no
fd7a8939-54da-4f73-aa5a-b6ceb3206110,askacademia_train,losing_generate_gemini,no,no
fd7a8939-54da-4f73-aa5a-b6ceb3206110,askacademia_train,losing_generate_llama,no,no
fd7a8939-54da-4f73-aa5a-b6ceb3206110,askacademia_train,losing_generate_gpt4omini,no,no
fd7a8939-54da-4f73-aa5a-b6ceb3206110,askacademia_train,losing_generate_gpt5nano,no,no
fd7a8939-54da-4f73-aa5a-b6ceb3206110,askacademia_train,losing_generate_qwen,no,no
fd7a8939-54da-4f73-aa5a-b6ceb3206110,askacademia_train,losing_generate_mistral,no,no
fd7a8939-54da-4f73-aa5a-b6ceb3206110,askacademia_train,losing_improve_claude,no,no
fd7a8939-54da-4f73-aa5a-b6ceb3206110,askacademia_train,losing_improve_gemini,no,no
fd7a8939-54da-4f73-aa5a-b6ceb3206110,askacademia_train,losing_improve_gpt4omini,no,no
fd7a8939-54da-4f73-aa5a-b6ceb3206110,askacademia_train,losing_improve_gpt5nano,no,no
fd7a8939-54da-4f73-aa5a-b6ceb3206110,askacademia_train,losing_improve_mistral,no,no
fd7a8939-54da-4f73-aa5a-b6ceb3206110,askacademia_train,losing_improve_llama,no,no
fd7a8939-54da-4f73-aa5a-b6ceb3206110,askacademia_train,losing_paraphrase_claude,no,no
fd7a8939-54da-4f73-aa5a-b6ceb3206110,askacademia_train,losing_improve_qwen,no,no
fd7a8939-54da-4f73-aa5a-b6ceb3206110,askacademia_train,losing_paraphrase_gemini,no,no
fd7a8939-54da-4f73-aa5a-b6ceb3206110,askacademia_train,losing_paraphrase_gpt5nano,no,no
fd7a8939-54da-4f73-aa5a-b6ceb3206110,askacademia_train,losing_paraphrase_gpt4omini,no,no
fd7a8939-54da-4f73-aa5a-b6ceb3206110,askacademia_train,losing_paraphrase_llama,no,no
fd7a8939-54da-4f73-aa5a-b6ceb3206110,askacademia_train,losing_paraphrase_mistral,no,no
fd7a8939-54da-4f73-aa5a-b6ceb3206110,askacademia_train,losing_paraphrase_qwen,no,no
b7be74dc-8d2c-4ccf-a1aa-1d6380f899e6,askacademia_train,winning_text,no,no
b7be74dc-8d2c-4ccf-a1aa-1d6380f899e6,askacademia_train,losing_generate_claude,no,no
b7be74dc-8d2c-4ccf-a1aa-1d6380f899e6,askacademia_train,losing_text,no,no
b7be74dc-8d2c-4ccf-a1aa-1d6380f899e6,askacademia_train,losing_generate_gemini,no,no
b7be74dc-8d2c-4ccf-a1aa-1d6380f899e6,askacademia_train,losing_generate_gpt4omini,no,no
b7be74dc-8d2c-4ccf-a1aa-1d6380f899e6,askacademia_train,losing_generate_mistral,no,no
b7be74dc-8d2c-4ccf-a1aa-1d6380f899e6,askacademia_train,losing_generate_llama,no,no
b7be74dc-8d2c-4ccf-a1aa-1d6380f899e6,askacademia_train,losing_generate_gpt5nano,no,no
b7be74dc-8d2c-4ccf-a1aa-1d6380f899e6,askacademia_train,losing_generate_qwen,no,no
b7be74dc-8d2c-4ccf-a1aa-1d6380f899e6,askacademia_train,losing_improve_claude,no,no
b7be74dc-8d2c-4ccf-a1aa-1d6380f899e6,askacademia_train,losing_improve_gemini,no,no
b7be74dc-8d2c-4ccf-a1aa-1d6380f899e6,askacademia_train,losing_improve_gpt4omini,no,no
b7be74dc-8d2c-4ccf-a1aa-1d6380f899e6,askacademia_train,losing_improve_gpt5nano,no,no
b7be74dc-8d2c-4ccf-a1aa-1d6380f899e6,askacademia_train,losing_improve_qwen,no,no
b7be74dc-8d2c-4ccf-a1aa-1d6380f899e6,askacademia_train,losing_improve_llama,no,no
b7be74dc-8d2c-4ccf-a1aa-1d6380f899e6,askacademia_train,losing_improve_mistral,no,no
b7be74dc-8d2c-4ccf-a1aa-1d6380f899e6,askacademia_train,losing_paraphrase_gemini,no,no
b7be74dc-8d2c-4ccf-a1aa-1d6380f899e6,askacademia_train,losing_paraphrase_gpt4omini,no,no
b7be74dc-8d2c-4ccf-a1aa-1d6380f899e6,askacademia_train,losing_paraphrase_claude,no,no
b7be74dc-8d2c-4ccf-a1aa-1d6380f899e6,askacademia_train,losing_paraphrase_llama,no,no
b7be74dc-8d2c-4ccf-a1aa-1d6380f899e6,askacademia_train,losing_paraphrase_gpt5nano,no,no
8e3a45bb-53da-4669-b7b4-24cf00e66d62,askacademia_train,winning_text,no,no
b7be74dc-8d2c-4ccf-a1aa-1d6380f899e6,askacademia_train,losing_paraphrase_mistral,no,no
b7be74dc-8d2c-4ccf-a1aa-1d6380f899e6,askacademia_train,losing_paraphrase_qwen,no,no
8e3a45bb-53da-4669-b7b4-24cf00e66d62,askacademia_train,losing_text,no,no
8e3a45bb-53da-4669-b7b4-24cf00e66d62,askacademia_train,losing_generate_claude,no,no
8e3a45bb-53da-4669-b7b4-24cf00e66d62,askacademia_train,losing_generate_gemini,no,no
8e3a45bb-53da-4669-b7b4-24cf00e66d62,askacademia_train,losing_generate_gpt4omini,no,no
8e3a45bb-53da-4669-b7b4-24cf00e66d62,askacademia_train,losing_generate_qwen,no,no
8e3a45bb-53da-4669-b7b4-24cf00e66d62,askacademia_train,losing_generate_mistral,no,no
8e3a45bb-53da-4669-b7b4-24cf00e66d62,askacademia_train,losing_generate_llama,no,no
8e3a45bb-53da-4669-b7b4-24cf00e66d62,askacademia_train,losing_improve_gpt4omini,no,no
8e3a45bb-53da-4669-b7b4-24cf00e66d62,askacademia_train,losing_improve_gpt5nano,no,no
8e3a45bb-53da-4669-b7b4-24cf00e66d62,askacademia_train,losing_improve_claude,no,no
8e3a45bb-53da-4669-b7b4-24cf00e66d62,askacademia_train,losing_generate_gpt5nano,no,no
8e3a45bb-53da-4669-b7b4-24cf00e66d62,askacademia_train,losing_improve_llama,no,no
8e3a45bb-53da-4669-b7b4-24cf00e66d62,askacademia_train,losing_improve_mistral,no,no
8e3a45bb-53da-4669-b7b4-24cf00e66d62,askacademia_train,losing_improve_gemini,no,no
8e3a45bb-53da-4669-b7b4-24cf00e66d62,askacademia_train,losing_paraphrase_claude,no,no
8e3a45bb-53da-4669-b7b4-24cf00e66d62,askacademia_train,losing_paraphrase_gemini,no,no
8e3a45bb-53da-4669-b7b4-24cf00e66d62,askacademia_train,losing_paraphrase_gpt4omini,no,no
8e3a45bb-53da-4669-b7b4-24cf00e66d62,askacademia_train,losing_improve_qwen,no,no
24c000fd-f544-4887-b521-1d6f7c74602d,askacademia_train,winning_text,no,no
8e3a45bb-53da-4669-b7b4-24cf00e66d62,askacademia_train,losing_paraphrase_qwen,no,no
8e3a45bb-53da-4669-b7b4-24cf00e66d62,askacademia_train,losing_paraphrase_mistral,no,no
8e3a45bb-53da-4669-b7b4-24cf00e66d62,askacademia_train,losing_paraphrase_llama,no,no
8e3a45bb-53da-4669-b7b4-24cf00e66d62,askacademia_train,losing_paraphrase_gpt5nano,no,no
24c000fd-f544-4887-b521-1d6f7c74602d,askacademia_train,losing_text,no,no
24c000fd-f544-4887-b521-1d6f7c74602d,askacademia_train,losing_generate_claude,no,no
24c000fd-f544-4887-b521-1d6f7c74602d,askacademia_train,losing_generate_gpt4omini,no,no
24c000fd-f544-4887-b521-1d6f7c74602d,askacademia_train,losing_generate_gpt5nano,yes,yes
24c000fd-f544-4887-b521-1d6f7c74602d,askacademia_train,losing_generate_gemini,no,no
24c000fd-f544-4887-b521-1d6f7c74602d,askacademia_train,losing_generate_llama,no,no
24c000fd-f544-4887-b521-1d6f7c74602d,askacademia_train,losing_generate_mistral,no,no
24c000fd-f544-4887-b521-1d6f7c74602d,askacademia_train,losing_generate_qwen,no,no
24c000fd-f544-4887-b521-1d6f7c74602d,askacademia_train,losing_improve_gemini,no,no
24c000fd-f544-4887-b521-1d6f7c74602d,askacademia_train,losing_improve_claude,no,no
24c000fd-f544-4887-b521-1d6f7c74602d,askacademia_train,losing_improve_gpt4omini,no,no
24c000fd-f544-4887-b521-1d6f7c74602d,askacademia_train,losing_improve_qwen,no,no
24c000fd-f544-4887-b521-1d6f7c74602d,askacademia_train,losing_improve_mistral,no,no
24c000fd-f544-4887-b521-1d6f7c74602d,askacademia_train,losing_improve_gpt5nano,no,no
24c000fd-f544-4887-b521-1d6f7c74602d,askacademia_train,losing_paraphrase_claude,no,no
24c000fd-f544-4887-b521-1d6f7c74602d,askacademia_train,losing_improve_llama,no,no
24c000fd-f544-4887-b521-1d6f7c74602d,askacademia_train,losing_paraphrase_gpt4omini,no,no
24c000fd-f544-4887-b521-1d6f7c74602d,askacademia_train,losing_paraphrase_gemini,no,no
24c000fd-f544-4887-b521-1d6f7c74602d,askacademia_train,losing_paraphrase_llama,no,no
c7a84565-29f2-45e1-b5c8-ea830089dafd,askacademia_train,losing_text,no,no
24c000fd-f544-4887-b521-1d6f7c74602d,askacademia_train,losing_paraphrase_qwen,no,no
c7a84565-29f2-45e1-b5c8-ea830089dafd,askacademia_train,winning_text,no,no
24c000fd-f544-4887-b521-1d6f7c74602d,askacademia_train,losing_paraphrase_gpt5nano,no,no
24c000fd-f544-4887-b521-1d6f7c74602d,askacademia_train,losing_paraphrase_mistral,no,no
c7a84565-29f2-45e1-b5c8-ea830089dafd,askacademia_train,losing_generate_claude,no,no
c7a84565-29f2-45e1-b5c8-ea830089dafd,askacademia_train,losing_generate_gemini,no,no
c7a84565-29f2-45e1-b5c8-ea830089dafd,askacademia_train,losing_generate_gpt4omini,no,no
c7a84565-29f2-45e1-b5c8-ea830089dafd,askacademia_train,losing_improve_claude,no,no
c7a84565-29f2-45e1-b5c8-ea830089dafd,askacademia_train,losing_generate_llama,no,no
c7a84565-29f2-45e1-b5c8-ea830089dafd,askacademia_train,losing_generate_qwen,no,no
c7a84565-29f2-45e1-b5c8-ea830089dafd,askacademia_train,losing_generate_gpt5nano,no,no
c7a84565-29f2-45e1-b5c8-ea830089dafd,askacademia_train,losing_generate_mistral,no,no
c7a84565-29f2-45e1-b5c8-ea830089dafd,askacademia_train,losing_improve_gpt4omini,no,no
c7a84565-29f2-45e1-b5c8-ea830089dafd,askacademia_train,losing_improve_gemini,no,no
c7a84565-29f2-45e1-b5c8-ea830089dafd,askacademia_train,losing_paraphrase_gemini,no,no
c7a84565-29f2-45e1-b5c8-ea830089dafd,askacademia_train,losing_improve_qwen,no,no
c7a84565-29f2-45e1-b5c8-ea830089dafd,askacademia_train,losing_improve_llama,no,no
c7a84565-29f2-45e1-b5c8-ea830089dafd,askacademia_train,losing_improve_mistral,no,no
c7a84565-29f2-45e1-b5c8-ea830089dafd,askacademia_train,losing_paraphrase_claude,no,no
c7a84565-29f2-45e1-b5c8-ea830089dafd,askacademia_train,losing_improve_gpt5nano,no,no
c7a84565-29f2-45e1-b5c8-ea830089dafd,askacademia_train,losing_paraphrase_gpt5nano,no,no
c7a84565-29f2-45e1-b5c8-ea830089dafd,askacademia_train,losing_paraphrase_gpt4omini,no,no
c7a84565-29f2-45e1-b5c8-ea830089dafd,askacademia_train,losing_paraphrase_qwen,no,no
c7a84565-29f2-45e1-b5c8-ea830089dafd,askacademia_train,losing_paraphrase_llama,no,no
833f55c8-5a97-42cb-b2a8-07dec8394f66,askacademia_train,winning_text,no,no
833f55c8-5a97-42cb-b2a8-07dec8394f66,askacademia_train,losing_text,no,no
c7a84565-29f2-45e1-b5c8-ea830089dafd,askacademia_train,losing_paraphrase_mistral,no,no
833f55c8-5a97-42cb-b2a8-07dec8394f66,askacademia_train,losing_generate_claude,no,no
833f55c8-5a97-42cb-b2a8-07dec8394f66,askacademia_train,losing_generate_gemini,no,no
833f55c8-5a97-42cb-b2a8-07dec8394f66,askacademia_train,losing_generate_gpt4omini,no,no
833f55c8-5a97-42cb-b2a8-07dec8394f66,askacademia_train,losing_generate_gpt5nano,no,no
833f55c8-5a97-42cb-b2a8-07dec8394f66,askacademia_train,losing_generate_mistral,no,no
833f55c8-5a97-42cb-b2a8-07dec8394f66,askacademia_train,losing_improve_claude,no,no
833f55c8-5a97-42cb-b2a8-07dec8394f66,askacademia_train,losing_improve_gemini,no,no
833f55c8-5a97-42cb-b2a8-07dec8394f66,askacademia_train,losing_generate_llama,no,no
833f55c8-5a97-42cb-b2a8-07dec8394f66,askacademia_train,losing_generate_qwen,no,no
833f55c8-5a97-42cb-b2a8-07dec8394f66,askacademia_train,losing_improve_gpt4omini,no,no
833f55c8-5a97-42cb-b2a8-07dec8394f66,askacademia_train,losing_improve_gpt5nano,no,no
833f55c8-5a97-42cb-b2a8-07dec8394f66,askacademia_train,losing_paraphrase_gemini,no,no
833f55c8-5a97-42cb-b2a8-07dec8394f66,askacademia_train,losing_improve_llama,no,no
833f55c8-5a97-42cb-b2a8-07dec8394f66,askacademia_train,losing_paraphrase_gpt4omini,no,no
833f55c8-5a97-42cb-b2a8-07dec8394f66,askacademia_train,losing_improve_qwen,no,no
833f55c8-5a97-42cb-b2a8-07dec8394f66,askacademia_train,losing_improve_mistral,no,no
833f55c8-5a97-42cb-b2a8-07dec8394f66,askacademia_train,losing_paraphrase_claude,no,no
833f55c8-5a97-42cb-b2a8-07dec8394f66,askacademia_train,losing_paraphrase_gpt5nano,no,no
833f55c8-5a97-42cb-b2a8-07dec8394f66,askacademia_train,losing_paraphrase_llama,no,no
833f55c8-5a97-42cb-b2a8-07dec8394f66,askacademia_train,losing_paraphrase_mistral,no,no
63dc3813-04cd-4278-9793-1606f591dbdd,askacademia_train,losing_generate_claude,no,no
63dc3813-04cd-4278-9793-1606f591dbdd,askacademia_train,winning_text,no,no
63dc3813-04cd-4278-9793-1606f591dbdd,askacademia_train,losing_text,no,no
63dc3813-04cd-4278-9793-1606f591dbdd,askacademia_train,losing_generate_gemini,no,no
833f55c8-5a97-42cb-b2a8-07dec8394f66,askacademia_train,losing_paraphrase_qwen,no,no
63dc3813-04cd-4278-9793-1606f591dbdd,askacademia_train,losing_generate_gpt4omini,no,no
63dc3813-04cd-4278-9793-1606f591dbdd,askacademia_train,losing_generate_gpt5nano,no,no
63dc3813-04cd-4278-9793-1606f591dbdd,askacademia_train,losing_improve_gpt4omini,no,no
63dc3813-04cd-4278-9793-1606f591dbdd,askacademia_train,losing_generate_llama,no,no
63dc3813-04cd-4278-9793-1606f591dbdd,askacademia_train,losing_generate_mistral,no,no
63dc3813-04cd-4278-9793-1606f591dbdd,askacademia_train,losing_generate_qwen,no,no
63dc3813-04cd-4278-9793-1606f591dbdd,askacademia_train,losing_improve_gemini,no,no
63dc3813-04cd-4278-9793-1606f591dbdd,askacademia_train,losing_improve_claude,no,no
63dc3813-04cd-4278-9793-1606f591dbdd,askacademia_train,losing_improve_llama,no,no
63dc3813-04cd-4278-9793-1606f591dbdd,askacademia_train,losing_improve_gpt5nano,no,no
63dc3813-04cd-4278-9793-1606f591dbdd,askacademia_train,losing_paraphrase_gpt5nano,no,no
63dc3813-04cd-4278-9793-1606f591dbdd,askacademia_train,losing_paraphrase_gpt4omini,no,no
63dc3813-04cd-4278-9793-1606f591dbdd,askacademia_train,losing_paraphrase_claude,no,no
63dc3813-04cd-4278-9793-1606f591dbdd,askacademia_train,losing_improve_mistral,no,no
63dc3813-04cd-4278-9793-1606f591dbdd,askacademia_train,losing_paraphrase_gemini,no,no
63dc3813-04cd-4278-9793-1606f591dbdd,askacademia_train,losing_improve_qwen,no,no
63dc3813-04cd-4278-9793-1606f591dbdd,askacademia_train,losing_paraphrase_mistral,no,no
63dc3813-04cd-4278-9793-1606f591dbdd,askacademia_train,losing_paraphrase_llama,no,no
f9eb28f5-033f-4795-b0ad-d94f4e4eb0df,askacademia_train,losing_generate_gemini,no,no
63dc3813-04cd-4278-9793-1606f591dbdd,askacademia_train,losing_paraphrase_qwen,no,no
f9eb28f5-033f-4795-b0ad-d94f4e4eb0df,askacademia_train,losing_text,no,no
f9eb28f5-033f-4795-b0ad-d94f4e4eb0df,askacademia_train,winning_text,no,no
f9eb28f5-033f-4795-b0ad-d94f4e4eb0df,askacademia_train,losing_generate_gpt4omini,no,no
f9eb28f5-033f-4795-b0ad-d94f4e4eb0df,askacademia_train,losing_generate_gpt5nano,no,no
f9eb28f5-033f-4795-b0ad-d94f4e4eb0df,askacademia_train,losing_generate_llama,no,no
f9eb28f5-033f-4795-b0ad-d94f4e4eb0df,askacademia_train,losing_generate_claude,no,no
f9eb28f5-033f-4795-b0ad-d94f4e4eb0df,askacademia_train,losing_improve_gpt4omini,no,no
f9eb28f5-033f-4795-b0ad-d94f4e4eb0df,askacademia_train,losing_improve_claude,no,no
f9eb28f5-033f-4795-b0ad-d94f4e4eb0df,askacademia_train,losing_generate_mistral,no,no
f9eb28f5-033f-4795-b0ad-d94f4e4eb0df,askacademia_train,losing_improve_gemini,no,no
f9eb28f5-033f-4795-b0ad-d94f4e4eb0df,askacademia_train,losing_generate_qwen,no,no
f9eb28f5-033f-4795-b0ad-d94f4e4eb0df,askacademia_train,losing_improve_llama,no,no
f9eb28f5-033f-4795-b0ad-d94f4e4eb0df,askacademia_train,losing_improve_gpt5nano,no,no
f9eb28f5-033f-4795-b0ad-d94f4e4eb0df,askacademia_train,losing_improve_mistral,no,no
f9eb28f5-033f-4795-b0ad-d94f4e4eb0df,askacademia_train,losing_paraphrase_claude,no,no
f9eb28f5-033f-4795-b0ad-d94f4e4eb0df,askacademia_train,losing_paraphrase_gpt4omini,no,no
f9eb28f5-033f-4795-b0ad-d94f4e4eb0df,askacademia_train,losing_improve_qwen,no,no
f9eb28f5-033f-4795-b0ad-d94f4e4eb0df,askacademia_train,losing_paraphrase_gemini,no,no
f9eb28f5-033f-4795-b0ad-d94f4e4eb0df,askacademia_train,losing_paraphrase_gpt5nano,no,no
f9eb28f5-033f-4795-b0ad-d94f4e4eb0df,askacademia_train,losing_paraphrase_llama,no,no
f9eb28f5-033f-4795-b0ad-d94f4e4eb0df,askacademia_train,losing_paraphrase_qwen,no,no
f9eb28f5-033f-4795-b0ad-d94f4e4eb0df,askacademia_train,losing_paraphrase_mistral,no,no
a0ec2689-dd6b-449a-a8d8-2262aacfe8e5,askacademia_train,losing_text,no,no
a0ec2689-dd6b-449a-a8d8-2262aacfe8e5,askacademia_train,losing_generate_gpt4omini,no,no
a0ec2689-dd6b-449a-a8d8-2262aacfe8e5,askacademia_train,winning_text,no,no
a0ec2689-dd6b-449a-a8d8-2262aacfe8e5,askacademia_train,losing_generate_claude,no,no
a0ec2689-dd6b-449a-a8d8-2262aacfe8e5,askacademia_train,losing_generate_gemini,no,no
a0ec2689-dd6b-449a-a8d8-2262aacfe8e5,askacademia_train,losing_generate_llama,no,no
a0ec2689-dd6b-449a-a8d8-2262aacfe8e5,askacademia_train,losing_generate_mistral,no,no
a0ec2689-dd6b-449a-a8d8-2262aacfe8e5,askacademia_train,losing_generate_gpt5nano,no,no
a0ec2689-dd6b-449a-a8d8-2262aacfe8e5,askacademia_train,losing_improve_gemini,no,no
a0ec2689-dd6b-449a-a8d8-2262aacfe8e5,askacademia_train,losing_improve_claude,no,no
a0ec2689-dd6b-449a-a8d8-2262aacfe8e5,askacademia_train,losing_improve_gpt4omini,no,no
a0ec2689-dd6b-449a-a8d8-2262aacfe8e5,askacademia_train,losing_generate_qwen,no,no
a0ec2689-dd6b-449a-a8d8-2262aacfe8e5,askacademia_train,losing_improve_gpt5nano,no,no
a0ec2689-dd6b-449a-a8d8-2262aacfe8e5,askacademia_train,losing_improve_llama,no,no
a0ec2689-dd6b-449a-a8d8-2262aacfe8e5,askacademia_train,losing_improve_qwen,no,no
a0ec2689-dd6b-449a-a8d8-2262aacfe8e5,askacademia_train,losing_improve_mistral,no,no
a0ec2689-dd6b-449a-a8d8-2262aacfe8e5,askacademia_train,losing_paraphrase_claude,no,no
a0ec2689-dd6b-449a-a8d8-2262aacfe8e5,askacademia_train,losing_paraphrase_gemini,no,no
a0ec2689-dd6b-449a-a8d8-2262aacfe8e5,askacademia_train,losing_paraphrase_gpt4omini,no,no
a0ec2689-dd6b-449a-a8d8-2262aacfe8e5,askacademia_train,losing_paraphrase_llama,no,no
a0ec2689-dd6b-449a-a8d8-2262aacfe8e5,askacademia_train,losing_paraphrase_mistral,no,no
a0ec2689-dd6b-449a-a8d8-2262aacfe8e5,askacademia_train,losing_paraphrase_qwen,no,no
a0ec2689-dd6b-449a-a8d8-2262aacfe8e5,askacademia_train,losing_paraphrase_gpt5nano,no,no
b9a7dce2-b5e5-43e3-a806-b688108049ce,askacademia_train,winning_text,no,no
b9a7dce2-b5e5-43e3-a806-b688108049ce,askacademia_train,losing_text,no,no
b9a7dce2-b5e5-43e3-a806-b688108049ce,askacademia_train,losing_generate_claude,no,no
b9a7dce2-b5e5-43e3-a806-b688108049ce,askacademia_train,losing_generate_mistral,no,no
b9a7dce2-b5e5-43e3-a806-b688108049ce,askacademia_train,losing_generate_gemini,no,no
b9a7dce2-b5e5-43e3-a806-b688108049ce,askacademia_train,losing_generate_llama,no,no
b9a7dce2-b5e5-43e3-a806-b688108049ce,askacademia_train,losing_generate_qwen,no,no
b9a7dce2-b5e5-43e3-a806-b688108049ce,askacademia_train,losing_generate_gpt5nano,no,no
b9a7dce2-b5e5-43e3-a806-b688108049ce,askacademia_train,losing_generate_gpt4omini,no,no
b9a7dce2-b5e5-43e3-a806-b688108049ce,askacademia_train,losing_improve_claude,no,no
b9a7dce2-b5e5-43e3-a806-b688108049ce,askacademia_train,losing_improve_gemini,no,no
b9a7dce2-b5e5-43e3-a806-b688108049ce,askacademia_train,losing_improve_gpt4omini,no,no
b9a7dce2-b5e5-43e3-a806-b688108049ce,askacademia_train,losing_improve_gpt5nano,no,no
b9a7dce2-b5e5-43e3-a806-b688108049ce,askacademia_train,losing_paraphrase_claude,no,no
b9a7dce2-b5e5-43e3-a806-b688108049ce,askacademia_train,losing_improve_mistral,no,no
b9a7dce2-b5e5-43e3-a806-b688108049ce,askacademia_train,losing_improve_qwen,no,no
b9a7dce2-b5e5-43e3-a806-b688108049ce,askacademia_train,losing_improve_llama,no,no
b9a7dce2-b5e5-43e3-a806-b688108049ce,askacademia_train,losing_paraphrase_gemini,no,no
b9a7dce2-b5e5-43e3-a806-b688108049ce,askacademia_train,losing_paraphrase_gpt4omini,no,no
b9a7dce2-b5e5-43e3-a806-b688108049ce,askacademia_train,losing_paraphrase_qwen,no,no
b9a7dce2-b5e5-43e3-a806-b688108049ce,askacademia_train,losing_paraphrase_gpt5nano,no,no
b9a7dce2-b5e5-43e3-a806-b688108049ce,askacademia_train,losing_paraphrase_llama,no,no
b9a7dce2-b5e5-43e3-a806-b688108049ce,askacademia_train,losing_paraphrase_mistral,no,no
5acb90f4-26ff-4bbe-8703-efd78c8bb85a,askacademia_train,winning_text,no,no
5acb90f4-26ff-4bbe-8703-efd78c8bb85a,askacademia_train,losing_text,no,no
5acb90f4-26ff-4bbe-8703-efd78c8bb85a,askacademia_train,losing_generate_claude,no,no
5acb90f4-26ff-4bbe-8703-efd78c8bb85a,askacademia_train,losing_generate_gemini,no,no
5acb90f4-26ff-4bbe-8703-efd78c8bb85a,askacademia_train,losing_generate_llama,no,no
5acb90f4-26ff-4bbe-8703-efd78c8bb85a,askacademia_train,losing_generate_gpt4omini,no,no
5acb90f4-26ff-4bbe-8703-efd78c8bb85a,askacademia_train,losing_generate_mistral,no,no
5acb90f4-26ff-4bbe-8703-efd78c8bb85a,askacademia_train,losing_generate_qwen,no,no
5acb90f4-26ff-4bbe-8703-efd78c8bb85a,askacademia_train,losing_improve_claude,no,no
5acb90f4-26ff-4bbe-8703-efd78c8bb85a,askacademia_train,losing_improve_gpt4omini,no,no
5acb90f4-26ff-4bbe-8703-efd78c8bb85a,askacademia_train,losing_generate_gpt5nano,no,no
5acb90f4-26ff-4bbe-8703-efd78c8bb85a,askacademia_train,losing_improve_gemini,no,no
5acb90f4-26ff-4bbe-8703-efd78c8bb85a,askacademia_train,losing_improve_mistral,no,no
5acb90f4-26ff-4bbe-8703-efd78c8bb85a,askacademia_train,losing_paraphrase_gpt5nano,no,no
5acb90f4-26ff-4bbe-8703-efd78c8bb85a,askacademia_train,losing_paraphrase_gemini,no,no
5acb90f4-26ff-4bbe-8703-efd78c8bb85a,askacademia_train,losing_improve_gpt5nano,no,no
5acb90f4-26ff-4bbe-8703-efd78c8bb85a,askacademia_train,losing_improve_qwen,no,no
5acb90f4-26ff-4bbe-8703-efd78c8bb85a,askacademia_train,losing_improve_llama,no,no
5acb90f4-26ff-4bbe-8703-efd78c8bb85a,askacademia_train,losing_paraphrase_claude,no,no
5acb90f4-26ff-4bbe-8703-efd78c8bb85a,askacademia_train,losing_paraphrase_gpt4omini,no,no
61eab7a2-63aa-48f1-9122-8994e78ed7ac,askacademia_train,losing_generate_gemini,no,no
5acb90f4-26ff-4bbe-8703-efd78c8bb85a,askacademia_train,losing_paraphrase_llama,no,no
61eab7a2-63aa-48f1-9122-8994e78ed7ac,askacademia_train,losing_generate_claude,no,no
61eab7a2-63aa-48f1-9122-8994e78ed7ac,askacademia_train,losing_generate_gpt4omini,no,no
5acb90f4-26ff-4bbe-8703-efd78c8bb85a,askacademia_train,losing_paraphrase_mistral,no,no
5acb90f4-26ff-4bbe-8703-efd78c8bb85a,askacademia_train,losing_paraphrase_qwen,no,no
61eab7a2-63aa-48f1-9122-8994e78ed7ac,askacademia_train,winning_text,no,no
61eab7a2-63aa-48f1-9122-8994e78ed7ac,askacademia_train,losing_text,no,no
61eab7a2-63aa-48f1-9122-8994e78ed7ac,askacademia_train,losing_generate_gpt5nano,yes,yes
61eab7a2-63aa-48f1-9122-8994e78ed7ac,askacademia_train,losing_improve_gemini,no,no
61eab7a2-63aa-48f1-9122-8994e78ed7ac,askacademia_train,losing_improve_gpt5nano,no,no
61eab7a2-63aa-48f1-9122-8994e78ed7ac,askacademia_train,losing_improve_gpt4omini,no,no
61eab7a2-63aa-48f1-9122-8994e78ed7ac,askacademia_train,losing_generate_llama,no,no
61eab7a2-63aa-48f1-9122-8994e78ed7ac,askacademia_train,losing_generate_qwen,no,no
61eab7a2-63aa-48f1-9122-8994e78ed7ac,askacademia_train,losing_improve_claude,no,no
61eab7a2-63aa-48f1-9122-8994e78ed7ac,askacademia_train,losing_generate_mistral,no,no
61eab7a2-63aa-48f1-9122-8994e78ed7ac,askacademia_train,losing_paraphrase_gpt4omini,no,no
61eab7a2-63aa-48f1-9122-8994e78ed7ac,askacademia_train,losing_paraphrase_llama,no,no
61eab7a2-63aa-48f1-9122-8994e78ed7ac,askacademia_train,losing_improve_qwen,no,no
61eab7a2-63aa-48f1-9122-8994e78ed7ac,askacademia_train,losing_improve_llama,no,no
61eab7a2-63aa-48f1-9122-8994e78ed7ac,askacademia_train,losing_improve_mistral,no,no
61eab7a2-63aa-48f1-9122-8994e78ed7ac,askacademia_train,losing_paraphrase_gemini,no,no
61eab7a2-63aa-48f1-9122-8994e78ed7ac,askacademia_train,losing_paraphrase_gpt5nano,no,no
61eab7a2-63aa-48f1-9122-8994e78ed7ac,askacademia_train,losing_paraphrase_claude,no,no
24f3a231-59a6-4bd0-885d-0e8db6e59c16,askacademia_train,winning_text,no,no
24f3a231-59a6-4bd0-885d-0e8db6e59c16,askacademia_train,losing_generate_gpt4omini,no,no
61eab7a2-63aa-48f1-9122-8994e78ed7ac,askacademia_train,losing_paraphrase_qwen,no,no
61eab7a2-63aa-48f1-9122-8994e78ed7ac,askacademia_train,losing_paraphrase_mistral,no,no
24f3a231-59a6-4bd0-885d-0e8db6e59c16,askacademia_train,losing_text,no,no
24f3a231-59a6-4bd0-885d-0e8db6e59c16,askacademia_train,losing_generate_gemini,no,no
24f3a231-59a6-4bd0-885d-0e8db6e59c16,askacademia_train,losing_generate_gpt5nano,no,no
24f3a231-59a6-4bd0-885d-0e8db6e59c16,askacademia_train,losing_generate_claude,no,no
24f3a231-59a6-4bd0-885d-0e8db6e59c16,askacademia_train,losing_generate_llama,no,no
24f3a231-59a6-4bd0-885d-0e8db6e59c16,askacademia_train,losing_generate_qwen,no,no
24f3a231-59a6-4bd0-885d-0e8db6e59c16,askacademia_train,losing_generate_mistral,no,no
24f3a231-59a6-4bd0-885d-0e8db6e59c16,askacademia_train,losing_improve_claude,no,no
24f3a231-59a6-4bd0-885d-0e8db6e59c16,askacademia_train,losing_improve_gemini,no,no
24f3a231-59a6-4bd0-885d-0e8db6e59c16,askacademia_train,losing_improve_gpt5nano,no,no
24f3a231-59a6-4bd0-885d-0e8db6e59c16,askacademia_train,losing_improve_gpt4omini,no,no
24f3a231-59a6-4bd0-885d-0e8db6e59c16,askacademia_train,losing_improve_llama,no,no
24f3a231-59a6-4bd0-885d-0e8db6e59c16,askacademia_train,losing_improve_mistral,no,no
24f3a231-59a6-4bd0-885d-0e8db6e59c16,askacademia_train,losing_paraphrase_gemini,no,no
24f3a231-59a6-4bd0-885d-0e8db6e59c16,askacademia_train,losing_paraphrase_claude,no,no
24f3a231-59a6-4bd0-885d-0e8db6e59c16,askacademia_train,losing_paraphrase_mistral,no,no
24f3a231-59a6-4bd0-885d-0e8db6e59c16,askacademia_train,losing_improve_qwen,no,no
24f3a231-59a6-4bd0-885d-0e8db6e59c16,askacademia_train,losing_paraphrase_gpt5nano,no,no
24f3a231-59a6-4bd0-885d-0e8db6e59c16,askacademia_train,losing_paraphrase_llama,no,no
24f3a231-59a6-4bd0-885d-0e8db6e59c16,askacademia_train,losing_paraphrase_gpt4omini,no,no
bc931a97-f7cc-4370-a10d-d413648094a2,askacademia_train,winning_text,no,no
24f3a231-59a6-4bd0-885d-0e8db6e59c16,askacademia_train,losing_paraphrase_qwen,no,no
bc931a97-f7cc-4370-a10d-d413648094a2,askacademia_train,losing_text,no,no
bc931a97-f7cc-4370-a10d-d413648094a2,askacademia_train,losing_generate_llama,no,no
bc931a97-f7cc-4370-a10d-d413648094a2,askacademia_train,losing_generate_gemini,no,no
bc931a97-f7cc-4370-a10d-d413648094a2,askacademia_train,losing_generate_gpt4omini,no,no
bc931a97-f7cc-4370-a10d-d413648094a2,askacademia_train,losing_generate_claude,no,no
bc931a97-f7cc-4370-a10d-d413648094a2,askacademia_train,losing_generate_gpt5nano,no,no
bc931a97-f7cc-4370-a10d-d413648094a2,askacademia_train,losing_generate_mistral,no,no
bc931a97-f7cc-4370-a10d-d413648094a2,askacademia_train,losing_improve_claude,no,no
bc931a97-f7cc-4370-a10d-d413648094a2,askacademia_train,losing_generate_qwen,no,no
bc931a97-f7cc-4370-a10d-d413648094a2,askacademia_train,losing_improve_gpt5nano,no,no
bc931a97-f7cc-4370-a10d-d413648094a2,askacademia_train,losing_improve_mistral,no,no
bc931a97-f7cc-4370-a10d-d413648094a2,askacademia_train,losing_improve_gpt4omini,no,no
bc931a97-f7cc-4370-a10d-d413648094a2,askacademia_train,losing_improve_gemini,no,no
bc931a97-f7cc-4370-a10d-d413648094a2,askacademia_train,losing_improve_llama,no,no
bc931a97-f7cc-4370-a10d-d413648094a2,askacademia_train,losing_paraphrase_claude,no,no
bc931a97-f7cc-4370-a10d-d413648094a2,askacademia_train,losing_improve_qwen,no,no
bc931a97-f7cc-4370-a10d-d413648094a2,askacademia_train,losing_paraphrase_gemini,no,no
bc931a97-f7cc-4370-a10d-d413648094a2,askacademia_train,losing_paraphrase_llama,no,no
bc931a97-f7cc-4370-a10d-d413648094a2,askacademia_train,losing_paraphrase_gpt5nano,no,no
bc931a97-f7cc-4370-a10d-d413648094a2,askacademia_train,losing_paraphrase_mistral,no,no
bc931a97-f7cc-4370-a10d-d413648094a2,askacademia_train,losing_paraphrase_qwen,no,no
92c8bc45-ef94-4171-a433-e71f36e592be,askacademia_train,losing_text,no,no
92c8bc45-ef94-4171-a433-e71f36e592be,askacademia_train,winning_text,no,no
bc931a97-f7cc-4370-a10d-d413648094a2,askacademia_train,losing_paraphrase_gpt4omini,no,no
92c8bc45-ef94-4171-a433-e71f36e592be,askacademia_train,losing_generate_claude,no,no
92c8bc45-ef94-4171-a433-e71f36e592be,askacademia_train,losing_generate_gpt4omini,no,no
92c8bc45-ef94-4171-a433-e71f36e592be,askacademia_train,losing_generate_llama,no,no
92c8bc45-ef94-4171-a433-e71f36e592be,askacademia_train,losing_generate_gemini,no,no
92c8bc45-ef94-4171-a433-e71f36e592be,askacademia_train,losing_generate_gpt5nano,no,no
92c8bc45-ef94-4171-a433-e71f36e592be,askacademia_train,losing_generate_qwen,no,no
92c8bc45-ef94-4171-a433-e71f36e592be,askacademia_train,losing_improve_claude,no,no
92c8bc45-ef94-4171-a433-e71f36e592be,askacademia_train,losing_generate_mistral,no,no
92c8bc45-ef94-4171-a433-e71f36e592be,askacademia_train,losing_improve_gemini,no,no
92c8bc45-ef94-4171-a433-e71f36e592be,askacademia_train,losing_improve_gpt4omini,no,no
92c8bc45-ef94-4171-a433-e71f36e592be,askacademia_train,losing_improve_mistral,no,no
92c8bc45-ef94-4171-a433-e71f36e592be,askacademia_train,losing_improve_gpt5nano,no,no
92c8bc45-ef94-4171-a433-e71f36e592be,askacademia_train,losing_improve_llama,no,no
92c8bc45-ef94-4171-a433-e71f36e592be,askacademia_train,losing_improve_qwen,no,no
92c8bc45-ef94-4171-a433-e71f36e592be,askacademia_train,losing_paraphrase_claude,no,no
92c8bc45-ef94-4171-a433-e71f36e592be,askacademia_train,losing_paraphrase_gemini,no,no
92c8bc45-ef94-4171-a433-e71f36e592be,askacademia_train,losing_paraphrase_gpt4omini,no,no
92c8bc45-ef94-4171-a433-e71f36e592be,askacademia_train,losing_paraphrase_llama,no,no
92c8bc45-ef94-4171-a433-e71f36e592be,askacademia_train,losing_paraphrase_gpt5nano,no,no
92c8bc45-ef94-4171-a433-e71f36e592be,askacademia_train,losing_paraphrase_mistral,no,no
92c8bc45-ef94-4171-a433-e71f36e592be,askacademia_train,losing_paraphrase_qwen,no,no
df72e015-8417-47b6-9eaf-8205041ea649,askacademia_train,winning_text,no,no
df72e015-8417-47b6-9eaf-8205041ea649,askacademia_train,losing_text,no,no
df72e015-8417-47b6-9eaf-8205041ea649,askacademia_train,losing_generate_claude,no,no
df72e015-8417-47b6-9eaf-8205041ea649,askacademia_train,losing_generate_gemini,no,no
df72e015-8417-47b6-9eaf-8205041ea649,askacademia_train,losing_generate_gpt5nano,no,no
df72e015-8417-47b6-9eaf-8205041ea649,askacademia_train,losing_generate_mistral,no,no
df72e015-8417-47b6-9eaf-8205041ea649,askacademia_train,losing_generate_qwen,no,no
df72e015-8417-47b6-9eaf-8205041ea649,askacademia_train,losing_generate_llama,no,no
df72e015-8417-47b6-9eaf-8205041ea649,askacademia_train,losing_generate_gpt4omini,no,no
df72e015-8417-47b6-9eaf-8205041ea649,askacademia_train,losing_improve_claude,no,no
df72e015-8417-47b6-9eaf-8205041ea649,askacademia_train,losing_improve_gemini,no,no
df72e015-8417-47b6-9eaf-8205041ea649,askacademia_train,losing_improve_gpt4omini,no,no
df72e015-8417-47b6-9eaf-8205041ea649,askacademia_train,losing_improve_qwen,no,no
df72e015-8417-47b6-9eaf-8205041ea649,askacademia_train,losing_improve_gpt5nano,no,no
df72e015-8417-47b6-9eaf-8205041ea649,askacademia_train,losing_paraphrase_claude,no,no
df72e015-8417-47b6-9eaf-8205041ea649,askacademia_train,losing_improve_llama,no,no
df72e015-8417-47b6-9eaf-8205041ea649,askacademia_train,losing_improve_mistral,no,no
df72e015-8417-47b6-9eaf-8205041ea649,askacademia_train,losing_paraphrase_gemini,no,no
df72e015-8417-47b6-9eaf-8205041ea649,askacademia_train,losing_paraphrase_gpt5nano,no,no
df72e015-8417-47b6-9eaf-8205041ea649,askacademia_train,losing_paraphrase_gpt4omini,no,no
df72e015-8417-47b6-9eaf-8205041ea649,askacademia_train,losing_paraphrase_llama,no,no
df72e015-8417-47b6-9eaf-8205041ea649,askacademia_train,losing_paraphrase_mistral,no,no
bf8673d4-22f3-43d7-b8f0-2ca036a168b9,askacademia_train,winning_text,no,no
bf8673d4-22f3-43d7-b8f0-2ca036a168b9,askacademia_train,losing_text,no,no
df72e015-8417-47b6-9eaf-8205041ea649,askacademia_train,losing_paraphrase_qwen,no,no
bf8673d4-22f3-43d7-b8f0-2ca036a168b9,askacademia_train,losing_generate_claude,no,no
bf8673d4-22f3-43d7-b8f0-2ca036a168b9,askacademia_train,losing_generate_gpt4omini,no,no
bf8673d4-22f3-43d7-b8f0-2ca036a168b9,askacademia_train,losing_generate_gemini,no,no
bf8673d4-22f3-43d7-b8f0-2ca036a168b9,askacademia_train,losing_improve_claude,no,no
bf8673d4-22f3-43d7-b8f0-2ca036a168b9,askacademia_train,losing_generate_mistral,no,no
bf8673d4-22f3-43d7-b8f0-2ca036a168b9,askacademia_train,losing_generate_llama,no,no
bf8673d4-22f3-43d7-b8f0-2ca036a168b9,askacademia_train,losing_generate_gpt5nano,no,no
bf8673d4-22f3-43d7-b8f0-2ca036a168b9,askacademia_train,losing_generate_qwen,no,no
bf8673d4-22f3-43d7-b8f0-2ca036a168b9,askacademia_train,losing_improve_gemini,no,no
bf8673d4-22f3-43d7-b8f0-2ca036a168b9,askacademia_train,losing_improve_gpt4omini,no,no
bf8673d4-22f3-43d7-b8f0-2ca036a168b9,askacademia_train,losing_improve_gpt5nano,no,no
bf8673d4-22f3-43d7-b8f0-2ca036a168b9,askacademia_train,losing_paraphrase_gemini,no,no
bf8673d4-22f3-43d7-b8f0-2ca036a168b9,askacademia_train,losing_improve_llama,no,no
bf8673d4-22f3-43d7-b8f0-2ca036a168b9,askacademia_train,losing_paraphrase_claude,no,no
bf8673d4-22f3-43d7-b8f0-2ca036a168b9,askacademia_train,losing_improve_mistral,no,no
bf8673d4-22f3-43d7-b8f0-2ca036a168b9,askacademia_train,losing_improve_qwen,no,no
bf8673d4-22f3-43d7-b8f0-2ca036a168b9,askacademia_train,losing_paraphrase_gpt4omini,no,no
bf8673d4-22f3-43d7-b8f0-2ca036a168b9,askacademia_train,losing_paraphrase_llama,no,no
bf8673d4-22f3-43d7-b8f0-2ca036a168b9,askacademia_train,losing_paraphrase_gpt5nano,no,no
a6e15ca2-b43c-4d81-a71b-051aebe7282a,askacademia_train,losing_text,no,no
a6e15ca2-b43c-4d81-a71b-051aebe7282a,askacademia_train,winning_text,no,no
bf8673d4-22f3-43d7-b8f0-2ca036a168b9,askacademia_train,losing_paraphrase_mistral,no,no
a6e15ca2-b43c-4d81-a71b-051aebe7282a,askacademia_train,losing_generate_claude,no,no
bf8673d4-22f3-43d7-b8f0-2ca036a168b9,askacademia_train,losing_paraphrase_qwen,no,no
a6e15ca2-b43c-4d81-a71b-051aebe7282a,askacademia_train,losing_generate_gemini,no,no
a6e15ca2-b43c-4d81-a71b-051aebe7282a,askacademia_train,losing_generate_gpt4omini,no,no
a6e15ca2-b43c-4d81-a71b-051aebe7282a,askacademia_train,losing_generate_gpt5nano,no,no
a6e15ca2-b43c-4d81-a71b-051aebe7282a,askacademia_train,losing_improve_claude,no,no
a6e15ca2-b43c-4d81-a71b-051aebe7282a,askacademia_train,losing_generate_mistral,no,no
a6e15ca2-b43c-4d81-a71b-051aebe7282a,askacademia_train,losing_generate_llama,no,no
a6e15ca2-b43c-4d81-a71b-051aebe7282a,askacademia_train,losing_generate_qwen,no,no
a6e15ca2-b43c-4d81-a71b-051aebe7282a,askacademia_train,losing_improve_gemini,no,no
a6e15ca2-b43c-4d81-a71b-051aebe7282a,askacademia_train,losing_improve_gpt4omini,no,no
a6e15ca2-b43c-4d81-a71b-051aebe7282a,askacademia_train,losing_improve_gpt5nano,no,no
a6e15ca2-b43c-4d81-a71b-051aebe7282a,askacademia_train,losing_improve_llama,no,no
a6e15ca2-b43c-4d81-a71b-051aebe7282a,askacademia_train,losing_paraphrase_gpt4omini,no,no
a6e15ca2-b43c-4d81-a71b-051aebe7282a,askacademia_train,losing_paraphrase_claude,no,no
a6e15ca2-b43c-4d81-a71b-051aebe7282a,askacademia_train,losing_paraphrase_gemini,no,no
a6e15ca2-b43c-4d81-a71b-051aebe7282a,askacademia_train,losing_improve_qwen,no,no
a6e15ca2-b43c-4d81-a71b-051aebe7282a,askacademia_train,losing_improve_mistral,no,no
a6e15ca2-b43c-4d81-a71b-051aebe7282a,askacademia_train,losing_paraphrase_gpt5nano,no,no
a6e15ca2-b43c-4d81-a71b-051aebe7282a,askacademia_train,losing_paraphrase_mistral,no,no
a6e15ca2-b43c-4d81-a71b-051aebe7282a,askacademia_train,losing_paraphrase_llama,no,no
aef4bb36-e9fc-4419-b4eb-d73502e0021f,askacademia_train,losing_generate_claude,no,no
a6e15ca2-b43c-4d81-a71b-051aebe7282a,askacademia_train,losing_paraphrase_qwen,no,no
aef4bb36-e9fc-4419-b4eb-d73502e0021f,askacademia_train,losing_generate_gemini,no,no
aef4bb36-e9fc-4419-b4eb-d73502e0021f,askacademia_train,winning_text,no,no
aef4bb36-e9fc-4419-b4eb-d73502e0021f,askacademia_train,losing_text,no,no
aef4bb36-e9fc-4419-b4eb-d73502e0021f,askacademia_train,losing_generate_gpt4omini,no,no
aef4bb36-e9fc-4419-b4eb-d73502e0021f,askacademia_train,losing_generate_gpt5nano,no,no
aef4bb36-e9fc-4419-b4eb-d73502e0021f,askacademia_train,losing_generate_llama,no,no
aef4bb36-e9fc-4419-b4eb-d73502e0021f,askacademia_train,losing_improve_gemini,no,no
aef4bb36-e9fc-4419-b4eb-d73502e0021f,askacademia_train,losing_improve_gpt4omini,no,no
aef4bb36-e9fc-4419-b4eb-d73502e0021f,askacademia_train,losing_generate_qwen,no,no
aef4bb36-e9fc-4419-b4eb-d73502e0021f,askacademia_train,losing_improve_claude,no,no
aef4bb36-e9fc-4419-b4eb-d73502e0021f,askacademia_train,losing_generate_mistral,no,no
aef4bb36-e9fc-4419-b4eb-d73502e0021f,askacademia_train,losing_improve_gpt5nano,no,no
aef4bb36-e9fc-4419-b4eb-d73502e0021f,askacademia_train,losing_improve_mistral,no,no
aef4bb36-e9fc-4419-b4eb-d73502e0021f,askacademia_train,losing_improve_llama,no,no
aef4bb36-e9fc-4419-b4eb-d73502e0021f,askacademia_train,losing_improve_qwen,no,no
aef4bb36-e9fc-4419-b4eb-d73502e0021f,askacademia_train,losing_paraphrase_gemini,no,no
aef4bb36-e9fc-4419-b4eb-d73502e0021f,askacademia_train,losing_paraphrase_gpt4omini,no,no
aef4bb36-e9fc-4419-b4eb-d73502e0021f,askacademia_train,losing_paraphrase_gpt5nano,no,no
aef4bb36-e9fc-4419-b4eb-d73502e0021f,askacademia_train,losing_paraphrase_claude,no,no
aef4bb36-e9fc-4419-b4eb-d73502e0021f,askacademia_train,losing_paraphrase_llama,no,no
aef4bb36-e9fc-4419-b4eb-d73502e0021f,askacademia_train,losing_paraphrase_qwen,no,no
aef4bb36-e9fc-4419-b4eb-d73502e0021f,askacademia_train,losing_paraphrase_mistral,no,no
feb7c33e-9721-4abb-a759-cbcb57c3b392,askacademia_train,winning_text,no,no
feb7c33e-9721-4abb-a759-cbcb57c3b392,askacademia_train,losing_generate_gemini,no,no
feb7c33e-9721-4abb-a759-cbcb57c3b392,askacademia_train,losing_generate_claude,no,no
feb7c33e-9721-4abb-a759-cbcb57c3b392,askacademia_train,losing_text,no,no
feb7c33e-9721-4abb-a759-cbcb57c3b392,askacademia_train,losing_generate_gpt4omini,no,no
feb7c33e-9721-4abb-a759-cbcb57c3b392,askacademia_train,losing_generate_llama,no,no
feb7c33e-9721-4abb-a759-cbcb57c3b392,askacademia_train,losing_generate_gpt5nano,no,no
feb7c33e-9721-4abb-a759-cbcb57c3b392,askacademia_train,losing_generate_mistral,no,no
feb7c33e-9721-4abb-a759-cbcb57c3b392,askacademia_train,losing_improve_gpt4omini,no,no
feb7c33e-9721-4abb-a759-cbcb57c3b392,askacademia_train,losing_improve_claude,no,no
feb7c33e-9721-4abb-a759-cbcb57c3b392,askacademia_train,losing_improve_gpt5nano,no,no
feb7c33e-9721-4abb-a759-cbcb57c3b392,askacademia_train,losing_generate_qwen,no,no
feb7c33e-9721-4abb-a759-cbcb57c3b392,askacademia_train,losing_improve_gemini,no,no
feb7c33e-9721-4abb-a759-cbcb57c3b392,askacademia_train,losing_improve_llama,no,no
feb7c33e-9721-4abb-a759-cbcb57c3b392,askacademia_train,losing_improve_mistral,no,no
feb7c33e-9721-4abb-a759-cbcb57c3b392,askacademia_train,losing_improve_qwen,no,no
feb7c33e-9721-4abb-a759-cbcb57c3b392,askacademia_train,losing_paraphrase_gpt4omini,no,no
feb7c33e-9721-4abb-a759-cbcb57c3b392,askacademia_train,losing_paraphrase_gpt5nano,no,no
feb7c33e-9721-4abb-a759-cbcb57c3b392,askacademia_train,losing_paraphrase_claude,no,no
feb7c33e-9721-4abb-a759-cbcb57c3b392,askacademia_train,losing_paraphrase_gemini,no,no
feb7c33e-9721-4abb-a759-cbcb57c3b392,askacademia_train,losing_paraphrase_qwen,no,no
feb7c33e-9721-4abb-a759-cbcb57c3b392,askacademia_train,losing_paraphrase_llama,no,no
feb7c33e-9721-4abb-a759-cbcb57c3b392,askacademia_train,losing_paraphrase_mistral,no,no
d178a956-b16a-4b9f-b1a8-445332c73a27,askacademia_train,winning_text,no,no
d178a956-b16a-4b9f-b1a8-445332c73a27,askacademia_train,losing_generate_gpt4omini,no,no
d178a956-b16a-4b9f-b1a8-445332c73a27,askacademia_train,losing_text,no,no
d178a956-b16a-4b9f-b1a8-445332c73a27,askacademia_train,losing_generate_claude,no,no
d178a956-b16a-4b9f-b1a8-445332c73a27,askacademia_train,losing_generate_gemini,no,no
d178a956-b16a-4b9f-b1a8-445332c73a27,askacademia_train,losing_generate_mistral,no,no
d178a956-b16a-4b9f-b1a8-445332c73a27,askacademia_train,losing_generate_llama,no,no
d178a956-b16a-4b9f-b1a8-445332c73a27,askacademia_train,losing_generate_gpt5nano,no,no
d178a956-b16a-4b9f-b1a8-445332c73a27,askacademia_train,losing_generate_qwen,no,no
d178a956-b16a-4b9f-b1a8-445332c73a27,askacademia_train,losing_improve_gpt4omini,no,no
d178a956-b16a-4b9f-b1a8-445332c73a27,askacademia_train,losing_improve_gemini,no,no
d178a956-b16a-4b9f-b1a8-445332c73a27,askacademia_train,losing_improve_gpt5nano,no,no
d178a956-b16a-4b9f-b1a8-445332c73a27,askacademia_train,losing_improve_claude,no,no
d178a956-b16a-4b9f-b1a8-445332c73a27,askacademia_train,losing_improve_llama,no,no
d178a956-b16a-4b9f-b1a8-445332c73a27,askacademia_train,losing_improve_qwen,no,no
d178a956-b16a-4b9f-b1a8-445332c73a27,askacademia_train,losing_improve_mistral,no,no
d178a956-b16a-4b9f-b1a8-445332c73a27,askacademia_train,losing_paraphrase_claude,no,no
d178a956-b16a-4b9f-b1a8-445332c73a27,askacademia_train,losing_paraphrase_gpt5nano,no,no
d178a956-b16a-4b9f-b1a8-445332c73a27,askacademia_train,losing_paraphrase_gpt4omini,no,no
d178a956-b16a-4b9f-b1a8-445332c73a27,askacademia_train,losing_paraphrase_llama,no,no
d178a956-b16a-4b9f-b1a8-445332c73a27,askacademia_train,losing_paraphrase_gemini,no,no
d178a956-b16a-4b9f-b1a8-445332c73a27,askacademia_train,losing_paraphrase_qwen,no,no
d178a956-b16a-4b9f-b1a8-445332c73a27,askacademia_train,losing_paraphrase_mistral,no,no
856688b1-4e7d-4e12-8d8b-20142c12524c,askacademia_train,losing_text,no,no
856688b1-4e7d-4e12-8d8b-20142c12524c,askacademia_train,winning_text,no,no
856688b1-4e7d-4e12-8d8b-20142c12524c,askacademia_train,losing_generate_gpt4omini,no,no
856688b1-4e7d-4e12-8d8b-20142c12524c,askacademia_train,losing_generate_gpt5nano,no,no
856688b1-4e7d-4e12-8d8b-20142c12524c,askacademia_train,losing_generate_claude,no,no
856688b1-4e7d-4e12-8d8b-20142c12524c,askacademia_train,losing_generate_gemini,no,no
856688b1-4e7d-4e12-8d8b-20142c12524c,askacademia_train,losing_generate_qwen,no,no
856688b1-4e7d-4e12-8d8b-20142c12524c,askacademia_train,losing_generate_llama,no,no
856688b1-4e7d-4e12-8d8b-20142c12524c,askacademia_train,losing_generate_mistral,no,no
856688b1-4e7d-4e12-8d8b-20142c12524c,askacademia_train,losing_improve_claude,no,no
856688b1-4e7d-4e12-8d8b-20142c12524c,askacademia_train,losing_improve_gpt4omini,no,no
856688b1-4e7d-4e12-8d8b-20142c12524c,askacademia_train,losing_improve_llama,no,no
856688b1-4e7d-4e12-8d8b-20142c12524c,askacademia_train,losing_improve_gemini,no,no
856688b1-4e7d-4e12-8d8b-20142c12524c,askacademia_train,losing_improve_gpt5nano,no,no
856688b1-4e7d-4e12-8d8b-20142c12524c,askacademia_train,losing_paraphrase_claude,no,no
856688b1-4e7d-4e12-8d8b-20142c12524c,askacademia_train,losing_improve_mistral,no,no
856688b1-4e7d-4e12-8d8b-20142c12524c,askacademia_train,losing_improve_qwen,no,no
856688b1-4e7d-4e12-8d8b-20142c12524c,askacademia_train,losing_paraphrase_gemini,no,no
856688b1-4e7d-4e12-8d8b-20142c12524c,askacademia_train,losing_paraphrase_gpt5nano,no,no
856688b1-4e7d-4e12-8d8b-20142c12524c,askacademia_train,losing_paraphrase_gpt4omini,no,no
856688b1-4e7d-4e12-8d8b-20142c12524c,askacademia_train,losing_paraphrase_llama,no,no
856688b1-4e7d-4e12-8d8b-20142c12524c,askacademia_train,losing_paraphrase_qwen,no,no
856688b1-4e7d-4e12-8d8b-20142c12524c,askacademia_train,losing_paraphrase_mistral,no,no
1dc550b9-6e71-4eb6-93ae-59c608152902,askacademia_train,winning_text,no,no
1dc550b9-6e71-4eb6-93ae-59c608152902,askacademia_train,losing_text,no,no
1dc550b9-6e71-4eb6-93ae-59c608152902,askacademia_train,losing_generate_claude,no,no
1dc550b9-6e71-4eb6-93ae-59c608152902,askacademia_train,losing_generate_gemini,no,no
1dc550b9-6e71-4eb6-93ae-59c608152902,askacademia_train,losing_generate_gpt4omini,no,no
1dc550b9-6e71-4eb6-93ae-59c608152902,askacademia_train,losing_generate_gpt5nano,no,no
1dc550b9-6e71-4eb6-93ae-59c608152902,askacademia_train,losing_generate_llama,no,no
1dc550b9-6e71-4eb6-93ae-59c608152902,askacademia_train,losing_generate_mistral,no,no
1dc550b9-6e71-4eb6-93ae-59c608152902,askacademia_train,losing_improve_claude,no,no
1dc550b9-6e71-4eb6-93ae-59c608152902,askacademia_train,losing_generate_qwen,no,no
1dc550b9-6e71-4eb6-93ae-59c608152902,askacademia_train,losing_improve_gemini,no,no
1dc550b9-6e71-4eb6-93ae-59c608152902,askacademia_train,losing_improve_gpt5nano,no,no
1dc550b9-6e71-4eb6-93ae-59c608152902,askacademia_train,losing_improve_gpt4omini,no,no
1dc550b9-6e71-4eb6-93ae-59c608152902,askacademia_train,losing_improve_llama,no,no
1dc550b9-6e71-4eb6-93ae-59c608152902,askacademia_train,losing_paraphrase_claude,no,no
1dc550b9-6e71-4eb6-93ae-59c608152902,askacademia_train,losing_improve_mistral,no,no
1dc550b9-6e71-4eb6-93ae-59c608152902,askacademia_train,losing_paraphrase_gemini,no,no
1dc550b9-6e71-4eb6-93ae-59c608152902,askacademia_train,losing_improve_qwen,no,no
1dc550b9-6e71-4eb6-93ae-59c608152902,askacademia_train,losing_paraphrase_gpt4omini,no,no
1dc550b9-6e71-4eb6-93ae-59c608152902,askacademia_train,losing_paraphrase_llama,no,no
1dc550b9-6e71-4eb6-93ae-59c608152902,askacademia_train,losing_paraphrase_gpt5nano,no,no
1dc550b9-6e71-4eb6-93ae-59c608152902,askacademia_train,losing_paraphrase_mistral,no,no
949ad9c2-d435-41ba-8a75-8fb6e6d13498,askacademia_train,losing_text,no,no
949ad9c2-d435-41ba-8a75-8fb6e6d13498,askacademia_train,losing_generate_claude,no,no
949ad9c2-d435-41ba-8a75-8fb6e6d13498,askacademia_train,winning_text,no,no
1dc550b9-6e71-4eb6-93ae-59c608152902,askacademia_train,losing_paraphrase_qwen,no,no
949ad9c2-d435-41ba-8a75-8fb6e6d13498,askacademia_train,losing_generate_gemini,no,no
949ad9c2-d435-41ba-8a75-8fb6e6d13498,askacademia_train,losing_generate_gpt5nano,no,no
949ad9c2-d435-41ba-8a75-8fb6e6d13498,askacademia_train,losing_generate_gpt4omini,no,no
949ad9c2-d435-41ba-8a75-8fb6e6d13498,askacademia_train,losing_generate_llama,no,no
949ad9c2-d435-41ba-8a75-8fb6e6d13498,askacademia_train,losing_improve_claude,no,no
949ad9c2-d435-41ba-8a75-8fb6e6d13498,askacademia_train,losing_improve_gemini,no,no
949ad9c2-d435-41ba-8a75-8fb6e6d13498,askacademia_train,losing_generate_mistral,no,no
949ad9c2-d435-41ba-8a75-8fb6e6d13498,askacademia_train,losing_generate_qwen,no,no
949ad9c2-d435-41ba-8a75-8fb6e6d13498,askacademia_train,losing_improve_gpt4omini,no,no
949ad9c2-d435-41ba-8a75-8fb6e6d13498,askacademia_train,losing_improve_llama,no,no
949ad9c2-d435-41ba-8a75-8fb6e6d13498,askacademia_train,losing_improve_gpt5nano,no,no
949ad9c2-d435-41ba-8a75-8fb6e6d13498,askacademia_train,losing_improve_mistral,no,no
949ad9c2-d435-41ba-8a75-8fb6e6d13498,askacademia_train,losing_improve_qwen,no,no
949ad9c2-d435-41ba-8a75-8fb6e6d13498,askacademia_train,losing_paraphrase_gemini,no,no
949ad9c2-d435-41ba-8a75-8fb6e6d13498,askacademia_train,losing_paraphrase_claude,no,no
949ad9c2-d435-41ba-8a75-8fb6e6d13498,askacademia_train,losing_paraphrase_gpt4omini,no,no
949ad9c2-d435-41ba-8a75-8fb6e6d13498,askacademia_train,losing_paraphrase_gpt5nano,no,no
949ad9c2-d435-41ba-8a75-8fb6e6d13498,askacademia_train,losing_paraphrase_llama,no,no
949ad9c2-d435-41ba-8a75-8fb6e6d13498,askacademia_train,losing_paraphrase_mistral,no,no
949ad9c2-d435-41ba-8a75-8fb6e6d13498,askacademia_train,losing_paraphrase_qwen,no,no
976159cf-a337-4afb-ad15-88f10c21143d,askacademia_train,losing_text,no,no
976159cf-a337-4afb-ad15-88f10c21143d,askacademia_train,losing_generate_gemini,no,no
976159cf-a337-4afb-ad15-88f10c21143d,askacademia_train,losing_generate_claude,no,no
976159cf-a337-4afb-ad15-88f10c21143d,askacademia_train,losing_generate_gpt4omini,no,no
976159cf-a337-4afb-ad15-88f10c21143d,askacademia_train,losing_generate_gpt5nano,no,no
976159cf-a337-4afb-ad15-88f10c21143d,askacademia_train,losing_generate_llama,no,no
976159cf-a337-4afb-ad15-88f10c21143d,askacademia_train,winning_text,no,no
976159cf-a337-4afb-ad15-88f10c21143d,askacademia_train,losing_improve_gpt5nano,no,no
976159cf-a337-4afb-ad15-88f10c21143d,askacademia_train,losing_improve_llama,no,no
976159cf-a337-4afb-ad15-88f10c21143d,askacademia_train,losing_generate_qwen,no,no
976159cf-a337-4afb-ad15-88f10c21143d,askacademia_train,losing_improve_gemini,no,no
976159cf-a337-4afb-ad15-88f10c21143d,askacademia_train,losing_improve_gpt4omini,no,no
976159cf-a337-4afb-ad15-88f10c21143d,askacademia_train,losing_improve_claude,no,no
976159cf-a337-4afb-ad15-88f10c21143d,askacademia_train,losing_generate_mistral,no,no
976159cf-a337-4afb-ad15-88f10c21143d,askacademia_train,losing_improve_mistral,no,no
976159cf-a337-4afb-ad15-88f10c21143d,askacademia_train,losing_paraphrase_gemini,no,no
976159cf-a337-4afb-ad15-88f10c21143d,askacademia_train,losing_paraphrase_llama,no,no
976159cf-a337-4afb-ad15-88f10c21143d,askacademia_train,losing_paraphrase_gpt4omini,no,no
976159cf-a337-4afb-ad15-88f10c21143d,askacademia_train,losing_paraphrase_claude,no,no
976159cf-a337-4afb-ad15-88f10c21143d,askacademia_train,losing_paraphrase_gpt5nano,no,no
976159cf-a337-4afb-ad15-88f10c21143d,askacademia_train,losing_improve_qwen,no,no
976159cf-a337-4afb-ad15-88f10c21143d,askacademia_train,losing_paraphrase_mistral,no,no
976159cf-a337-4afb-ad15-88f10c21143d,askacademia_train,losing_paraphrase_qwen,no,no
26c117b6-0b46-48d8-bc44-239ab5526699,askacademia_train,losing_generate_llama,no,no
26c117b6-0b46-48d8-bc44-239ab5526699,askacademia_train,losing_generate_mistral,no,no
26c117b6-0b46-48d8-bc44-239ab5526699,askacademia_train,losing_generate_gemini,no,no
26c117b6-0b46-48d8-bc44-239ab5526699,askacademia_train,losing_text,no,no
26c117b6-0b46-48d8-bc44-239ab5526699,askacademia_train,losing_generate_gpt5nano,yes,yes
26c117b6-0b46-48d8-bc44-239ab5526699,askacademia_train,winning_text,no,no
26c117b6-0b46-48d8-bc44-239ab5526699,askacademia_train,losing_generate_claude,no,no
26c117b6-0b46-48d8-bc44-239ab5526699,askacademia_train,losing_generate_gpt4omini,no,no
26c117b6-0b46-48d8-bc44-239ab5526699,askacademia_train,losing_improve_llama,no,no
26c117b6-0b46-48d8-bc44-239ab5526699,askacademia_train,losing_improve_gpt4omini,no,no
26c117b6-0b46-48d8-bc44-239ab5526699,askacademia_train,losing_improve_claude,no,no
26c117b6-0b46-48d8-bc44-239ab5526699,askacademia_train,losing_improve_gpt5nano,no,no
26c117b6-0b46-48d8-bc44-239ab5526699,askacademia_train,losing_generate_qwen,no,no
26c117b6-0b46-48d8-bc44-239ab5526699,askacademia_train,losing_improve_gemini,no,no
26c117b6-0b46-48d8-bc44-239ab5526699,askacademia_train,losing_improve_qwen,no,no
26c117b6-0b46-48d8-bc44-239ab5526699,askacademia_train,losing_improve_mistral,no,no
26c117b6-0b46-48d8-bc44-239ab5526699,askacademia_train,losing_paraphrase_gpt5nano,no,no
26c117b6-0b46-48d8-bc44-239ab5526699,askacademia_train,losing_paraphrase_llama,no,no
26c117b6-0b46-48d8-bc44-239ab5526699,askacademia_train,losing_paraphrase_claude,no,no
26c117b6-0b46-48d8-bc44-239ab5526699,askacademia_train,losing_paraphrase_gpt4omini,no,no
26c117b6-0b46-48d8-bc44-239ab5526699,askacademia_train,losing_paraphrase_gemini,no,no
26c117b6-0b46-48d8-bc44-239ab5526699,askacademia_train,losing_paraphrase_qwen,no,no
c18349ca-4644-41f3-b50d-8c475423cc11,askacademia_train,winning_text,no,no
26c117b6-0b46-48d8-bc44-239ab5526699,askacademia_train,losing_paraphrase_mistral,no,no
c18349ca-4644-41f3-b50d-8c475423cc11,askacademia_train,losing_generate_claude,no,no
c18349ca-4644-41f3-b50d-8c475423cc11,askacademia_train,losing_generate_gpt5nano,no,no
c18349ca-4644-41f3-b50d-8c475423cc11,askacademia_train,losing_generate_gpt4omini,no,no
c18349ca-4644-41f3-b50d-8c475423cc11,askacademia_train,losing_generate_gemini,no,no
c18349ca-4644-41f3-b50d-8c475423cc11,askacademia_train,losing_text,no,no
c18349ca-4644-41f3-b50d-8c475423cc11,askacademia_train,losing_generate_mistral,no,no
c18349ca-4644-41f3-b50d-8c475423cc11,askacademia_train,losing_generate_llama,no,no
c18349ca-4644-41f3-b50d-8c475423cc11,askacademia_train,losing_generate_qwen,no,no
c18349ca-4644-41f3-b50d-8c475423cc11,askacademia_train,losing_improve_gemini,no,no
c18349ca-4644-41f3-b50d-8c475423cc11,askacademia_train,losing_improve_gpt4omini,no,no
c18349ca-4644-41f3-b50d-8c475423cc11,askacademia_train,losing_improve_llama,no,no
c18349ca-4644-41f3-b50d-8c475423cc11,askacademia_train,losing_improve_claude,no,no
c18349ca-4644-41f3-b50d-8c475423cc11,askacademia_train,losing_improve_gpt5nano,no,no
c18349ca-4644-41f3-b50d-8c475423cc11,askacademia_train,losing_improve_mistral,no,no
c18349ca-4644-41f3-b50d-8c475423cc11,askacademia_train,losing_paraphrase_claude,no,no
c18349ca-4644-41f3-b50d-8c475423cc11,askacademia_train,losing_improve_qwen,no,no
c18349ca-4644-41f3-b50d-8c475423cc11,askacademia_train,losing_paraphrase_gpt4omini,no,no
c18349ca-4644-41f3-b50d-8c475423cc11,askacademia_train,losing_paraphrase_gpt5nano,no,no
c18349ca-4644-41f3-b50d-8c475423cc11,askacademia_train,losing_paraphrase_mistral,no,no
c18349ca-4644-41f3-b50d-8c475423cc11,askacademia_train,losing_paraphrase_gemini,no,no
c18349ca-4644-41f3-b50d-8c475423cc11,askacademia_train,losing_paraphrase_llama,no,no
c18349ca-4644-41f3-b50d-8c475423cc11,askacademia_train,losing_paraphrase_qwen,no,no
bab2f96a-9142-4b38-8168-9cf4a3e041ea,askacademia_train,winning_text,no,no
bab2f96a-9142-4b38-8168-9cf4a3e041ea,askacademia_train,losing_text,no,no
bab2f96a-9142-4b38-8168-9cf4a3e041ea,askacademia_train,losing_generate_claude,no,no
bab2f96a-9142-4b38-8168-9cf4a3e041ea,askacademia_train,losing_generate_llama,no,no
bab2f96a-9142-4b38-8168-9cf4a3e041ea,askacademia_train,losing_generate_gpt5nano,no,no
bab2f96a-9142-4b38-8168-9cf4a3e041ea,askacademia_train,losing_generate_gemini,no,no
bab2f96a-9142-4b38-8168-9cf4a3e041ea,askacademia_train,losing_generate_mistral,no,no
bab2f96a-9142-4b38-8168-9cf4a3e041ea,askacademia_train,losing_generate_qwen,no,no
bab2f96a-9142-4b38-8168-9cf4a3e041ea,askacademia_train,losing_generate_gpt4omini,no,no
bab2f96a-9142-4b38-8168-9cf4a3e041ea,askacademia_train,losing_improve_claude,no,no
bab2f96a-9142-4b38-8168-9cf4a3e041ea,askacademia_train,losing_improve_gemini,no,no
bab2f96a-9142-4b38-8168-9cf4a3e041ea,askacademia_train,losing_improve_llama,no,no
bab2f96a-9142-4b38-8168-9cf4a3e041ea,askacademia_train,losing_improve_gpt4omini,no,no
bab2f96a-9142-4b38-8168-9cf4a3e041ea,askacademia_train,losing_improve_gpt5nano,no,no
bab2f96a-9142-4b38-8168-9cf4a3e041ea,askacademia_train,losing_paraphrase_claude,no,no
bab2f96a-9142-4b38-8168-9cf4a3e041ea,askacademia_train,losing_improve_qwen,no,no
bab2f96a-9142-4b38-8168-9cf4a3e041ea,askacademia_train,losing_improve_mistral,no,no
bab2f96a-9142-4b38-8168-9cf4a3e041ea,askacademia_train,losing_paraphrase_gemini,no,no
bab2f96a-9142-4b38-8168-9cf4a3e041ea,askacademia_train,losing_paraphrase_gpt4omini,no,no
bab2f96a-9142-4b38-8168-9cf4a3e041ea,askacademia_train,losing_paraphrase_gpt5nano,no,no
bab2f96a-9142-4b38-8168-9cf4a3e041ea,askacademia_train,losing_paraphrase_llama,no,no
bab2f96a-9142-4b38-8168-9cf4a3e041ea,askacademia_train,losing_paraphrase_mistral,no,no
0d2dcd56-8c40-49e3-81fc-d242a1234019,askacademia_train,winning_text,no,no
bab2f96a-9142-4b38-8168-9cf4a3e041ea,askacademia_train,losing_paraphrase_qwen,no,no
0d2dcd56-8c40-49e3-81fc-d242a1234019,askacademia_train,losing_text,no,no
0d2dcd56-8c40-49e3-81fc-d242a1234019,askacademia_train,losing_generate_claude,no,no
0d2dcd56-8c40-49e3-81fc-d242a1234019,askacademia_train,losing_generate_gpt4omini,no,no
0d2dcd56-8c40-49e3-81fc-d242a1234019,askacademia_train,losing_generate_gpt5nano,no,no
0d2dcd56-8c40-49e3-81fc-d242a1234019,askacademia_train,losing_generate_llama,no,no
0d2dcd56-8c40-49e3-81fc-d242a1234019,askacademia_train,losing_generate_gemini,no,no
0d2dcd56-8c40-49e3-81fc-d242a1234019,askacademia_train,losing_improve_gemini,no,no
0d2dcd56-8c40-49e3-81fc-d242a1234019,askacademia_train,losing_improve_claude,no,no
0d2dcd56-8c40-49e3-81fc-d242a1234019,askacademia_train,losing_generate_mistral,no,no
0d2dcd56-8c40-49e3-81fc-d242a1234019,askacademia_train,losing_generate_qwen,no,no
0d2dcd56-8c40-49e3-81fc-d242a1234019,askacademia_train,losing_improve_gpt5nano,no,no
0d2dcd56-8c40-49e3-81fc-d242a1234019,askacademia_train,losing_improve_llama,no,no
0d2dcd56-8c40-49e3-81fc-d242a1234019,askacademia_train,losing_improve_mistral,no,no
0d2dcd56-8c40-49e3-81fc-d242a1234019,askacademia_train,losing_improve_gpt4omini,no,no
0d2dcd56-8c40-49e3-81fc-d242a1234019,askacademia_train,losing_paraphrase_gpt4omini,no,no
0d2dcd56-8c40-49e3-81fc-d242a1234019,askacademia_train,losing_paraphrase_gemini,no,no
0d2dcd56-8c40-49e3-81fc-d242a1234019,askacademia_train,losing_paraphrase_claude,no,no
0d2dcd56-8c40-49e3-81fc-d242a1234019,askacademia_train,losing_improve_qwen,no,no
0d2dcd56-8c40-49e3-81fc-d242a1234019,askacademia_train,losing_paraphrase_llama,no,no
0d2dcd56-8c40-49e3-81fc-d242a1234019,askacademia_train,losing_paraphrase_mistral,no,no
0d2dcd56-8c40-49e3-81fc-d242a1234019,askacademia_train,losing_paraphrase_qwen,no,no
88a37316-58ed-4403-a25c-0571cab3f6fa,askacademia_train,losing_generate_gemini,no,no
0d2dcd56-8c40-49e3-81fc-d242a1234019,askacademia_train,losing_paraphrase_gpt5nano,no,no
88a37316-58ed-4403-a25c-0571cab3f6fa,askacademia_train,losing_generate_claude,no,no
88a37316-58ed-4403-a25c-0571cab3f6fa,askacademia_train,winning_text,no,no
88a37316-58ed-4403-a25c-0571cab3f6fa,askacademia_train,losing_text,no,no
88a37316-58ed-4403-a25c-0571cab3f6fa,askacademia_train,losing_generate_llama,no,no
88a37316-58ed-4403-a25c-0571cab3f6fa,askacademia_train,losing_generate_gpt5nano,no,no
88a37316-58ed-4403-a25c-0571cab3f6fa,askacademia_train,losing_generate_gpt4omini,no,no
88a37316-58ed-4403-a25c-0571cab3f6fa,askacademia_train,losing_generate_mistral,no,no
88a37316-58ed-4403-a25c-0571cab3f6fa,askacademia_train,losing_generate_qwen,no,no
88a37316-58ed-4403-a25c-0571cab3f6fa,askacademia_train,losing_improve_claude,no,no
88a37316-58ed-4403-a25c-0571cab3f6fa,askacademia_train,losing_improve_gemini,no,no
88a37316-58ed-4403-a25c-0571cab3f6fa,askacademia_train,losing_improve_gpt4omini,no,no
88a37316-58ed-4403-a25c-0571cab3f6fa,askacademia_train,losing_improve_gpt5nano,no,no
88a37316-58ed-4403-a25c-0571cab3f6fa,askacademia_train,losing_improve_llama,no,no
88a37316-58ed-4403-a25c-0571cab3f6fa,askacademia_train,losing_improve_qwen,no,no
88a37316-58ed-4403-a25c-0571cab3f6fa,askacademia_train,losing_paraphrase_claude,no,no
88a37316-58ed-4403-a25c-0571cab3f6fa,askacademia_train,losing_improve_mistral,no,no
88a37316-58ed-4403-a25c-0571cab3f6fa,askacademia_train,losing_paraphrase_gpt4omini,no,no
88a37316-58ed-4403-a25c-0571cab3f6fa,askacademia_train,losing_paraphrase_gemini,no,no
88a37316-58ed-4403-a25c-0571cab3f6fa,askacademia_train,losing_paraphrase_gpt5nano,no,no
88a37316-58ed-4403-a25c-0571cab3f6fa,askacademia_train,losing_paraphrase_mistral,no,no
88a37316-58ed-4403-a25c-0571cab3f6fa,askacademia_train,losing_paraphrase_llama,no,no
339fd86c-fad2-4098-bee3-3344cd719af7,askacademia_train,winning_text,no,no
88a37316-58ed-4403-a25c-0571cab3f6fa,askacademia_train,losing_paraphrase_qwen,no,no
339fd86c-fad2-4098-bee3-3344cd719af7,askacademia_train,losing_text,no,no
339fd86c-fad2-4098-bee3-3344cd719af7,askacademia_train,losing_generate_claude,no,no
339fd86c-fad2-4098-bee3-3344cd719af7,askacademia_train,losing_generate_gpt4omini,no,no
339fd86c-fad2-4098-bee3-3344cd719af7,askacademia_train,losing_generate_gemini,no,no
339fd86c-fad2-4098-bee3-3344cd719af7,askacademia_train,losing_generate_llama,no,no
339fd86c-fad2-4098-bee3-3344cd719af7,askacademia_train,losing_generate_gpt5nano,no,no
339fd86c-fad2-4098-bee3-3344cd719af7,askacademia_train,losing_generate_qwen,no,no
339fd86c-fad2-4098-bee3-3344cd719af7,askacademia_train,losing_generate_mistral,no,no
339fd86c-fad2-4098-bee3-3344cd719af7,askacademia_train,losing_improve_claude,no,no
339fd86c-fad2-4098-bee3-3344cd719af7,askacademia_train,losing_improve_gpt5nano,no,no
339fd86c-fad2-4098-bee3-3344cd719af7,askacademia_train,losing_improve_gemini,no,no
339fd86c-fad2-4098-bee3-3344cd719af7,askacademia_train,losing_improve_gpt4omini,no,no
339fd86c-fad2-4098-bee3-3344cd719af7,askacademia_train,losing_improve_mistral,no,no
339fd86c-fad2-4098-bee3-3344cd719af7,askacademia_train,losing_improve_llama,no,no
339fd86c-fad2-4098-bee3-3344cd719af7,askacademia_train,losing_paraphrase_claude,no,no
339fd86c-fad2-4098-bee3-3344cd719af7,askacademia_train,losing_paraphrase_gemini,no,no
339fd86c-fad2-4098-bee3-3344cd719af7,askacademia_train,losing_improve_qwen,no,no
339fd86c-fad2-4098-bee3-3344cd719af7,askacademia_train,losing_paraphrase_gpt4omini,no,no
339fd86c-fad2-4098-bee3-3344cd719af7,askacademia_train,losing_paraphrase_gpt5nano,no,no
339fd86c-fad2-4098-bee3-3344cd719af7,askacademia_train,losing_paraphrase_llama,no,no
339fd86c-fad2-4098-bee3-3344cd719af7,askacademia_train,losing_paraphrase_mistral,no,no
339fd86c-fad2-4098-bee3-3344cd719af7,askacademia_train,losing_paraphrase_qwen,no,no
9dba669a-a94f-4f94-9a87-a9ca5f8108f3,askacademia_train,winning_text,no,no
9dba669a-a94f-4f94-9a87-a9ca5f8108f3,askacademia_train,losing_generate_claude,no,no
9dba669a-a94f-4f94-9a87-a9ca5f8108f3,askacademia_train,losing_text,no,no
9dba669a-a94f-4f94-9a87-a9ca5f8108f3,askacademia_train,losing_generate_gpt5nano,no,no
9dba669a-a94f-4f94-9a87-a9ca5f8108f3,askacademia_train,losing_generate_gpt4omini,no,no
9dba669a-a94f-4f94-9a87-a9ca5f8108f3,askacademia_train,losing_generate_llama,no,no
9dba669a-a94f-4f94-9a87-a9ca5f8108f3,askacademia_train,losing_generate_gemini,no,no
9dba669a-a94f-4f94-9a87-a9ca5f8108f3,askacademia_train,losing_generate_mistral,no,no
9dba669a-a94f-4f94-9a87-a9ca5f8108f3,askacademia_train,losing_improve_claude,no,no
9dba669a-a94f-4f94-9a87-a9ca5f8108f3,askacademia_train,losing_generate_qwen,no,no
9dba669a-a94f-4f94-9a87-a9ca5f8108f3,askacademia_train,losing_improve_gemini,no,no
9dba669a-a94f-4f94-9a87-a9ca5f8108f3,askacademia_train,losing_improve_gpt4omini,no,no
9dba669a-a94f-4f94-9a87-a9ca5f8108f3,askacademia_train,losing_improve_gpt5nano,no,no
9dba669a-a94f-4f94-9a87-a9ca5f8108f3,askacademia_train,losing_improve_mistral,no,no
9dba669a-a94f-4f94-9a87-a9ca5f8108f3,askacademia_train,losing_improve_llama,no,no
9dba669a-a94f-4f94-9a87-a9ca5f8108f3,askacademia_train,losing_improve_qwen,no,no
9dba669a-a94f-4f94-9a87-a9ca5f8108f3,askacademia_train,losing_paraphrase_claude,no,no
9dba669a-a94f-4f94-9a87-a9ca5f8108f3,askacademia_train,losing_paraphrase_gpt4omini,no,no
9dba669a-a94f-4f94-9a87-a9ca5f8108f3,askacademia_train,losing_paraphrase_gemini,no,no
9dba669a-a94f-4f94-9a87-a9ca5f8108f3,askacademia_train,losing_paraphrase_llama,no,no
9dba669a-a94f-4f94-9a87-a9ca5f8108f3,askacademia_train,losing_paraphrase_gpt5nano,no,no
9dba669a-a94f-4f94-9a87-a9ca5f8108f3,askacademia_train,losing_paraphrase_mistral,no,no
9dba669a-a94f-4f94-9a87-a9ca5f8108f3,askacademia_train,losing_paraphrase_qwen,no,no
3dbe3bd2-a538-439d-adc7-d61946765c4b,askacademia_train,losing_text,no,no
3dbe3bd2-a538-439d-adc7-d61946765c4b,askacademia_train,winning_text,no,no
3dbe3bd2-a538-439d-adc7-d61946765c4b,askacademia_train,losing_generate_gemini,no,no
3dbe3bd2-a538-439d-adc7-d61946765c4b,askacademia_train,losing_generate_claude,no,no
3dbe3bd2-a538-439d-adc7-d61946765c4b,askacademia_train,losing_generate_gpt4omini,no,no
3dbe3bd2-a538-439d-adc7-d61946765c4b,askacademia_train,losing_generate_gpt5nano,no,no
3dbe3bd2-a538-439d-adc7-d61946765c4b,askacademia_train,losing_generate_llama,no,no
3dbe3bd2-a538-439d-adc7-d61946765c4b,askacademia_train,losing_generate_mistral,no,no
3dbe3bd2-a538-439d-adc7-d61946765c4b,askacademia_train,losing_generate_qwen,no,no
3dbe3bd2-a538-439d-adc7-d61946765c4b,askacademia_train,losing_improve_gemini,no,no
3dbe3bd2-a538-439d-adc7-d61946765c4b,askacademia_train,losing_improve_claude,no,no
3dbe3bd2-a538-439d-adc7-d61946765c4b,askacademia_train,losing_improve_gpt4omini,no,no
3dbe3bd2-a538-439d-adc7-d61946765c4b,askacademia_train,losing_improve_llama,no,no
3dbe3bd2-a538-439d-adc7-d61946765c4b,askacademia_train,losing_improve_gpt5nano,no,no
3dbe3bd2-a538-439d-adc7-d61946765c4b,askacademia_train,losing_improve_mistral,no,no
3dbe3bd2-a538-439d-adc7-d61946765c4b,askacademia_train,losing_improve_qwen,no,no
3dbe3bd2-a538-439d-adc7-d61946765c4b,askacademia_train,losing_paraphrase_claude,no,no
3dbe3bd2-a538-439d-adc7-d61946765c4b,askacademia_train,losing_paraphrase_gpt5nano,no,no
3dbe3bd2-a538-439d-adc7-d61946765c4b,askacademia_train,losing_paraphrase_gpt4omini,no,no
3dbe3bd2-a538-439d-adc7-d61946765c4b,askacademia_train,losing_paraphrase_gemini,no,no
3dbe3bd2-a538-439d-adc7-d61946765c4b,askacademia_train,losing_paraphrase_llama,no,no
3dbe3bd2-a538-439d-adc7-d61946765c4b,askacademia_train,losing_paraphrase_mistral,no,no
3dbe3bd2-a538-439d-adc7-d61946765c4b,askacademia_train,losing_paraphrase_qwen,no,no
330627be-087d-4a3a-94d8-75dfc601cf71,askacademia_train,winning_text,no,no
330627be-087d-4a3a-94d8-75dfc601cf71,askacademia_train,losing_text,no,no
330627be-087d-4a3a-94d8-75dfc601cf71,askacademia_train,losing_generate_gpt4omini,no,no
330627be-087d-4a3a-94d8-75dfc601cf71,askacademia_train,losing_generate_gemini,no,no
330627be-087d-4a3a-94d8-75dfc601cf71,askacademia_train,losing_generate_claude,no,no
330627be-087d-4a3a-94d8-75dfc601cf71,askacademia_train,losing_generate_gpt5nano,no,no
330627be-087d-4a3a-94d8-75dfc601cf71,askacademia_train,losing_generate_llama,no,no
330627be-087d-4a3a-94d8-75dfc601cf71,askacademia_train,losing_generate_mistral,no,no
330627be-087d-4a3a-94d8-75dfc601cf71,askacademia_train,losing_improve_claude,no,no
330627be-087d-4a3a-94d8-75dfc601cf71,askacademia_train,losing_generate_qwen,no,no
330627be-087d-4a3a-94d8-75dfc601cf71,askacademia_train,losing_improve_gemini,no,no
330627be-087d-4a3a-94d8-75dfc601cf71,askacademia_train,losing_improve_gpt4omini,no,no
330627be-087d-4a3a-94d8-75dfc601cf71,askacademia_train,losing_improve_gpt5nano,no,no
330627be-087d-4a3a-94d8-75dfc601cf71,askacademia_train,losing_improve_llama,no,no
330627be-087d-4a3a-94d8-75dfc601cf71,askacademia_train,losing_improve_mistral,no,no
330627be-087d-4a3a-94d8-75dfc601cf71,askacademia_train,losing_improve_qwen,no,no
330627be-087d-4a3a-94d8-75dfc601cf71,askacademia_train,losing_paraphrase_claude,no,no
330627be-087d-4a3a-94d8-75dfc601cf71,askacademia_train,losing_paraphrase_gemini,no,no
330627be-087d-4a3a-94d8-75dfc601cf71,askacademia_train,losing_paraphrase_llama,no,no
330627be-087d-4a3a-94d8-75dfc601cf71,askacademia_train,losing_paraphrase_gpt5nano,no,no
330627be-087d-4a3a-94d8-75dfc601cf71,askacademia_train,losing_paraphrase_gpt4omini,no,no
330627be-087d-4a3a-94d8-75dfc601cf71,askacademia_train,losing_paraphrase_mistral,no,no
b33dabd3-932b-4388-9339-3f44ffa6f1bb,askacademia_train,winning_text,no,no
b33dabd3-932b-4388-9339-3f44ffa6f1bb,askacademia_train,losing_text,no,no
b33dabd3-932b-4388-9339-3f44ffa6f1bb,askacademia_train,losing_generate_claude,no,no
330627be-087d-4a3a-94d8-75dfc601cf71,askacademia_train,losing_paraphrase_qwen,no,no
b33dabd3-932b-4388-9339-3f44ffa6f1bb,askacademia_train,losing_generate_gpt4omini,no,no
b33dabd3-932b-4388-9339-3f44ffa6f1bb,askacademia_train,losing_generate_gemini,no,no
b33dabd3-932b-4388-9339-3f44ffa6f1bb,askacademia_train,losing_generate_gpt5nano,no,no
b33dabd3-932b-4388-9339-3f44ffa6f1bb,askacademia_train,losing_generate_llama,no,no
b33dabd3-932b-4388-9339-3f44ffa6f1bb,askacademia_train,losing_generate_mistral,no,no
b33dabd3-932b-4388-9339-3f44ffa6f1bb,askacademia_train,losing_generate_qwen,no,no
b33dabd3-932b-4388-9339-3f44ffa6f1bb,askacademia_train,losing_improve_gemini,no,no
b33dabd3-932b-4388-9339-3f44ffa6f1bb,askacademia_train,losing_improve_llama,no,no
b33dabd3-932b-4388-9339-3f44ffa6f1bb,askacademia_train,losing_improve_mistral,no,no
b33dabd3-932b-4388-9339-3f44ffa6f1bb,askacademia_train,losing_improve_gpt4omini,no,no
b33dabd3-932b-4388-9339-3f44ffa6f1bb,askacademia_train,losing_improve_claude,no,no
b33dabd3-932b-4388-9339-3f44ffa6f1bb,askacademia_train,losing_improve_gpt5nano,no,no
b33dabd3-932b-4388-9339-3f44ffa6f1bb,askacademia_train,losing_improve_qwen,no,no
b33dabd3-932b-4388-9339-3f44ffa6f1bb,askacademia_train,losing_paraphrase_claude,no,no
b33dabd3-932b-4388-9339-3f44ffa6f1bb,askacademia_train,losing_paraphrase_gemini,no,no
b33dabd3-932b-4388-9339-3f44ffa6f1bb,askacademia_train,losing_paraphrase_gpt4omini,no,no
b33dabd3-932b-4388-9339-3f44ffa6f1bb,askacademia_train,losing_paraphrase_llama,no,no
b33dabd3-932b-4388-9339-3f44ffa6f1bb,askacademia_train,losing_paraphrase_mistral,no,no
b33dabd3-932b-4388-9339-3f44ffa6f1bb,askacademia_train,losing_paraphrase_gpt5nano,no,no
b33dabd3-932b-4388-9339-3f44ffa6f1bb,askacademia_train,losing_paraphrase_qwen,no,no
1e772bc6-525d-41c0-91b8-9bf8159f3a41,askacademia_train,winning_text,no,no
1e772bc6-525d-41c0-91b8-9bf8159f3a41,askacademia_train,losing_text,no,no
1e772bc6-525d-41c0-91b8-9bf8159f3a41,askacademia_train,losing_generate_claude,no,no
1e772bc6-525d-41c0-91b8-9bf8159f3a41,askacademia_train,losing_generate_mistral,no,no
1e772bc6-525d-41c0-91b8-9bf8159f3a41,askacademia_train,losing_generate_llama,no,no
1e772bc6-525d-41c0-91b8-9bf8159f3a41,askacademia_train,losing_generate_gpt5nano,no,no
1e772bc6-525d-41c0-91b8-9bf8159f3a41,askacademia_train,losing_generate_qwen,no,no
1e772bc6-525d-41c0-91b8-9bf8159f3a41,askacademia_train,losing_generate_gpt4omini,no,no
1e772bc6-525d-41c0-91b8-9bf8159f3a41,askacademia_train,losing_generate_gemini,no,no
1e772bc6-525d-41c0-91b8-9bf8159f3a41,askacademia_train,losing_improve_claude,no,no
1e772bc6-525d-41c0-91b8-9bf8159f3a41,askacademia_train,losing_improve_gemini,no,no
1e772bc6-525d-41c0-91b8-9bf8159f3a41,askacademia_train,losing_improve_llama,no,no
1e772bc6-525d-41c0-91b8-9bf8159f3a41,askacademia_train,losing_improve_qwen,no,no
1e772bc6-525d-41c0-91b8-9bf8159f3a41,askacademia_train,losing_improve_mistral,no,no
1e772bc6-525d-41c0-91b8-9bf8159f3a41,askacademia_train,losing_paraphrase_claude,no,no
1e772bc6-525d-41c0-91b8-9bf8159f3a41,askacademia_train,losing_improve_gpt5nano,no,no
1e772bc6-525d-41c0-91b8-9bf8159f3a41,askacademia_train,losing_improve_gpt4omini,no,no
1e772bc6-525d-41c0-91b8-9bf8159f3a41,askacademia_train,losing_paraphrase_gemini,no,no
1e772bc6-525d-41c0-91b8-9bf8159f3a41,askacademia_train,losing_paraphrase_gpt4omini,no,no
4c3aa170-60df-4402-984f-ee3c07815bdb,askacademia_train,losing_text,no,no
1e772bc6-525d-41c0-91b8-9bf8159f3a41,askacademia_train,losing_paraphrase_gpt5nano,no,no
1e772bc6-525d-41c0-91b8-9bf8159f3a41,askacademia_train,losing_paraphrase_mistral,no,no
4c3aa170-60df-4402-984f-ee3c07815bdb,askacademia_train,winning_text,no,no
1e772bc6-525d-41c0-91b8-9bf8159f3a41,askacademia_train,losing_paraphrase_qwen,no,no
1e772bc6-525d-41c0-91b8-9bf8159f3a41,askacademia_train,losing_paraphrase_llama,no,no
4c3aa170-60df-4402-984f-ee3c07815bdb,askacademia_train,losing_generate_claude,no,no
4c3aa170-60df-4402-984f-ee3c07815bdb,askacademia_train,losing_generate_gemini,no,no
4c3aa170-60df-4402-984f-ee3c07815bdb,askacademia_train,losing_generate_llama,no,no
4c3aa170-60df-4402-984f-ee3c07815bdb,askacademia_train,losing_generate_mistral,no,no
4c3aa170-60df-4402-984f-ee3c07815bdb,askacademia_train,losing_generate_qwen,no,no
4c3aa170-60df-4402-984f-ee3c07815bdb,askacademia_train,losing_improve_claude,no,no
4c3aa170-60df-4402-984f-ee3c07815bdb,askacademia_train,losing_generate_gpt4omini,no,no
4c3aa170-60df-4402-984f-ee3c07815bdb,askacademia_train,losing_improve_gemini,no,no
4c3aa170-60df-4402-984f-ee3c07815bdb,askacademia_train,losing_generate_gpt5nano,no,no
4c3aa170-60df-4402-984f-ee3c07815bdb,askacademia_train,losing_improve_gpt5nano,no,no
4c3aa170-60df-4402-984f-ee3c07815bdb,askacademia_train,losing_improve_mistral,no,no
4c3aa170-60df-4402-984f-ee3c07815bdb,askacademia_train,losing_improve_llama,no,no
4c3aa170-60df-4402-984f-ee3c07815bdb,askacademia_train,losing_improve_qwen,no,no
4c3aa170-60df-4402-984f-ee3c07815bdb,askacademia_train,losing_paraphrase_gemini,no,no
4c3aa170-60df-4402-984f-ee3c07815bdb,askacademia_train,losing_paraphrase_claude,no,no
4c3aa170-60df-4402-984f-ee3c07815bdb,askacademia_train,losing_improve_gpt4omini,no,no
4c3aa170-60df-4402-984f-ee3c07815bdb,askacademia_train,losing_paraphrase_gpt4omini,no,no
4c3aa170-60df-4402-984f-ee3c07815bdb,askacademia_train,losing_paraphrase_mistral,no,no
4c3aa170-60df-4402-984f-ee3c07815bdb,askacademia_train,losing_paraphrase_gpt5nano,no,no
4c3aa170-60df-4402-984f-ee3c07815bdb,askacademia_train,losing_paraphrase_llama,no,no
f22703a8-bc88-4735-aa93-f7c0c511effd,askacademia_train,winning_text,no,no
4c3aa170-60df-4402-984f-ee3c07815bdb,askacademia_train,losing_paraphrase_qwen,no,no
f22703a8-bc88-4735-aa93-f7c0c511effd,askacademia_train,losing_generate_claude,no,no
f22703a8-bc88-4735-aa93-f7c0c511effd,askacademia_train,losing_text,no,no
f22703a8-bc88-4735-aa93-f7c0c511effd,askacademia_train,losing_generate_llama,no,no
f22703a8-bc88-4735-aa93-f7c0c511effd,askacademia_train,losing_generate_gpt4omini,no,no
f22703a8-bc88-4735-aa93-f7c0c511effd,askacademia_train,losing_generate_gpt5nano,no,no
f22703a8-bc88-4735-aa93-f7c0c511effd,askacademia_train,losing_generate_gemini,no,no
f22703a8-bc88-4735-aa93-f7c0c511effd,askacademia_train,losing_generate_mistral,no,no
f22703a8-bc88-4735-aa93-f7c0c511effd,askacademia_train,losing_generate_qwen,no,no
f22703a8-bc88-4735-aa93-f7c0c511effd,askacademia_train,losing_improve_gemini,no,no
f22703a8-bc88-4735-aa93-f7c0c511effd,askacademia_train,losing_improve_claude,no,no
f22703a8-bc88-4735-aa93-f7c0c511effd,askacademia_train,losing_improve_gpt4omini,no,no
f22703a8-bc88-4735-aa93-f7c0c511effd,askacademia_train,losing_improve_mistral,no,no
f22703a8-bc88-4735-aa93-f7c0c511effd,askacademia_train,losing_improve_llama,no,no
f22703a8-bc88-4735-aa93-f7c0c511effd,askacademia_train,losing_improve_gpt5nano,no,no
f22703a8-bc88-4735-aa93-f7c0c511effd,askacademia_train,losing_paraphrase_claude,no,no
f22703a8-bc88-4735-aa93-f7c0c511effd,askacademia_train,losing_improve_qwen,no,no
f22703a8-bc88-4735-aa93-f7c0c511effd,askacademia_train,losing_paraphrase_gemini,no,no
f22703a8-bc88-4735-aa93-f7c0c511effd,askacademia_train,losing_paraphrase_gpt4omini,no,no
f22703a8-bc88-4735-aa93-f7c0c511effd,askacademia_train,losing_paraphrase_mistral,no,no
f22703a8-bc88-4735-aa93-f7c0c511effd,askacademia_train,losing_paraphrase_gpt5nano,no,no
f22703a8-bc88-4735-aa93-f7c0c511effd,askacademia_train,losing_paraphrase_llama,no,no
f22703a8-bc88-4735-aa93-f7c0c511effd,askacademia_train,losing_paraphrase_qwen,no,no
39893cb4-6c35-4d03-b2da-1e6a54772de3,askacademia_train,winning_text,no,no
39893cb4-6c35-4d03-b2da-1e6a54772de3,askacademia_train,losing_text,no,no
39893cb4-6c35-4d03-b2da-1e6a54772de3,askacademia_train,losing_generate_gemini,no,no
39893cb4-6c35-4d03-b2da-1e6a54772de3,askacademia_train,losing_generate_claude,no,no
39893cb4-6c35-4d03-b2da-1e6a54772de3,askacademia_train,losing_generate_gpt4omini,no,no
39893cb4-6c35-4d03-b2da-1e6a54772de3,askacademia_train,losing_generate_mistral,no,no
39893cb4-6c35-4d03-b2da-1e6a54772de3,askacademia_train,losing_generate_gpt5nano,no,no
39893cb4-6c35-4d03-b2da-1e6a54772de3,askacademia_train,losing_generate_llama,no,no
39893cb4-6c35-4d03-b2da-1e6a54772de3,askacademia_train,losing_generate_qwen,no,no
39893cb4-6c35-4d03-b2da-1e6a54772de3,askacademia_train,losing_improve_claude,no,no
39893cb4-6c35-4d03-b2da-1e6a54772de3,askacademia_train,losing_improve_gpt4omini,no,no
39893cb4-6c35-4d03-b2da-1e6a54772de3,askacademia_train,losing_improve_gemini,no,no
39893cb4-6c35-4d03-b2da-1e6a54772de3,askacademia_train,losing_improve_mistral,no,no
39893cb4-6c35-4d03-b2da-1e6a54772de3,askacademia_train,losing_improve_gpt5nano,no,no
39893cb4-6c35-4d03-b2da-1e6a54772de3,askacademia_train,losing_improve_qwen,no,no
39893cb4-6c35-4d03-b2da-1e6a54772de3,askacademia_train,losing_improve_llama,no,no
39893cb4-6c35-4d03-b2da-1e6a54772de3,askacademia_train,losing_paraphrase_claude,no,no
39893cb4-6c35-4d03-b2da-1e6a54772de3,askacademia_train,losing_paraphrase_gemini,no,no
39893cb4-6c35-4d03-b2da-1e6a54772de3,askacademia_train,losing_paraphrase_gpt5nano,no,no
39893cb4-6c35-4d03-b2da-1e6a54772de3,askacademia_train,losing_paraphrase_gpt4omini,no,no
39893cb4-6c35-4d03-b2da-1e6a54772de3,askacademia_train,losing_paraphrase_llama,no,no
39893cb4-6c35-4d03-b2da-1e6a54772de3,askacademia_train,losing_paraphrase_mistral,no,no
f940a1ac-6630-4c4f-8ffd-a79d4c6d292d,askacademia_train,winning_text,no,no
39893cb4-6c35-4d03-b2da-1e6a54772de3,askacademia_train,losing_paraphrase_qwen,no,no
f940a1ac-6630-4c4f-8ffd-a79d4c6d292d,askacademia_train,losing_generate_claude,no,no
f940a1ac-6630-4c4f-8ffd-a79d4c6d292d,askacademia_train,losing_text,no,no
f940a1ac-6630-4c4f-8ffd-a79d4c6d292d,askacademia_train,losing_generate_gpt4omini,no,no
f940a1ac-6630-4c4f-8ffd-a79d4c6d292d,askacademia_train,losing_generate_gemini,no,no
f940a1ac-6630-4c4f-8ffd-a79d4c6d292d,askacademia_train,losing_generate_qwen,no,no
f940a1ac-6630-4c4f-8ffd-a79d4c6d292d,askacademia_train,losing_generate_llama,no,no
f940a1ac-6630-4c4f-8ffd-a79d4c6d292d,askacademia_train,losing_generate_gpt5nano,no,no
f940a1ac-6630-4c4f-8ffd-a79d4c6d292d,askacademia_train,losing_generate_mistral,no,no
f940a1ac-6630-4c4f-8ffd-a79d4c6d292d,askacademia_train,losing_improve_gemini,no,no
f940a1ac-6630-4c4f-8ffd-a79d4c6d292d,askacademia_train,losing_improve_claude,no,no
f940a1ac-6630-4c4f-8ffd-a79d4c6d292d,askacademia_train,losing_improve_gpt5nano,no,no
f940a1ac-6630-4c4f-8ffd-a79d4c6d292d,askacademia_train,losing_improve_gpt4omini,no,no
f940a1ac-6630-4c4f-8ffd-a79d4c6d292d,askacademia_train,losing_paraphrase_claude,no,no
f940a1ac-6630-4c4f-8ffd-a79d4c6d292d,askacademia_train,losing_improve_qwen,no,no
f940a1ac-6630-4c4f-8ffd-a79d4c6d292d,askacademia_train,losing_improve_llama,no,no
f940a1ac-6630-4c4f-8ffd-a79d4c6d292d,askacademia_train,losing_improve_mistral,no,no
f940a1ac-6630-4c4f-8ffd-a79d4c6d292d,askacademia_train,losing_paraphrase_gpt4omini,no,no
f940a1ac-6630-4c4f-8ffd-a79d4c6d292d,askacademia_train,losing_paraphrase_gemini,no,no
f940a1ac-6630-4c4f-8ffd-a79d4c6d292d,askacademia_train,losing_paraphrase_llama,no,no
f940a1ac-6630-4c4f-8ffd-a79d4c6d292d,askacademia_train,losing_paraphrase_gpt5nano,no,no
f940a1ac-6630-4c4f-8ffd-a79d4c6d292d,askacademia_train,losing_paraphrase_qwen,no,no
fab31d67-2a56-49d6-a76e-4be1baf119bd,askacademia_train,losing_text,no,no
fab31d67-2a56-49d6-a76e-4be1baf119bd,askacademia_train,winning_text,no,no
f940a1ac-6630-4c4f-8ffd-a79d4c6d292d,askacademia_train,losing_paraphrase_mistral,no,no
fab31d67-2a56-49d6-a76e-4be1baf119bd,askacademia_train,losing_generate_gemini,no,no
fab31d67-2a56-49d6-a76e-4be1baf119bd,askacademia_train,losing_generate_claude,no,no
fab31d67-2a56-49d6-a76e-4be1baf119bd,askacademia_train,losing_generate_gpt5nano,no,no
fab31d67-2a56-49d6-a76e-4be1baf119bd,askacademia_train,losing_generate_gpt4omini,no,no
fab31d67-2a56-49d6-a76e-4be1baf119bd,askacademia_train,losing_generate_qwen,no,no
fab31d67-2a56-49d6-a76e-4be1baf119bd,askacademia_train,losing_generate_llama,no,no
fab31d67-2a56-49d6-a76e-4be1baf119bd,askacademia_train,losing_generate_mistral,no,no
fab31d67-2a56-49d6-a76e-4be1baf119bd,askacademia_train,losing_improve_claude,no,no
fab31d67-2a56-49d6-a76e-4be1baf119bd,askacademia_train,losing_improve_gemini,no,no
fab31d67-2a56-49d6-a76e-4be1baf119bd,askacademia_train,losing_improve_gpt4omini,no,no
fab31d67-2a56-49d6-a76e-4be1baf119bd,askacademia_train,losing_improve_llama,no,no
fab31d67-2a56-49d6-a76e-4be1baf119bd,askacademia_train,losing_improve_gpt5nano,no,no
fab31d67-2a56-49d6-a76e-4be1baf119bd,askacademia_train,losing_paraphrase_claude,no,no
fab31d67-2a56-49d6-a76e-4be1baf119bd,askacademia_train,losing_improve_qwen,no,no
fab31d67-2a56-49d6-a76e-4be1baf119bd,askacademia_train,losing_improve_mistral,no,no
fab31d67-2a56-49d6-a76e-4be1baf119bd,askacademia_train,losing_paraphrase_gemini,no,no
fab31d67-2a56-49d6-a76e-4be1baf119bd,askacademia_train,losing_paraphrase_gpt4omini,no,no
fab31d67-2a56-49d6-a76e-4be1baf119bd,askacademia_train,losing_paraphrase_gpt5nano,no,no
fab31d67-2a56-49d6-a76e-4be1baf119bd,askacademia_train,losing_paraphrase_llama,no,no
fab31d67-2a56-49d6-a76e-4be1baf119bd,askacademia_train,losing_paraphrase_mistral,no,no
fab31d67-2a56-49d6-a76e-4be1baf119bd,askacademia_train,losing_paraphrase_qwen,no,no
3ba8d33d-6b79-4aab-91a8-937348b21a94,askacademia_train,winning_text,no,no
3ba8d33d-6b79-4aab-91a8-937348b21a94,askacademia_train,losing_generate_claude,no,no
3ba8d33d-6b79-4aab-91a8-937348b21a94,askacademia_train,losing_text,no,no
3ba8d33d-6b79-4aab-91a8-937348b21a94,askacademia_train,losing_generate_gpt4omini,no,no
3ba8d33d-6b79-4aab-91a8-937348b21a94,askacademia_train,losing_generate_gemini,no,no
3ba8d33d-6b79-4aab-91a8-937348b21a94,askacademia_train,losing_generate_llama,no,no
3ba8d33d-6b79-4aab-91a8-937348b21a94,askacademia_train,losing_generate_gpt5nano,no,no
3ba8d33d-6b79-4aab-91a8-937348b21a94,askacademia_train,losing_generate_mistral,no,no
3ba8d33d-6b79-4aab-91a8-937348b21a94,askacademia_train,losing_improve_claude,no,no
3ba8d33d-6b79-4aab-91a8-937348b21a94,askacademia_train,losing_generate_qwen,no,no
3ba8d33d-6b79-4aab-91a8-937348b21a94,askacademia_train,losing_improve_gemini,no,no
3ba8d33d-6b79-4aab-91a8-937348b21a94,askacademia_train,losing_improve_gpt5nano,no,no
3ba8d33d-6b79-4aab-91a8-937348b21a94,askacademia_train,losing_improve_gpt4omini,no,no
3ba8d33d-6b79-4aab-91a8-937348b21a94,askacademia_train,losing_improve_llama,no,no
3ba8d33d-6b79-4aab-91a8-937348b21a94,askacademia_train,losing_improve_mistral,no,no
3ba8d33d-6b79-4aab-91a8-937348b21a94,askacademia_train,losing_paraphrase_gemini,no,no
3ba8d33d-6b79-4aab-91a8-937348b21a94,askacademia_train,losing_paraphrase_claude,no,no
3ba8d33d-6b79-4aab-91a8-937348b21a94,askacademia_train,losing_improve_qwen,no,no
3ba8d33d-6b79-4aab-91a8-937348b21a94,askacademia_train,losing_paraphrase_gpt4omini,no,no
3ba8d33d-6b79-4aab-91a8-937348b21a94,askacademia_train,losing_paraphrase_llama,no,no
3ba8d33d-6b79-4aab-91a8-937348b21a94,askacademia_train,losing_paraphrase_gpt5nano,no,no
3ba8d33d-6b79-4aab-91a8-937348b21a94,askacademia_train,losing_paraphrase_qwen,no,no
3ba8d33d-6b79-4aab-91a8-937348b21a94,askacademia_train,losing_paraphrase_mistral,no,no
bea0e60a-0685-4d09-a541-4cbd34b4cc70,askacademia_train,losing_generate_claude,no,no
bea0e60a-0685-4d09-a541-4cbd34b4cc70,askacademia_train,losing_text,no,no
bea0e60a-0685-4d09-a541-4cbd34b4cc70,askacademia_train,winning_text,no,no
bea0e60a-0685-4d09-a541-4cbd34b4cc70,askacademia_train,losing_generate_gpt5nano,no,no
bea0e60a-0685-4d09-a541-4cbd34b4cc70,askacademia_train,losing_generate_gpt4omini,no,no
bea0e60a-0685-4d09-a541-4cbd34b4cc70,askacademia_train,losing_generate_llama,no,no
bea0e60a-0685-4d09-a541-4cbd34b4cc70,askacademia_train,losing_generate_gemini,no,no
bea0e60a-0685-4d09-a541-4cbd34b4cc70,askacademia_train,losing_generate_mistral,no,no
bea0e60a-0685-4d09-a541-4cbd34b4cc70,askacademia_train,losing_improve_gemini,no,no
bea0e60a-0685-4d09-a541-4cbd34b4cc70,askacademia_train,losing_improve_claude,no,no
bea0e60a-0685-4d09-a541-4cbd34b4cc70,askacademia_train,losing_generate_qwen,no,no
bea0e60a-0685-4d09-a541-4cbd34b4cc70,askacademia_train,losing_improve_gpt5nano,no,no
bea0e60a-0685-4d09-a541-4cbd34b4cc70,askacademia_train,losing_improve_mistral,no,no
bea0e60a-0685-4d09-a541-4cbd34b4cc70,askacademia_train,losing_improve_gpt4omini,no,no
bea0e60a-0685-4d09-a541-4cbd34b4cc70,askacademia_train,losing_improve_qwen,no,no
bea0e60a-0685-4d09-a541-4cbd34b4cc70,askacademia_train,losing_improve_llama,no,no
bea0e60a-0685-4d09-a541-4cbd34b4cc70,askacademia_train,losing_paraphrase_claude,no,no
bea0e60a-0685-4d09-a541-4cbd34b4cc70,askacademia_train,losing_paraphrase_gpt4omini,no,no
bea0e60a-0685-4d09-a541-4cbd34b4cc70,askacademia_train,losing_paraphrase_gemini,no,no
bea0e60a-0685-4d09-a541-4cbd34b4cc70,askacademia_train,losing_paraphrase_llama,no,no
bea0e60a-0685-4d09-a541-4cbd34b4cc70,askacademia_train,losing_paraphrase_mistral,no,no
bea0e60a-0685-4d09-a541-4cbd34b4cc70,askacademia_train,losing_paraphrase_gpt5nano,no,no
bea0e60a-0685-4d09-a541-4cbd34b4cc70,askacademia_train,losing_paraphrase_qwen,no,no
0f81cb3d-79b9-4029-ad69-a74200d00b31,askacademia_train,winning_text,no,no
0f81cb3d-79b9-4029-ad69-a74200d00b31,askacademia_train,losing_generate_claude,no,no
0f81cb3d-79b9-4029-ad69-a74200d00b31,askacademia_train,losing_generate_gemini,no,no
0f81cb3d-79b9-4029-ad69-a74200d00b31,askacademia_train,losing_text,no,no
0f81cb3d-79b9-4029-ad69-a74200d00b31,askacademia_train,losing_generate_llama,no,no
0f81cb3d-79b9-4029-ad69-a74200d00b31,askacademia_train,losing_generate_gpt4omini,no,no
0f81cb3d-79b9-4029-ad69-a74200d00b31,askacademia_train,losing_generate_mistral,no,no
0f81cb3d-79b9-4029-ad69-a74200d00b31,askacademia_train,losing_generate_qwen,no,no
0f81cb3d-79b9-4029-ad69-a74200d00b31,askacademia_train,losing_generate_gpt5nano,no,no
0f81cb3d-79b9-4029-ad69-a74200d00b31,askacademia_train,losing_improve_claude,no,no
0f81cb3d-79b9-4029-ad69-a74200d00b31,askacademia_train,losing_improve_gemini,no,no
0f81cb3d-79b9-4029-ad69-a74200d00b31,askacademia_train,losing_improve_gpt4omini,no,no
0f81cb3d-79b9-4029-ad69-a74200d00b31,askacademia_train,losing_paraphrase_claude,no,no
0f81cb3d-79b9-4029-ad69-a74200d00b31,askacademia_train,losing_improve_llama,no,no
0f81cb3d-79b9-4029-ad69-a74200d00b31,askacademia_train,losing_improve_qwen,no,no
0f81cb3d-79b9-4029-ad69-a74200d00b31,askacademia_train,losing_improve_mistral,no,no
0f81cb3d-79b9-4029-ad69-a74200d00b31,askacademia_train,losing_improve_gpt5nano,no,no
0f81cb3d-79b9-4029-ad69-a74200d00b31,askacademia_train,losing_paraphrase_gpt5nano,no,no
0f81cb3d-79b9-4029-ad69-a74200d00b31,askacademia_train,losing_paraphrase_gemini,no,no
0f81cb3d-79b9-4029-ad69-a74200d00b31,askacademia_train,losing_paraphrase_gpt4omini,no,no
0f81cb3d-79b9-4029-ad69-a74200d00b31,askacademia_train,losing_paraphrase_qwen,no,no
a7170204-5866-4a08-8699-1b12666f09e3,askacademia_train,winning_text,no,no
0f81cb3d-79b9-4029-ad69-a74200d00b31,askacademia_train,losing_paraphrase_llama,no,no
0f81cb3d-79b9-4029-ad69-a74200d00b31,askacademia_train,losing_paraphrase_mistral,no,no
a7170204-5866-4a08-8699-1b12666f09e3,askacademia_train,losing_text,no,no
a7170204-5866-4a08-8699-1b12666f09e3,askacademia_train,losing_generate_gemini,no,no
a7170204-5866-4a08-8699-1b12666f09e3,askacademia_train,losing_generate_gpt4omini,no,no
a7170204-5866-4a08-8699-1b12666f09e3,askacademia_train,losing_generate_claude,no,no
a7170204-5866-4a08-8699-1b12666f09e3,askacademia_train,losing_generate_mistral,no,no
a7170204-5866-4a08-8699-1b12666f09e3,askacademia_train,losing_generate_qwen,no,no
a7170204-5866-4a08-8699-1b12666f09e3,askacademia_train,losing_generate_gpt5nano,no,no
a7170204-5866-4a08-8699-1b12666f09e3,askacademia_train,losing_generate_llama,no,no
a7170204-5866-4a08-8699-1b12666f09e3,askacademia_train,losing_improve_claude,no,no
a7170204-5866-4a08-8699-1b12666f09e3,askacademia_train,losing_improve_gemini,no,no
a7170204-5866-4a08-8699-1b12666f09e3,askacademia_train,losing_improve_gpt4omini,no,no
a7170204-5866-4a08-8699-1b12666f09e3,askacademia_train,losing_improve_gpt5nano,no,no
a7170204-5866-4a08-8699-1b12666f09e3,askacademia_train,losing_paraphrase_claude,no,no
a7170204-5866-4a08-8699-1b12666f09e3,askacademia_train,losing_improve_llama,no,no
a7170204-5866-4a08-8699-1b12666f09e3,askacademia_train,losing_improve_mistral,no,no
a7170204-5866-4a08-8699-1b12666f09e3,askacademia_train,losing_improve_qwen,no,no
a7170204-5866-4a08-8699-1b12666f09e3,askacademia_train,losing_paraphrase_gemini,no,no
a7170204-5866-4a08-8699-1b12666f09e3,askacademia_train,losing_paraphrase_gpt5nano,no,no
a7170204-5866-4a08-8699-1b12666f09e3,askacademia_train,losing_paraphrase_mistral,no,no
a7170204-5866-4a08-8699-1b12666f09e3,askacademia_train,losing_paraphrase_gpt4omini,no,no
2e5d903b-e25b-4e6f-9a8d-d0150aea538c,askacademia_train,winning_text,no,no
2e5d903b-e25b-4e6f-9a8d-d0150aea538c,askacademia_train,losing_text,no,no
a7170204-5866-4a08-8699-1b12666f09e3,askacademia_train,losing_paraphrase_qwen,no,no
a7170204-5866-4a08-8699-1b12666f09e3,askacademia_train,losing_paraphrase_llama,no,no
2e5d903b-e25b-4e6f-9a8d-d0150aea538c,askacademia_train,losing_generate_claude,no,no
2e5d903b-e25b-4e6f-9a8d-d0150aea538c,askacademia_train,losing_generate_gemini,no,no
2e5d903b-e25b-4e6f-9a8d-d0150aea538c,askacademia_train,losing_improve_claude,no,no
2e5d903b-e25b-4e6f-9a8d-d0150aea538c,askacademia_train,losing_generate_gpt4omini,no,no
2e5d903b-e25b-4e6f-9a8d-d0150aea538c,askacademia_train,losing_generate_llama,no,no
2e5d903b-e25b-4e6f-9a8d-d0150aea538c,askacademia_train,losing_generate_qwen,no,no
2e5d903b-e25b-4e6f-9a8d-d0150aea538c,askacademia_train,losing_generate_mistral,no,no
2e5d903b-e25b-4e6f-9a8d-d0150aea538c,askacademia_train,losing_improve_gemini,no,no
2e5d903b-e25b-4e6f-9a8d-d0150aea538c,askacademia_train,losing_generate_gpt5nano,yes,yes
2e5d903b-e25b-4e6f-9a8d-d0150aea538c,askacademia_train,losing_improve_gpt4omini,no,no
2e5d903b-e25b-4e6f-9a8d-d0150aea538c,askacademia_train,losing_improve_llama,no,no
2e5d903b-e25b-4e6f-9a8d-d0150aea538c,askacademia_train,losing_improve_qwen,no,no
2e5d903b-e25b-4e6f-9a8d-d0150aea538c,askacademia_train,losing_improve_gpt5nano,no,no
2e5d903b-e25b-4e6f-9a8d-d0150aea538c,askacademia_train,losing_paraphrase_claude,no,no
2e5d903b-e25b-4e6f-9a8d-d0150aea538c,askacademia_train,losing_improve_mistral,no,no
2e5d903b-e25b-4e6f-9a8d-d0150aea538c,askacademia_train,losing_paraphrase_gemini,no,no
2e5d903b-e25b-4e6f-9a8d-d0150aea538c,askacademia_train,losing_paraphrase_gpt4omini,no,no
2e5d903b-e25b-4e6f-9a8d-d0150aea538c,askacademia_train,losing_paraphrase_gpt5nano,no,no
18d541ba-c96a-47ad-8ce4-0d550961262f,askacademia_train,winning_text,no,no
2e5d903b-e25b-4e6f-9a8d-d0150aea538c,askacademia_train,losing_paraphrase_mistral,no,no
2e5d903b-e25b-4e6f-9a8d-d0150aea538c,askacademia_train,losing_paraphrase_llama,no,no
2e5d903b-e25b-4e6f-9a8d-d0150aea538c,askacademia_train,losing_paraphrase_qwen,no,no
18d541ba-c96a-47ad-8ce4-0d550961262f,askacademia_train,losing_text,no,no
18d541ba-c96a-47ad-8ce4-0d550961262f,askacademia_train,losing_generate_gemini,no,no
18d541ba-c96a-47ad-8ce4-0d550961262f,askacademia_train,losing_generate_claude,no,no
18d541ba-c96a-47ad-8ce4-0d550961262f,askacademia_train,losing_generate_gpt4omini,no,no
18d541ba-c96a-47ad-8ce4-0d550961262f,askacademia_train,losing_generate_llama,no,no
18d541ba-c96a-47ad-8ce4-0d550961262f,askacademia_train,losing_generate_qwen,no,no
18d541ba-c96a-47ad-8ce4-0d550961262f,askacademia_train,losing_improve_claude,no,no
18d541ba-c96a-47ad-8ce4-0d550961262f,askacademia_train,losing_generate_mistral,no,no
18d541ba-c96a-47ad-8ce4-0d550961262f,askacademia_train,losing_generate_gpt5nano,no,no
18d541ba-c96a-47ad-8ce4-0d550961262f,askacademia_train,losing_improve_gpt4omini,no,no
18d541ba-c96a-47ad-8ce4-0d550961262f,askacademia_train,losing_improve_gemini,no,no
18d541ba-c96a-47ad-8ce4-0d550961262f,askacademia_train,losing_improve_gpt5nano,no,no
18d541ba-c96a-47ad-8ce4-0d550961262f,askacademia_train,losing_paraphrase_gemini,no,no
18d541ba-c96a-47ad-8ce4-0d550961262f,askacademia_train,losing_improve_qwen,no,no
18d541ba-c96a-47ad-8ce4-0d550961262f,askacademia_train,losing_improve_mistral,no,no
18d541ba-c96a-47ad-8ce4-0d550961262f,askacademia_train,losing_improve_llama,no,no
18d541ba-c96a-47ad-8ce4-0d550961262f,askacademia_train,losing_paraphrase_claude,no,no
18d541ba-c96a-47ad-8ce4-0d550961262f,askacademia_train,losing_paraphrase_gpt4omini,no,no
18d541ba-c96a-47ad-8ce4-0d550961262f,askacademia_train,losing_paraphrase_gpt5nano,no,no
18d541ba-c96a-47ad-8ce4-0d550961262f,askacademia_train,losing_paraphrase_llama,no,no
fa2da8ca-e819-487a-b16f-335736ebc47a,askacademia_train,losing_text,no,no
fa2da8ca-e819-487a-b16f-335736ebc47a,askacademia_train,winning_text,no,no
fa2da8ca-e819-487a-b16f-335736ebc47a,askacademia_train,losing_generate_claude,no,no
18d541ba-c96a-47ad-8ce4-0d550961262f,askacademia_train,losing_paraphrase_qwen,no,no
18d541ba-c96a-47ad-8ce4-0d550961262f,askacademia_train,losing_paraphrase_mistral,no,no
fa2da8ca-e819-487a-b16f-335736ebc47a,askacademia_train,losing_generate_gpt5nano,no,no
fa2da8ca-e819-487a-b16f-335736ebc47a,askacademia_train,losing_generate_gemini,no,no
fa2da8ca-e819-487a-b16f-335736ebc47a,askacademia_train,losing_generate_gpt4omini,no,no
fa2da8ca-e819-487a-b16f-335736ebc47a,askacademia_train,losing_generate_llama,no,no
fa2da8ca-e819-487a-b16f-335736ebc47a,askacademia_train,losing_generate_qwen,no,no
fa2da8ca-e819-487a-b16f-335736ebc47a,askacademia_train,losing_improve_gemini,no,no
fa2da8ca-e819-487a-b16f-335736ebc47a,askacademia_train,losing_improve_claude,no,no
fa2da8ca-e819-487a-b16f-335736ebc47a,askacademia_train,losing_generate_mistral,no,no
fa2da8ca-e819-487a-b16f-335736ebc47a,askacademia_train,losing_improve_gpt4omini,no,no
fa2da8ca-e819-487a-b16f-335736ebc47a,askacademia_train,losing_improve_llama,no,no
fa2da8ca-e819-487a-b16f-335736ebc47a,askacademia_train,losing_improve_gpt5nano,no,no
fa2da8ca-e819-487a-b16f-335736ebc47a,askacademia_train,losing_improve_mistral,no,no
fa2da8ca-e819-487a-b16f-335736ebc47a,askacademia_train,losing_improve_qwen,no,no
fa2da8ca-e819-487a-b16f-335736ebc47a,askacademia_train,losing_paraphrase_gpt4omini,no,no
fa2da8ca-e819-487a-b16f-335736ebc47a,askacademia_train,losing_paraphrase_gemini,no,no
fa2da8ca-e819-487a-b16f-335736ebc47a,askacademia_train,losing_paraphrase_claude,no,no
fa2da8ca-e819-487a-b16f-335736ebc47a,askacademia_train,losing_paraphrase_llama,no,no
fa2da8ca-e819-487a-b16f-335736ebc47a,askacademia_train,losing_paraphrase_gpt5nano,no,no
fa2da8ca-e819-487a-b16f-335736ebc47a,askacademia_train,losing_paraphrase_mistral,no,no
fa2da8ca-e819-487a-b16f-335736ebc47a,askacademia_train,losing_paraphrase_qwen,no,no
e958443e-fd36-40e0-8fad-124bfc0baa3c,askacademia_train,losing_generate_claude,no,no
e958443e-fd36-40e0-8fad-124bfc0baa3c,askacademia_train,losing_generate_gemini,no,no
e958443e-fd36-40e0-8fad-124bfc0baa3c,askacademia_train,winning_text,no,no
e958443e-fd36-40e0-8fad-124bfc0baa3c,askacademia_train,losing_text,no,no
e958443e-fd36-40e0-8fad-124bfc0baa3c,askacademia_train,losing_generate_llama,no,no
e958443e-fd36-40e0-8fad-124bfc0baa3c,askacademia_train,losing_generate_gpt4omini,no,no
e958443e-fd36-40e0-8fad-124bfc0baa3c,askacademia_train,losing_generate_gpt5nano,no,no
e958443e-fd36-40e0-8fad-124bfc0baa3c,askacademia_train,losing_improve_gpt4omini,no,no
e958443e-fd36-40e0-8fad-124bfc0baa3c,askacademia_train,losing_improve_gemini,no,no
e958443e-fd36-40e0-8fad-124bfc0baa3c,askacademia_train,losing_improve_claude,no,no
e958443e-fd36-40e0-8fad-124bfc0baa3c,askacademia_train,losing_generate_mistral,no,no
e958443e-fd36-40e0-8fad-124bfc0baa3c,askacademia_train,losing_generate_qwen,no,no
e958443e-fd36-40e0-8fad-124bfc0baa3c,askacademia_train,losing_improve_mistral,no,no
e958443e-fd36-40e0-8fad-124bfc0baa3c,askacademia_train,losing_improve_gpt5nano,no,no
e958443e-fd36-40e0-8fad-124bfc0baa3c,askacademia_train,losing_improve_llama,no,no
e958443e-fd36-40e0-8fad-124bfc0baa3c,askacademia_train,losing_improve_qwen,no,no
e958443e-fd36-40e0-8fad-124bfc0baa3c,askacademia_train,losing_paraphrase_gpt4omini,no,no
e958443e-fd36-40e0-8fad-124bfc0baa3c,askacademia_train,losing_paraphrase_claude,no,no
e958443e-fd36-40e0-8fad-124bfc0baa3c,askacademia_train,losing_paraphrase_gpt5nano,no,no
e958443e-fd36-40e0-8fad-124bfc0baa3c,askacademia_train,losing_paraphrase_gemini,no,no
e958443e-fd36-40e0-8fad-124bfc0baa3c,askacademia_train,losing_paraphrase_qwen,no,no
e958443e-fd36-40e0-8fad-124bfc0baa3c,askacademia_train,losing_paraphrase_llama,no,no
e958443e-fd36-40e0-8fad-124bfc0baa3c,askacademia_train,losing_paraphrase_mistral,no,no
b7d7db3e-78ac-48ad-aeb8-8eee7f44834f,askacademia_train,losing_generate_gemini,no,no
b7d7db3e-78ac-48ad-aeb8-8eee7f44834f,askacademia_train,losing_generate_claude,no,no
b7d7db3e-78ac-48ad-aeb8-8eee7f44834f,askacademia_train,losing_text,no,no
b7d7db3e-78ac-48ad-aeb8-8eee7f44834f,askacademia_train,losing_generate_gpt4omini,no,no
b7d7db3e-78ac-48ad-aeb8-8eee7f44834f,askacademia_train,losing_generate_llama,no,no
b7d7db3e-78ac-48ad-aeb8-8eee7f44834f,askacademia_train,winning_text,no,no
b7d7db3e-78ac-48ad-aeb8-8eee7f44834f,askacademia_train,losing_generate_mistral,no,no
b7d7db3e-78ac-48ad-aeb8-8eee7f44834f,askacademia_train,losing_generate_gpt5nano,no,no
b7d7db3e-78ac-48ad-aeb8-8eee7f44834f,askacademia_train,losing_improve_gemini,no,no
b7d7db3e-78ac-48ad-aeb8-8eee7f44834f,askacademia_train,losing_improve_claude,no,no
b7d7db3e-78ac-48ad-aeb8-8eee7f44834f,askacademia_train,losing_improve_gpt4omini,no,no
b7d7db3e-78ac-48ad-aeb8-8eee7f44834f,askacademia_train,losing_generate_qwen,no,no
b7d7db3e-78ac-48ad-aeb8-8eee7f44834f,askacademia_train,losing_improve_mistral,no,no
b7d7db3e-78ac-48ad-aeb8-8eee7f44834f,askacademia_train,losing_improve_gpt5nano,no,no
b7d7db3e-78ac-48ad-aeb8-8eee7f44834f,askacademia_train,losing_improve_llama,no,no
b7d7db3e-78ac-48ad-aeb8-8eee7f44834f,askacademia_train,losing_improve_qwen,no,no
b7d7db3e-78ac-48ad-aeb8-8eee7f44834f,askacademia_train,losing_paraphrase_gpt4omini,no,no
b7d7db3e-78ac-48ad-aeb8-8eee7f44834f,askacademia_train,losing_paraphrase_gpt5nano,no,no
b7d7db3e-78ac-48ad-aeb8-8eee7f44834f,askacademia_train,losing_paraphrase_gemini,no,no
b7d7db3e-78ac-48ad-aeb8-8eee7f44834f,askacademia_train,losing_paraphrase_claude,no,no
b7d7db3e-78ac-48ad-aeb8-8eee7f44834f,askacademia_train,losing_paraphrase_mistral,no,no
b7d7db3e-78ac-48ad-aeb8-8eee7f44834f,askacademia_train,losing_paraphrase_qwen,no,no
b7d7db3e-78ac-48ad-aeb8-8eee7f44834f,askacademia_train,losing_paraphrase_llama,no,no
9a8ab3db-646a-43b2-9d47-8b4e139ebe1e,askacademia_train,winning_text,no,no
9a8ab3db-646a-43b2-9d47-8b4e139ebe1e,askacademia_train,losing_generate_claude,no,no
9a8ab3db-646a-43b2-9d47-8b4e139ebe1e,askacademia_train,losing_text,no,no
9a8ab3db-646a-43b2-9d47-8b4e139ebe1e,askacademia_train,losing_generate_gemini,no,no
9a8ab3db-646a-43b2-9d47-8b4e139ebe1e,askacademia_train,losing_generate_gpt4omini,no,no
9a8ab3db-646a-43b2-9d47-8b4e139ebe1e,askacademia_train,losing_generate_mistral,no,no
9a8ab3db-646a-43b2-9d47-8b4e139ebe1e,askacademia_train,losing_generate_qwen,no,no
9a8ab3db-646a-43b2-9d47-8b4e139ebe1e,askacademia_train,losing_generate_gpt5nano,no,no
9a8ab3db-646a-43b2-9d47-8b4e139ebe1e,askacademia_train,losing_generate_llama,no,no
9a8ab3db-646a-43b2-9d47-8b4e139ebe1e,askacademia_train,losing_improve_gemini,no,no
9a8ab3db-646a-43b2-9d47-8b4e139ebe1e,askacademia_train,losing_improve_gpt5nano,no,no
9a8ab3db-646a-43b2-9d47-8b4e139ebe1e,askacademia_train,losing_improve_claude,no,no
9a8ab3db-646a-43b2-9d47-8b4e139ebe1e,askacademia_train,losing_improve_gpt4omini,no,no
9a8ab3db-646a-43b2-9d47-8b4e139ebe1e,askacademia_train,losing_paraphrase_claude,no,no
9a8ab3db-646a-43b2-9d47-8b4e139ebe1e,askacademia_train,losing_improve_llama,no,no
9a8ab3db-646a-43b2-9d47-8b4e139ebe1e,askacademia_train,losing_improve_mistral,no,no
9a8ab3db-646a-43b2-9d47-8b4e139ebe1e,askacademia_train,losing_improve_qwen,no,no
9a8ab3db-646a-43b2-9d47-8b4e139ebe1e,askacademia_train,losing_paraphrase_llama,no,no
9a8ab3db-646a-43b2-9d47-8b4e139ebe1e,askacademia_train,losing_paraphrase_gemini,no,no
9a8ab3db-646a-43b2-9d47-8b4e139ebe1e,askacademia_train,losing_paraphrase_gpt4omini,no,no
9a8ab3db-646a-43b2-9d47-8b4e139ebe1e,askacademia_train,losing_paraphrase_mistral,no,no
4923804c-d23f-48af-936f-5521521f271f,askacademia_train,winning_text,no,no
9a8ab3db-646a-43b2-9d47-8b4e139ebe1e,askacademia_train,losing_paraphrase_gpt5nano,no,no
9a8ab3db-646a-43b2-9d47-8b4e139ebe1e,askacademia_train,losing_paraphrase_qwen,no,no
4923804c-d23f-48af-936f-5521521f271f,askacademia_train,losing_text,no,no
4923804c-d23f-48af-936f-5521521f271f,askacademia_train,losing_generate_gpt4omini,no,no
4923804c-d23f-48af-936f-5521521f271f,askacademia_train,losing_generate_gemini,no,no
4923804c-d23f-48af-936f-5521521f271f,askacademia_train,losing_generate_claude,no,no
4923804c-d23f-48af-936f-5521521f271f,askacademia_train,losing_generate_qwen,no,no
4923804c-d23f-48af-936f-5521521f271f,askacademia_train,losing_improve_claude,no,no
4923804c-d23f-48af-936f-5521521f271f,askacademia_train,losing_generate_llama,no,no
4923804c-d23f-48af-936f-5521521f271f,askacademia_train,losing_generate_gpt5nano,no,no
4923804c-d23f-48af-936f-5521521f271f,askacademia_train,losing_generate_mistral,no,no
4923804c-d23f-48af-936f-5521521f271f,askacademia_train,losing_improve_gpt5nano,no,no
4923804c-d23f-48af-936f-5521521f271f,askacademia_train,losing_improve_gemini,no,no
4923804c-d23f-48af-936f-5521521f271f,askacademia_train,losing_improve_gpt4omini,no,no
4923804c-d23f-48af-936f-5521521f271f,askacademia_train,losing_improve_mistral,no,no
4923804c-d23f-48af-936f-5521521f271f,askacademia_train,losing_improve_llama,no,no
4923804c-d23f-48af-936f-5521521f271f,askacademia_train,losing_improve_qwen,no,no
4923804c-d23f-48af-936f-5521521f271f,askacademia_train,losing_paraphrase_claude,no,no
4923804c-d23f-48af-936f-5521521f271f,askacademia_train,losing_paraphrase_gemini,no,no
4923804c-d23f-48af-936f-5521521f271f,askacademia_train,losing_paraphrase_gpt5nano,no,no
4923804c-d23f-48af-936f-5521521f271f,askacademia_train,losing_paraphrase_llama,no,no
4923804c-d23f-48af-936f-5521521f271f,askacademia_train,losing_paraphrase_gpt4omini,no,no
0407aee2-00f8-41cb-9423-fc52bdaf3e70,askacademia_train,winning_text,no,no
4923804c-d23f-48af-936f-5521521f271f,askacademia_train,losing_paraphrase_qwen,no,no
4923804c-d23f-48af-936f-5521521f271f,askacademia_train,losing_paraphrase_mistral,no,no
0407aee2-00f8-41cb-9423-fc52bdaf3e70,askacademia_train,losing_generate_claude,no,no
0407aee2-00f8-41cb-9423-fc52bdaf3e70,askacademia_train,losing_text,no,no
0407aee2-00f8-41cb-9423-fc52bdaf3e70,askacademia_train,losing_generate_gemini,no,no
0407aee2-00f8-41cb-9423-fc52bdaf3e70,askacademia_train,losing_generate_gpt4omini,no,no
0407aee2-00f8-41cb-9423-fc52bdaf3e70,askacademia_train,losing_generate_gpt5nano,no,no
0407aee2-00f8-41cb-9423-fc52bdaf3e70,askacademia_train,losing_generate_llama,no,no
0407aee2-00f8-41cb-9423-fc52bdaf3e70,askacademia_train,losing_generate_mistral,no,no
0407aee2-00f8-41cb-9423-fc52bdaf3e70,askacademia_train,losing_generate_qwen,no,no
0407aee2-00f8-41cb-9423-fc52bdaf3e70,askacademia_train,losing_improve_claude,no,no
0407aee2-00f8-41cb-9423-fc52bdaf3e70,askacademia_train,losing_improve_gemini,no,no
0407aee2-00f8-41cb-9423-fc52bdaf3e70,askacademia_train,losing_improve_gpt5nano,no,no
0407aee2-00f8-41cb-9423-fc52bdaf3e70,askacademia_train,losing_improve_llama,no,no
0407aee2-00f8-41cb-9423-fc52bdaf3e70,askacademia_train,losing_improve_gpt4omini,no,no
0407aee2-00f8-41cb-9423-fc52bdaf3e70,askacademia_train,losing_improve_qwen,no,no
0407aee2-00f8-41cb-9423-fc52bdaf3e70,askacademia_train,losing_improve_mistral,no,no
0407aee2-00f8-41cb-9423-fc52bdaf3e70,askacademia_train,losing_paraphrase_claude,no,no
0407aee2-00f8-41cb-9423-fc52bdaf3e70,askacademia_train,losing_paraphrase_gpt4omini,no,no
0407aee2-00f8-41cb-9423-fc52bdaf3e70,askacademia_train,losing_paraphrase_gemini,no,no
0407aee2-00f8-41cb-9423-fc52bdaf3e70,askacademia_train,losing_paraphrase_llama,no,no
0407aee2-00f8-41cb-9423-fc52bdaf3e70,askacademia_train,losing_paraphrase_gpt5nano,no,no
0407aee2-00f8-41cb-9423-fc52bdaf3e70,askacademia_train,losing_paraphrase_mistral,no,no
61533577-d6c3-4b4c-9ffa-5e7a8242b82f,askacademia_train,losing_text,no,no
0407aee2-00f8-41cb-9423-fc52bdaf3e70,askacademia_train,losing_paraphrase_qwen,no,no
61533577-d6c3-4b4c-9ffa-5e7a8242b82f,askacademia_train,winning_text,no,no
61533577-d6c3-4b4c-9ffa-5e7a8242b82f,askacademia_train,losing_generate_claude,no,no
61533577-d6c3-4b4c-9ffa-5e7a8242b82f,askacademia_train,losing_generate_gemini,no,no
61533577-d6c3-4b4c-9ffa-5e7a8242b82f,askacademia_train,losing_generate_llama,no,no
61533577-d6c3-4b4c-9ffa-5e7a8242b82f,askacademia_train,losing_generate_gpt4omini,no,no
61533577-d6c3-4b4c-9ffa-5e7a8242b82f,askacademia_train,losing_generate_gpt5nano,no,no
61533577-d6c3-4b4c-9ffa-5e7a8242b82f,askacademia_train,losing_generate_qwen,no,no
61533577-d6c3-4b4c-9ffa-5e7a8242b82f,askacademia_train,losing_generate_mistral,no,no
61533577-d6c3-4b4c-9ffa-5e7a8242b82f,askacademia_train,losing_improve_claude,no,no
61533577-d6c3-4b4c-9ffa-5e7a8242b82f,askacademia_train,losing_improve_gpt4omini,no,no
61533577-d6c3-4b4c-9ffa-5e7a8242b82f,askacademia_train,losing_improve_gemini,no,no
61533577-d6c3-4b4c-9ffa-5e7a8242b82f,askacademia_train,losing_improve_gpt5nano,no,no
61533577-d6c3-4b4c-9ffa-5e7a8242b82f,askacademia_train,losing_improve_llama,no,no
61533577-d6c3-4b4c-9ffa-5e7a8242b82f,askacademia_train,losing_improve_mistral,no,no
61533577-d6c3-4b4c-9ffa-5e7a8242b82f,askacademia_train,losing_paraphrase_gemini,no,no
61533577-d6c3-4b4c-9ffa-5e7a8242b82f,askacademia_train,losing_improve_qwen,no,no
61533577-d6c3-4b4c-9ffa-5e7a8242b82f,askacademia_train,losing_paraphrase_claude,no,no
61533577-d6c3-4b4c-9ffa-5e7a8242b82f,askacademia_train,losing_paraphrase_gpt4omini,no,no
61533577-d6c3-4b4c-9ffa-5e7a8242b82f,askacademia_train,losing_paraphrase_gpt5nano,no,no
61533577-d6c3-4b4c-9ffa-5e7a8242b82f,askacademia_train,losing_paraphrase_mistral,no,no
61533577-d6c3-4b4c-9ffa-5e7a8242b82f,askacademia_train,losing_paraphrase_qwen,no,no
61533577-d6c3-4b4c-9ffa-5e7a8242b82f,askacademia_train,losing_paraphrase_llama,no,no
3f75fa1c-9694-484d-adac-f8cf0ad93f10,askacademia_train,losing_text,no,no
3f75fa1c-9694-484d-adac-f8cf0ad93f10,askacademia_train,losing_generate_claude,no,no
3f75fa1c-9694-484d-adac-f8cf0ad93f10,askacademia_train,winning_text,no,no
3f75fa1c-9694-484d-adac-f8cf0ad93f10,askacademia_train,losing_generate_gemini,no,no
3f75fa1c-9694-484d-adac-f8cf0ad93f10,askacademia_train,losing_generate_gpt4omini,no,no
3f75fa1c-9694-484d-adac-f8cf0ad93f10,askacademia_train,losing_generate_llama,no,no
3f75fa1c-9694-484d-adac-f8cf0ad93f10,askacademia_train,losing_generate_gpt5nano,no,no
3f75fa1c-9694-484d-adac-f8cf0ad93f10,askacademia_train,losing_generate_qwen,no,no
3f75fa1c-9694-484d-adac-f8cf0ad93f10,askacademia_train,losing_improve_gemini,no,no
3f75fa1c-9694-484d-adac-f8cf0ad93f10,askacademia_train,losing_improve_claude,no,no
3f75fa1c-9694-484d-adac-f8cf0ad93f10,askacademia_train,losing_generate_mistral,no,no
3f75fa1c-9694-484d-adac-f8cf0ad93f10,askacademia_train,losing_improve_gpt5nano,no,no
3f75fa1c-9694-484d-adac-f8cf0ad93f10,askacademia_train,losing_improve_gpt4omini,no,no
3f75fa1c-9694-484d-adac-f8cf0ad93f10,askacademia_train,losing_improve_llama,no,no
3f75fa1c-9694-484d-adac-f8cf0ad93f10,askacademia_train,losing_improve_mistral,no,no
3f75fa1c-9694-484d-adac-f8cf0ad93f10,askacademia_train,losing_paraphrase_gemini,no,no
3f75fa1c-9694-484d-adac-f8cf0ad93f10,askacademia_train,losing_improve_qwen,no,no
3f75fa1c-9694-484d-adac-f8cf0ad93f10,askacademia_train,losing_paraphrase_gpt4omini,no,no
3f75fa1c-9694-484d-adac-f8cf0ad93f10,askacademia_train,losing_paraphrase_claude,no,no
3f75fa1c-9694-484d-adac-f8cf0ad93f10,askacademia_train,losing_paraphrase_llama,no,no
3f75fa1c-9694-484d-adac-f8cf0ad93f10,askacademia_train,losing_paraphrase_gpt5nano,no,no
3f75fa1c-9694-484d-adac-f8cf0ad93f10,askacademia_train,losing_paraphrase_mistral,no,no
3f75fa1c-9694-484d-adac-f8cf0ad93f10,askacademia_train,losing_paraphrase_qwen,no,no
3b679ead-6b5e-4121-ad59-976b2ff2750f,askacademia_train,losing_generate_claude,no,no
3b679ead-6b5e-4121-ad59-976b2ff2750f,askacademia_train,losing_text,no,no
3b679ead-6b5e-4121-ad59-976b2ff2750f,askacademia_train,winning_text,no,no
3b679ead-6b5e-4121-ad59-976b2ff2750f,askacademia_train,losing_generate_gemini,no,no
3b679ead-6b5e-4121-ad59-976b2ff2750f,askacademia_train,losing_generate_gpt4omini,no,no
3b679ead-6b5e-4121-ad59-976b2ff2750f,askacademia_train,losing_generate_gpt5nano,no,no
3b679ead-6b5e-4121-ad59-976b2ff2750f,askacademia_train,losing_generate_qwen,no,no
3b679ead-6b5e-4121-ad59-976b2ff2750f,askacademia_train,losing_improve_gpt5nano,no,no
3b679ead-6b5e-4121-ad59-976b2ff2750f,askacademia_train,losing_improve_gpt4omini,no,no
3b679ead-6b5e-4121-ad59-976b2ff2750f,askacademia_train,losing_generate_llama,no,no
3b679ead-6b5e-4121-ad59-976b2ff2750f,askacademia_train,losing_improve_claude,no,no
3b679ead-6b5e-4121-ad59-976b2ff2750f,askacademia_train,losing_generate_mistral,no,no
3b679ead-6b5e-4121-ad59-976b2ff2750f,askacademia_train,losing_improve_gemini,no,no
3b679ead-6b5e-4121-ad59-976b2ff2750f,askacademia_train,losing_improve_llama,no,no
3b679ead-6b5e-4121-ad59-976b2ff2750f,askacademia_train,losing_paraphrase_gemini,no,no
3b679ead-6b5e-4121-ad59-976b2ff2750f,askacademia_train,losing_paraphrase_gpt5nano,no,no
3b679ead-6b5e-4121-ad59-976b2ff2750f,askacademia_train,losing_improve_qwen,no,no
3b679ead-6b5e-4121-ad59-976b2ff2750f,askacademia_train,losing_paraphrase_llama,no,no
3b679ead-6b5e-4121-ad59-976b2ff2750f,askacademia_train,losing_improve_mistral,no,no
3b679ead-6b5e-4121-ad59-976b2ff2750f,askacademia_train,losing_paraphrase_gpt4omini,no,no
3b679ead-6b5e-4121-ad59-976b2ff2750f,askacademia_train,losing_paraphrase_claude,no,no
3b679ead-6b5e-4121-ad59-976b2ff2750f,askacademia_train,losing_paraphrase_mistral,no,no
de5452ab-ed8b-4160-a37d-28ceb7d23f34,askacademia_train,losing_generate_gpt5nano,no,no
de5452ab-ed8b-4160-a37d-28ceb7d23f34,askacademia_train,losing_text,no,no
de5452ab-ed8b-4160-a37d-28ceb7d23f34,askacademia_train,losing_generate_claude,no,no
de5452ab-ed8b-4160-a37d-28ceb7d23f34,askacademia_train,losing_generate_gpt4omini,no,no
de5452ab-ed8b-4160-a37d-28ceb7d23f34,askacademia_train,winning_text,no,no
3b679ead-6b5e-4121-ad59-976b2ff2750f,askacademia_train,losing_paraphrase_qwen,no,no
de5452ab-ed8b-4160-a37d-28ceb7d23f34,askacademia_train,losing_generate_gemini,no,no
de5452ab-ed8b-4160-a37d-28ceb7d23f34,askacademia_train,losing_generate_llama,no,no
de5452ab-ed8b-4160-a37d-28ceb7d23f34,askacademia_train,losing_improve_gpt5nano,no,no
de5452ab-ed8b-4160-a37d-28ceb7d23f34,askacademia_train,losing_improve_gemini,no,no
de5452ab-ed8b-4160-a37d-28ceb7d23f34,askacademia_train,losing_improve_claude,no,no
de5452ab-ed8b-4160-a37d-28ceb7d23f34,askacademia_train,losing_generate_mistral,no,no
de5452ab-ed8b-4160-a37d-28ceb7d23f34,askacademia_train,losing_generate_qwen,no,no
de5452ab-ed8b-4160-a37d-28ceb7d23f34,askacademia_train,losing_improve_llama,no,no
de5452ab-ed8b-4160-a37d-28ceb7d23f34,askacademia_train,losing_improve_gpt4omini,no,no
de5452ab-ed8b-4160-a37d-28ceb7d23f34,askacademia_train,losing_improve_mistral,no,no
de5452ab-ed8b-4160-a37d-28ceb7d23f34,askacademia_train,losing_improve_qwen,no,no
de5452ab-ed8b-4160-a37d-28ceb7d23f34,askacademia_train,losing_paraphrase_mistral,no,no
de5452ab-ed8b-4160-a37d-28ceb7d23f34,askacademia_train,losing_paraphrase_gemini,no,no
de5452ab-ed8b-4160-a37d-28ceb7d23f34,askacademia_train,losing_paraphrase_gpt5nano,no,no
de5452ab-ed8b-4160-a37d-28ceb7d23f34,askacademia_train,losing_paraphrase_claude,no,no
de5452ab-ed8b-4160-a37d-28ceb7d23f34,askacademia_train,losing_paraphrase_llama,no,no
de5452ab-ed8b-4160-a37d-28ceb7d23f34,askacademia_train,losing_paraphrase_gpt4omini,no,no
de5452ab-ed8b-4160-a37d-28ceb7d23f34,askacademia_train,losing_paraphrase_qwen,no,no
be255f5a-bc30-4f59-b35b-ed15113d00b2,askacademia_train,losing_generate_gpt5nano,no,no
be255f5a-bc30-4f59-b35b-ed15113d00b2,askacademia_train,losing_text,no,no
be255f5a-bc30-4f59-b35b-ed15113d00b2,askacademia_train,losing_generate_gemini,no,no
be255f5a-bc30-4f59-b35b-ed15113d00b2,askacademia_train,losing_generate_gpt4omini,no,no
be255f5a-bc30-4f59-b35b-ed15113d00b2,askacademia_train,losing_generate_claude,no,no
be255f5a-bc30-4f59-b35b-ed15113d00b2,askacademia_train,winning_text,no,no
be255f5a-bc30-4f59-b35b-ed15113d00b2,askacademia_train,losing_generate_llama,no,no
be255f5a-bc30-4f59-b35b-ed15113d00b2,askacademia_train,losing_generate_mistral,no,no
be255f5a-bc30-4f59-b35b-ed15113d00b2,askacademia_train,losing_improve_llama,no,no
be255f5a-bc30-4f59-b35b-ed15113d00b2,askacademia_train,losing_improve_gpt5nano,no,no
be255f5a-bc30-4f59-b35b-ed15113d00b2,askacademia_train,losing_improve_gemini,no,no
be255f5a-bc30-4f59-b35b-ed15113d00b2,askacademia_train,losing_generate_qwen,no,no
be255f5a-bc30-4f59-b35b-ed15113d00b2,askacademia_train,losing_improve_gpt4omini,no,no
be255f5a-bc30-4f59-b35b-ed15113d00b2,askacademia_train,losing_improve_claude,no,no
be255f5a-bc30-4f59-b35b-ed15113d00b2,askacademia_train,losing_improve_mistral,no,no
be255f5a-bc30-4f59-b35b-ed15113d00b2,askacademia_train,losing_improve_qwen,no,no
be255f5a-bc30-4f59-b35b-ed15113d00b2,askacademia_train,losing_paraphrase_llama,no,no
be255f5a-bc30-4f59-b35b-ed15113d00b2,askacademia_train,losing_paraphrase_gpt4omini,no,no
be255f5a-bc30-4f59-b35b-ed15113d00b2,askacademia_train,losing_paraphrase_claude,no,no
be255f5a-bc30-4f59-b35b-ed15113d00b2,askacademia_train,losing_paraphrase_gemini,no,no
be255f5a-bc30-4f59-b35b-ed15113d00b2,askacademia_train,losing_paraphrase_mistral,no,no
be255f5a-bc30-4f59-b35b-ed15113d00b2,askacademia_train,losing_paraphrase_gpt5nano,no,no
be255f5a-bc30-4f59-b35b-ed15113d00b2,askacademia_train,losing_paraphrase_qwen,no,no
15740e09-95d5-4fdf-b4db-7ecc6d553184,askacademia_train,winning_text,no,no
15740e09-95d5-4fdf-b4db-7ecc6d553184,askacademia_train,losing_generate_gpt5nano,no,no
15740e09-95d5-4fdf-b4db-7ecc6d553184,askacademia_train,losing_text,no,no
15740e09-95d5-4fdf-b4db-7ecc6d553184,askacademia_train,losing_generate_gemini,no,no
15740e09-95d5-4fdf-b4db-7ecc6d553184,askacademia_train,losing_generate_claude,no,no
15740e09-95d5-4fdf-b4db-7ecc6d553184,askacademia_train,losing_generate_llama,no,no
15740e09-95d5-4fdf-b4db-7ecc6d553184,askacademia_train,losing_generate_gpt4omini,no,no
15740e09-95d5-4fdf-b4db-7ecc6d553184,askacademia_train,losing_generate_mistral,no,no
15740e09-95d5-4fdf-b4db-7ecc6d553184,askacademia_train,losing_generate_qwen,no,no
15740e09-95d5-4fdf-b4db-7ecc6d553184,askacademia_train,losing_improve_gemini,no,no
15740e09-95d5-4fdf-b4db-7ecc6d553184,askacademia_train,losing_improve_llama,no,no
15740e09-95d5-4fdf-b4db-7ecc6d553184,askacademia_train,losing_improve_gpt4omini,no,no
15740e09-95d5-4fdf-b4db-7ecc6d553184,askacademia_train,losing_improve_claude,no,no
15740e09-95d5-4fdf-b4db-7ecc6d553184,askacademia_train,losing_improve_gpt5nano,no,no
15740e09-95d5-4fdf-b4db-7ecc6d553184,askacademia_train,losing_improve_mistral,no,no
15740e09-95d5-4fdf-b4db-7ecc6d553184,askacademia_train,losing_paraphrase_claude,no,no
15740e09-95d5-4fdf-b4db-7ecc6d553184,askacademia_train,losing_improve_qwen,no,no
15740e09-95d5-4fdf-b4db-7ecc6d553184,askacademia_train,losing_paraphrase_gemini,no,no
15740e09-95d5-4fdf-b4db-7ecc6d553184,askacademia_train,losing_paraphrase_gpt5nano,no,no
15740e09-95d5-4fdf-b4db-7ecc6d553184,askacademia_train,losing_paraphrase_gpt4omini,no,no
15740e09-95d5-4fdf-b4db-7ecc6d553184,askacademia_train,losing_paraphrase_llama,no,no
15740e09-95d5-4fdf-b4db-7ecc6d553184,askacademia_train,losing_paraphrase_mistral,no,no
2a700365-6ef5-4fb2-b9e2-42d1b0269ef0,askacademia_train,winning_text,no,no
2a700365-6ef5-4fb2-b9e2-42d1b0269ef0,askacademia_train,losing_text,no,no
15740e09-95d5-4fdf-b4db-7ecc6d553184,askacademia_train,losing_paraphrase_qwen,no,no
2a700365-6ef5-4fb2-b9e2-42d1b0269ef0,askacademia_train,losing_generate_gpt5nano,no,no
2a700365-6ef5-4fb2-b9e2-42d1b0269ef0,askacademia_train,losing_generate_gpt4omini,no,no
2a700365-6ef5-4fb2-b9e2-42d1b0269ef0,askacademia_train,losing_generate_gemini,no,no
2a700365-6ef5-4fb2-b9e2-42d1b0269ef0,askacademia_train,losing_generate_llama,no,no
2a700365-6ef5-4fb2-b9e2-42d1b0269ef0,askacademia_train,losing_generate_claude,no,no
2a700365-6ef5-4fb2-b9e2-42d1b0269ef0,askacademia_train,losing_improve_claude,no,no
2a700365-6ef5-4fb2-b9e2-42d1b0269ef0,askacademia_train,losing_generate_qwen,no,no
2a700365-6ef5-4fb2-b9e2-42d1b0269ef0,askacademia_train,losing_generate_mistral,no,no
2a700365-6ef5-4fb2-b9e2-42d1b0269ef0,askacademia_train,losing_improve_mistral,no,no
2a700365-6ef5-4fb2-b9e2-42d1b0269ef0,askacademia_train,losing_improve_llama,no,no
2a700365-6ef5-4fb2-b9e2-42d1b0269ef0,askacademia_train,losing_improve_gpt5nano,no,no
2a700365-6ef5-4fb2-b9e2-42d1b0269ef0,askacademia_train,losing_improve_gpt4omini,no,no
2a700365-6ef5-4fb2-b9e2-42d1b0269ef0,askacademia_train,losing_improve_gemini,no,no
2a700365-6ef5-4fb2-b9e2-42d1b0269ef0,askacademia_train,losing_improve_qwen,no,no
2a700365-6ef5-4fb2-b9e2-42d1b0269ef0,askacademia_train,losing_paraphrase_gemini,no,no
2a700365-6ef5-4fb2-b9e2-42d1b0269ef0,askacademia_train,losing_paraphrase_claude,no,no
2a700365-6ef5-4fb2-b9e2-42d1b0269ef0,askacademia_train,losing_paraphrase_gpt5nano,no,no
2a700365-6ef5-4fb2-b9e2-42d1b0269ef0,askacademia_train,losing_paraphrase_llama,no,no
2a700365-6ef5-4fb2-b9e2-42d1b0269ef0,askacademia_train,losing_paraphrase_mistral,no,no
2a700365-6ef5-4fb2-b9e2-42d1b0269ef0,askacademia_train,losing_paraphrase_qwen,no,no
2a700365-6ef5-4fb2-b9e2-42d1b0269ef0,askacademia_train,losing_paraphrase_gpt4omini,no,no
d0600aa4-23a5-47fb-a38d-b6c72f15af92,askacademia_train,losing_generate_claude,no,no
d0600aa4-23a5-47fb-a38d-b6c72f15af92,askacademia_train,winning_text,no,no
d0600aa4-23a5-47fb-a38d-b6c72f15af92,askacademia_train,losing_text,no,no
d0600aa4-23a5-47fb-a38d-b6c72f15af92,askacademia_train,losing_generate_gemini,no,no
d0600aa4-23a5-47fb-a38d-b6c72f15af92,askacademia_train,losing_generate_gpt5nano,no,no
d0600aa4-23a5-47fb-a38d-b6c72f15af92,askacademia_train,losing_generate_mistral,no,no
d0600aa4-23a5-47fb-a38d-b6c72f15af92,askacademia_train,losing_generate_gpt4omini,no,no
d0600aa4-23a5-47fb-a38d-b6c72f15af92,askacademia_train,losing_generate_llama,no,no
d0600aa4-23a5-47fb-a38d-b6c72f15af92,askacademia_train,losing_improve_gemini,no,no
d0600aa4-23a5-47fb-a38d-b6c72f15af92,askacademia_train,losing_improve_claude,no,no
d0600aa4-23a5-47fb-a38d-b6c72f15af92,askacademia_train,losing_generate_qwen,no,no
d0600aa4-23a5-47fb-a38d-b6c72f15af92,askacademia_train,losing_improve_llama,no,no
d0600aa4-23a5-47fb-a38d-b6c72f15af92,askacademia_train,losing_improve_qwen,no,no
d0600aa4-23a5-47fb-a38d-b6c72f15af92,askacademia_train,losing_improve_gpt5nano,no,no
d0600aa4-23a5-47fb-a38d-b6c72f15af92,askacademia_train,losing_improve_gpt4omini,no,no
d0600aa4-23a5-47fb-a38d-b6c72f15af92,askacademia_train,losing_improve_mistral,no,no
d0600aa4-23a5-47fb-a38d-b6c72f15af92,askacademia_train,losing_paraphrase_gemini,no,no
d0600aa4-23a5-47fb-a38d-b6c72f15af92,askacademia_train,losing_paraphrase_claude,no,no
d0600aa4-23a5-47fb-a38d-b6c72f15af92,askacademia_train,losing_paraphrase_gpt4omini,no,no
d0600aa4-23a5-47fb-a38d-b6c72f15af92,askacademia_train,losing_paraphrase_llama,no,no
d0600aa4-23a5-47fb-a38d-b6c72f15af92,askacademia_train,losing_paraphrase_mistral,no,no
d0600aa4-23a5-47fb-a38d-b6c72f15af92,askacademia_train,losing_paraphrase_gpt5nano,no,no
f701811d-8ebc-4e8c-8337-c922fdfb6911,askacademia_train,winning_text,no,no
d0600aa4-23a5-47fb-a38d-b6c72f15af92,askacademia_train,losing_paraphrase_qwen,no,no
f701811d-8ebc-4e8c-8337-c922fdfb6911,askacademia_train,losing_text,no,no
f701811d-8ebc-4e8c-8337-c922fdfb6911,askacademia_train,losing_generate_gemini,no,no
f701811d-8ebc-4e8c-8337-c922fdfb6911,askacademia_train,losing_generate_claude,no,no
f701811d-8ebc-4e8c-8337-c922fdfb6911,askacademia_train,losing_generate_llama,no,no
f701811d-8ebc-4e8c-8337-c922fdfb6911,askacademia_train,losing_generate_gpt4omini,no,no
f701811d-8ebc-4e8c-8337-c922fdfb6911,askacademia_train,losing_generate_mistral,no,no
f701811d-8ebc-4e8c-8337-c922fdfb6911,askacademia_train,losing_generate_qwen,no,no
f701811d-8ebc-4e8c-8337-c922fdfb6911,askacademia_train,losing_generate_gpt5nano,no,no
f701811d-8ebc-4e8c-8337-c922fdfb6911,askacademia_train,losing_improve_claude,no,no
f701811d-8ebc-4e8c-8337-c922fdfb6911,askacademia_train,losing_improve_gemini,no,no
f701811d-8ebc-4e8c-8337-c922fdfb6911,askacademia_train,losing_improve_gpt4omini,no,no
f701811d-8ebc-4e8c-8337-c922fdfb6911,askacademia_train,losing_improve_gpt5nano,no,no
f701811d-8ebc-4e8c-8337-c922fdfb6911,askacademia_train,losing_improve_llama,no,no
f701811d-8ebc-4e8c-8337-c922fdfb6911,askacademia_train,losing_improve_mistral,no,no
f701811d-8ebc-4e8c-8337-c922fdfb6911,askacademia_train,losing_paraphrase_claude,no,no
f701811d-8ebc-4e8c-8337-c922fdfb6911,askacademia_train,losing_paraphrase_gemini,no,no
f701811d-8ebc-4e8c-8337-c922fdfb6911,askacademia_train,losing_paraphrase_gpt4omini,no,no
f701811d-8ebc-4e8c-8337-c922fdfb6911,askacademia_train,losing_paraphrase_gpt5nano,no,no
f701811d-8ebc-4e8c-8337-c922fdfb6911,askacademia_train,losing_improve_qwen,no,no
f701811d-8ebc-4e8c-8337-c922fdfb6911,askacademia_train,losing_paraphrase_mistral,no,no
f701811d-8ebc-4e8c-8337-c922fdfb6911,askacademia_train,losing_paraphrase_llama,no,no
f701811d-8ebc-4e8c-8337-c922fdfb6911,askacademia_train,losing_paraphrase_qwen,no,no
9d4841c7-b34c-440b-a58b-4e9e16c4cf0f,askacademia_train,winning_text,no,no
9d4841c7-b34c-440b-a58b-4e9e16c4cf0f,askacademia_train,losing_generate_gemini,no,no
9d4841c7-b34c-440b-a58b-4e9e16c4cf0f,askacademia_train,losing_generate_claude,no,no
9d4841c7-b34c-440b-a58b-4e9e16c4cf0f,askacademia_train,losing_text,no,no
9d4841c7-b34c-440b-a58b-4e9e16c4cf0f,askacademia_train,losing_generate_gpt4omini,no,no
9d4841c7-b34c-440b-a58b-4e9e16c4cf0f,askacademia_train,losing_generate_llama,no,no
9d4841c7-b34c-440b-a58b-4e9e16c4cf0f,askacademia_train,losing_generate_gpt5nano,no,no
9d4841c7-b34c-440b-a58b-4e9e16c4cf0f,askacademia_train,losing_generate_mistral,no,no
9d4841c7-b34c-440b-a58b-4e9e16c4cf0f,askacademia_train,losing_generate_qwen,no,no
9d4841c7-b34c-440b-a58b-4e9e16c4cf0f,askacademia_train,losing_improve_gemini,no,no
9d4841c7-b34c-440b-a58b-4e9e16c4cf0f,askacademia_train,losing_improve_claude,no,no
9d4841c7-b34c-440b-a58b-4e9e16c4cf0f,askacademia_train,losing_improve_gpt4omini,no,no
9d4841c7-b34c-440b-a58b-4e9e16c4cf0f,askacademia_train,losing_improve_gpt5nano,no,no
9d4841c7-b34c-440b-a58b-4e9e16c4cf0f,askacademia_train,losing_improve_llama,no,no
9d4841c7-b34c-440b-a58b-4e9e16c4cf0f,askacademia_train,losing_improve_mistral,no,no
9d4841c7-b34c-440b-a58b-4e9e16c4cf0f,askacademia_train,losing_improve_qwen,no,no
9d4841c7-b34c-440b-a58b-4e9e16c4cf0f,askacademia_train,losing_paraphrase_claude,no,no
9d4841c7-b34c-440b-a58b-4e9e16c4cf0f,askacademia_train,losing_paraphrase_gpt5nano,no,no
9d4841c7-b34c-440b-a58b-4e9e16c4cf0f,askacademia_train,losing_paraphrase_gpt4omini,no,no
9d4841c7-b34c-440b-a58b-4e9e16c4cf0f,askacademia_train,losing_paraphrase_gemini,no,no
9d4841c7-b34c-440b-a58b-4e9e16c4cf0f,askacademia_train,losing_paraphrase_llama,no,no
9d4841c7-b34c-440b-a58b-4e9e16c4cf0f,askacademia_train,losing_paraphrase_qwen,no,no
8b63169c-2889-4c01-808c-4006b5c9c986,askacademia_train,winning_text,no,no
9d4841c7-b34c-440b-a58b-4e9e16c4cf0f,askacademia_train,losing_paraphrase_mistral,no,no
8b63169c-2889-4c01-808c-4006b5c9c986,askacademia_train,losing_generate_gpt4omini,no,no
8b63169c-2889-4c01-808c-4006b5c9c986,askacademia_train,losing_text,no,no
8b63169c-2889-4c01-808c-4006b5c9c986,askacademia_train,losing_generate_claude,no,no
8b63169c-2889-4c01-808c-4006b5c9c986,askacademia_train,losing_generate_gemini,no,no
8b63169c-2889-4c01-808c-4006b5c9c986,askacademia_train,losing_generate_gpt5nano,yes,yes
8b63169c-2889-4c01-808c-4006b5c9c986,askacademia_train,losing_generate_mistral,no,no
8b63169c-2889-4c01-808c-4006b5c9c986,askacademia_train,losing_generate_llama,no,no
8b63169c-2889-4c01-808c-4006b5c9c986,askacademia_train,losing_generate_qwen,no,no
8b63169c-2889-4c01-808c-4006b5c9c986,askacademia_train,losing_improve_gemini,no,no
8b63169c-2889-4c01-808c-4006b5c9c986,askacademia_train,losing_improve_claude,no,no
8b63169c-2889-4c01-808c-4006b5c9c986,askacademia_train,losing_improve_gpt5nano,no,no
8b63169c-2889-4c01-808c-4006b5c9c986,askacademia_train,losing_improve_llama,no,no
8b63169c-2889-4c01-808c-4006b5c9c986,askacademia_train,losing_improve_gpt4omini,no,no
8b63169c-2889-4c01-808c-4006b5c9c986,askacademia_train,losing_improve_qwen,no,no
8b63169c-2889-4c01-808c-4006b5c9c986,askacademia_train,losing_paraphrase_claude,no,no
8b63169c-2889-4c01-808c-4006b5c9c986,askacademia_train,losing_improve_mistral,no,no
8b63169c-2889-4c01-808c-4006b5c9c986,askacademia_train,losing_paraphrase_gpt4omini,no,no
8b63169c-2889-4c01-808c-4006b5c9c986,askacademia_train,losing_paraphrase_gemini,no,no
8b63169c-2889-4c01-808c-4006b5c9c986,askacademia_train,losing_paraphrase_gpt5nano,no,no
8b63169c-2889-4c01-808c-4006b5c9c986,askacademia_train,losing_paraphrase_mistral,no,no
8b63169c-2889-4c01-808c-4006b5c9c986,askacademia_train,losing_paraphrase_llama,no,no
8b63169c-2889-4c01-808c-4006b5c9c986,askacademia_train,losing_paraphrase_qwen,no,no
4157e6b0-d32b-4b68-85dd-bf06cb8df1ca,askacademia_train,winning_text,no,no
4157e6b0-d32b-4b68-85dd-bf06cb8df1ca,askacademia_train,losing_text,no,no
4157e6b0-d32b-4b68-85dd-bf06cb8df1ca,askacademia_train,losing_generate_gpt4omini,no,no
4157e6b0-d32b-4b68-85dd-bf06cb8df1ca,askacademia_train,losing_generate_gemini,no,no
4157e6b0-d32b-4b68-85dd-bf06cb8df1ca,askacademia_train,losing_generate_claude,no,no
4157e6b0-d32b-4b68-85dd-bf06cb8df1ca,askacademia_train,losing_improve_claude,no,no
4157e6b0-d32b-4b68-85dd-bf06cb8df1ca,askacademia_train,losing_generate_gpt5nano,yes,yes
4157e6b0-d32b-4b68-85dd-bf06cb8df1ca,askacademia_train,losing_generate_mistral,no,no
4157e6b0-d32b-4b68-85dd-bf06cb8df1ca,askacademia_train,losing_generate_llama,no,no
4157e6b0-d32b-4b68-85dd-bf06cb8df1ca,askacademia_train,losing_generate_qwen,no,no
4157e6b0-d32b-4b68-85dd-bf06cb8df1ca,askacademia_train,losing_improve_gpt5nano,no,no
4157e6b0-d32b-4b68-85dd-bf06cb8df1ca,askacademia_train,losing_improve_gemini,no,no
4157e6b0-d32b-4b68-85dd-bf06cb8df1ca,askacademia_train,losing_improve_gpt4omini,no,no
4157e6b0-d32b-4b68-85dd-bf06cb8df1ca,askacademia_train,losing_paraphrase_gemini,no,no
4157e6b0-d32b-4b68-85dd-bf06cb8df1ca,askacademia_train,losing_improve_llama,no,no
4157e6b0-d32b-4b68-85dd-bf06cb8df1ca,askacademia_train,losing_paraphrase_claude,no,no
4157e6b0-d32b-4b68-85dd-bf06cb8df1ca,askacademia_train,losing_improve_mistral,no,no
4157e6b0-d32b-4b68-85dd-bf06cb8df1ca,askacademia_train,losing_improve_qwen,no,no
4157e6b0-d32b-4b68-85dd-bf06cb8df1ca,askacademia_train,losing_paraphrase_gpt4omini,no,no
4157e6b0-d32b-4b68-85dd-bf06cb8df1ca,askacademia_train,losing_paraphrase_llama,no,no
4157e6b0-d32b-4b68-85dd-bf06cb8df1ca,askacademia_train,losing_paraphrase_gpt5nano,no,no
60ab52b3-4696-484b-9631-a3053571b485,askacademia_train,losing_generate_claude,no,no
60ab52b3-4696-484b-9631-a3053571b485,askacademia_train,winning_text,no,no
60ab52b3-4696-484b-9631-a3053571b485,askacademia_train,losing_text,no,no
4157e6b0-d32b-4b68-85dd-bf06cb8df1ca,askacademia_train,losing_paraphrase_mistral,no,no
4157e6b0-d32b-4b68-85dd-bf06cb8df1ca,askacademia_train,losing_paraphrase_qwen,no,no
60ab52b3-4696-484b-9631-a3053571b485,askacademia_train,losing_generate_gpt4omini,no,no
60ab52b3-4696-484b-9631-a3053571b485,askacademia_train,losing_generate_gemini,no,no
60ab52b3-4696-484b-9631-a3053571b485,askacademia_train,losing_generate_gpt5nano,no,no
60ab52b3-4696-484b-9631-a3053571b485,askacademia_train,losing_improve_gemini,no,no
60ab52b3-4696-484b-9631-a3053571b485,askacademia_train,losing_generate_llama,no,no
60ab52b3-4696-484b-9631-a3053571b485,askacademia_train,losing_generate_qwen,no,no
60ab52b3-4696-484b-9631-a3053571b485,askacademia_train,losing_generate_mistral,no,no
60ab52b3-4696-484b-9631-a3053571b485,askacademia_train,losing_improve_claude,no,no
60ab52b3-4696-484b-9631-a3053571b485,askacademia_train,losing_improve_llama,no,no
60ab52b3-4696-484b-9631-a3053571b485,askacademia_train,losing_improve_gpt5nano,no,no
60ab52b3-4696-484b-9631-a3053571b485,askacademia_train,losing_improve_gpt4omini,no,no
60ab52b3-4696-484b-9631-a3053571b485,askacademia_train,losing_improve_mistral,no,no
60ab52b3-4696-484b-9631-a3053571b485,askacademia_train,losing_paraphrase_claude,no,no
60ab52b3-4696-484b-9631-a3053571b485,askacademia_train,losing_improve_qwen,no,no
60ab52b3-4696-484b-9631-a3053571b485,askacademia_train,losing_paraphrase_gpt4omini,no,no
60ab52b3-4696-484b-9631-a3053571b485,askacademia_train,losing_paraphrase_gpt5nano,no,no
60ab52b3-4696-484b-9631-a3053571b485,askacademia_train,losing_paraphrase_gemini,no,no
60ab52b3-4696-484b-9631-a3053571b485,askacademia_train,losing_paraphrase_llama,no,no
60ab52b3-4696-484b-9631-a3053571b485,askacademia_train,losing_paraphrase_mistral,no,no
60ab52b3-4696-484b-9631-a3053571b485,askacademia_train,losing_paraphrase_qwen,no,no
78de6c8e-e14c-40ab-a98c-f93257b8d459,askacademia_train,winning_text,no,no
78de6c8e-e14c-40ab-a98c-f93257b8d459,askacademia_train,losing_text,no,no
78de6c8e-e14c-40ab-a98c-f93257b8d459,askacademia_train,losing_generate_claude,no,no
78de6c8e-e14c-40ab-a98c-f93257b8d459,askacademia_train,losing_generate_gpt4omini,no,no
78de6c8e-e14c-40ab-a98c-f93257b8d459,askacademia_train,losing_generate_gpt5nano,no,no
78de6c8e-e14c-40ab-a98c-f93257b8d459,askacademia_train,losing_generate_llama,no,no
78de6c8e-e14c-40ab-a98c-f93257b8d459,askacademia_train,losing_generate_gemini,no,no
78de6c8e-e14c-40ab-a98c-f93257b8d459,askacademia_train,losing_improve_gemini,no,no
78de6c8e-e14c-40ab-a98c-f93257b8d459,askacademia_train,losing_improve_claude,no,no
78de6c8e-e14c-40ab-a98c-f93257b8d459,askacademia_train,losing_generate_mistral,no,no
78de6c8e-e14c-40ab-a98c-f93257b8d459,askacademia_train,losing_improve_gpt4omini,no,no
78de6c8e-e14c-40ab-a98c-f93257b8d459,askacademia_train,losing_generate_qwen,no,no
78de6c8e-e14c-40ab-a98c-f93257b8d459,askacademia_train,losing_improve_gpt5nano,no,no
78de6c8e-e14c-40ab-a98c-f93257b8d459,askacademia_train,losing_improve_llama,no,no
78de6c8e-e14c-40ab-a98c-f93257b8d459,askacademia_train,losing_improve_mistral,no,no
78de6c8e-e14c-40ab-a98c-f93257b8d459,askacademia_train,losing_improve_qwen,no,no
78de6c8e-e14c-40ab-a98c-f93257b8d459,askacademia_train,losing_paraphrase_gemini,no,no
78de6c8e-e14c-40ab-a98c-f93257b8d459,askacademia_train,losing_paraphrase_claude,no,no
78de6c8e-e14c-40ab-a98c-f93257b8d459,askacademia_train,losing_paraphrase_mistral,no,no
78de6c8e-e14c-40ab-a98c-f93257b8d459,askacademia_train,losing_paraphrase_llama,no,no
78de6c8e-e14c-40ab-a98c-f93257b8d459,askacademia_train,losing_paraphrase_gpt5nano,no,no
78de6c8e-e14c-40ab-a98c-f93257b8d459,askacademia_train,losing_paraphrase_gpt4omini,no,no
78de6c8e-e14c-40ab-a98c-f93257b8d459,askacademia_train,losing_paraphrase_qwen,no,no
a65f42a8-1bcd-4d32-b76b-9c460d0fba52,askacademia_train,losing_text,no,no
a65f42a8-1bcd-4d32-b76b-9c460d0fba52,askacademia_train,winning_text,no,no
a65f42a8-1bcd-4d32-b76b-9c460d0fba52,askacademia_train,losing_generate_claude,no,no
a65f42a8-1bcd-4d32-b76b-9c460d0fba52,askacademia_train,losing_generate_gpt4omini,no,no
a65f42a8-1bcd-4d32-b76b-9c460d0fba52,askacademia_train,losing_generate_gemini,no,no
a65f42a8-1bcd-4d32-b76b-9c460d0fba52,askacademia_train,losing_generate_llama,no,no
a65f42a8-1bcd-4d32-b76b-9c460d0fba52,askacademia_train,losing_generate_gpt5nano,no,no
a65f42a8-1bcd-4d32-b76b-9c460d0fba52,askacademia_train,losing_generate_mistral,no,no
a65f42a8-1bcd-4d32-b76b-9c460d0fba52,askacademia_train,losing_improve_claude,no,no
a65f42a8-1bcd-4d32-b76b-9c460d0fba52,askacademia_train,losing_generate_qwen,no,no
a65f42a8-1bcd-4d32-b76b-9c460d0fba52,askacademia_train,losing_improve_gemini,no,no
a65f42a8-1bcd-4d32-b76b-9c460d0fba52,askacademia_train,losing_improve_mistral,no,no
a65f42a8-1bcd-4d32-b76b-9c460d0fba52,askacademia_train,losing_improve_llama,no,no
a65f42a8-1bcd-4d32-b76b-9c460d0fba52,askacademia_train,losing_improve_gpt4omini,no,no
a65f42a8-1bcd-4d32-b76b-9c460d0fba52,askacademia_train,losing_improve_gpt5nano,no,no
a65f42a8-1bcd-4d32-b76b-9c460d0fba52,askacademia_train,losing_improve_qwen,no,no
a65f42a8-1bcd-4d32-b76b-9c460d0fba52,askacademia_train,losing_paraphrase_gemini,no,no
a65f42a8-1bcd-4d32-b76b-9c460d0fba52,askacademia_train,losing_paraphrase_claude,no,no
a65f42a8-1bcd-4d32-b76b-9c460d0fba52,askacademia_train,losing_paraphrase_gpt4omini,no,no
a65f42a8-1bcd-4d32-b76b-9c460d0fba52,askacademia_train,losing_paraphrase_llama,no,no
a65f42a8-1bcd-4d32-b76b-9c460d0fba52,askacademia_train,losing_paraphrase_qwen,no,no
a65f42a8-1bcd-4d32-b76b-9c460d0fba52,askacademia_train,losing_paraphrase_mistral,no,no
a65f42a8-1bcd-4d32-b76b-9c460d0fba52,askacademia_train,losing_paraphrase_gpt5nano,no,no
d4ca9d10-da34-4f21-b1b8-84ce3728f1ba,askacademia_train,winning_text,no,no
d4ca9d10-da34-4f21-b1b8-84ce3728f1ba,askacademia_train,losing_text,no,no
d4ca9d10-da34-4f21-b1b8-84ce3728f1ba,askacademia_train,losing_generate_gemini,no,no
d4ca9d10-da34-4f21-b1b8-84ce3728f1ba,askacademia_train,losing_generate_claude,no,no
d4ca9d10-da34-4f21-b1b8-84ce3728f1ba,askacademia_train,losing_generate_gpt5nano,no,no
d4ca9d10-da34-4f21-b1b8-84ce3728f1ba,askacademia_train,losing_generate_mistral,no,no
d4ca9d10-da34-4f21-b1b8-84ce3728f1ba,askacademia_train,losing_generate_gpt4omini,no,no
d4ca9d10-da34-4f21-b1b8-84ce3728f1ba,askacademia_train,losing_generate_llama,no,no
d4ca9d10-da34-4f21-b1b8-84ce3728f1ba,askacademia_train,losing_generate_qwen,no,no
d4ca9d10-da34-4f21-b1b8-84ce3728f1ba,askacademia_train,losing_improve_claude,no,no
d4ca9d10-da34-4f21-b1b8-84ce3728f1ba,askacademia_train,losing_improve_gpt4omini,no,no
d4ca9d10-da34-4f21-b1b8-84ce3728f1ba,askacademia_train,losing_improve_gemini,no,no
d4ca9d10-da34-4f21-b1b8-84ce3728f1ba,askacademia_train,losing_improve_gpt5nano,no,no
d4ca9d10-da34-4f21-b1b8-84ce3728f1ba,askacademia_train,losing_improve_mistral,no,no
d4ca9d10-da34-4f21-b1b8-84ce3728f1ba,askacademia_train,losing_improve_qwen,no,no
d4ca9d10-da34-4f21-b1b8-84ce3728f1ba,askacademia_train,losing_improve_llama,no,no
d4ca9d10-da34-4f21-b1b8-84ce3728f1ba,askacademia_train,losing_paraphrase_claude,no,no
d4ca9d10-da34-4f21-b1b8-84ce3728f1ba,askacademia_train,losing_paraphrase_gpt5nano,no,no
d4ca9d10-da34-4f21-b1b8-84ce3728f1ba,askacademia_train,losing_paraphrase_gpt4omini,no,no
d4ca9d10-da34-4f21-b1b8-84ce3728f1ba,askacademia_train,losing_paraphrase_gemini,no,no
d4ca9d10-da34-4f21-b1b8-84ce3728f1ba,askacademia_train,losing_paraphrase_mistral,no,no
d4ca9d10-da34-4f21-b1b8-84ce3728f1ba,askacademia_train,losing_paraphrase_llama,no,no
82833031-4563-42a0-8c0a-25b7ad02f6eb,askacademia_train,winning_text,no,no
d4ca9d10-da34-4f21-b1b8-84ce3728f1ba,askacademia_train,losing_paraphrase_qwen,no,no
82833031-4563-42a0-8c0a-25b7ad02f6eb,askacademia_train,losing_text,no,no
82833031-4563-42a0-8c0a-25b7ad02f6eb,askacademia_train,losing_generate_gpt4omini,no,no
82833031-4563-42a0-8c0a-25b7ad02f6eb,askacademia_train,losing_generate_claude,no,no
82833031-4563-42a0-8c0a-25b7ad02f6eb,askacademia_train,losing_generate_gemini,no,no
82833031-4563-42a0-8c0a-25b7ad02f6eb,askacademia_train,losing_generate_mistral,no,no
82833031-4563-42a0-8c0a-25b7ad02f6eb,askacademia_train,losing_generate_llama,no,no
82833031-4563-42a0-8c0a-25b7ad02f6eb,askacademia_train,losing_generate_gpt5nano,no,no
82833031-4563-42a0-8c0a-25b7ad02f6eb,askacademia_train,losing_generate_qwen,no,no
82833031-4563-42a0-8c0a-25b7ad02f6eb,askacademia_train,losing_improve_claude,no,no
82833031-4563-42a0-8c0a-25b7ad02f6eb,askacademia_train,losing_improve_gpt5nano,no,no
82833031-4563-42a0-8c0a-25b7ad02f6eb,askacademia_train,losing_improve_gpt4omini,no,no
82833031-4563-42a0-8c0a-25b7ad02f6eb,askacademia_train,losing_improve_gemini,no,no
82833031-4563-42a0-8c0a-25b7ad02f6eb,askacademia_train,losing_improve_mistral,no,no
82833031-4563-42a0-8c0a-25b7ad02f6eb,askacademia_train,losing_paraphrase_claude,no,no
82833031-4563-42a0-8c0a-25b7ad02f6eb,askacademia_train,losing_improve_qwen,no,no
82833031-4563-42a0-8c0a-25b7ad02f6eb,askacademia_train,losing_improve_llama,no,no
82833031-4563-42a0-8c0a-25b7ad02f6eb,askacademia_train,losing_paraphrase_gpt4omini,no,no
82833031-4563-42a0-8c0a-25b7ad02f6eb,askacademia_train,losing_paraphrase_gpt5nano,no,no
82833031-4563-42a0-8c0a-25b7ad02f6eb,askacademia_train,losing_paraphrase_llama,no,no
82833031-4563-42a0-8c0a-25b7ad02f6eb,askacademia_train,losing_paraphrase_gemini,no,no
59968d3e-fb37-45f6-8642-f62917e85b4a,askacademia_train,winning_text,no,no
82833031-4563-42a0-8c0a-25b7ad02f6eb,askacademia_train,losing_paraphrase_mistral,no,no
82833031-4563-42a0-8c0a-25b7ad02f6eb,askacademia_train,losing_paraphrase_qwen,no,no
59968d3e-fb37-45f6-8642-f62917e85b4a,askacademia_train,losing_generate_claude,no,no
59968d3e-fb37-45f6-8642-f62917e85b4a,askacademia_train,losing_generate_gemini,no,no
59968d3e-fb37-45f6-8642-f62917e85b4a,askacademia_train,losing_text,no,no
59968d3e-fb37-45f6-8642-f62917e85b4a,askacademia_train,losing_generate_gpt5nano,no,no
59968d3e-fb37-45f6-8642-f62917e85b4a,askacademia_train,losing_generate_gpt4omini,no,no
59968d3e-fb37-45f6-8642-f62917e85b4a,askacademia_train,losing_generate_llama,no,no
59968d3e-fb37-45f6-8642-f62917e85b4a,askacademia_train,losing_generate_qwen,no,no
59968d3e-fb37-45f6-8642-f62917e85b4a,askacademia_train,losing_generate_mistral,no,no
59968d3e-fb37-45f6-8642-f62917e85b4a,askacademia_train,losing_improve_claude,no,no
59968d3e-fb37-45f6-8642-f62917e85b4a,askacademia_train,losing_improve_gemini,no,no
59968d3e-fb37-45f6-8642-f62917e85b4a,askacademia_train,losing_improve_gpt4omini,no,no
59968d3e-fb37-45f6-8642-f62917e85b4a,askacademia_train,losing_improve_llama,no,no
59968d3e-fb37-45f6-8642-f62917e85b4a,askacademia_train,losing_improve_gpt5nano,no,no
59968d3e-fb37-45f6-8642-f62917e85b4a,askacademia_train,losing_improve_mistral,no,no
59968d3e-fb37-45f6-8642-f62917e85b4a,askacademia_train,losing_paraphrase_claude,no,no
59968d3e-fb37-45f6-8642-f62917e85b4a,askacademia_train,losing_improve_qwen,no,no
59968d3e-fb37-45f6-8642-f62917e85b4a,askacademia_train,losing_paraphrase_llama,no,no
59968d3e-fb37-45f6-8642-f62917e85b4a,askacademia_train,losing_paraphrase_gemini,no,no
59968d3e-fb37-45f6-8642-f62917e85b4a,askacademia_train,losing_paraphrase_gpt4omini,no,no
59968d3e-fb37-45f6-8642-f62917e85b4a,askacademia_train,losing_paraphrase_mistral,no,no
59968d3e-fb37-45f6-8642-f62917e85b4a,askacademia_train,losing_paraphrase_gpt5nano,no,no
87b000ee-07bd-42ea-9133-5eb3a4f3ab15,askacademia_train,losing_text,no,no
87b000ee-07bd-42ea-9133-5eb3a4f3ab15,askacademia_train,winning_text,no,no
87b000ee-07bd-42ea-9133-5eb3a4f3ab15,askacademia_train,losing_generate_gemini,no,no
87b000ee-07bd-42ea-9133-5eb3a4f3ab15,askacademia_train,losing_generate_gpt4omini,no,no
59968d3e-fb37-45f6-8642-f62917e85b4a,askacademia_train,losing_paraphrase_qwen,no,no
87b000ee-07bd-42ea-9133-5eb3a4f3ab15,askacademia_train,losing_generate_claude,no,no
87b000ee-07bd-42ea-9133-5eb3a4f3ab15,askacademia_train,losing_generate_gpt5nano,no,no
87b000ee-07bd-42ea-9133-5eb3a4f3ab15,askacademia_train,losing_generate_llama,no,no
87b000ee-07bd-42ea-9133-5eb3a4f3ab15,askacademia_train,losing_generate_mistral,no,no
87b000ee-07bd-42ea-9133-5eb3a4f3ab15,askacademia_train,losing_generate_qwen,no,no
87b000ee-07bd-42ea-9133-5eb3a4f3ab15,askacademia_train,losing_improve_claude,no,no
87b000ee-07bd-42ea-9133-5eb3a4f3ab15,askacademia_train,losing_improve_gpt4omini,no,no
87b000ee-07bd-42ea-9133-5eb3a4f3ab15,askacademia_train,losing_improve_gemini,no,no
87b000ee-07bd-42ea-9133-5eb3a4f3ab15,askacademia_train,losing_improve_llama,no,no
87b000ee-07bd-42ea-9133-5eb3a4f3ab15,askacademia_train,losing_improve_gpt5nano,no,no
87b000ee-07bd-42ea-9133-5eb3a4f3ab15,askacademia_train,losing_improve_mistral,no,no
87b000ee-07bd-42ea-9133-5eb3a4f3ab15,askacademia_train,losing_paraphrase_claude,no,no
87b000ee-07bd-42ea-9133-5eb3a4f3ab15,askacademia_train,losing_improve_qwen,no,no
87b000ee-07bd-42ea-9133-5eb3a4f3ab15,askacademia_train,losing_paraphrase_gemini,no,no
87b000ee-07bd-42ea-9133-5eb3a4f3ab15,askacademia_train,losing_paraphrase_gpt4omini,no,no
87b000ee-07bd-42ea-9133-5eb3a4f3ab15,askacademia_train,losing_paraphrase_gpt5nano,no,no
87b000ee-07bd-42ea-9133-5eb3a4f3ab15,askacademia_train,losing_paraphrase_llama,no,no
87b000ee-07bd-42ea-9133-5eb3a4f3ab15,askacademia_train,losing_paraphrase_mistral,no,no
87b000ee-07bd-42ea-9133-5eb3a4f3ab15,askacademia_train,losing_paraphrase_qwen,no,no
e6460c9c-100d-4d0c-b437-7cfd2ccd795c,askacademia_train,winning_text,no,no
e6460c9c-100d-4d0c-b437-7cfd2ccd795c,askacademia_train,losing_text,no,no
e6460c9c-100d-4d0c-b437-7cfd2ccd795c,askacademia_train,losing_generate_claude,no,no
e6460c9c-100d-4d0c-b437-7cfd2ccd795c,askacademia_train,losing_generate_gpt4omini,no,no
e6460c9c-100d-4d0c-b437-7cfd2ccd795c,askacademia_train,losing_generate_gemini,no,no
e6460c9c-100d-4d0c-b437-7cfd2ccd795c,askacademia_train,losing_generate_gpt5nano,no,no
e6460c9c-100d-4d0c-b437-7cfd2ccd795c,askacademia_train,losing_generate_llama,no,no
e6460c9c-100d-4d0c-b437-7cfd2ccd795c,askacademia_train,losing_generate_mistral,no,no
e6460c9c-100d-4d0c-b437-7cfd2ccd795c,askacademia_train,losing_improve_gemini,no,no
e6460c9c-100d-4d0c-b437-7cfd2ccd795c,askacademia_train,losing_improve_claude,no,no
e6460c9c-100d-4d0c-b437-7cfd2ccd795c,askacademia_train,losing_generate_qwen,no,no
e6460c9c-100d-4d0c-b437-7cfd2ccd795c,askacademia_train,losing_improve_llama,no,no
e6460c9c-100d-4d0c-b437-7cfd2ccd795c,askacademia_train,losing_improve_gpt4omini,no,no
e6460c9c-100d-4d0c-b437-7cfd2ccd795c,askacademia_train,losing_improve_gpt5nano,no,no
e6460c9c-100d-4d0c-b437-7cfd2ccd795c,askacademia_train,losing_improve_qwen,no,no
e6460c9c-100d-4d0c-b437-7cfd2ccd795c,askacademia_train,losing_improve_mistral,no,no
e6460c9c-100d-4d0c-b437-7cfd2ccd795c,askacademia_train,losing_paraphrase_gpt4omini,no,no
e6460c9c-100d-4d0c-b437-7cfd2ccd795c,askacademia_train,losing_paraphrase_claude,no,no
e6460c9c-100d-4d0c-b437-7cfd2ccd795c,askacademia_train,losing_paraphrase_gemini,no,no
e6460c9c-100d-4d0c-b437-7cfd2ccd795c,askacademia_train,losing_paraphrase_llama,no,no
e6460c9c-100d-4d0c-b437-7cfd2ccd795c,askacademia_train,losing_paraphrase_gpt5nano,no,no
e6460c9c-100d-4d0c-b437-7cfd2ccd795c,askacademia_train,losing_paraphrase_mistral,no,no
9151740b-6736-40be-9da1-4c9915a710ea,askacademia_train,winning_text,no,no
e6460c9c-100d-4d0c-b437-7cfd2ccd795c,askacademia_train,losing_paraphrase_qwen,no,no
9151740b-6736-40be-9da1-4c9915a710ea,askacademia_train,losing_generate_gemini,no,no
9151740b-6736-40be-9da1-4c9915a710ea,askacademia_train,losing_generate_claude,no,no
9151740b-6736-40be-9da1-4c9915a710ea,askacademia_train,losing_text,no,no
9151740b-6736-40be-9da1-4c9915a710ea,askacademia_train,losing_generate_llama,no,no
9151740b-6736-40be-9da1-4c9915a710ea,askacademia_train,losing_generate_gpt5nano,no,no
9151740b-6736-40be-9da1-4c9915a710ea,askacademia_train,losing_generate_gpt4omini,no,no
9151740b-6736-40be-9da1-4c9915a710ea,askacademia_train,losing_generate_qwen,no,no
9151740b-6736-40be-9da1-4c9915a710ea,askacademia_train,losing_generate_mistral,no,no
9151740b-6736-40be-9da1-4c9915a710ea,askacademia_train,losing_improve_gemini,no,no
9151740b-6736-40be-9da1-4c9915a710ea,askacademia_train,losing_improve_claude,no,no
9151740b-6736-40be-9da1-4c9915a710ea,askacademia_train,losing_improve_gpt4omini,no,no
9151740b-6736-40be-9da1-4c9915a710ea,askacademia_train,losing_improve_qwen,no,no
9151740b-6736-40be-9da1-4c9915a710ea,askacademia_train,losing_improve_llama,no,no
9151740b-6736-40be-9da1-4c9915a710ea,askacademia_train,losing_improve_gpt5nano,no,no
9151740b-6736-40be-9da1-4c9915a710ea,askacademia_train,losing_improve_mistral,no,no
9151740b-6736-40be-9da1-4c9915a710ea,askacademia_train,losing_paraphrase_claude,no,no
9151740b-6736-40be-9da1-4c9915a710ea,askacademia_train,losing_paraphrase_gpt5nano,no,no
9151740b-6736-40be-9da1-4c9915a710ea,askacademia_train,losing_paraphrase_gemini,no,no
9151740b-6736-40be-9da1-4c9915a710ea,askacademia_train,losing_paraphrase_gpt4omini,no,no
9151740b-6736-40be-9da1-4c9915a710ea,askacademia_train,losing_paraphrase_mistral,no,no
9151740b-6736-40be-9da1-4c9915a710ea,askacademia_train,losing_paraphrase_llama,no,no
9151740b-6736-40be-9da1-4c9915a710ea,askacademia_train,losing_paraphrase_qwen,no,no
dc8f888e-d18f-41e3-ba76-3935e377d9c1,askacademia_train,losing_text,no,no
dc8f888e-d18f-41e3-ba76-3935e377d9c1,askacademia_train,winning_text,no,no
dc8f888e-d18f-41e3-ba76-3935e377d9c1,askacademia_train,losing_generate_gpt4omini,no,no
dc8f888e-d18f-41e3-ba76-3935e377d9c1,askacademia_train,losing_generate_claude,no,no
dc8f888e-d18f-41e3-ba76-3935e377d9c1,askacademia_train,losing_generate_gemini,no,no
dc8f888e-d18f-41e3-ba76-3935e377d9c1,askacademia_train,losing_generate_llama,no,no
dc8f888e-d18f-41e3-ba76-3935e377d9c1,askacademia_train,losing_improve_claude,no,no
dc8f888e-d18f-41e3-ba76-3935e377d9c1,askacademia_train,losing_generate_qwen,no,no
dc8f888e-d18f-41e3-ba76-3935e377d9c1,askacademia_train,losing_generate_gpt5nano,no,no
dc8f888e-d18f-41e3-ba76-3935e377d9c1,askacademia_train,losing_generate_mistral,no,no
dc8f888e-d18f-41e3-ba76-3935e377d9c1,askacademia_train,losing_improve_gemini,no,no
dc8f888e-d18f-41e3-ba76-3935e377d9c1,askacademia_train,losing_improve_gpt4omini,no,no
dc8f888e-d18f-41e3-ba76-3935e377d9c1,askacademia_train,losing_improve_gpt5nano,no,no
dc8f888e-d18f-41e3-ba76-3935e377d9c1,askacademia_train,losing_paraphrase_claude,no,no
dc8f888e-d18f-41e3-ba76-3935e377d9c1,askacademia_train,losing_improve_mistral,no,no
dc8f888e-d18f-41e3-ba76-3935e377d9c1,askacademia_train,losing_paraphrase_gemini,no,no
dc8f888e-d18f-41e3-ba76-3935e377d9c1,askacademia_train,losing_improve_llama,no,no
dc8f888e-d18f-41e3-ba76-3935e377d9c1,askacademia_train,losing_improve_qwen,no,no
dc8f888e-d18f-41e3-ba76-3935e377d9c1,askacademia_train,losing_paraphrase_gpt4omini,no,no
dc8f888e-d18f-41e3-ba76-3935e377d9c1,askacademia_train,losing_paraphrase_llama,no,no
dc8f888e-d18f-41e3-ba76-3935e377d9c1,askacademia_train,losing_paraphrase_qwen,no,no
dc8f888e-d18f-41e3-ba76-3935e377d9c1,askacademia_train,losing_paraphrase_mistral,no,no
dc8f888e-d18f-41e3-ba76-3935e377d9c1,askacademia_train,losing_paraphrase_gpt5nano,no,no
bf8c6f0c-db90-4930-bf49-ee4497e7213d,askacademia_train,winning_text,no,no
bf8c6f0c-db90-4930-bf49-ee4497e7213d,askacademia_train,losing_text,no,no
bf8c6f0c-db90-4930-bf49-ee4497e7213d,askacademia_train,losing_generate_claude,no,no
bf8c6f0c-db90-4930-bf49-ee4497e7213d,askacademia_train,losing_generate_gemini,no,no
bf8c6f0c-db90-4930-bf49-ee4497e7213d,askacademia_train,losing_generate_gpt4omini,no,no
bf8c6f0c-db90-4930-bf49-ee4497e7213d,askacademia_train,losing_generate_gpt5nano,no,no
bf8c6f0c-db90-4930-bf49-ee4497e7213d,askacademia_train,losing_generate_mistral,no,no
bf8c6f0c-db90-4930-bf49-ee4497e7213d,askacademia_train,losing_generate_qwen,no,no
bf8c6f0c-db90-4930-bf49-ee4497e7213d,askacademia_train,losing_improve_claude,no,no
bf8c6f0c-db90-4930-bf49-ee4497e7213d,askacademia_train,losing_generate_llama,no,no
bf8c6f0c-db90-4930-bf49-ee4497e7213d,askacademia_train,losing_improve_gemini,no,no
bf8c6f0c-db90-4930-bf49-ee4497e7213d,askacademia_train,losing_improve_gpt4omini,no,no
bf8c6f0c-db90-4930-bf49-ee4497e7213d,askacademia_train,losing_improve_gpt5nano,no,no
bf8c6f0c-db90-4930-bf49-ee4497e7213d,askacademia_train,losing_improve_mistral,no,no
bf8c6f0c-db90-4930-bf49-ee4497e7213d,askacademia_train,losing_improve_llama,no,no
bf8c6f0c-db90-4930-bf49-ee4497e7213d,askacademia_train,losing_paraphrase_claude,no,no
bf8c6f0c-db90-4930-bf49-ee4497e7213d,askacademia_train,losing_paraphrase_gemini,no,no
bf8c6f0c-db90-4930-bf49-ee4497e7213d,askacademia_train,losing_improve_qwen,no,no
bf8c6f0c-db90-4930-bf49-ee4497e7213d,askacademia_train,losing_paraphrase_gpt4omini,no,no
bf8c6f0c-db90-4930-bf49-ee4497e7213d,askacademia_train,losing_paraphrase_gpt5nano,no,no
bf8c6f0c-db90-4930-bf49-ee4497e7213d,askacademia_train,losing_paraphrase_llama,no,no
8238680b-c956-44c1-afc0-28e406bdf067,askacademia_train,winning_text,no,no
8238680b-c956-44c1-afc0-28e406bdf067,askacademia_train,losing_text,no,no
bf8c6f0c-db90-4930-bf49-ee4497e7213d,askacademia_train,losing_paraphrase_qwen,no,no
8238680b-c956-44c1-afc0-28e406bdf067,askacademia_train,losing_generate_claude,no,no
bf8c6f0c-db90-4930-bf49-ee4497e7213d,askacademia_train,losing_paraphrase_mistral,no,no
8238680b-c956-44c1-afc0-28e406bdf067,askacademia_train,losing_generate_gemini,no,no
8238680b-c956-44c1-afc0-28e406bdf067,askacademia_train,losing_generate_gpt5nano,no,no
8238680b-c956-44c1-afc0-28e406bdf067,askacademia_train,losing_generate_gpt4omini,no,no
8238680b-c956-44c1-afc0-28e406bdf067,askacademia_train,losing_generate_qwen,no,no
8238680b-c956-44c1-afc0-28e406bdf067,askacademia_train,losing_generate_mistral,no,no
8238680b-c956-44c1-afc0-28e406bdf067,askacademia_train,losing_generate_llama,no,no
8238680b-c956-44c1-afc0-28e406bdf067,askacademia_train,losing_improve_claude,no,no
8238680b-c956-44c1-afc0-28e406bdf067,askacademia_train,losing_improve_gpt4omini,no,no
8238680b-c956-44c1-afc0-28e406bdf067,askacademia_train,losing_improve_gemini,no,no
8238680b-c956-44c1-afc0-28e406bdf067,askacademia_train,losing_improve_llama,no,no
8238680b-c956-44c1-afc0-28e406bdf067,askacademia_train,losing_improve_gpt5nano,no,no
8238680b-c956-44c1-afc0-28e406bdf067,askacademia_train,losing_improve_mistral,no,no
8238680b-c956-44c1-afc0-28e406bdf067,askacademia_train,losing_paraphrase_claude,no,no
8238680b-c956-44c1-afc0-28e406bdf067,askacademia_train,losing_improve_qwen,no,no
8238680b-c956-44c1-afc0-28e406bdf067,askacademia_train,losing_paraphrase_gpt4omini,no,no
8238680b-c956-44c1-afc0-28e406bdf067,askacademia_train,losing_paraphrase_gemini,no,no
8238680b-c956-44c1-afc0-28e406bdf067,askacademia_train,losing_paraphrase_gpt5nano,no,no
8238680b-c956-44c1-afc0-28e406bdf067,askacademia_train,losing_paraphrase_mistral,no,no
8238680b-c956-44c1-afc0-28e406bdf067,askacademia_train,losing_paraphrase_llama,no,no
f728b435-8868-488c-8929-eec0de38aaf8,askacademia_train,winning_text,no,no
f728b435-8868-488c-8929-eec0de38aaf8,askacademia_train,losing_text,no,no
8238680b-c956-44c1-afc0-28e406bdf067,askacademia_train,losing_paraphrase_qwen,no,no
f728b435-8868-488c-8929-eec0de38aaf8,askacademia_train,losing_generate_gemini,no,no
f728b435-8868-488c-8929-eec0de38aaf8,askacademia_train,losing_generate_gpt4omini,no,no
f728b435-8868-488c-8929-eec0de38aaf8,askacademia_train,losing_generate_claude,no,no
f728b435-8868-488c-8929-eec0de38aaf8,askacademia_train,losing_generate_llama,no,no
f728b435-8868-488c-8929-eec0de38aaf8,askacademia_train,losing_generate_gpt5nano,no,no
f728b435-8868-488c-8929-eec0de38aaf8,askacademia_train,losing_generate_qwen,no,no
f728b435-8868-488c-8929-eec0de38aaf8,askacademia_train,losing_improve_claude,no,no
f728b435-8868-488c-8929-eec0de38aaf8,askacademia_train,losing_generate_mistral,no,no
f728b435-8868-488c-8929-eec0de38aaf8,askacademia_train,losing_improve_gemini,no,no
f728b435-8868-488c-8929-eec0de38aaf8,askacademia_train,losing_improve_gpt4omini,no,no
f728b435-8868-488c-8929-eec0de38aaf8,askacademia_train,losing_improve_gpt5nano,no,no
f728b435-8868-488c-8929-eec0de38aaf8,askacademia_train,losing_improve_mistral,no,no
f728b435-8868-488c-8929-eec0de38aaf8,askacademia_train,losing_improve_llama,no,no
f728b435-8868-488c-8929-eec0de38aaf8,askacademia_train,losing_improve_qwen,no,no
f728b435-8868-488c-8929-eec0de38aaf8,askacademia_train,losing_paraphrase_gemini,no,no
f728b435-8868-488c-8929-eec0de38aaf8,askacademia_train,losing_paraphrase_claude,no,no
f728b435-8868-488c-8929-eec0de38aaf8,askacademia_train,losing_paraphrase_gpt4omini,no,no
f728b435-8868-488c-8929-eec0de38aaf8,askacademia_train,losing_paraphrase_gpt5nano,no,no
f728b435-8868-488c-8929-eec0de38aaf8,askacademia_train,losing_paraphrase_llama,no,no
f728b435-8868-488c-8929-eec0de38aaf8,askacademia_train,losing_paraphrase_mistral,no,no
f728b435-8868-488c-8929-eec0de38aaf8,askacademia_train,losing_paraphrase_qwen,no,no
43dba9c4-5d97-4f57-a5f6-012a2f0ac91a,askacademia_train,losing_generate_claude,no,no
43dba9c4-5d97-4f57-a5f6-012a2f0ac91a,askacademia_train,losing_text,no,no
43dba9c4-5d97-4f57-a5f6-012a2f0ac91a,askacademia_train,winning_text,no,no
43dba9c4-5d97-4f57-a5f6-012a2f0ac91a,askacademia_train,losing_generate_gemini,no,no
43dba9c4-5d97-4f57-a5f6-012a2f0ac91a,askacademia_train,losing_generate_gpt4omini,no,no
43dba9c4-5d97-4f57-a5f6-012a2f0ac91a,askacademia_train,losing_generate_gpt5nano,no,no
43dba9c4-5d97-4f57-a5f6-012a2f0ac91a,askacademia_train,losing_generate_mistral,no,no
43dba9c4-5d97-4f57-a5f6-012a2f0ac91a,askacademia_train,losing_generate_llama,no,no
43dba9c4-5d97-4f57-a5f6-012a2f0ac91a,askacademia_train,losing_generate_qwen,no,no
43dba9c4-5d97-4f57-a5f6-012a2f0ac91a,askacademia_train,losing_improve_claude,no,no
43dba9c4-5d97-4f57-a5f6-012a2f0ac91a,askacademia_train,losing_improve_gemini,no,no
43dba9c4-5d97-4f57-a5f6-012a2f0ac91a,askacademia_train,losing_improve_gpt4omini,no,no
43dba9c4-5d97-4f57-a5f6-012a2f0ac91a,askacademia_train,losing_improve_gpt5nano,no,no
43dba9c4-5d97-4f57-a5f6-012a2f0ac91a,askacademia_train,losing_improve_llama,no,no
43dba9c4-5d97-4f57-a5f6-012a2f0ac91a,askacademia_train,losing_improve_mistral,no,no
43dba9c4-5d97-4f57-a5f6-012a2f0ac91a,askacademia_train,losing_improve_qwen,no,no
43dba9c4-5d97-4f57-a5f6-012a2f0ac91a,askacademia_train,losing_paraphrase_gpt4omini,no,no
43dba9c4-5d97-4f57-a5f6-012a2f0ac91a,askacademia_train,losing_paraphrase_gemini,no,no
43dba9c4-5d97-4f57-a5f6-012a2f0ac91a,askacademia_train,losing_paraphrase_claude,no,no
43dba9c4-5d97-4f57-a5f6-012a2f0ac91a,askacademia_train,losing_paraphrase_gpt5nano,no,no
43dba9c4-5d97-4f57-a5f6-012a2f0ac91a,askacademia_train,losing_paraphrase_llama,no,no
43dba9c4-5d97-4f57-a5f6-012a2f0ac91a,askacademia_train,losing_paraphrase_mistral,no,no
43dba9c4-5d97-4f57-a5f6-012a2f0ac91a,askacademia_train,losing_paraphrase_qwen,no,no
b2f6dc5b-8064-4f89-881e-dc49a70488ab,askacademia_train,winning_text,no,no
b2f6dc5b-8064-4f89-881e-dc49a70488ab,askacademia_train,losing_generate_claude,no,no
b2f6dc5b-8064-4f89-881e-dc49a70488ab,askacademia_train,losing_text,no,no
b2f6dc5b-8064-4f89-881e-dc49a70488ab,askacademia_train,losing_generate_gemini,no,no
b2f6dc5b-8064-4f89-881e-dc49a70488ab,askacademia_train,losing_generate_gpt5nano,no,no
b2f6dc5b-8064-4f89-881e-dc49a70488ab,askacademia_train,losing_generate_gpt4omini,no,no
b2f6dc5b-8064-4f89-881e-dc49a70488ab,askacademia_train,losing_generate_llama,no,no
b2f6dc5b-8064-4f89-881e-dc49a70488ab,askacademia_train,losing_generate_mistral,no,no
b2f6dc5b-8064-4f89-881e-dc49a70488ab,askacademia_train,losing_generate_qwen,no,no
b2f6dc5b-8064-4f89-881e-dc49a70488ab,askacademia_train,losing_improve_gemini,no,no
b2f6dc5b-8064-4f89-881e-dc49a70488ab,askacademia_train,losing_improve_claude,no,no
b2f6dc5b-8064-4f89-881e-dc49a70488ab,askacademia_train,losing_improve_gpt4omini,no,no
b2f6dc5b-8064-4f89-881e-dc49a70488ab,askacademia_train,losing_improve_llama,no,no
b2f6dc5b-8064-4f89-881e-dc49a70488ab,askacademia_train,losing_improve_gpt5nano,no,no
b2f6dc5b-8064-4f89-881e-dc49a70488ab,askacademia_train,losing_improve_mistral,no,no
b2f6dc5b-8064-4f89-881e-dc49a70488ab,askacademia_train,losing_paraphrase_claude,no,no
b2f6dc5b-8064-4f89-881e-dc49a70488ab,askacademia_train,losing_improve_qwen,no,no
b2f6dc5b-8064-4f89-881e-dc49a70488ab,askacademia_train,losing_paraphrase_gpt5nano,no,no
b2f6dc5b-8064-4f89-881e-dc49a70488ab,askacademia_train,losing_paraphrase_gpt4omini,no,no
b2f6dc5b-8064-4f89-881e-dc49a70488ab,askacademia_train,losing_paraphrase_gemini,no,no
b2f6dc5b-8064-4f89-881e-dc49a70488ab,askacademia_train,losing_paraphrase_mistral,no,no
b2f6dc5b-8064-4f89-881e-dc49a70488ab,askacademia_train,losing_paraphrase_llama,no,no
b2f6dc5b-8064-4f89-881e-dc49a70488ab,askacademia_train,losing_paraphrase_qwen,no,no
a94d0010-1f2b-4ec6-abf2-848480028d0f,askacademia_train,losing_text,no,no
a94d0010-1f2b-4ec6-abf2-848480028d0f,askacademia_train,winning_text,no,no
a94d0010-1f2b-4ec6-abf2-848480028d0f,askacademia_train,losing_generate_claude,no,no
a94d0010-1f2b-4ec6-abf2-848480028d0f,askacademia_train,losing_generate_llama,no,no
a94d0010-1f2b-4ec6-abf2-848480028d0f,askacademia_train,losing_generate_gemini,no,no
a94d0010-1f2b-4ec6-abf2-848480028d0f,askacademia_train,losing_generate_gpt5nano,no,no
a94d0010-1f2b-4ec6-abf2-848480028d0f,askacademia_train,losing_generate_gpt4omini,no,no
a94d0010-1f2b-4ec6-abf2-848480028d0f,askacademia_train,losing_generate_mistral,no,no
a94d0010-1f2b-4ec6-abf2-848480028d0f,askacademia_train,losing_improve_claude,no,no
a94d0010-1f2b-4ec6-abf2-848480028d0f,askacademia_train,losing_generate_qwen,no,no
a94d0010-1f2b-4ec6-abf2-848480028d0f,askacademia_train,losing_improve_gpt4omini,no,no
a94d0010-1f2b-4ec6-abf2-848480028d0f,askacademia_train,losing_improve_gemini,no,no
a94d0010-1f2b-4ec6-abf2-848480028d0f,askacademia_train,losing_improve_llama,no,no
a94d0010-1f2b-4ec6-abf2-848480028d0f,askacademia_train,losing_improve_gpt5nano,no,no
a94d0010-1f2b-4ec6-abf2-848480028d0f,askacademia_train,losing_improve_mistral,no,no
a94d0010-1f2b-4ec6-abf2-848480028d0f,askacademia_train,losing_improve_qwen,no,no
a94d0010-1f2b-4ec6-abf2-848480028d0f,askacademia_train,losing_paraphrase_claude,no,no
a94d0010-1f2b-4ec6-abf2-848480028d0f,askacademia_train,losing_paraphrase_gemini,no,no
a94d0010-1f2b-4ec6-abf2-848480028d0f,askacademia_train,losing_paraphrase_mistral,no,no
a94d0010-1f2b-4ec6-abf2-848480028d0f,askacademia_train,losing_paraphrase_gpt4omini,no,no
a94d0010-1f2b-4ec6-abf2-848480028d0f,askacademia_train,losing_paraphrase_qwen,no,no
a94d0010-1f2b-4ec6-abf2-848480028d0f,askacademia_train,losing_paraphrase_gpt5nano,no,no
a94d0010-1f2b-4ec6-abf2-848480028d0f,askacademia_train,losing_paraphrase_llama,no,no
125f5814-a3da-42cf-a416-cfbeab02d3e3,askacademia_train,winning_text,no,no
125f5814-a3da-42cf-a416-cfbeab02d3e3,askacademia_train,losing_generate_claude,no,no
125f5814-a3da-42cf-a416-cfbeab02d3e3,askacademia_train,losing_generate_gemini,no,no
125f5814-a3da-42cf-a416-cfbeab02d3e3,askacademia_train,losing_generate_mistral,no,no
125f5814-a3da-42cf-a416-cfbeab02d3e3,askacademia_train,losing_generate_gpt4omini,no,no
125f5814-a3da-42cf-a416-cfbeab02d3e3,askacademia_train,losing_text,no,no
125f5814-a3da-42cf-a416-cfbeab02d3e3,askacademia_train,losing_generate_llama,no,no
125f5814-a3da-42cf-a416-cfbeab02d3e3,askacademia_train,losing_generate_gpt5nano,no,no
125f5814-a3da-42cf-a416-cfbeab02d3e3,askacademia_train,losing_generate_qwen,no,no
125f5814-a3da-42cf-a416-cfbeab02d3e3,askacademia_train,losing_improve_claude,no,no
125f5814-a3da-42cf-a416-cfbeab02d3e3,askacademia_train,losing_improve_gpt4omini,no,no
125f5814-a3da-42cf-a416-cfbeab02d3e3,askacademia_train,losing_improve_gemini,no,no
125f5814-a3da-42cf-a416-cfbeab02d3e3,askacademia_train,losing_improve_mistral,no,no
125f5814-a3da-42cf-a416-cfbeab02d3e3,askacademia_train,losing_improve_llama,no,no
125f5814-a3da-42cf-a416-cfbeab02d3e3,askacademia_train,losing_paraphrase_claude,no,no
125f5814-a3da-42cf-a416-cfbeab02d3e3,askacademia_train,losing_improve_gpt5nano,no,no
125f5814-a3da-42cf-a416-cfbeab02d3e3,askacademia_train,losing_improve_qwen,no,no
125f5814-a3da-42cf-a416-cfbeab02d3e3,askacademia_train,losing_paraphrase_gemini,no,no
125f5814-a3da-42cf-a416-cfbeab02d3e3,askacademia_train,losing_paraphrase_gpt4omini,no,no
125f5814-a3da-42cf-a416-cfbeab02d3e3,askacademia_train,losing_paraphrase_gpt5nano,no,no
125f5814-a3da-42cf-a416-cfbeab02d3e3,askacademia_train,losing_paraphrase_mistral,no,no
125f5814-a3da-42cf-a416-cfbeab02d3e3,askacademia_train,losing_paraphrase_llama,no,no
adf8b4af-b128-4f39-800b-f0dacd8befb1,askacademia_train,losing_text,no,no
125f5814-a3da-42cf-a416-cfbeab02d3e3,askacademia_train,losing_paraphrase_qwen,no,no
adf8b4af-b128-4f39-800b-f0dacd8befb1,askacademia_train,winning_text,no,no
adf8b4af-b128-4f39-800b-f0dacd8befb1,askacademia_train,losing_generate_claude,no,no
adf8b4af-b128-4f39-800b-f0dacd8befb1,askacademia_train,losing_generate_gpt5nano,no,no
adf8b4af-b128-4f39-800b-f0dacd8befb1,askacademia_train,losing_generate_llama,no,no
adf8b4af-b128-4f39-800b-f0dacd8befb1,askacademia_train,losing_generate_gpt4omini,no,no
adf8b4af-b128-4f39-800b-f0dacd8befb1,askacademia_train,losing_generate_gemini,no,no
adf8b4af-b128-4f39-800b-f0dacd8befb1,askacademia_train,losing_generate_qwen,no,no
adf8b4af-b128-4f39-800b-f0dacd8befb1,askacademia_train,losing_improve_gemini,no,no
adf8b4af-b128-4f39-800b-f0dacd8befb1,askacademia_train,losing_improve_claude,no,no
adf8b4af-b128-4f39-800b-f0dacd8befb1,askacademia_train,losing_generate_mistral,no,no
adf8b4af-b128-4f39-800b-f0dacd8befb1,askacademia_train,losing_improve_mistral,no,no
adf8b4af-b128-4f39-800b-f0dacd8befb1,askacademia_train,losing_improve_gpt5nano,no,no
adf8b4af-b128-4f39-800b-f0dacd8befb1,askacademia_train,losing_improve_llama,no,no
adf8b4af-b128-4f39-800b-f0dacd8befb1,askacademia_train,losing_improve_gpt4omini,no,no
adf8b4af-b128-4f39-800b-f0dacd8befb1,askacademia_train,losing_paraphrase_gpt4omini,no,no
adf8b4af-b128-4f39-800b-f0dacd8befb1,askacademia_train,losing_paraphrase_claude,no,no
adf8b4af-b128-4f39-800b-f0dacd8befb1,askacademia_train,losing_improve_qwen,no,no
adf8b4af-b128-4f39-800b-f0dacd8befb1,askacademia_train,losing_paraphrase_gemini,no,no
adf8b4af-b128-4f39-800b-f0dacd8befb1,askacademia_train,losing_paraphrase_mistral,no,no
adf8b4af-b128-4f39-800b-f0dacd8befb1,askacademia_train,losing_paraphrase_llama,no,no
adf8b4af-b128-4f39-800b-f0dacd8befb1,askacademia_train,losing_paraphrase_qwen,no,no
adf8b4af-b128-4f39-800b-f0dacd8befb1,askacademia_train,losing_paraphrase_gpt5nano,no,no
0a899356-df5d-4685-b9ec-436df6e82b95,askacademia_train,losing_generate_claude,no,no
0a899356-df5d-4685-b9ec-436df6e82b95,askacademia_train,losing_text,no,no
0a899356-df5d-4685-b9ec-436df6e82b95,askacademia_train,winning_text,no,no
0a899356-df5d-4685-b9ec-436df6e82b95,askacademia_train,losing_generate_gemini,no,no
0a899356-df5d-4685-b9ec-436df6e82b95,askacademia_train,losing_generate_llama,no,no
0a899356-df5d-4685-b9ec-436df6e82b95,askacademia_train,losing_generate_gpt4omini,no,no
0a899356-df5d-4685-b9ec-436df6e82b95,askacademia_train,losing_generate_gpt5nano,no,no
0a899356-df5d-4685-b9ec-436df6e82b95,askacademia_train,losing_generate_mistral,no,no
0a899356-df5d-4685-b9ec-436df6e82b95,askacademia_train,losing_improve_claude,no,no
0a899356-df5d-4685-b9ec-436df6e82b95,askacademia_train,losing_generate_qwen,no,no
0a899356-df5d-4685-b9ec-436df6e82b95,askacademia_train,losing_improve_gemini,no,no
0a899356-df5d-4685-b9ec-436df6e82b95,askacademia_train,losing_improve_gpt4omini,no,no
0a899356-df5d-4685-b9ec-436df6e82b95,askacademia_train,losing_improve_gpt5nano,no,no
0a899356-df5d-4685-b9ec-436df6e82b95,askacademia_train,losing_improve_mistral,no,no
0a899356-df5d-4685-b9ec-436df6e82b95,askacademia_train,losing_improve_llama,no,no
0a899356-df5d-4685-b9ec-436df6e82b95,askacademia_train,losing_improve_qwen,no,no
0a899356-df5d-4685-b9ec-436df6e82b95,askacademia_train,losing_paraphrase_gpt4omini,no,no
0a899356-df5d-4685-b9ec-436df6e82b95,askacademia_train,losing_paraphrase_claude,no,no
0a899356-df5d-4685-b9ec-436df6e82b95,askacademia_train,losing_paraphrase_gemini,no,no
0a899356-df5d-4685-b9ec-436df6e82b95,askacademia_train,losing_paraphrase_gpt5nano,no,no
0a899356-df5d-4685-b9ec-436df6e82b95,askacademia_train,losing_paraphrase_qwen,no,no
0a899356-df5d-4685-b9ec-436df6e82b95,askacademia_train,losing_paraphrase_mistral,no,no
e71c795b-f36d-4de7-a7ca-c03e8b78d594,askacademia_train,winning_text,no,no
0a899356-df5d-4685-b9ec-436df6e82b95,askacademia_train,losing_paraphrase_llama,no,no
e71c795b-f36d-4de7-a7ca-c03e8b78d594,askacademia_train,losing_text,no,no
e71c795b-f36d-4de7-a7ca-c03e8b78d594,askacademia_train,losing_generate_claude,no,no
e71c795b-f36d-4de7-a7ca-c03e8b78d594,askacademia_train,losing_generate_gemini,no,no
e71c795b-f36d-4de7-a7ca-c03e8b78d594,askacademia_train,losing_generate_gpt4omini,no,no
e71c795b-f36d-4de7-a7ca-c03e8b78d594,askacademia_train,losing_generate_qwen,no,no
e71c795b-f36d-4de7-a7ca-c03e8b78d594,askacademia_train,losing_generate_llama,no,no
e71c795b-f36d-4de7-a7ca-c03e8b78d594,askacademia_train,losing_generate_mistral,no,no
e71c795b-f36d-4de7-a7ca-c03e8b78d594,askacademia_train,losing_generate_gpt5nano,no,no
e71c795b-f36d-4de7-a7ca-c03e8b78d594,askacademia_train,losing_improve_gemini,no,no
e71c795b-f36d-4de7-a7ca-c03e8b78d594,askacademia_train,losing_improve_gpt4omini,no,no
e71c795b-f36d-4de7-a7ca-c03e8b78d594,askacademia_train,losing_improve_claude,no,no
e71c795b-f36d-4de7-a7ca-c03e8b78d594,askacademia_train,losing_improve_gpt5nano,no,no
e71c795b-f36d-4de7-a7ca-c03e8b78d594,askacademia_train,losing_improve_llama,no,no
e71c795b-f36d-4de7-a7ca-c03e8b78d594,askacademia_train,losing_paraphrase_claude,no,no
e71c795b-f36d-4de7-a7ca-c03e8b78d594,askacademia_train,losing_improve_mistral,no,no
e71c795b-f36d-4de7-a7ca-c03e8b78d594,askacademia_train,losing_improve_qwen,no,no
e71c795b-f36d-4de7-a7ca-c03e8b78d594,askacademia_train,losing_paraphrase_gpt5nano,no,no
e71c795b-f36d-4de7-a7ca-c03e8b78d594,askacademia_train,losing_paraphrase_gemini,no,no
e71c795b-f36d-4de7-a7ca-c03e8b78d594,askacademia_train,losing_paraphrase_llama,no,no
e71c795b-f36d-4de7-a7ca-c03e8b78d594,askacademia_train,losing_paraphrase_gpt4omini,no,no
e71c795b-f36d-4de7-a7ca-c03e8b78d594,askacademia_train,losing_paraphrase_qwen,no,no
e71c795b-f36d-4de7-a7ca-c03e8b78d594,askacademia_train,losing_paraphrase_mistral,no,no
eb750120-bf5d-4b6d-90ad-7349feec9899,askacademia_train,losing_text,no,no
eb750120-bf5d-4b6d-90ad-7349feec9899,askacademia_train,winning_text,no,no
eb750120-bf5d-4b6d-90ad-7349feec9899,askacademia_train,losing_generate_claude,no,no
eb750120-bf5d-4b6d-90ad-7349feec9899,askacademia_train,losing_generate_gemini,no,no
eb750120-bf5d-4b6d-90ad-7349feec9899,askacademia_train,losing_generate_gpt5nano,no,no
eb750120-bf5d-4b6d-90ad-7349feec9899,askacademia_train,losing_generate_gpt4omini,no,no
eb750120-bf5d-4b6d-90ad-7349feec9899,askacademia_train,losing_generate_mistral,no,no
eb750120-bf5d-4b6d-90ad-7349feec9899,askacademia_train,losing_generate_qwen,no,no
eb750120-bf5d-4b6d-90ad-7349feec9899,askacademia_train,losing_generate_llama,no,no
eb750120-bf5d-4b6d-90ad-7349feec9899,askacademia_train,losing_improve_gemini,no,no
eb750120-bf5d-4b6d-90ad-7349feec9899,askacademia_train,losing_improve_gpt5nano,no,no
eb750120-bf5d-4b6d-90ad-7349feec9899,askacademia_train,losing_improve_gpt4omini,no,no
eb750120-bf5d-4b6d-90ad-7349feec9899,askacademia_train,losing_improve_llama,no,no
eb750120-bf5d-4b6d-90ad-7349feec9899,askacademia_train,losing_improve_claude,no,no
eb750120-bf5d-4b6d-90ad-7349feec9899,askacademia_train,losing_improve_mistral,no,no
eb750120-bf5d-4b6d-90ad-7349feec9899,askacademia_train,losing_paraphrase_claude,no,no
eb750120-bf5d-4b6d-90ad-7349feec9899,askacademia_train,losing_improve_qwen,no,no
eb750120-bf5d-4b6d-90ad-7349feec9899,askacademia_train,losing_paraphrase_gemini,no,no
eb750120-bf5d-4b6d-90ad-7349feec9899,askacademia_train,losing_paraphrase_llama,no,no
eb750120-bf5d-4b6d-90ad-7349feec9899,askacademia_train,losing_paraphrase_gpt5nano,no,no
eb750120-bf5d-4b6d-90ad-7349feec9899,askacademia_train,losing_paraphrase_gpt4omini,no,no
eb750120-bf5d-4b6d-90ad-7349feec9899,askacademia_train,losing_paraphrase_mistral,no,no
53c53304-2d42-4722-816f-634cf9e2e1fa,askacademia_train,losing_text,no,no
53c53304-2d42-4722-816f-634cf9e2e1fa,askacademia_train,winning_text,no,no
eb750120-bf5d-4b6d-90ad-7349feec9899,askacademia_train,losing_paraphrase_qwen,no,no
53c53304-2d42-4722-816f-634cf9e2e1fa,askacademia_train,losing_generate_claude,no,no
53c53304-2d42-4722-816f-634cf9e2e1fa,askacademia_train,losing_generate_gpt4omini,no,no
53c53304-2d42-4722-816f-634cf9e2e1fa,askacademia_train,losing_generate_gemini,no,no
53c53304-2d42-4722-816f-634cf9e2e1fa,askacademia_train,losing_generate_gpt5nano,yes,yes
53c53304-2d42-4722-816f-634cf9e2e1fa,askacademia_train,losing_generate_llama,no,no
53c53304-2d42-4722-816f-634cf9e2e1fa,askacademia_train,losing_generate_qwen,no,no
53c53304-2d42-4722-816f-634cf9e2e1fa,askacademia_train,losing_generate_mistral,no,no
53c53304-2d42-4722-816f-634cf9e2e1fa,askacademia_train,losing_improve_claude,no,no
53c53304-2d42-4722-816f-634cf9e2e1fa,askacademia_train,losing_improve_gemini,no,no
53c53304-2d42-4722-816f-634cf9e2e1fa,askacademia_train,losing_improve_llama,no,no
53c53304-2d42-4722-816f-634cf9e2e1fa,askacademia_train,losing_improve_gpt5nano,no,no
53c53304-2d42-4722-816f-634cf9e2e1fa,askacademia_train,losing_improve_gpt4omini,no,no
53c53304-2d42-4722-816f-634cf9e2e1fa,askacademia_train,losing_improve_mistral,no,no
53c53304-2d42-4722-816f-634cf9e2e1fa,askacademia_train,losing_paraphrase_claude,no,no
53c53304-2d42-4722-816f-634cf9e2e1fa,askacademia_train,losing_improve_qwen,no,no
53c53304-2d42-4722-816f-634cf9e2e1fa,askacademia_train,losing_paraphrase_gemini,no,no
53c53304-2d42-4722-816f-634cf9e2e1fa,askacademia_train,losing_paraphrase_gpt4omini,no,no
53c53304-2d42-4722-816f-634cf9e2e1fa,askacademia_train,losing_paraphrase_llama,no,no
53c53304-2d42-4722-816f-634cf9e2e1fa,askacademia_train,losing_paraphrase_mistral,no,no
53c53304-2d42-4722-816f-634cf9e2e1fa,askacademia_train,losing_paraphrase_gpt5nano,no,no
53c53304-2d42-4722-816f-634cf9e2e1fa,askacademia_train,losing_paraphrase_qwen,no,no
8bac78b4-6aa9-4396-bc10-21820cb76765,askacademia_train,losing_generate_claude,no,no
8bac78b4-6aa9-4396-bc10-21820cb76765,askacademia_train,winning_text,no,no
8bac78b4-6aa9-4396-bc10-21820cb76765,askacademia_train,losing_text,no,no
8bac78b4-6aa9-4396-bc10-21820cb76765,askacademia_train,losing_generate_gpt4omini,no,no
8bac78b4-6aa9-4396-bc10-21820cb76765,askacademia_train,losing_generate_gpt5nano,no,no
8bac78b4-6aa9-4396-bc10-21820cb76765,askacademia_train,losing_generate_gemini,no,no
8bac78b4-6aa9-4396-bc10-21820cb76765,askacademia_train,losing_generate_llama,no,no
8bac78b4-6aa9-4396-bc10-21820cb76765,askacademia_train,losing_generate_mistral,no,no
8bac78b4-6aa9-4396-bc10-21820cb76765,askacademia_train,losing_generate_qwen,no,no
8bac78b4-6aa9-4396-bc10-21820cb76765,askacademia_train,losing_improve_claude,no,no
8bac78b4-6aa9-4396-bc10-21820cb76765,askacademia_train,losing_improve_gemini,no,no
8bac78b4-6aa9-4396-bc10-21820cb76765,askacademia_train,losing_improve_gpt4omini,no,no
8bac78b4-6aa9-4396-bc10-21820cb76765,askacademia_train,losing_improve_mistral,no,no
8bac78b4-6aa9-4396-bc10-21820cb76765,askacademia_train,losing_improve_gpt5nano,no,no
8bac78b4-6aa9-4396-bc10-21820cb76765,askacademia_train,losing_improve_llama,no,no
8bac78b4-6aa9-4396-bc10-21820cb76765,askacademia_train,losing_improve_qwen,no,no
8bac78b4-6aa9-4396-bc10-21820cb76765,askacademia_train,losing_paraphrase_gpt4omini,no,no
8bac78b4-6aa9-4396-bc10-21820cb76765,askacademia_train,losing_paraphrase_claude,no,no
8bac78b4-6aa9-4396-bc10-21820cb76765,askacademia_train,losing_paraphrase_gemini,no,no
8bac78b4-6aa9-4396-bc10-21820cb76765,askacademia_train,losing_paraphrase_mistral,no,no
8bac78b4-6aa9-4396-bc10-21820cb76765,askacademia_train,losing_paraphrase_llama,no,no
8bac78b4-6aa9-4396-bc10-21820cb76765,askacademia_train,losing_paraphrase_gpt5nano,no,no
8bac78b4-6aa9-4396-bc10-21820cb76765,askacademia_train,losing_paraphrase_qwen,no,no
d355d0c0-315b-47dc-8710-6797dfa968c6,askacademia_train,winning_text,no,no
d355d0c0-315b-47dc-8710-6797dfa968c6,askacademia_train,losing_generate_gemini,no,no
d355d0c0-315b-47dc-8710-6797dfa968c6,askacademia_train,losing_text,no,no
d355d0c0-315b-47dc-8710-6797dfa968c6,askacademia_train,losing_generate_claude,no,no
d355d0c0-315b-47dc-8710-6797dfa968c6,askacademia_train,losing_generate_mistral,no,no
d355d0c0-315b-47dc-8710-6797dfa968c6,askacademia_train,losing_generate_gpt5nano,no,no
d355d0c0-315b-47dc-8710-6797dfa968c6,askacademia_train,losing_generate_llama,no,no
d355d0c0-315b-47dc-8710-6797dfa968c6,askacademia_train,losing_generate_gpt4omini,no,no
d355d0c0-315b-47dc-8710-6797dfa968c6,askacademia_train,losing_generate_qwen,no,no
d355d0c0-315b-47dc-8710-6797dfa968c6,askacademia_train,losing_improve_gpt4omini,no,no
d355d0c0-315b-47dc-8710-6797dfa968c6,askacademia_train,losing_improve_claude,no,no
d355d0c0-315b-47dc-8710-6797dfa968c6,askacademia_train,losing_improve_gemini,no,no
d355d0c0-315b-47dc-8710-6797dfa968c6,askacademia_train,losing_improve_gpt5nano,no,no
d355d0c0-315b-47dc-8710-6797dfa968c6,askacademia_train,losing_improve_llama,no,no
d355d0c0-315b-47dc-8710-6797dfa968c6,askacademia_train,losing_improve_qwen,no,no
d355d0c0-315b-47dc-8710-6797dfa968c6,askacademia_train,losing_improve_mistral,no,no
d355d0c0-315b-47dc-8710-6797dfa968c6,askacademia_train,losing_paraphrase_claude,no,no
d355d0c0-315b-47dc-8710-6797dfa968c6,askacademia_train,losing_paraphrase_gemini,no,no
d355d0c0-315b-47dc-8710-6797dfa968c6,askacademia_train,losing_paraphrase_gpt4omini,no,no
d355d0c0-315b-47dc-8710-6797dfa968c6,askacademia_train,losing_paraphrase_gpt5nano,no,no
d355d0c0-315b-47dc-8710-6797dfa968c6,askacademia_train,losing_paraphrase_llama,no,no
d355d0c0-315b-47dc-8710-6797dfa968c6,askacademia_train,losing_paraphrase_mistral,no,no
8f5e20a5-b56e-4d75-a6f4-8230ff48d908,askacademia_train,winning_text,no,no
d355d0c0-315b-47dc-8710-6797dfa968c6,askacademia_train,losing_paraphrase_qwen,no,no
8f5e20a5-b56e-4d75-a6f4-8230ff48d908,askacademia_train,losing_text,no,no
8f5e20a5-b56e-4d75-a6f4-8230ff48d908,askacademia_train,losing_generate_gemini,no,no
8f5e20a5-b56e-4d75-a6f4-8230ff48d908,askacademia_train,losing_generate_gpt4omini,no,no
8f5e20a5-b56e-4d75-a6f4-8230ff48d908,askacademia_train,losing_generate_claude,no,no
8f5e20a5-b56e-4d75-a6f4-8230ff48d908,askacademia_train,losing_improve_claude,no,no
8f5e20a5-b56e-4d75-a6f4-8230ff48d908,askacademia_train,losing_generate_qwen,no,no
8f5e20a5-b56e-4d75-a6f4-8230ff48d908,askacademia_train,losing_generate_gpt5nano,no,no
8f5e20a5-b56e-4d75-a6f4-8230ff48d908,askacademia_train,losing_generate_mistral,no,no
8f5e20a5-b56e-4d75-a6f4-8230ff48d908,askacademia_train,losing_generate_llama,no,no
8f5e20a5-b56e-4d75-a6f4-8230ff48d908,askacademia_train,losing_improve_gpt5nano,no,no
8f5e20a5-b56e-4d75-a6f4-8230ff48d908,askacademia_train,losing_improve_gpt4omini,no,no
8f5e20a5-b56e-4d75-a6f4-8230ff48d908,askacademia_train,losing_improve_gemini,no,no
8f5e20a5-b56e-4d75-a6f4-8230ff48d908,askacademia_train,losing_improve_mistral,no,no
8f5e20a5-b56e-4d75-a6f4-8230ff48d908,askacademia_train,losing_paraphrase_gemini,no,no
8f5e20a5-b56e-4d75-a6f4-8230ff48d908,askacademia_train,losing_improve_qwen,no,no
8f5e20a5-b56e-4d75-a6f4-8230ff48d908,askacademia_train,losing_improve_llama,no,no
8f5e20a5-b56e-4d75-a6f4-8230ff48d908,askacademia_train,losing_paraphrase_claude,no,no
8f5e20a5-b56e-4d75-a6f4-8230ff48d908,askacademia_train,losing_paraphrase_llama,no,no
8f5e20a5-b56e-4d75-a6f4-8230ff48d908,askacademia_train,losing_paraphrase_gpt4omini,no,no
8f5e20a5-b56e-4d75-a6f4-8230ff48d908,askacademia_train,losing_paraphrase_gpt5nano,no,no
45f0e9d0-08a6-4094-bc21-5f4201220253,askacademia_train,losing_generate_claude,no,no
8f5e20a5-b56e-4d75-a6f4-8230ff48d908,askacademia_train,losing_paraphrase_qwen,no,no
45f0e9d0-08a6-4094-bc21-5f4201220253,askacademia_train,winning_text,no,no
8f5e20a5-b56e-4d75-a6f4-8230ff48d908,askacademia_train,losing_paraphrase_mistral,no,no
45f0e9d0-08a6-4094-bc21-5f4201220253,askacademia_train,losing_text,no,no
45f0e9d0-08a6-4094-bc21-5f4201220253,askacademia_train,losing_generate_gpt5nano,no,no
45f0e9d0-08a6-4094-bc21-5f4201220253,askacademia_train,losing_generate_gemini,no,no
45f0e9d0-08a6-4094-bc21-5f4201220253,askacademia_train,losing_generate_gpt4omini,no,no
45f0e9d0-08a6-4094-bc21-5f4201220253,askacademia_train,losing_improve_claude,no,no
45f0e9d0-08a6-4094-bc21-5f4201220253,askacademia_train,losing_generate_qwen,no,no
45f0e9d0-08a6-4094-bc21-5f4201220253,askacademia_train,losing_generate_llama,no,no
45f0e9d0-08a6-4094-bc21-5f4201220253,askacademia_train,losing_generate_mistral,no,no
45f0e9d0-08a6-4094-bc21-5f4201220253,askacademia_train,losing_improve_gemini,no,no
45f0e9d0-08a6-4094-bc21-5f4201220253,askacademia_train,losing_improve_gpt4omini,no,no
45f0e9d0-08a6-4094-bc21-5f4201220253,askacademia_train,losing_improve_gpt5nano,no,no
45f0e9d0-08a6-4094-bc21-5f4201220253,askacademia_train,losing_improve_llama,no,no
45f0e9d0-08a6-4094-bc21-5f4201220253,askacademia_train,losing_paraphrase_gpt4omini,no,no
45f0e9d0-08a6-4094-bc21-5f4201220253,askacademia_train,losing_improve_mistral,no,no
45f0e9d0-08a6-4094-bc21-5f4201220253,askacademia_train,losing_improve_qwen,no,no
45f0e9d0-08a6-4094-bc21-5f4201220253,askacademia_train,losing_paraphrase_gemini,no,no
45f0e9d0-08a6-4094-bc21-5f4201220253,askacademia_train,losing_paraphrase_claude,no,no
45f0e9d0-08a6-4094-bc21-5f4201220253,askacademia_train,losing_paraphrase_llama,no,no
45f0e9d0-08a6-4094-bc21-5f4201220253,askacademia_train,losing_paraphrase_mistral,no,no
45f0e9d0-08a6-4094-bc21-5f4201220253,askacademia_train,losing_paraphrase_gpt5nano,no,no
e0b7c93a-6f26-4456-91cd-e1ce7d0e3d8d,askacademia_train,losing_generate_gemini,no,no
e0b7c93a-6f26-4456-91cd-e1ce7d0e3d8d,askacademia_train,losing_generate_claude,no,no
e0b7c93a-6f26-4456-91cd-e1ce7d0e3d8d,askacademia_train,losing_text,no,no
45f0e9d0-08a6-4094-bc21-5f4201220253,askacademia_train,losing_paraphrase_qwen,no,no
e0b7c93a-6f26-4456-91cd-e1ce7d0e3d8d,askacademia_train,winning_text,no,no
e0b7c93a-6f26-4456-91cd-e1ce7d0e3d8d,askacademia_train,losing_generate_gpt5nano,no,no
e0b7c93a-6f26-4456-91cd-e1ce7d0e3d8d,askacademia_train,losing_generate_llama,no,no
e0b7c93a-6f26-4456-91cd-e1ce7d0e3d8d,askacademia_train,losing_generate_gpt4omini,no,no
e0b7c93a-6f26-4456-91cd-e1ce7d0e3d8d,askacademia_train,losing_improve_claude,no,no
e0b7c93a-6f26-4456-91cd-e1ce7d0e3d8d,askacademia_train,losing_improve_gemini,no,no
e0b7c93a-6f26-4456-91cd-e1ce7d0e3d8d,askacademia_train,losing_generate_qwen,no,no
e0b7c93a-6f26-4456-91cd-e1ce7d0e3d8d,askacademia_train,losing_generate_mistral,no,no
e0b7c93a-6f26-4456-91cd-e1ce7d0e3d8d,askacademia_train,losing_improve_gpt4omini,no,no
e0b7c93a-6f26-4456-91cd-e1ce7d0e3d8d,askacademia_train,losing_improve_mistral,no,no
e0b7c93a-6f26-4456-91cd-e1ce7d0e3d8d,askacademia_train,losing_improve_llama,no,no
e0b7c93a-6f26-4456-91cd-e1ce7d0e3d8d,askacademia_train,losing_improve_gpt5nano,no,no
e0b7c93a-6f26-4456-91cd-e1ce7d0e3d8d,askacademia_train,losing_paraphrase_claude,no,no
e0b7c93a-6f26-4456-91cd-e1ce7d0e3d8d,askacademia_train,losing_paraphrase_gpt5nano,no,no
e0b7c93a-6f26-4456-91cd-e1ce7d0e3d8d,askacademia_train,losing_paraphrase_gemini,no,no
e0b7c93a-6f26-4456-91cd-e1ce7d0e3d8d,askacademia_train,losing_improve_qwen,no,no
e0b7c93a-6f26-4456-91cd-e1ce7d0e3d8d,askacademia_train,losing_paraphrase_gpt4omini,no,no
e0b7c93a-6f26-4456-91cd-e1ce7d0e3d8d,askacademia_train,losing_paraphrase_qwen,no,no
e0b7c93a-6f26-4456-91cd-e1ce7d0e3d8d,askacademia_train,losing_paraphrase_mistral,no,no
e0b7c93a-6f26-4456-91cd-e1ce7d0e3d8d,askacademia_train,losing_paraphrase_llama,no,no
387d70cf-d6df-4493-9dab-182e690ae7dd,askacademia_train,winning_text,no,no
387d70cf-d6df-4493-9dab-182e690ae7dd,askacademia_train,losing_generate_claude,no,no
387d70cf-d6df-4493-9dab-182e690ae7dd,askacademia_train,losing_text,no,no
387d70cf-d6df-4493-9dab-182e690ae7dd,askacademia_train,losing_generate_gemini,no,no
387d70cf-d6df-4493-9dab-182e690ae7dd,askacademia_train,losing_generate_gpt4omini,no,no
387d70cf-d6df-4493-9dab-182e690ae7dd,askacademia_train,losing_generate_mistral,no,no
387d70cf-d6df-4493-9dab-182e690ae7dd,askacademia_train,losing_generate_gpt5nano,no,no
387d70cf-d6df-4493-9dab-182e690ae7dd,askacademia_train,losing_generate_llama,no,no
387d70cf-d6df-4493-9dab-182e690ae7dd,askacademia_train,losing_improve_gpt4omini,no,no
387d70cf-d6df-4493-9dab-182e690ae7dd,askacademia_train,losing_improve_gemini,no,no
387d70cf-d6df-4493-9dab-182e690ae7dd,askacademia_train,losing_improve_claude,no,no
387d70cf-d6df-4493-9dab-182e690ae7dd,askacademia_train,losing_generate_qwen,no,no
387d70cf-d6df-4493-9dab-182e690ae7dd,askacademia_train,losing_improve_gpt5nano,yes,yes
387d70cf-d6df-4493-9dab-182e690ae7dd,askacademia_train,losing_improve_llama,no,no
387d70cf-d6df-4493-9dab-182e690ae7dd,askacademia_train,losing_improve_qwen,no,no
387d70cf-d6df-4493-9dab-182e690ae7dd,askacademia_train,losing_improve_mistral,no,no
387d70cf-d6df-4493-9dab-182e690ae7dd,askacademia_train,losing_paraphrase_claude,no,no
387d70cf-d6df-4493-9dab-182e690ae7dd,askacademia_train,losing_paraphrase_gpt5nano,no,no
387d70cf-d6df-4493-9dab-182e690ae7dd,askacademia_train,losing_paraphrase_gpt4omini,no,no
387d70cf-d6df-4493-9dab-182e690ae7dd,askacademia_train,losing_paraphrase_gemini,no,no
387d70cf-d6df-4493-9dab-182e690ae7dd,askacademia_train,losing_paraphrase_llama,no,no
387d70cf-d6df-4493-9dab-182e690ae7dd,askacademia_train,losing_paraphrase_qwen,no,no
387d70cf-d6df-4493-9dab-182e690ae7dd,askacademia_train,losing_paraphrase_mistral,no,no
a7c3c193-bf3c-4856-bef8-fdb5b01e3e85,askacademia_train,winning_text,no,no
a7c3c193-bf3c-4856-bef8-fdb5b01e3e85,askacademia_train,losing_generate_claude,no,no
a7c3c193-bf3c-4856-bef8-fdb5b01e3e85,askacademia_train,losing_generate_gpt4omini,no,no
a7c3c193-bf3c-4856-bef8-fdb5b01e3e85,askacademia_train,losing_generate_gemini,no,no
a7c3c193-bf3c-4856-bef8-fdb5b01e3e85,askacademia_train,losing_text,no,no
a7c3c193-bf3c-4856-bef8-fdb5b01e3e85,askacademia_train,losing_generate_gpt5nano,no,no
a7c3c193-bf3c-4856-bef8-fdb5b01e3e85,askacademia_train,losing_generate_llama,no,no
a7c3c193-bf3c-4856-bef8-fdb5b01e3e85,askacademia_train,losing_generate_mistral,no,no
a7c3c193-bf3c-4856-bef8-fdb5b01e3e85,askacademia_train,losing_generate_qwen,no,no
a7c3c193-bf3c-4856-bef8-fdb5b01e3e85,askacademia_train,losing_improve_gpt4omini,no,no
a7c3c193-bf3c-4856-bef8-fdb5b01e3e85,askacademia_train,losing_improve_gemini,no,no
a7c3c193-bf3c-4856-bef8-fdb5b01e3e85,askacademia_train,losing_improve_gpt5nano,no,no
a7c3c193-bf3c-4856-bef8-fdb5b01e3e85,askacademia_train,losing_improve_claude,no,no
a7c3c193-bf3c-4856-bef8-fdb5b01e3e85,askacademia_train,losing_improve_llama,no,no
a7c3c193-bf3c-4856-bef8-fdb5b01e3e85,askacademia_train,losing_improve_mistral,no,no
a7c3c193-bf3c-4856-bef8-fdb5b01e3e85,askacademia_train,losing_paraphrase_claude,no,no
a7c3c193-bf3c-4856-bef8-fdb5b01e3e85,askacademia_train,losing_improve_qwen,no,no
a7c3c193-bf3c-4856-bef8-fdb5b01e3e85,askacademia_train,losing_paraphrase_gpt5nano,no,no
a7c3c193-bf3c-4856-bef8-fdb5b01e3e85,askacademia_train,losing_paraphrase_llama,no,no
a7c3c193-bf3c-4856-bef8-fdb5b01e3e85,askacademia_train,losing_paraphrase_gpt4omini,no,no
a7c3c193-bf3c-4856-bef8-fdb5b01e3e85,askacademia_train,losing_paraphrase_gemini,no,no
a7c3c193-bf3c-4856-bef8-fdb5b01e3e85,askacademia_train,losing_paraphrase_mistral,no,no
a7c3c193-bf3c-4856-bef8-fdb5b01e3e85,askacademia_train,losing_paraphrase_qwen,no,no
08ac41ca-f430-44f8-bfda-0449527cdfc7,askacademia_train,losing_text,no,no
08ac41ca-f430-44f8-bfda-0449527cdfc7,askacademia_train,winning_text,no,no
08ac41ca-f430-44f8-bfda-0449527cdfc7,askacademia_train,losing_generate_claude,no,no
08ac41ca-f430-44f8-bfda-0449527cdfc7,askacademia_train,losing_generate_gemini,no,no
08ac41ca-f430-44f8-bfda-0449527cdfc7,askacademia_train,losing_generate_gpt5nano,no,no
08ac41ca-f430-44f8-bfda-0449527cdfc7,askacademia_train,losing_generate_gpt4omini,no,no
08ac41ca-f430-44f8-bfda-0449527cdfc7,askacademia_train,losing_generate_llama,no,no
08ac41ca-f430-44f8-bfda-0449527cdfc7,askacademia_train,losing_improve_claude,no,no
08ac41ca-f430-44f8-bfda-0449527cdfc7,askacademia_train,losing_generate_mistral,no,no
08ac41ca-f430-44f8-bfda-0449527cdfc7,askacademia_train,losing_generate_qwen,no,no
08ac41ca-f430-44f8-bfda-0449527cdfc7,askacademia_train,losing_improve_gpt5nano,no,no
08ac41ca-f430-44f8-bfda-0449527cdfc7,askacademia_train,losing_improve_gpt4omini,no,no
08ac41ca-f430-44f8-bfda-0449527cdfc7,askacademia_train,losing_improve_gemini,no,no
08ac41ca-f430-44f8-bfda-0449527cdfc7,askacademia_train,losing_improve_mistral,no,no
08ac41ca-f430-44f8-bfda-0449527cdfc7,askacademia_train,losing_improve_llama,no,no
08ac41ca-f430-44f8-bfda-0449527cdfc7,askacademia_train,losing_paraphrase_gemini,no,no
08ac41ca-f430-44f8-bfda-0449527cdfc7,askacademia_train,losing_paraphrase_claude,no,no
08ac41ca-f430-44f8-bfda-0449527cdfc7,askacademia_train,losing_improve_qwen,no,no
08ac41ca-f430-44f8-bfda-0449527cdfc7,askacademia_train,losing_paraphrase_gpt4omini,no,no
08ac41ca-f430-44f8-bfda-0449527cdfc7,askacademia_train,losing_paraphrase_gpt5nano,no,no
08ac41ca-f430-44f8-bfda-0449527cdfc7,askacademia_train,losing_paraphrase_qwen,no,no
08ac41ca-f430-44f8-bfda-0449527cdfc7,askacademia_train,losing_paraphrase_mistral,no,no
08ac41ca-f430-44f8-bfda-0449527cdfc7,askacademia_train,losing_paraphrase_llama,no,no
a57209f0-74e8-4328-a97f-70c3eea82bae,askacademia_train,winning_text,no,no
a57209f0-74e8-4328-a97f-70c3eea82bae,askacademia_train,losing_text,no,no
a57209f0-74e8-4328-a97f-70c3eea82bae,askacademia_train,losing_generate_claude,no,no
a57209f0-74e8-4328-a97f-70c3eea82bae,askacademia_train,losing_generate_gemini,no,no
a57209f0-74e8-4328-a97f-70c3eea82bae,askacademia_train,losing_generate_gpt5nano,no,no
a57209f0-74e8-4328-a97f-70c3eea82bae,askacademia_train,losing_generate_gpt4omini,no,no
a57209f0-74e8-4328-a97f-70c3eea82bae,askacademia_train,losing_generate_mistral,no,no
a57209f0-74e8-4328-a97f-70c3eea82bae,askacademia_train,losing_generate_llama,no,no
a57209f0-74e8-4328-a97f-70c3eea82bae,askacademia_train,losing_improve_claude,no,no
a57209f0-74e8-4328-a97f-70c3eea82bae,askacademia_train,losing_improve_gemini,no,no
a57209f0-74e8-4328-a97f-70c3eea82bae,askacademia_train,losing_generate_qwen,no,no
a57209f0-74e8-4328-a97f-70c3eea82bae,askacademia_train,losing_improve_gpt4omini,no,no
a57209f0-74e8-4328-a97f-70c3eea82bae,askacademia_train,losing_improve_gpt5nano,no,no
a57209f0-74e8-4328-a97f-70c3eea82bae,askacademia_train,losing_improve_llama,no,no
a57209f0-74e8-4328-a97f-70c3eea82bae,askacademia_train,losing_improve_mistral,no,no
a57209f0-74e8-4328-a97f-70c3eea82bae,askacademia_train,losing_improve_qwen,no,no
a57209f0-74e8-4328-a97f-70c3eea82bae,askacademia_train,losing_paraphrase_gemini,no,no
a57209f0-74e8-4328-a97f-70c3eea82bae,askacademia_train,losing_paraphrase_claude,no,no
a57209f0-74e8-4328-a97f-70c3eea82bae,askacademia_train,losing_paraphrase_gpt4omini,no,no
a57209f0-74e8-4328-a97f-70c3eea82bae,askacademia_train,losing_paraphrase_mistral,no,no
a57209f0-74e8-4328-a97f-70c3eea82bae,askacademia_train,losing_paraphrase_llama,no,no
a57209f0-74e8-4328-a97f-70c3eea82bae,askacademia_train,losing_paraphrase_gpt5nano,no,no
6382f323-278c-4cd3-bb69-5cbf15d0a7bd,askacademia_train,winning_text,no,no
a57209f0-74e8-4328-a97f-70c3eea82bae,askacademia_train,losing_paraphrase_qwen,no,no
6382f323-278c-4cd3-bb69-5cbf15d0a7bd,askacademia_train,losing_generate_claude,no,no
6382f323-278c-4cd3-bb69-5cbf15d0a7bd,askacademia_train,losing_text,no,no
6382f323-278c-4cd3-bb69-5cbf15d0a7bd,askacademia_train,losing_generate_gemini,no,no
6382f323-278c-4cd3-bb69-5cbf15d0a7bd,askacademia_train,losing_generate_llama,no,no
6382f323-278c-4cd3-bb69-5cbf15d0a7bd,askacademia_train,losing_generate_gpt5nano,no,no
6382f323-278c-4cd3-bb69-5cbf15d0a7bd,askacademia_train,losing_generate_gpt4omini,no,no
6382f323-278c-4cd3-bb69-5cbf15d0a7bd,askacademia_train,losing_generate_mistral,no,no
6382f323-278c-4cd3-bb69-5cbf15d0a7bd,askacademia_train,losing_generate_qwen,no,no
6382f323-278c-4cd3-bb69-5cbf15d0a7bd,askacademia_train,losing_improve_gpt4omini,no,no
6382f323-278c-4cd3-bb69-5cbf15d0a7bd,askacademia_train,losing_improve_gemini,no,no
6382f323-278c-4cd3-bb69-5cbf15d0a7bd,askacademia_train,losing_improve_claude,no,no
6382f323-278c-4cd3-bb69-5cbf15d0a7bd,askacademia_train,losing_improve_gpt5nano,no,no
6382f323-278c-4cd3-bb69-5cbf15d0a7bd,askacademia_train,losing_improve_llama,no,no
6382f323-278c-4cd3-bb69-5cbf15d0a7bd,askacademia_train,losing_paraphrase_claude,no,no
6382f323-278c-4cd3-bb69-5cbf15d0a7bd,askacademia_train,losing_improve_qwen,no,no
6382f323-278c-4cd3-bb69-5cbf15d0a7bd,askacademia_train,losing_improve_mistral,no,no
6382f323-278c-4cd3-bb69-5cbf15d0a7bd,askacademia_train,losing_paraphrase_gemini,no,no
6382f323-278c-4cd3-bb69-5cbf15d0a7bd,askacademia_train,losing_paraphrase_gpt4omini,no,no
6382f323-278c-4cd3-bb69-5cbf15d0a7bd,askacademia_train,losing_paraphrase_mistral,no,no
6382f323-278c-4cd3-bb69-5cbf15d0a7bd,askacademia_train,losing_paraphrase_gpt5nano,no,no
6382f323-278c-4cd3-bb69-5cbf15d0a7bd,askacademia_train,losing_paraphrase_llama,no,no
6382f323-278c-4cd3-bb69-5cbf15d0a7bd,askacademia_train,losing_paraphrase_qwen,no,no
fde36c0d-9027-4854-a21a-f3eefe6e5fb6,askacademia_train,winning_text,no,no
fde36c0d-9027-4854-a21a-f3eefe6e5fb6,askacademia_train,losing_text,no,no
fde36c0d-9027-4854-a21a-f3eefe6e5fb6,askacademia_train,losing_generate_claude,no,no
fde36c0d-9027-4854-a21a-f3eefe6e5fb6,askacademia_train,losing_generate_gemini,no,no
fde36c0d-9027-4854-a21a-f3eefe6e5fb6,askacademia_train,losing_generate_gpt4omini,no,no
fde36c0d-9027-4854-a21a-f3eefe6e5fb6,askacademia_train,losing_generate_llama,no,no
fde36c0d-9027-4854-a21a-f3eefe6e5fb6,askacademia_train,losing_improve_claude,no,no
fde36c0d-9027-4854-a21a-f3eefe6e5fb6,askacademia_train,losing_generate_gpt5nano,no,no
fde36c0d-9027-4854-a21a-f3eefe6e5fb6,askacademia_train,losing_generate_qwen,no,no
fde36c0d-9027-4854-a21a-f3eefe6e5fb6,askacademia_train,losing_generate_mistral,no,no
fde36c0d-9027-4854-a21a-f3eefe6e5fb6,askacademia_train,losing_improve_gemini,no,no
fde36c0d-9027-4854-a21a-f3eefe6e5fb6,askacademia_train,losing_improve_gpt4omini,no,no
fde36c0d-9027-4854-a21a-f3eefe6e5fb6,askacademia_train,losing_improve_llama,no,no
fde36c0d-9027-4854-a21a-f3eefe6e5fb6,askacademia_train,losing_paraphrase_gemini,no,no
fde36c0d-9027-4854-a21a-f3eefe6e5fb6,askacademia_train,losing_improve_gpt5nano,no,no
fde36c0d-9027-4854-a21a-f3eefe6e5fb6,askacademia_train,losing_improve_mistral,no,no
fde36c0d-9027-4854-a21a-f3eefe6e5fb6,askacademia_train,losing_improve_qwen,no,no
fde36c0d-9027-4854-a21a-f3eefe6e5fb6,askacademia_train,losing_paraphrase_claude,no,no
fde36c0d-9027-4854-a21a-f3eefe6e5fb6,askacademia_train,losing_paraphrase_gpt4omini,no,no
fde36c0d-9027-4854-a21a-f3eefe6e5fb6,askacademia_train,losing_paraphrase_gpt5nano,no,no
817adbf4-74e5-4124-be7d-fcca0806911d,askacademia_train,losing_text,no,no
817adbf4-74e5-4124-be7d-fcca0806911d,askacademia_train,winning_text,no,no
fde36c0d-9027-4854-a21a-f3eefe6e5fb6,askacademia_train,losing_paraphrase_qwen,no,no
817adbf4-74e5-4124-be7d-fcca0806911d,askacademia_train,losing_generate_claude,no,no
fde36c0d-9027-4854-a21a-f3eefe6e5fb6,askacademia_train,losing_paraphrase_mistral,no,no
fde36c0d-9027-4854-a21a-f3eefe6e5fb6,askacademia_train,losing_paraphrase_llama,no,no
817adbf4-74e5-4124-be7d-fcca0806911d,askacademia_train,losing_generate_gemini,no,no
817adbf4-74e5-4124-be7d-fcca0806911d,askacademia_train,losing_generate_gpt4omini,no,no
817adbf4-74e5-4124-be7d-fcca0806911d,askacademia_train,losing_generate_mistral,no,no
817adbf4-74e5-4124-be7d-fcca0806911d,askacademia_train,losing_improve_claude,no,no
817adbf4-74e5-4124-be7d-fcca0806911d,askacademia_train,losing_improve_gemini,no,no
817adbf4-74e5-4124-be7d-fcca0806911d,askacademia_train,losing_generate_qwen,no,no
817adbf4-74e5-4124-be7d-fcca0806911d,askacademia_train,losing_generate_llama,no,no
817adbf4-74e5-4124-be7d-fcca0806911d,askacademia_train,losing_generate_gpt5nano,no,no
817adbf4-74e5-4124-be7d-fcca0806911d,askacademia_train,losing_improve_gpt4omini,no,no
817adbf4-74e5-4124-be7d-fcca0806911d,askacademia_train,losing_improve_gpt5nano,no,no
817adbf4-74e5-4124-be7d-fcca0806911d,askacademia_train,losing_paraphrase_gpt4omini,no,no
817adbf4-74e5-4124-be7d-fcca0806911d,askacademia_train,losing_paraphrase_claude,no,no
817adbf4-74e5-4124-be7d-fcca0806911d,askacademia_train,losing_improve_mistral,no,no
817adbf4-74e5-4124-be7d-fcca0806911d,askacademia_train,losing_improve_llama,no,no
817adbf4-74e5-4124-be7d-fcca0806911d,askacademia_train,losing_improve_qwen,no,no
817adbf4-74e5-4124-be7d-fcca0806911d,askacademia_train,losing_paraphrase_gemini,no,no
817adbf4-74e5-4124-be7d-fcca0806911d,askacademia_train,losing_paraphrase_llama,no,no
817adbf4-74e5-4124-be7d-fcca0806911d,askacademia_train,losing_paraphrase_gpt5nano,no,no
d1b083de-401f-4279-946f-67001ab8cb81,askacademia_train,losing_generate_claude,no,no
d1b083de-401f-4279-946f-67001ab8cb81,askacademia_train,winning_text,no,no
817adbf4-74e5-4124-be7d-fcca0806911d,askacademia_train,losing_paraphrase_qwen,no,no
817adbf4-74e5-4124-be7d-fcca0806911d,askacademia_train,losing_paraphrase_mistral,no,no
d1b083de-401f-4279-946f-67001ab8cb81,askacademia_train,losing_text,no,no
d1b083de-401f-4279-946f-67001ab8cb81,askacademia_train,losing_generate_gemini,no,no
d1b083de-401f-4279-946f-67001ab8cb81,askacademia_train,losing_generate_gpt4omini,no,no
d1b083de-401f-4279-946f-67001ab8cb81,askacademia_train,losing_generate_gpt5nano,no,no
d1b083de-401f-4279-946f-67001ab8cb81,askacademia_train,losing_improve_claude,no,no
d1b083de-401f-4279-946f-67001ab8cb81,askacademia_train,losing_generate_llama,no,no
d1b083de-401f-4279-946f-67001ab8cb81,askacademia_train,losing_generate_mistral,no,no
d1b083de-401f-4279-946f-67001ab8cb81,askacademia_train,losing_generate_qwen,no,no
d1b083de-401f-4279-946f-67001ab8cb81,askacademia_train,losing_improve_gpt4omini,no,no
d1b083de-401f-4279-946f-67001ab8cb81,askacademia_train,losing_improve_gemini,no,no
d1b083de-401f-4279-946f-67001ab8cb81,askacademia_train,losing_improve_llama,no,no
d1b083de-401f-4279-946f-67001ab8cb81,askacademia_train,losing_improve_gpt5nano,no,no
d1b083de-401f-4279-946f-67001ab8cb81,askacademia_train,losing_improve_mistral,no,no
d1b083de-401f-4279-946f-67001ab8cb81,askacademia_train,losing_improve_qwen,no,no
d1b083de-401f-4279-946f-67001ab8cb81,askacademia_train,losing_paraphrase_claude,no,no
d1b083de-401f-4279-946f-67001ab8cb81,askacademia_train,losing_paraphrase_gemini,no,no
d1b083de-401f-4279-946f-67001ab8cb81,askacademia_train,losing_paraphrase_gpt5nano,no,no
d1b083de-401f-4279-946f-67001ab8cb81,askacademia_train,losing_paraphrase_gpt4omini,no,no
d1b083de-401f-4279-946f-67001ab8cb81,askacademia_train,losing_paraphrase_mistral,no,no
d1b083de-401f-4279-946f-67001ab8cb81,askacademia_train,losing_paraphrase_qwen,no,no
8541dc35-25e1-49b0-991f-fabe6db2f902,askacademia_train,winning_text,no,no
8541dc35-25e1-49b0-991f-fabe6db2f902,askacademia_train,losing_generate_claude,no,no
8541dc35-25e1-49b0-991f-fabe6db2f902,askacademia_train,losing_text,no,no
d1b083de-401f-4279-946f-67001ab8cb81,askacademia_train,losing_paraphrase_llama,no,no
8541dc35-25e1-49b0-991f-fabe6db2f902,askacademia_train,losing_generate_gemini,no,no
8541dc35-25e1-49b0-991f-fabe6db2f902,askacademia_train,losing_generate_gpt4omini,no,no
8541dc35-25e1-49b0-991f-fabe6db2f902,askacademia_train,losing_generate_gpt5nano,no,no
8541dc35-25e1-49b0-991f-fabe6db2f902,askacademia_train,losing_improve_claude,no,no
8541dc35-25e1-49b0-991f-fabe6db2f902,askacademia_train,losing_generate_llama,no,no
8541dc35-25e1-49b0-991f-fabe6db2f902,askacademia_train,losing_generate_qwen,no,no
8541dc35-25e1-49b0-991f-fabe6db2f902,askacademia_train,losing_generate_mistral,no,no
8541dc35-25e1-49b0-991f-fabe6db2f902,askacademia_train,losing_improve_gpt5nano,no,no
8541dc35-25e1-49b0-991f-fabe6db2f902,askacademia_train,losing_improve_gemini,no,no
8541dc35-25e1-49b0-991f-fabe6db2f902,askacademia_train,losing_improve_gpt4omini,no,no
8541dc35-25e1-49b0-991f-fabe6db2f902,askacademia_train,losing_improve_llama,no,no
8541dc35-25e1-49b0-991f-fabe6db2f902,askacademia_train,losing_paraphrase_gemini,no,no
8541dc35-25e1-49b0-991f-fabe6db2f902,askacademia_train,losing_paraphrase_claude,no,no
8541dc35-25e1-49b0-991f-fabe6db2f902,askacademia_train,losing_improve_qwen,no,no
8541dc35-25e1-49b0-991f-fabe6db2f902,askacademia_train,losing_improve_mistral,no,no
8541dc35-25e1-49b0-991f-fabe6db2f902,askacademia_train,losing_paraphrase_gpt5nano,no,no
8541dc35-25e1-49b0-991f-fabe6db2f902,askacademia_train,losing_paraphrase_llama,no,no
8541dc35-25e1-49b0-991f-fabe6db2f902,askacademia_train,losing_paraphrase_gpt4omini,no,no
8541dc35-25e1-49b0-991f-fabe6db2f902,askacademia_train,losing_paraphrase_mistral,no,no
ab565e58-5c7e-4f66-a274-bcbe6a6cd21c,askacademia_train,losing_text,no,no
ab565e58-5c7e-4f66-a274-bcbe6a6cd21c,askacademia_train,winning_text,no,no
8541dc35-25e1-49b0-991f-fabe6db2f902,askacademia_train,losing_paraphrase_qwen,no,no
ab565e58-5c7e-4f66-a274-bcbe6a6cd21c,askacademia_train,losing_generate_claude,no,no
ab565e58-5c7e-4f66-a274-bcbe6a6cd21c,askacademia_train,losing_generate_gemini,no,no
ab565e58-5c7e-4f66-a274-bcbe6a6cd21c,askacademia_train,losing_generate_gpt5nano,no,no
ab565e58-5c7e-4f66-a274-bcbe6a6cd21c,askacademia_train,losing_generate_gpt4omini,no,no
ab565e58-5c7e-4f66-a274-bcbe6a6cd21c,askacademia_train,losing_generate_llama,no,no
ab565e58-5c7e-4f66-a274-bcbe6a6cd21c,askacademia_train,losing_improve_claude,no,no
ab565e58-5c7e-4f66-a274-bcbe6a6cd21c,askacademia_train,losing_generate_mistral,no,no
ab565e58-5c7e-4f66-a274-bcbe6a6cd21c,askacademia_train,losing_generate_qwen,no,no
ab565e58-5c7e-4f66-a274-bcbe6a6cd21c,askacademia_train,losing_improve_gemini,no,no
ab565e58-5c7e-4f66-a274-bcbe6a6cd21c,askacademia_train,losing_improve_llama,no,no
ab565e58-5c7e-4f66-a274-bcbe6a6cd21c,askacademia_train,losing_improve_gpt4omini,no,no
ab565e58-5c7e-4f66-a274-bcbe6a6cd21c,askacademia_train,losing_improve_gpt5nano,no,no
ab565e58-5c7e-4f66-a274-bcbe6a6cd21c,askacademia_train,losing_improve_mistral,no,no
ab565e58-5c7e-4f66-a274-bcbe6a6cd21c,askacademia_train,losing_paraphrase_claude,no,no
ab565e58-5c7e-4f66-a274-bcbe6a6cd21c,askacademia_train,losing_paraphrase_gemini,no,no
ab565e58-5c7e-4f66-a274-bcbe6a6cd21c,askacademia_train,losing_paraphrase_gpt4omini,no,no
ab565e58-5c7e-4f66-a274-bcbe6a6cd21c,askacademia_train,losing_improve_qwen,no,no
ab565e58-5c7e-4f66-a274-bcbe6a6cd21c,askacademia_train,losing_paraphrase_gpt5nano,no,no
ab565e58-5c7e-4f66-a274-bcbe6a6cd21c,askacademia_train,losing_paraphrase_llama,no,no
ab565e58-5c7e-4f66-a274-bcbe6a6cd21c,askacademia_train,losing_paraphrase_mistral,no,no
ab565e58-5c7e-4f66-a274-bcbe6a6cd21c,askacademia_train,losing_paraphrase_qwen,no,no
6738b8e9-36ef-4c57-b14b-3dd368b6ffbd,askacademia_train,winning_text,no,no
6738b8e9-36ef-4c57-b14b-3dd368b6ffbd,askacademia_train,losing_generate_claude,no,no
6738b8e9-36ef-4c57-b14b-3dd368b6ffbd,askacademia_train,losing_text,no,no
6738b8e9-36ef-4c57-b14b-3dd368b6ffbd,askacademia_train,losing_generate_gpt5nano,no,no
6738b8e9-36ef-4c57-b14b-3dd368b6ffbd,askacademia_train,losing_generate_gpt4omini,no,no
6738b8e9-36ef-4c57-b14b-3dd368b6ffbd,askacademia_train,losing_generate_llama,no,no
6738b8e9-36ef-4c57-b14b-3dd368b6ffbd,askacademia_train,losing_generate_mistral,no,no
6738b8e9-36ef-4c57-b14b-3dd368b6ffbd,askacademia_train,losing_generate_gemini,no,no
6738b8e9-36ef-4c57-b14b-3dd368b6ffbd,askacademia_train,losing_generate_qwen,no,no
6738b8e9-36ef-4c57-b14b-3dd368b6ffbd,askacademia_train,losing_improve_claude,no,no
6738b8e9-36ef-4c57-b14b-3dd368b6ffbd,askacademia_train,losing_improve_gemini,no,no
6738b8e9-36ef-4c57-b14b-3dd368b6ffbd,askacademia_train,losing_improve_gpt4omini,no,no
6738b8e9-36ef-4c57-b14b-3dd368b6ffbd,askacademia_train,losing_improve_llama,no,no
6738b8e9-36ef-4c57-b14b-3dd368b6ffbd,askacademia_train,losing_improve_gpt5nano,no,no
6738b8e9-36ef-4c57-b14b-3dd368b6ffbd,askacademia_train,losing_improve_qwen,no,no
6738b8e9-36ef-4c57-b14b-3dd368b6ffbd,askacademia_train,losing_improve_mistral,no,no
6738b8e9-36ef-4c57-b14b-3dd368b6ffbd,askacademia_train,losing_paraphrase_gemini,no,no
6738b8e9-36ef-4c57-b14b-3dd368b6ffbd,askacademia_train,losing_paraphrase_claude,no,no
6738b8e9-36ef-4c57-b14b-3dd368b6ffbd,askacademia_train,losing_paraphrase_gpt4omini,no,no
6738b8e9-36ef-4c57-b14b-3dd368b6ffbd,askacademia_train,losing_paraphrase_mistral,no,no
6738b8e9-36ef-4c57-b14b-3dd368b6ffbd,askacademia_train,losing_paraphrase_llama,no,no
6738b8e9-36ef-4c57-b14b-3dd368b6ffbd,askacademia_train,losing_paraphrase_gpt5nano,no,no
057ed6ab-be7a-4436-a4c7-8460e61b1eab,askacademia_train,winning_text,no,no
6738b8e9-36ef-4c57-b14b-3dd368b6ffbd,askacademia_train,losing_paraphrase_qwen,no,no
057ed6ab-be7a-4436-a4c7-8460e61b1eab,askacademia_train,losing_generate_gemini,no,no
057ed6ab-be7a-4436-a4c7-8460e61b1eab,askacademia_train,losing_text,no,no
057ed6ab-be7a-4436-a4c7-8460e61b1eab,askacademia_train,losing_generate_claude,no,no
057ed6ab-be7a-4436-a4c7-8460e61b1eab,askacademia_train,losing_generate_gpt5nano,no,no
057ed6ab-be7a-4436-a4c7-8460e61b1eab,askacademia_train,losing_generate_llama,no,no
057ed6ab-be7a-4436-a4c7-8460e61b1eab,askacademia_train,losing_generate_gpt4omini,no,no
057ed6ab-be7a-4436-a4c7-8460e61b1eab,askacademia_train,losing_generate_mistral,no,no
057ed6ab-be7a-4436-a4c7-8460e61b1eab,askacademia_train,losing_generate_qwen,no,no
057ed6ab-be7a-4436-a4c7-8460e61b1eab,askacademia_train,losing_improve_claude,no,no
057ed6ab-be7a-4436-a4c7-8460e61b1eab,askacademia_train,losing_improve_gemini,no,no
057ed6ab-be7a-4436-a4c7-8460e61b1eab,askacademia_train,losing_improve_gpt4omini,no,no
057ed6ab-be7a-4436-a4c7-8460e61b1eab,askacademia_train,losing_improve_mistral,no,no
057ed6ab-be7a-4436-a4c7-8460e61b1eab,askacademia_train,losing_improve_llama,no,no
057ed6ab-be7a-4436-a4c7-8460e61b1eab,askacademia_train,losing_improve_gpt5nano,no,no
057ed6ab-be7a-4436-a4c7-8460e61b1eab,askacademia_train,losing_paraphrase_claude,no,no
057ed6ab-be7a-4436-a4c7-8460e61b1eab,askacademia_train,losing_improve_qwen,no,no
057ed6ab-be7a-4436-a4c7-8460e61b1eab,askacademia_train,losing_paraphrase_gemini,no,no
057ed6ab-be7a-4436-a4c7-8460e61b1eab,askacademia_train,losing_paraphrase_gpt4omini,no,no
057ed6ab-be7a-4436-a4c7-8460e61b1eab,askacademia_train,losing_paraphrase_gpt5nano,no,no
057ed6ab-be7a-4436-a4c7-8460e61b1eab,askacademia_train,losing_paraphrase_qwen,no,no
057ed6ab-be7a-4436-a4c7-8460e61b1eab,askacademia_train,losing_paraphrase_llama,no,no
057ed6ab-be7a-4436-a4c7-8460e61b1eab,askacademia_train,losing_paraphrase_mistral,no,no
c8c9a7f9-695a-460a-8f4b-c4974077ce64,askacademia_train,winning_text,no,no
c8c9a7f9-695a-460a-8f4b-c4974077ce64,askacademia_train,losing_text,no,no
c8c9a7f9-695a-460a-8f4b-c4974077ce64,askacademia_train,losing_generate_gpt4omini,no,no
c8c9a7f9-695a-460a-8f4b-c4974077ce64,askacademia_train,losing_generate_claude,no,no
c8c9a7f9-695a-460a-8f4b-c4974077ce64,askacademia_train,losing_generate_gemini,no,no
c8c9a7f9-695a-460a-8f4b-c4974077ce64,askacademia_train,losing_generate_mistral,no,no
c8c9a7f9-695a-460a-8f4b-c4974077ce64,askacademia_train,losing_improve_claude,no,no
c8c9a7f9-695a-460a-8f4b-c4974077ce64,askacademia_train,losing_generate_gpt5nano,no,no
c8c9a7f9-695a-460a-8f4b-c4974077ce64,askacademia_train,losing_generate_qwen,no,no
c8c9a7f9-695a-460a-8f4b-c4974077ce64,askacademia_train,losing_generate_llama,no,no
c8c9a7f9-695a-460a-8f4b-c4974077ce64,askacademia_train,losing_improve_gemini,no,no
c8c9a7f9-695a-460a-8f4b-c4974077ce64,askacademia_train,losing_improve_gpt4omini,no,no
c8c9a7f9-695a-460a-8f4b-c4974077ce64,askacademia_train,losing_improve_gpt5nano,no,no
c8c9a7f9-695a-460a-8f4b-c4974077ce64,askacademia_train,losing_paraphrase_gemini,no,no
c8c9a7f9-695a-460a-8f4b-c4974077ce64,askacademia_train,losing_improve_qwen,no,no
c8c9a7f9-695a-460a-8f4b-c4974077ce64,askacademia_train,losing_improve_llama,no,no
c8c9a7f9-695a-460a-8f4b-c4974077ce64,askacademia_train,losing_paraphrase_claude,no,no
c8c9a7f9-695a-460a-8f4b-c4974077ce64,askacademia_train,losing_improve_mistral,no,no
c8c9a7f9-695a-460a-8f4b-c4974077ce64,askacademia_train,losing_paraphrase_gpt4omini,no,no
c8c9a7f9-695a-460a-8f4b-c4974077ce64,askacademia_train,losing_paraphrase_gpt5nano,no,no
c8c9a7f9-695a-460a-8f4b-c4974077ce64,askacademia_train,losing_paraphrase_llama,no,no
b0408dc7-bcac-4bc8-839c-4692bf3364c6,askacademia_train,losing_generate_claude,no,no
c8c9a7f9-695a-460a-8f4b-c4974077ce64,askacademia_train,losing_paraphrase_qwen,no,no
b0408dc7-bcac-4bc8-839c-4692bf3364c6,askacademia_train,winning_text,no,no
b0408dc7-bcac-4bc8-839c-4692bf3364c6,askacademia_train,losing_text,no,no
c8c9a7f9-695a-460a-8f4b-c4974077ce64,askacademia_train,losing_paraphrase_mistral,no,no
b0408dc7-bcac-4bc8-839c-4692bf3364c6,askacademia_train,losing_generate_gemini,no,no
b0408dc7-bcac-4bc8-839c-4692bf3364c6,askacademia_train,losing_generate_gpt5nano,no,no
b0408dc7-bcac-4bc8-839c-4692bf3364c6,askacademia_train,losing_generate_gpt4omini,no,no
b0408dc7-bcac-4bc8-839c-4692bf3364c6,askacademia_train,losing_generate_qwen,no,no
b0408dc7-bcac-4bc8-839c-4692bf3364c6,askacademia_train,losing_generate_llama,no,no
b0408dc7-bcac-4bc8-839c-4692bf3364c6,askacademia_train,losing_generate_mistral,no,no
b0408dc7-bcac-4bc8-839c-4692bf3364c6,askacademia_train,losing_improve_claude,no,no
b0408dc7-bcac-4bc8-839c-4692bf3364c6,askacademia_train,losing_improve_gemini,no,no
b0408dc7-bcac-4bc8-839c-4692bf3364c6,askacademia_train,losing_improve_gpt5nano,no,no
b0408dc7-bcac-4bc8-839c-4692bf3364c6,askacademia_train,losing_improve_llama,no,no
b0408dc7-bcac-4bc8-839c-4692bf3364c6,askacademia_train,losing_paraphrase_claude,no,no
b0408dc7-bcac-4bc8-839c-4692bf3364c6,askacademia_train,losing_improve_qwen,no,no
b0408dc7-bcac-4bc8-839c-4692bf3364c6,askacademia_train,losing_improve_mistral,no,no
b0408dc7-bcac-4bc8-839c-4692bf3364c6,askacademia_train,losing_paraphrase_gemini,no,no
b0408dc7-bcac-4bc8-839c-4692bf3364c6,askacademia_train,losing_paraphrase_llama,no,no
b0408dc7-bcac-4bc8-839c-4692bf3364c6,askacademia_train,losing_paraphrase_gpt5nano,no,no
b0408dc7-bcac-4bc8-839c-4692bf3364c6,askacademia_train,losing_paraphrase_mistral,no,no
b0408dc7-bcac-4bc8-839c-4692bf3364c6,askacademia_train,losing_improve_gpt4omini,no,no
5497ec99-a137-4aa6-96f5-9561a1684269,askacademia_train,winning_text,no,no
b0408dc7-bcac-4bc8-839c-4692bf3364c6,askacademia_train,losing_paraphrase_gpt4omini,no,no
b0408dc7-bcac-4bc8-839c-4692bf3364c6,askacademia_train,losing_paraphrase_qwen,no,no
5497ec99-a137-4aa6-96f5-9561a1684269,askacademia_train,losing_text,no,no
5497ec99-a137-4aa6-96f5-9561a1684269,askacademia_train,losing_generate_claude,no,no
5497ec99-a137-4aa6-96f5-9561a1684269,askacademia_train,losing_generate_gemini,no,no
5497ec99-a137-4aa6-96f5-9561a1684269,askacademia_train,losing_improve_claude,no,no
5497ec99-a137-4aa6-96f5-9561a1684269,askacademia_train,losing_generate_gpt4omini,no,no
5497ec99-a137-4aa6-96f5-9561a1684269,askacademia_train,losing_generate_llama,no,no
5497ec99-a137-4aa6-96f5-9561a1684269,askacademia_train,losing_generate_gpt5nano,no,no
5497ec99-a137-4aa6-96f5-9561a1684269,askacademia_train,losing_generate_qwen,no,no
5497ec99-a137-4aa6-96f5-9561a1684269,askacademia_train,losing_generate_mistral,no,no
5497ec99-a137-4aa6-96f5-9561a1684269,askacademia_train,losing_improve_gemini,no,no
5497ec99-a137-4aa6-96f5-9561a1684269,askacademia_train,losing_improve_gpt4omini,no,no
5497ec99-a137-4aa6-96f5-9561a1684269,askacademia_train,losing_improve_gpt5nano,no,no
5497ec99-a137-4aa6-96f5-9561a1684269,askacademia_train,losing_improve_qwen,no,no
5497ec99-a137-4aa6-96f5-9561a1684269,askacademia_train,losing_improve_llama,no,no
5497ec99-a137-4aa6-96f5-9561a1684269,askacademia_train,losing_improve_mistral,no,no
5497ec99-a137-4aa6-96f5-9561a1684269,askacademia_train,losing_paraphrase_claude,no,no
5497ec99-a137-4aa6-96f5-9561a1684269,askacademia_train,losing_paraphrase_gemini,no,no
5497ec99-a137-4aa6-96f5-9561a1684269,askacademia_train,losing_paraphrase_gpt4omini,no,no
5497ec99-a137-4aa6-96f5-9561a1684269,askacademia_train,losing_paraphrase_gpt5nano,no,no
5497ec99-a137-4aa6-96f5-9561a1684269,askacademia_train,losing_paraphrase_mistral,no,no
5497ec99-a137-4aa6-96f5-9561a1684269,askacademia_train,losing_paraphrase_llama,no,no
86075a8a-4636-4c61-a2f4-f6db1a1df0b5,askacademia_train,winning_text,no,no
5497ec99-a137-4aa6-96f5-9561a1684269,askacademia_train,losing_paraphrase_qwen,no,no
86075a8a-4636-4c61-a2f4-f6db1a1df0b5,askacademia_train,losing_generate_claude,no,no
86075a8a-4636-4c61-a2f4-f6db1a1df0b5,askacademia_train,losing_text,no,no
86075a8a-4636-4c61-a2f4-f6db1a1df0b5,askacademia_train,losing_generate_gemini,no,no
86075a8a-4636-4c61-a2f4-f6db1a1df0b5,askacademia_train,losing_generate_gpt4omini,no,no
86075a8a-4636-4c61-a2f4-f6db1a1df0b5,askacademia_train,losing_generate_gpt5nano,no,no
86075a8a-4636-4c61-a2f4-f6db1a1df0b5,askacademia_train,losing_generate_mistral,no,no
86075a8a-4636-4c61-a2f4-f6db1a1df0b5,askacademia_train,losing_generate_qwen,no,no
86075a8a-4636-4c61-a2f4-f6db1a1df0b5,askacademia_train,losing_generate_llama,no,no
86075a8a-4636-4c61-a2f4-f6db1a1df0b5,askacademia_train,losing_improve_gemini,no,no
86075a8a-4636-4c61-a2f4-f6db1a1df0b5,askacademia_train,losing_improve_claude,no,no
86075a8a-4636-4c61-a2f4-f6db1a1df0b5,askacademia_train,losing_improve_gpt4omini,no,no
86075a8a-4636-4c61-a2f4-f6db1a1df0b5,askacademia_train,losing_improve_gpt5nano,no,no
86075a8a-4636-4c61-a2f4-f6db1a1df0b5,askacademia_train,losing_paraphrase_claude,no,no
86075a8a-4636-4c61-a2f4-f6db1a1df0b5,askacademia_train,losing_improve_llama,no,no
86075a8a-4636-4c61-a2f4-f6db1a1df0b5,askacademia_train,losing_improve_qwen,no,no
86075a8a-4636-4c61-a2f4-f6db1a1df0b5,askacademia_train,losing_improve_mistral,no,no
86075a8a-4636-4c61-a2f4-f6db1a1df0b5,askacademia_train,losing_paraphrase_gpt4omini,no,no
86075a8a-4636-4c61-a2f4-f6db1a1df0b5,askacademia_train,losing_paraphrase_gemini,no,no
86075a8a-4636-4c61-a2f4-f6db1a1df0b5,askacademia_train,losing_paraphrase_gpt5nano,no,no
86075a8a-4636-4c61-a2f4-f6db1a1df0b5,askacademia_train,losing_paraphrase_llama,no,no
59a53d23-ad0a-4483-a94c-969aadb5095c,askacademia_train,losing_text,no,no
59a53d23-ad0a-4483-a94c-969aadb5095c,askacademia_train,winning_text,no,no
86075a8a-4636-4c61-a2f4-f6db1a1df0b5,askacademia_train,losing_paraphrase_mistral,no,no
86075a8a-4636-4c61-a2f4-f6db1a1df0b5,askacademia_train,losing_paraphrase_qwen,no,no
59a53d23-ad0a-4483-a94c-969aadb5095c,askacademia_train,losing_generate_gemini,no,no
59a53d23-ad0a-4483-a94c-969aadb5095c,askacademia_train,losing_generate_claude,no,no
59a53d23-ad0a-4483-a94c-969aadb5095c,askacademia_train,losing_generate_gpt4omini,no,no
59a53d23-ad0a-4483-a94c-969aadb5095c,askacademia_train,losing_generate_gpt5nano,no,no
59a53d23-ad0a-4483-a94c-969aadb5095c,askacademia_train,losing_generate_llama,no,no
59a53d23-ad0a-4483-a94c-969aadb5095c,askacademia_train,losing_generate_qwen,no,no
59a53d23-ad0a-4483-a94c-969aadb5095c,askacademia_train,losing_improve_claude,no,no
59a53d23-ad0a-4483-a94c-969aadb5095c,askacademia_train,losing_generate_mistral,no,no
59a53d23-ad0a-4483-a94c-969aadb5095c,askacademia_train,losing_improve_gpt4omini,no,no
59a53d23-ad0a-4483-a94c-969aadb5095c,askacademia_train,losing_improve_gemini,no,no
59a53d23-ad0a-4483-a94c-969aadb5095c,askacademia_train,losing_improve_gpt5nano,no,no
59a53d23-ad0a-4483-a94c-969aadb5095c,askacademia_train,losing_improve_llama,no,no
59a53d23-ad0a-4483-a94c-969aadb5095c,askacademia_train,losing_paraphrase_claude,no,no
59a53d23-ad0a-4483-a94c-969aadb5095c,askacademia_train,losing_paraphrase_gemini,no,no
59a53d23-ad0a-4483-a94c-969aadb5095c,askacademia_train,losing_improve_mistral,no,no
59a53d23-ad0a-4483-a94c-969aadb5095c,askacademia_train,losing_improve_qwen,no,no
59a53d23-ad0a-4483-a94c-969aadb5095c,askacademia_train,losing_paraphrase_gpt4omini,no,no
59a53d23-ad0a-4483-a94c-969aadb5095c,askacademia_train,losing_paraphrase_gpt5nano,no,no
59a53d23-ad0a-4483-a94c-969aadb5095c,askacademia_train,losing_paraphrase_llama,no,no
59a53d23-ad0a-4483-a94c-969aadb5095c,askacademia_train,losing_paraphrase_mistral,no,no
1f2d6159-e34e-42a9-9113-2efda1bf8b94,askacademia_train,losing_generate_claude,no,no
59a53d23-ad0a-4483-a94c-969aadb5095c,askacademia_train,losing_paraphrase_qwen,no,no
1f2d6159-e34e-42a9-9113-2efda1bf8b94,askacademia_train,winning_text,no,no
1f2d6159-e34e-42a9-9113-2efda1bf8b94,askacademia_train,losing_text,no,no
1f2d6159-e34e-42a9-9113-2efda1bf8b94,askacademia_train,losing_generate_gpt4omini,no,no
1f2d6159-e34e-42a9-9113-2efda1bf8b94,askacademia_train,losing_generate_gemini,no,no
1f2d6159-e34e-42a9-9113-2efda1bf8b94,askacademia_train,losing_generate_gpt5nano,no,no
1f2d6159-e34e-42a9-9113-2efda1bf8b94,askacademia_train,losing_generate_llama,no,no
1f2d6159-e34e-42a9-9113-2efda1bf8b94,askacademia_train,losing_improve_claude,no,no
1f2d6159-e34e-42a9-9113-2efda1bf8b94,askacademia_train,losing_improve_gemini,no,no
1f2d6159-e34e-42a9-9113-2efda1bf8b94,askacademia_train,losing_generate_mistral,no,no
1f2d6159-e34e-42a9-9113-2efda1bf8b94,askacademia_train,losing_generate_qwen,no,no
1f2d6159-e34e-42a9-9113-2efda1bf8b94,askacademia_train,losing_improve_gpt5nano,no,no
1f2d6159-e34e-42a9-9113-2efda1bf8b94,askacademia_train,losing_improve_gpt4omini,no,no
1f2d6159-e34e-42a9-9113-2efda1bf8b94,askacademia_train,losing_improve_mistral,no,no
1f2d6159-e34e-42a9-9113-2efda1bf8b94,askacademia_train,losing_improve_llama,no,no
1f2d6159-e34e-42a9-9113-2efda1bf8b94,askacademia_train,losing_paraphrase_gemini,no,no
1f2d6159-e34e-42a9-9113-2efda1bf8b94,askacademia_train,losing_improve_qwen,no,no
1f2d6159-e34e-42a9-9113-2efda1bf8b94,askacademia_train,losing_paraphrase_gpt4omini,no,no
1f2d6159-e34e-42a9-9113-2efda1bf8b94,askacademia_train,losing_paraphrase_claude,no,no
1f2d6159-e34e-42a9-9113-2efda1bf8b94,askacademia_train,losing_paraphrase_llama,no,no
1f2d6159-e34e-42a9-9113-2efda1bf8b94,askacademia_train,losing_paraphrase_gpt5nano,no,no
1f2d6159-e34e-42a9-9113-2efda1bf8b94,askacademia_train,losing_paraphrase_mistral,no,no
1f2d6159-e34e-42a9-9113-2efda1bf8b94,askacademia_train,losing_paraphrase_qwen,no,no
d7c82565-05a0-40b7-91a6-0d4020ee6814,askacademia_train,winning_text,no,no
d7c82565-05a0-40b7-91a6-0d4020ee6814,askacademia_train,losing_text,no,no
d7c82565-05a0-40b7-91a6-0d4020ee6814,askacademia_train,losing_generate_gpt5nano,no,no
d7c82565-05a0-40b7-91a6-0d4020ee6814,askacademia_train,losing_generate_gemini,no,no
d7c82565-05a0-40b7-91a6-0d4020ee6814,askacademia_train,losing_generate_gpt4omini,no,no
d7c82565-05a0-40b7-91a6-0d4020ee6814,askacademia_train,losing_generate_claude,no,no
d7c82565-05a0-40b7-91a6-0d4020ee6814,askacademia_train,losing_generate_mistral,no,no
d7c82565-05a0-40b7-91a6-0d4020ee6814,askacademia_train,losing_generate_llama,no,no
d7c82565-05a0-40b7-91a6-0d4020ee6814,askacademia_train,losing_improve_claude,no,no
d7c82565-05a0-40b7-91a6-0d4020ee6814,askacademia_train,losing_generate_qwen,no,no
d7c82565-05a0-40b7-91a6-0d4020ee6814,askacademia_train,losing_improve_llama,no,no
d7c82565-05a0-40b7-91a6-0d4020ee6814,askacademia_train,losing_improve_gpt4omini,no,no
d7c82565-05a0-40b7-91a6-0d4020ee6814,askacademia_train,losing_improve_gemini,no,no
d7c82565-05a0-40b7-91a6-0d4020ee6814,askacademia_train,losing_improve_gpt5nano,no,no
d7c82565-05a0-40b7-91a6-0d4020ee6814,askacademia_train,losing_improve_qwen,no,no
d7c82565-05a0-40b7-91a6-0d4020ee6814,askacademia_train,losing_improve_mistral,no,no
d7c82565-05a0-40b7-91a6-0d4020ee6814,askacademia_train,losing_paraphrase_gemini,no,no
d7c82565-05a0-40b7-91a6-0d4020ee6814,askacademia_train,losing_paraphrase_claude,no,no
d7c82565-05a0-40b7-91a6-0d4020ee6814,askacademia_train,losing_paraphrase_llama,no,no
d7c82565-05a0-40b7-91a6-0d4020ee6814,askacademia_train,losing_paraphrase_gpt5nano,no,no
d7c82565-05a0-40b7-91a6-0d4020ee6814,askacademia_train,losing_paraphrase_gpt4omini,no,no
d7c82565-05a0-40b7-91a6-0d4020ee6814,askacademia_train,losing_paraphrase_qwen,no,no
3c5b5c96-8923-4756-83bf-0090cc0e59fc,askacademia_train,winning_text,no,no
d7c82565-05a0-40b7-91a6-0d4020ee6814,askacademia_train,losing_paraphrase_mistral,no,no
3c5b5c96-8923-4756-83bf-0090cc0e59fc,askacademia_train,losing_generate_claude,no,no
3c5b5c96-8923-4756-83bf-0090cc0e59fc,askacademia_train,losing_generate_gemini,no,no
3c5b5c96-8923-4756-83bf-0090cc0e59fc,askacademia_train,losing_generate_gpt5nano,no,no
3c5b5c96-8923-4756-83bf-0090cc0e59fc,askacademia_train,losing_text,no,no
3c5b5c96-8923-4756-83bf-0090cc0e59fc,askacademia_train,losing_generate_llama,no,no
3c5b5c96-8923-4756-83bf-0090cc0e59fc,askacademia_train,losing_generate_mistral,no,no
3c5b5c96-8923-4756-83bf-0090cc0e59fc,askacademia_train,losing_generate_gpt4omini,no,no
3c5b5c96-8923-4756-83bf-0090cc0e59fc,askacademia_train,losing_generate_qwen,no,no
3c5b5c96-8923-4756-83bf-0090cc0e59fc,askacademia_train,losing_improve_claude,no,no
3c5b5c96-8923-4756-83bf-0090cc0e59fc,askacademia_train,losing_improve_gpt4omini,no,no
3c5b5c96-8923-4756-83bf-0090cc0e59fc,askacademia_train,losing_improve_gemini,no,no
3c5b5c96-8923-4756-83bf-0090cc0e59fc,askacademia_train,losing_improve_gpt5nano,no,no
3c5b5c96-8923-4756-83bf-0090cc0e59fc,askacademia_train,losing_paraphrase_claude,no,no
3c5b5c96-8923-4756-83bf-0090cc0e59fc,askacademia_train,losing_improve_mistral,no,no
3c5b5c96-8923-4756-83bf-0090cc0e59fc,askacademia_train,losing_improve_qwen,no,no
3c5b5c96-8923-4756-83bf-0090cc0e59fc,askacademia_train,losing_improve_llama,no,no
3c5b5c96-8923-4756-83bf-0090cc0e59fc,askacademia_train,losing_paraphrase_gemini,no,no
3c5b5c96-8923-4756-83bf-0090cc0e59fc,askacademia_train,losing_paraphrase_llama,no,no
3c5b5c96-8923-4756-83bf-0090cc0e59fc,askacademia_train,losing_paraphrase_gpt4omini,no,no
3c5b5c96-8923-4756-83bf-0090cc0e59fc,askacademia_train,losing_paraphrase_gpt5nano,no,no
e0d4d31d-bb08-439c-a106-314d2977dcd6,askacademia_train,winning_text,no,no
3c5b5c96-8923-4756-83bf-0090cc0e59fc,askacademia_train,losing_paraphrase_mistral,no,no
3c5b5c96-8923-4756-83bf-0090cc0e59fc,askacademia_train,losing_paraphrase_qwen,no,no
e0d4d31d-bb08-439c-a106-314d2977dcd6,askacademia_train,losing_text,no,no
e0d4d31d-bb08-439c-a106-314d2977dcd6,askacademia_train,losing_generate_claude,no,no
e0d4d31d-bb08-439c-a106-314d2977dcd6,askacademia_train,losing_generate_gpt5nano,no,no
e0d4d31d-bb08-439c-a106-314d2977dcd6,askacademia_train,losing_generate_gpt4omini,no,no
e0d4d31d-bb08-439c-a106-314d2977dcd6,askacademia_train,losing_generate_gemini,no,no
e0d4d31d-bb08-439c-a106-314d2977dcd6,askacademia_train,losing_improve_claude,no,no
e0d4d31d-bb08-439c-a106-314d2977dcd6,askacademia_train,losing_generate_qwen,no,no
e0d4d31d-bb08-439c-a106-314d2977dcd6,askacademia_train,losing_generate_llama,no,no
e0d4d31d-bb08-439c-a106-314d2977dcd6,askacademia_train,losing_generate_mistral,no,no
e0d4d31d-bb08-439c-a106-314d2977dcd6,askacademia_train,losing_improve_gemini,no,no
e0d4d31d-bb08-439c-a106-314d2977dcd6,askacademia_train,losing_improve_gpt4omini,no,no
e0d4d31d-bb08-439c-a106-314d2977dcd6,askacademia_train,losing_improve_gpt5nano,no,no
e0d4d31d-bb08-439c-a106-314d2977dcd6,askacademia_train,losing_improve_llama,no,no
e0d4d31d-bb08-439c-a106-314d2977dcd6,askacademia_train,losing_improve_qwen,no,no
e0d4d31d-bb08-439c-a106-314d2977dcd6,askacademia_train,losing_paraphrase_claude,no,no
e0d4d31d-bb08-439c-a106-314d2977dcd6,askacademia_train,losing_improve_mistral,no,no
e0d4d31d-bb08-439c-a106-314d2977dcd6,askacademia_train,losing_paraphrase_gemini,no,no
e0d4d31d-bb08-439c-a106-314d2977dcd6,askacademia_train,losing_paraphrase_gpt4omini,no,no
e0d4d31d-bb08-439c-a106-314d2977dcd6,askacademia_train,losing_paraphrase_mistral,no,no
e0d4d31d-bb08-439c-a106-314d2977dcd6,askacademia_train,losing_paraphrase_gpt5nano,no,no
e0d4d31d-bb08-439c-a106-314d2977dcd6,askacademia_train,losing_paraphrase_llama,no,no
b2872b61-e169-4799-8810-0c921b38588c,askacademia_train,losing_text,no,no
b2872b61-e169-4799-8810-0c921b38588c,askacademia_train,winning_text,no,no
e0d4d31d-bb08-439c-a106-314d2977dcd6,askacademia_train,losing_paraphrase_qwen,no,no
b2872b61-e169-4799-8810-0c921b38588c,askacademia_train,losing_generate_claude,no,no
b2872b61-e169-4799-8810-0c921b38588c,askacademia_train,losing_generate_gemini,no,no
b2872b61-e169-4799-8810-0c921b38588c,askacademia_train,losing_generate_gpt4omini,no,no
b2872b61-e169-4799-8810-0c921b38588c,askacademia_train,losing_generate_llama,no,no
b2872b61-e169-4799-8810-0c921b38588c,askacademia_train,losing_generate_gpt5nano,no,no
b2872b61-e169-4799-8810-0c921b38588c,askacademia_train,losing_generate_qwen,no,no
b2872b61-e169-4799-8810-0c921b38588c,askacademia_train,losing_generate_mistral,no,no
b2872b61-e169-4799-8810-0c921b38588c,askacademia_train,losing_improve_claude,no,no
b2872b61-e169-4799-8810-0c921b38588c,askacademia_train,losing_improve_gemini,no,no
b2872b61-e169-4799-8810-0c921b38588c,askacademia_train,losing_improve_gpt4omini,no,no
b2872b61-e169-4799-8810-0c921b38588c,askacademia_train,losing_improve_gpt5nano,no,no
b2872b61-e169-4799-8810-0c921b38588c,askacademia_train,losing_improve_llama,no,no
b2872b61-e169-4799-8810-0c921b38588c,askacademia_train,losing_improve_mistral,no,no
b2872b61-e169-4799-8810-0c921b38588c,askacademia_train,losing_improve_qwen,no,no
b2872b61-e169-4799-8810-0c921b38588c,askacademia_train,losing_paraphrase_gemini,no,no
b2872b61-e169-4799-8810-0c921b38588c,askacademia_train,losing_paraphrase_gpt4omini,no,no
b2872b61-e169-4799-8810-0c921b38588c,askacademia_train,losing_paraphrase_gpt5nano,no,no
b2872b61-e169-4799-8810-0c921b38588c,askacademia_train,losing_paraphrase_claude,no,no
b2872b61-e169-4799-8810-0c921b38588c,askacademia_train,losing_paraphrase_mistral,no,no
b2872b61-e169-4799-8810-0c921b38588c,askacademia_train,losing_paraphrase_llama,no,no
b2872b61-e169-4799-8810-0c921b38588c,askacademia_train,losing_paraphrase_qwen,no,no
8e4c3cae-3891-4fc3-9362-29f0a4c58909,askacademia_train,losing_text,no,no
8e4c3cae-3891-4fc3-9362-29f0a4c58909,askacademia_train,winning_text,no,no
8e4c3cae-3891-4fc3-9362-29f0a4c58909,askacademia_train,losing_generate_claude,no,no
8e4c3cae-3891-4fc3-9362-29f0a4c58909,askacademia_train,losing_generate_gpt4omini,no,no
8e4c3cae-3891-4fc3-9362-29f0a4c58909,askacademia_train,losing_generate_gemini,no,no
8e4c3cae-3891-4fc3-9362-29f0a4c58909,askacademia_train,losing_generate_llama,no,no
8e4c3cae-3891-4fc3-9362-29f0a4c58909,askacademia_train,losing_generate_gpt5nano,no,no
8e4c3cae-3891-4fc3-9362-29f0a4c58909,askacademia_train,losing_generate_mistral,no,no
8e4c3cae-3891-4fc3-9362-29f0a4c58909,askacademia_train,losing_generate_qwen,no,no
8e4c3cae-3891-4fc3-9362-29f0a4c58909,askacademia_train,losing_improve_claude,no,no
8e4c3cae-3891-4fc3-9362-29f0a4c58909,askacademia_train,losing_improve_gemini,no,no
8e4c3cae-3891-4fc3-9362-29f0a4c58909,askacademia_train,losing_improve_gpt4omini,no,no
8e4c3cae-3891-4fc3-9362-29f0a4c58909,askacademia_train,losing_improve_gpt5nano,no,no
8e4c3cae-3891-4fc3-9362-29f0a4c58909,askacademia_train,losing_improve_llama,no,no
8e4c3cae-3891-4fc3-9362-29f0a4c58909,askacademia_train,losing_improve_qwen,no,no
8e4c3cae-3891-4fc3-9362-29f0a4c58909,askacademia_train,losing_improve_mistral,no,no
8e4c3cae-3891-4fc3-9362-29f0a4c58909,askacademia_train,losing_paraphrase_claude,no,no
8e4c3cae-3891-4fc3-9362-29f0a4c58909,askacademia_train,losing_paraphrase_gemini,no,no
8e4c3cae-3891-4fc3-9362-29f0a4c58909,askacademia_train,losing_paraphrase_gpt4omini,no,no
8e4c3cae-3891-4fc3-9362-29f0a4c58909,askacademia_train,losing_paraphrase_gpt5nano,no,no
8e4c3cae-3891-4fc3-9362-29f0a4c58909,askacademia_train,losing_paraphrase_llama,no,no
8e4c3cae-3891-4fc3-9362-29f0a4c58909,askacademia_train,losing_paraphrase_mistral,no,no
51e49a80-3feb-4313-81b7-b0e24b0ce9b7,askacademia_train,winning_text,no,no
8e4c3cae-3891-4fc3-9362-29f0a4c58909,askacademia_train,losing_paraphrase_qwen,no,no
51e49a80-3feb-4313-81b7-b0e24b0ce9b7,askacademia_train,losing_generate_claude,no,no
51e49a80-3feb-4313-81b7-b0e24b0ce9b7,askacademia_train,losing_text,no,no
51e49a80-3feb-4313-81b7-b0e24b0ce9b7,askacademia_train,losing_generate_gpt4omini,no,no
51e49a80-3feb-4313-81b7-b0e24b0ce9b7,askacademia_train,losing_generate_gemini,no,no
51e49a80-3feb-4313-81b7-b0e24b0ce9b7,askacademia_train,losing_generate_gpt5nano,no,no
51e49a80-3feb-4313-81b7-b0e24b0ce9b7,askacademia_train,losing_generate_mistral,no,no
51e49a80-3feb-4313-81b7-b0e24b0ce9b7,askacademia_train,losing_generate_qwen,no,no
51e49a80-3feb-4313-81b7-b0e24b0ce9b7,askacademia_train,losing_generate_llama,no,no
51e49a80-3feb-4313-81b7-b0e24b0ce9b7,askacademia_train,losing_improve_gemini,no,no
51e49a80-3feb-4313-81b7-b0e24b0ce9b7,askacademia_train,losing_improve_claude,no,no
51e49a80-3feb-4313-81b7-b0e24b0ce9b7,askacademia_train,losing_improve_gpt4omini,no,no
51e49a80-3feb-4313-81b7-b0e24b0ce9b7,askacademia_train,losing_improve_gpt5nano,no,no
51e49a80-3feb-4313-81b7-b0e24b0ce9b7,askacademia_train,losing_improve_llama,no,no
51e49a80-3feb-4313-81b7-b0e24b0ce9b7,askacademia_train,losing_improve_mistral,no,no
51e49a80-3feb-4313-81b7-b0e24b0ce9b7,askacademia_train,losing_improve_qwen,no,no
51e49a80-3feb-4313-81b7-b0e24b0ce9b7,askacademia_train,losing_paraphrase_claude,no,no
51e49a80-3feb-4313-81b7-b0e24b0ce9b7,askacademia_train,losing_paraphrase_gpt4omini,no,no
51e49a80-3feb-4313-81b7-b0e24b0ce9b7,askacademia_train,losing_paraphrase_gemini,no,no
51e49a80-3feb-4313-81b7-b0e24b0ce9b7,askacademia_train,losing_paraphrase_mistral,no,no
51e49a80-3feb-4313-81b7-b0e24b0ce9b7,askacademia_train,losing_paraphrase_gpt5nano,no,no
51e49a80-3feb-4313-81b7-b0e24b0ce9b7,askacademia_train,losing_paraphrase_llama,no,no
edab6669-55b9-41f7-ab14-4012082a57a5,askacademia_train,winning_text,no,no
51e49a80-3feb-4313-81b7-b0e24b0ce9b7,askacademia_train,losing_paraphrase_qwen,no,no
edab6669-55b9-41f7-ab14-4012082a57a5,askacademia_train,losing_text,no,no
edab6669-55b9-41f7-ab14-4012082a57a5,askacademia_train,losing_generate_gpt5nano,no,no
edab6669-55b9-41f7-ab14-4012082a57a5,askacademia_train,losing_generate_gemini,no,no
edab6669-55b9-41f7-ab14-4012082a57a5,askacademia_train,losing_generate_claude,no,no
edab6669-55b9-41f7-ab14-4012082a57a5,askacademia_train,losing_generate_gpt4omini,no,no
edab6669-55b9-41f7-ab14-4012082a57a5,askacademia_train,losing_generate_llama,no,no
edab6669-55b9-41f7-ab14-4012082a57a5,askacademia_train,losing_generate_mistral,no,no
edab6669-55b9-41f7-ab14-4012082a57a5,askacademia_train,losing_generate_qwen,no,no
edab6669-55b9-41f7-ab14-4012082a57a5,askacademia_train,losing_improve_claude,no,no
edab6669-55b9-41f7-ab14-4012082a57a5,askacademia_train,losing_improve_gpt5nano,no,no
edab6669-55b9-41f7-ab14-4012082a57a5,askacademia_train,losing_improve_gpt4omini,no,no
edab6669-55b9-41f7-ab14-4012082a57a5,askacademia_train,losing_improve_gemini,no,no
edab6669-55b9-41f7-ab14-4012082a57a5,askacademia_train,losing_improve_mistral,no,no
edab6669-55b9-41f7-ab14-4012082a57a5,askacademia_train,losing_improve_llama,no,no
edab6669-55b9-41f7-ab14-4012082a57a5,askacademia_train,losing_improve_qwen,no,no
edab6669-55b9-41f7-ab14-4012082a57a5,askacademia_train,losing_paraphrase_gemini,no,no
edab6669-55b9-41f7-ab14-4012082a57a5,askacademia_train,losing_paraphrase_claude,no,no
edab6669-55b9-41f7-ab14-4012082a57a5,askacademia_train,losing_paraphrase_llama,no,no
edab6669-55b9-41f7-ab14-4012082a57a5,askacademia_train,losing_paraphrase_gpt5nano,no,no
edab6669-55b9-41f7-ab14-4012082a57a5,askacademia_train,losing_paraphrase_gpt4omini,no,no
edab6669-55b9-41f7-ab14-4012082a57a5,askacademia_train,losing_paraphrase_mistral,no,no
edab6669-55b9-41f7-ab14-4012082a57a5,askacademia_train,losing_paraphrase_qwen,no,no
9bd17922-ef84-4ccf-97b5-b8c240e76ac2,askacademia_train,winning_text,no,no
9bd17922-ef84-4ccf-97b5-b8c240e76ac2,askacademia_train,losing_generate_claude,no,no
9bd17922-ef84-4ccf-97b5-b8c240e76ac2,askacademia_train,losing_text,no,no
9bd17922-ef84-4ccf-97b5-b8c240e76ac2,askacademia_train,losing_generate_gpt4omini,no,no
9bd17922-ef84-4ccf-97b5-b8c240e76ac2,askacademia_train,losing_generate_gemini,no,no
9bd17922-ef84-4ccf-97b5-b8c240e76ac2,askacademia_train,losing_generate_llama,no,no
9bd17922-ef84-4ccf-97b5-b8c240e76ac2,askacademia_train,losing_generate_gpt5nano,no,no
9bd17922-ef84-4ccf-97b5-b8c240e76ac2,askacademia_train,losing_generate_mistral,no,no
9bd17922-ef84-4ccf-97b5-b8c240e76ac2,askacademia_train,losing_generate_qwen,no,no
9bd17922-ef84-4ccf-97b5-b8c240e76ac2,askacademia_train,losing_improve_gemini,no,no
9bd17922-ef84-4ccf-97b5-b8c240e76ac2,askacademia_train,losing_improve_claude,no,no
9bd17922-ef84-4ccf-97b5-b8c240e76ac2,askacademia_train,losing_improve_gpt5nano,no,no
9bd17922-ef84-4ccf-97b5-b8c240e76ac2,askacademia_train,losing_improve_gpt4omini,no,no
9bd17922-ef84-4ccf-97b5-b8c240e76ac2,askacademia_train,losing_improve_llama,no,no
9bd17922-ef84-4ccf-97b5-b8c240e76ac2,askacademia_train,losing_improve_mistral,no,no
9bd17922-ef84-4ccf-97b5-b8c240e76ac2,askacademia_train,losing_improve_qwen,no,no
9bd17922-ef84-4ccf-97b5-b8c240e76ac2,askacademia_train,losing_paraphrase_gemini,no,no
9bd17922-ef84-4ccf-97b5-b8c240e76ac2,askacademia_train,losing_paraphrase_gpt4omini,no,no
9bd17922-ef84-4ccf-97b5-b8c240e76ac2,askacademia_train,losing_paraphrase_claude,no,no
9bd17922-ef84-4ccf-97b5-b8c240e76ac2,askacademia_train,losing_paraphrase_qwen,no,no
9bd17922-ef84-4ccf-97b5-b8c240e76ac2,askacademia_train,losing_paraphrase_mistral,no,no
9bd17922-ef84-4ccf-97b5-b8c240e76ac2,askacademia_train,losing_paraphrase_gpt5nano,no,no
9bd17922-ef84-4ccf-97b5-b8c240e76ac2,askacademia_train,losing_paraphrase_llama,no,no
281557e4-236f-4969-af9f-8945dea42926,askacademia_train,winning_text,no,no
281557e4-236f-4969-af9f-8945dea42926,askacademia_train,losing_generate_gemini,no,no
281557e4-236f-4969-af9f-8945dea42926,askacademia_train,losing_generate_claude,no,no
281557e4-236f-4969-af9f-8945dea42926,askacademia_train,losing_text,no,no
281557e4-236f-4969-af9f-8945dea42926,askacademia_train,losing_generate_llama,no,no
281557e4-236f-4969-af9f-8945dea42926,askacademia_train,losing_generate_gpt5nano,no,no
281557e4-236f-4969-af9f-8945dea42926,askacademia_train,losing_generate_mistral,no,no
281557e4-236f-4969-af9f-8945dea42926,askacademia_train,losing_generate_qwen,no,no
281557e4-236f-4969-af9f-8945dea42926,askacademia_train,losing_generate_gpt4omini,no,no
281557e4-236f-4969-af9f-8945dea42926,askacademia_train,losing_improve_gpt4omini,no,no
281557e4-236f-4969-af9f-8945dea42926,askacademia_train,losing_improve_claude,no,no
281557e4-236f-4969-af9f-8945dea42926,askacademia_train,losing_improve_gemini,no,no
281557e4-236f-4969-af9f-8945dea42926,askacademia_train,losing_improve_llama,no,no
281557e4-236f-4969-af9f-8945dea42926,askacademia_train,losing_improve_gpt5nano,no,no
281557e4-236f-4969-af9f-8945dea42926,askacademia_train,losing_improve_mistral,no,no
281557e4-236f-4969-af9f-8945dea42926,askacademia_train,losing_paraphrase_claude,no,no
281557e4-236f-4969-af9f-8945dea42926,askacademia_train,losing_improve_qwen,no,no
281557e4-236f-4969-af9f-8945dea42926,askacademia_train,losing_paraphrase_gemini,no,no
281557e4-236f-4969-af9f-8945dea42926,askacademia_train,losing_paraphrase_gpt4omini,no,no
281557e4-236f-4969-af9f-8945dea42926,askacademia_train,losing_paraphrase_gpt5nano,no,no
281557e4-236f-4969-af9f-8945dea42926,askacademia_train,losing_paraphrase_mistral,no,no
281557e4-236f-4969-af9f-8945dea42926,askacademia_train,losing_paraphrase_llama,no,no
76ae0379-eee7-4ff5-9afc-90d02ea33d93,askacademia_train,losing_text,no,no
281557e4-236f-4969-af9f-8945dea42926,askacademia_train,losing_paraphrase_qwen,no,no
76ae0379-eee7-4ff5-9afc-90d02ea33d93,askacademia_train,winning_text,no,no
76ae0379-eee7-4ff5-9afc-90d02ea33d93,askacademia_train,losing_generate_claude,no,no
76ae0379-eee7-4ff5-9afc-90d02ea33d93,askacademia_train,losing_generate_gemini,no,no
76ae0379-eee7-4ff5-9afc-90d02ea33d93,askacademia_train,losing_generate_gpt5nano,no,no
76ae0379-eee7-4ff5-9afc-90d02ea33d93,askacademia_train,losing_generate_gpt4omini,no,no
76ae0379-eee7-4ff5-9afc-90d02ea33d93,askacademia_train,losing_generate_llama,no,no
76ae0379-eee7-4ff5-9afc-90d02ea33d93,askacademia_train,losing_generate_qwen,no,no
76ae0379-eee7-4ff5-9afc-90d02ea33d93,askacademia_train,losing_generate_mistral,no,no
76ae0379-eee7-4ff5-9afc-90d02ea33d93,askacademia_train,losing_improve_claude,no,no
76ae0379-eee7-4ff5-9afc-90d02ea33d93,askacademia_train,losing_improve_gemini,no,no
76ae0379-eee7-4ff5-9afc-90d02ea33d93,askacademia_train,losing_improve_gpt4omini,no,no
76ae0379-eee7-4ff5-9afc-90d02ea33d93,askacademia_train,losing_improve_llama,no,no
76ae0379-eee7-4ff5-9afc-90d02ea33d93,askacademia_train,losing_improve_mistral,no,no
76ae0379-eee7-4ff5-9afc-90d02ea33d93,askacademia_train,losing_improve_gpt5nano,no,no
76ae0379-eee7-4ff5-9afc-90d02ea33d93,askacademia_train,losing_paraphrase_claude,no,no
76ae0379-eee7-4ff5-9afc-90d02ea33d93,askacademia_train,losing_paraphrase_gemini,no,no
76ae0379-eee7-4ff5-9afc-90d02ea33d93,askacademia_train,losing_improve_qwen,no,no
76ae0379-eee7-4ff5-9afc-90d02ea33d93,askacademia_train,losing_paraphrase_gpt4omini,no,no
76ae0379-eee7-4ff5-9afc-90d02ea33d93,askacademia_train,losing_paraphrase_gpt5nano,no,no
76ae0379-eee7-4ff5-9afc-90d02ea33d93,askacademia_train,losing_paraphrase_qwen,no,no
76ae0379-eee7-4ff5-9afc-90d02ea33d93,askacademia_train,losing_paraphrase_mistral,no,no
76ae0379-eee7-4ff5-9afc-90d02ea33d93,askacademia_train,losing_paraphrase_llama,no,no
8566bc4c-e31a-4052-93ff-7c6c11e900d8,askacademia_train,losing_generate_claude,no,no
8566bc4c-e31a-4052-93ff-7c6c11e900d8,askacademia_train,winning_text,no,no
8566bc4c-e31a-4052-93ff-7c6c11e900d8,askacademia_train,losing_text,no,no
8566bc4c-e31a-4052-93ff-7c6c11e900d8,askacademia_train,losing_generate_gpt4omini,no,no
8566bc4c-e31a-4052-93ff-7c6c11e900d8,askacademia_train,losing_generate_gemini,no,no
8566bc4c-e31a-4052-93ff-7c6c11e900d8,askacademia_train,losing_generate_mistral,no,no
8566bc4c-e31a-4052-93ff-7c6c11e900d8,askacademia_train,losing_generate_llama,no,no
8566bc4c-e31a-4052-93ff-7c6c11e900d8,askacademia_train,losing_generate_gpt5nano,no,no
8566bc4c-e31a-4052-93ff-7c6c11e900d8,askacademia_train,losing_generate_qwen,no,no
8566bc4c-e31a-4052-93ff-7c6c11e900d8,askacademia_train,losing_improve_claude,no,no
8566bc4c-e31a-4052-93ff-7c6c11e900d8,askacademia_train,losing_improve_gemini,no,no
8566bc4c-e31a-4052-93ff-7c6c11e900d8,askacademia_train,losing_improve_gpt5nano,no,no
8566bc4c-e31a-4052-93ff-7c6c11e900d8,askacademia_train,losing_improve_gpt4omini,no,no
8566bc4c-e31a-4052-93ff-7c6c11e900d8,askacademia_train,losing_improve_mistral,no,no
8566bc4c-e31a-4052-93ff-7c6c11e900d8,askacademia_train,losing_improve_qwen,no,no
8566bc4c-e31a-4052-93ff-7c6c11e900d8,askacademia_train,losing_improve_llama,no,no
8566bc4c-e31a-4052-93ff-7c6c11e900d8,askacademia_train,losing_paraphrase_gemini,no,no
8566bc4c-e31a-4052-93ff-7c6c11e900d8,askacademia_train,losing_paraphrase_gpt4omini,no,no
8566bc4c-e31a-4052-93ff-7c6c11e900d8,askacademia_train,losing_paraphrase_claude,no,no
8566bc4c-e31a-4052-93ff-7c6c11e900d8,askacademia_train,losing_paraphrase_gpt5nano,no,no
8566bc4c-e31a-4052-93ff-7c6c11e900d8,askacademia_train,losing_paraphrase_llama,no,no
75777e87-b947-43a4-8f55-1a161ce4d8aa,askacademia_train,winning_text,no,no
8566bc4c-e31a-4052-93ff-7c6c11e900d8,askacademia_train,losing_paraphrase_qwen,no,no
8566bc4c-e31a-4052-93ff-7c6c11e900d8,askacademia_train,losing_paraphrase_mistral,no,no
75777e87-b947-43a4-8f55-1a161ce4d8aa,askacademia_train,losing_generate_gemini,no,no
75777e87-b947-43a4-8f55-1a161ce4d8aa,askacademia_train,losing_generate_claude,no,no
75777e87-b947-43a4-8f55-1a161ce4d8aa,askacademia_train,losing_text,no,no
75777e87-b947-43a4-8f55-1a161ce4d8aa,askacademia_train,losing_generate_gpt4omini,no,no
75777e87-b947-43a4-8f55-1a161ce4d8aa,askacademia_train,losing_generate_gpt5nano,no,no
75777e87-b947-43a4-8f55-1a161ce4d8aa,askacademia_train,losing_generate_qwen,no,no
75777e87-b947-43a4-8f55-1a161ce4d8aa,askacademia_train,losing_generate_mistral,no,no
75777e87-b947-43a4-8f55-1a161ce4d8aa,askacademia_train,losing_generate_llama,no,no
75777e87-b947-43a4-8f55-1a161ce4d8aa,askacademia_train,losing_improve_gpt4omini,no,no
75777e87-b947-43a4-8f55-1a161ce4d8aa,askacademia_train,losing_improve_claude,no,no
75777e87-b947-43a4-8f55-1a161ce4d8aa,askacademia_train,losing_improve_gemini,no,no
75777e87-b947-43a4-8f55-1a161ce4d8aa,askacademia_train,losing_improve_gpt5nano,no,no
75777e87-b947-43a4-8f55-1a161ce4d8aa,askacademia_train,losing_improve_llama,no,no
75777e87-b947-43a4-8f55-1a161ce4d8aa,askacademia_train,losing_improve_qwen,no,no
75777e87-b947-43a4-8f55-1a161ce4d8aa,askacademia_train,losing_improve_mistral,no,no
75777e87-b947-43a4-8f55-1a161ce4d8aa,askacademia_train,losing_paraphrase_claude,no,no
75777e87-b947-43a4-8f55-1a161ce4d8aa,askacademia_train,losing_paraphrase_gemini,no,no
75777e87-b947-43a4-8f55-1a161ce4d8aa,askacademia_train,losing_paraphrase_gpt4omini,no,no
75777e87-b947-43a4-8f55-1a161ce4d8aa,askacademia_train,losing_paraphrase_gpt5nano,no,no
75777e87-b947-43a4-8f55-1a161ce4d8aa,askacademia_train,losing_paraphrase_llama,no,no
75777e87-b947-43a4-8f55-1a161ce4d8aa,askacademia_train,losing_paraphrase_mistral,no,no
2fa593d6-862d-49a7-b291-2f0fb7d29253,askacademia_train,losing_text,no,no
2fa593d6-862d-49a7-b291-2f0fb7d29253,askacademia_train,winning_text,no,no
75777e87-b947-43a4-8f55-1a161ce4d8aa,askacademia_train,losing_paraphrase_qwen,no,no
2fa593d6-862d-49a7-b291-2f0fb7d29253,askacademia_train,losing_generate_gpt5nano,no,no
2fa593d6-862d-49a7-b291-2f0fb7d29253,askacademia_train,losing_generate_gemini,no,no
2fa593d6-862d-49a7-b291-2f0fb7d29253,askacademia_train,losing_generate_claude,no,no
2fa593d6-862d-49a7-b291-2f0fb7d29253,askacademia_train,losing_generate_gpt4omini,no,no
2fa593d6-862d-49a7-b291-2f0fb7d29253,askacademia_train,losing_generate_llama,no,no
2fa593d6-862d-49a7-b291-2f0fb7d29253,askacademia_train,losing_improve_claude,no,no
2fa593d6-862d-49a7-b291-2f0fb7d29253,askacademia_train,losing_generate_mistral,no,no
2fa593d6-862d-49a7-b291-2f0fb7d29253,askacademia_train,losing_generate_qwen,no,no
2fa593d6-862d-49a7-b291-2f0fb7d29253,askacademia_train,losing_improve_gemini,no,no
2fa593d6-862d-49a7-b291-2f0fb7d29253,askacademia_train,losing_improve_gpt5nano,no,no
2fa593d6-862d-49a7-b291-2f0fb7d29253,askacademia_train,losing_improve_gpt4omini,no,no
2fa593d6-862d-49a7-b291-2f0fb7d29253,askacademia_train,losing_improve_llama,no,no
2fa593d6-862d-49a7-b291-2f0fb7d29253,askacademia_train,losing_improve_qwen,no,no
2fa593d6-862d-49a7-b291-2f0fb7d29253,askacademia_train,losing_paraphrase_gpt4omini,no,no
2fa593d6-862d-49a7-b291-2f0fb7d29253,askacademia_train,losing_paraphrase_gemini,no,no
2fa593d6-862d-49a7-b291-2f0fb7d29253,askacademia_train,losing_paraphrase_claude,no,no
2fa593d6-862d-49a7-b291-2f0fb7d29253,askacademia_train,losing_paraphrase_llama,no,no
2fa593d6-862d-49a7-b291-2f0fb7d29253,askacademia_train,losing_paraphrase_mistral,no,no
2fa593d6-862d-49a7-b291-2f0fb7d29253,askacademia_train,losing_paraphrase_qwen,no,no
2fa593d6-862d-49a7-b291-2f0fb7d29253,askacademia_train,losing_paraphrase_gpt5nano,no,no
b03c3e49-bd3f-42a1-a6d2-e07db2d427e4,askacademia_train,winning_text,no,no
b03c3e49-bd3f-42a1-a6d2-e07db2d427e4,askacademia_train,losing_generate_gemini,no,no
b03c3e49-bd3f-42a1-a6d2-e07db2d427e4,askacademia_train,losing_text,no,no
b03c3e49-bd3f-42a1-a6d2-e07db2d427e4,askacademia_train,losing_generate_claude,no,no
b03c3e49-bd3f-42a1-a6d2-e07db2d427e4,askacademia_train,losing_generate_llama,no,no
b03c3e49-bd3f-42a1-a6d2-e07db2d427e4,askacademia_train,losing_generate_mistral,no,no
b03c3e49-bd3f-42a1-a6d2-e07db2d427e4,askacademia_train,losing_generate_gpt4omini,no,no
b03c3e49-bd3f-42a1-a6d2-e07db2d427e4,askacademia_train,losing_generate_gpt5nano,no,no
b03c3e49-bd3f-42a1-a6d2-e07db2d427e4,askacademia_train,losing_generate_qwen,no,no
b03c3e49-bd3f-42a1-a6d2-e07db2d427e4,askacademia_train,losing_improve_gemini,no,no
b03c3e49-bd3f-42a1-a6d2-e07db2d427e4,askacademia_train,losing_improve_gpt4omini,no,no
b03c3e49-bd3f-42a1-a6d2-e07db2d427e4,askacademia_train,losing_improve_claude,no,no
b03c3e49-bd3f-42a1-a6d2-e07db2d427e4,askacademia_train,losing_improve_llama,no,no
b03c3e49-bd3f-42a1-a6d2-e07db2d427e4,askacademia_train,losing_improve_mistral,no,no
b03c3e49-bd3f-42a1-a6d2-e07db2d427e4,askacademia_train,losing_improve_qwen,no,no
b03c3e49-bd3f-42a1-a6d2-e07db2d427e4,askacademia_train,losing_improve_gpt5nano,no,no
b03c3e49-bd3f-42a1-a6d2-e07db2d427e4,askacademia_train,losing_paraphrase_claude,no,no
b03c3e49-bd3f-42a1-a6d2-e07db2d427e4,askacademia_train,losing_paraphrase_gpt4omini,no,no
b03c3e49-bd3f-42a1-a6d2-e07db2d427e4,askacademia_train,losing_paraphrase_gpt5nano,no,no
b03c3e49-bd3f-42a1-a6d2-e07db2d427e4,askacademia_train,losing_paraphrase_gemini,no,no
b03c3e49-bd3f-42a1-a6d2-e07db2d427e4,askacademia_train,losing_paraphrase_mistral,no,no
b03c3e49-bd3f-42a1-a6d2-e07db2d427e4,askacademia_train,losing_paraphrase_llama,no,no
b03c3e49-bd3f-42a1-a6d2-e07db2d427e4,askacademia_train,losing_paraphrase_qwen,no,no
2673a57c-9e03-40e8-b2cb-0d0a42091ec6,askacademia_train,winning_text,no,no
2673a57c-9e03-40e8-b2cb-0d0a42091ec6,askacademia_train,losing_text,no,no
2673a57c-9e03-40e8-b2cb-0d0a42091ec6,askacademia_train,losing_generate_gpt4omini,no,no
2673a57c-9e03-40e8-b2cb-0d0a42091ec6,askacademia_train,losing_generate_gemini,no,no
2673a57c-9e03-40e8-b2cb-0d0a42091ec6,askacademia_train,losing_generate_claude,no,no
2673a57c-9e03-40e8-b2cb-0d0a42091ec6,askacademia_train,losing_generate_mistral,no,no
2673a57c-9e03-40e8-b2cb-0d0a42091ec6,askacademia_train,losing_generate_gpt5nano,no,no
2673a57c-9e03-40e8-b2cb-0d0a42091ec6,askacademia_train,losing_generate_llama,no,no
2673a57c-9e03-40e8-b2cb-0d0a42091ec6,askacademia_train,losing_improve_claude,no,no
2673a57c-9e03-40e8-b2cb-0d0a42091ec6,askacademia_train,losing_generate_qwen,no,no
2673a57c-9e03-40e8-b2cb-0d0a42091ec6,askacademia_train,losing_improve_gemini,no,no
2673a57c-9e03-40e8-b2cb-0d0a42091ec6,askacademia_train,losing_improve_gpt4omini,no,no
2673a57c-9e03-40e8-b2cb-0d0a42091ec6,askacademia_train,losing_improve_gpt5nano,no,no
2673a57c-9e03-40e8-b2cb-0d0a42091ec6,askacademia_train,losing_improve_mistral,no,no
2673a57c-9e03-40e8-b2cb-0d0a42091ec6,askacademia_train,losing_improve_llama,no,no
2673a57c-9e03-40e8-b2cb-0d0a42091ec6,askacademia_train,losing_improve_qwen,no,no
2673a57c-9e03-40e8-b2cb-0d0a42091ec6,askacademia_train,losing_paraphrase_gemini,no,no
2673a57c-9e03-40e8-b2cb-0d0a42091ec6,askacademia_train,losing_paraphrase_claude,no,no
2673a57c-9e03-40e8-b2cb-0d0a42091ec6,askacademia_train,losing_paraphrase_llama,no,no
2673a57c-9e03-40e8-b2cb-0d0a42091ec6,askacademia_train,losing_paraphrase_gpt5nano,no,no
2673a57c-9e03-40e8-b2cb-0d0a42091ec6,askacademia_train,losing_paraphrase_gpt4omini,no,no
2673a57c-9e03-40e8-b2cb-0d0a42091ec6,askacademia_train,losing_paraphrase_qwen,no,no
2673a57c-9e03-40e8-b2cb-0d0a42091ec6,askacademia_train,losing_paraphrase_mistral,no,no
2b91ad7f-a14b-4847-9f52-103a101a861e,askacademia_train,winning_text,no,no
2b91ad7f-a14b-4847-9f52-103a101a861e,askacademia_train,losing_text,no,no
2b91ad7f-a14b-4847-9f52-103a101a861e,askacademia_train,losing_generate_claude,no,no
2b91ad7f-a14b-4847-9f52-103a101a861e,askacademia_train,losing_generate_gpt5nano,no,no
2b91ad7f-a14b-4847-9f52-103a101a861e,askacademia_train,losing_generate_gpt4omini,no,no
2b91ad7f-a14b-4847-9f52-103a101a861e,askacademia_train,losing_improve_gemini,no,no
2b91ad7f-a14b-4847-9f52-103a101a861e,askacademia_train,losing_generate_mistral,no,no
2b91ad7f-a14b-4847-9f52-103a101a861e,askacademia_train,losing_generate_gemini,no,no
2b91ad7f-a14b-4847-9f52-103a101a861e,askacademia_train,losing_generate_llama,no,no
2b91ad7f-a14b-4847-9f52-103a101a861e,askacademia_train,losing_generate_qwen,no,no
2b91ad7f-a14b-4847-9f52-103a101a861e,askacademia_train,losing_improve_claude,no,no
2b91ad7f-a14b-4847-9f52-103a101a861e,askacademia_train,losing_improve_gpt4omini,no,no
2b91ad7f-a14b-4847-9f52-103a101a861e,askacademia_train,losing_improve_gpt5nano,no,no
2b91ad7f-a14b-4847-9f52-103a101a861e,askacademia_train,losing_paraphrase_gemini,no,no
2b91ad7f-a14b-4847-9f52-103a101a861e,askacademia_train,losing_improve_mistral,no,no
2b91ad7f-a14b-4847-9f52-103a101a861e,askacademia_train,losing_improve_qwen,no,no
2b91ad7f-a14b-4847-9f52-103a101a861e,askacademia_train,losing_improve_llama,no,no
2b91ad7f-a14b-4847-9f52-103a101a861e,askacademia_train,losing_paraphrase_claude,no,no
2b91ad7f-a14b-4847-9f52-103a101a861e,askacademia_train,losing_paraphrase_gpt4omini,no,no
2b91ad7f-a14b-4847-9f52-103a101a861e,askacademia_train,losing_paraphrase_llama,no,no
2b91ad7f-a14b-4847-9f52-103a101a861e,askacademia_train,losing_paraphrase_gpt5nano,no,no
46930bb5-0654-461d-822e-8002dd40b5f3,askacademia_train,winning_text,no,no
2b91ad7f-a14b-4847-9f52-103a101a861e,askacademia_train,losing_paraphrase_mistral,no,no
2b91ad7f-a14b-4847-9f52-103a101a861e,askacademia_train,losing_paraphrase_qwen,no,no
46930bb5-0654-461d-822e-8002dd40b5f3,askacademia_train,losing_text,no,no
46930bb5-0654-461d-822e-8002dd40b5f3,askacademia_train,losing_generate_claude,no,no
46930bb5-0654-461d-822e-8002dd40b5f3,askacademia_train,losing_generate_gemini,no,no
46930bb5-0654-461d-822e-8002dd40b5f3,askacademia_train,losing_generate_gpt4omini,no,no
46930bb5-0654-461d-822e-8002dd40b5f3,askacademia_train,losing_generate_gpt5nano,no,no
46930bb5-0654-461d-822e-8002dd40b5f3,askacademia_train,losing_improve_claude,no,no
46930bb5-0654-461d-822e-8002dd40b5f3,askacademia_train,losing_generate_qwen,no,no
46930bb5-0654-461d-822e-8002dd40b5f3,askacademia_train,losing_generate_mistral,no,no
46930bb5-0654-461d-822e-8002dd40b5f3,askacademia_train,losing_generate_llama,no,no
46930bb5-0654-461d-822e-8002dd40b5f3,askacademia_train,losing_improve_gpt4omini,no,no
46930bb5-0654-461d-822e-8002dd40b5f3,askacademia_train,losing_improve_gemini,no,no
46930bb5-0654-461d-822e-8002dd40b5f3,askacademia_train,losing_improve_gpt5nano,no,no
46930bb5-0654-461d-822e-8002dd40b5f3,askacademia_train,losing_improve_llama,no,no
46930bb5-0654-461d-822e-8002dd40b5f3,askacademia_train,losing_improve_qwen,no,no
46930bb5-0654-461d-822e-8002dd40b5f3,askacademia_train,losing_paraphrase_claude,no,no
46930bb5-0654-461d-822e-8002dd40b5f3,askacademia_train,losing_paraphrase_gemini,no,no
46930bb5-0654-461d-822e-8002dd40b5f3,askacademia_train,losing_improve_mistral,no,no
46930bb5-0654-461d-822e-8002dd40b5f3,askacademia_train,losing_paraphrase_gpt5nano,no,no
46930bb5-0654-461d-822e-8002dd40b5f3,askacademia_train,losing_paraphrase_gpt4omini,no,no
46930bb5-0654-461d-822e-8002dd40b5f3,askacademia_train,losing_paraphrase_mistral,no,no
46930bb5-0654-461d-822e-8002dd40b5f3,askacademia_train,losing_paraphrase_llama,no,no
59e9e5ed-9fa2-46e4-96fc-5cda09d749e0,askacademia_train,winning_text,no,no
59e9e5ed-9fa2-46e4-96fc-5cda09d749e0,askacademia_train,losing_generate_claude,no,no
46930bb5-0654-461d-822e-8002dd40b5f3,askacademia_train,losing_paraphrase_qwen,no,no
59e9e5ed-9fa2-46e4-96fc-5cda09d749e0,askacademia_train,losing_text,no,no
59e9e5ed-9fa2-46e4-96fc-5cda09d749e0,askacademia_train,losing_generate_gemini,no,no
59e9e5ed-9fa2-46e4-96fc-5cda09d749e0,askacademia_train,losing_generate_gpt4omini,no,no
59e9e5ed-9fa2-46e4-96fc-5cda09d749e0,askacademia_train,losing_generate_gpt5nano,no,no
59e9e5ed-9fa2-46e4-96fc-5cda09d749e0,askacademia_train,losing_generate_llama,no,no
59e9e5ed-9fa2-46e4-96fc-5cda09d749e0,askacademia_train,losing_generate_mistral,no,no
59e9e5ed-9fa2-46e4-96fc-5cda09d749e0,askacademia_train,losing_improve_gemini,no,no
59e9e5ed-9fa2-46e4-96fc-5cda09d749e0,askacademia_train,losing_improve_claude,no,no
59e9e5ed-9fa2-46e4-96fc-5cda09d749e0,askacademia_train,losing_generate_qwen,no,no
59e9e5ed-9fa2-46e4-96fc-5cda09d749e0,askacademia_train,losing_improve_gpt5nano,no,no
59e9e5ed-9fa2-46e4-96fc-5cda09d749e0,askacademia_train,losing_improve_gpt4omini,no,no
59e9e5ed-9fa2-46e4-96fc-5cda09d749e0,askacademia_train,losing_improve_llama,no,no
59e9e5ed-9fa2-46e4-96fc-5cda09d749e0,askacademia_train,losing_improve_qwen,no,no
59e9e5ed-9fa2-46e4-96fc-5cda09d749e0,askacademia_train,losing_improve_mistral,no,no
59e9e5ed-9fa2-46e4-96fc-5cda09d749e0,askacademia_train,losing_paraphrase_claude,no,no
59e9e5ed-9fa2-46e4-96fc-5cda09d749e0,askacademia_train,losing_paraphrase_gpt4omini,no,no
59e9e5ed-9fa2-46e4-96fc-5cda09d749e0,askacademia_train,losing_paraphrase_gpt5nano,no,no
59e9e5ed-9fa2-46e4-96fc-5cda09d749e0,askacademia_train,losing_paraphrase_llama,no,no
59e9e5ed-9fa2-46e4-96fc-5cda09d749e0,askacademia_train,losing_paraphrase_gemini,no,no
59e9e5ed-9fa2-46e4-96fc-5cda09d749e0,askacademia_train,losing_paraphrase_mistral,no,no
a74e5f6d-3cab-4fbe-a6aa-2ca6cdb66992,askacademia_train,winning_text,no,no
59e9e5ed-9fa2-46e4-96fc-5cda09d749e0,askacademia_train,losing_paraphrase_qwen,no,no
a74e5f6d-3cab-4fbe-a6aa-2ca6cdb66992,askacademia_train,losing_generate_gpt5nano,no,no
a74e5f6d-3cab-4fbe-a6aa-2ca6cdb66992,askacademia_train,losing_generate_gemini,no,no
a74e5f6d-3cab-4fbe-a6aa-2ca6cdb66992,askacademia_train,losing_text,no,no
a74e5f6d-3cab-4fbe-a6aa-2ca6cdb66992,askacademia_train,losing_generate_claude,no,no
a74e5f6d-3cab-4fbe-a6aa-2ca6cdb66992,askacademia_train,losing_generate_gpt4omini,no,no
a74e5f6d-3cab-4fbe-a6aa-2ca6cdb66992,askacademia_train,losing_generate_llama,no,no
a74e5f6d-3cab-4fbe-a6aa-2ca6cdb66992,askacademia_train,losing_generate_mistral,no,no
a74e5f6d-3cab-4fbe-a6aa-2ca6cdb66992,askacademia_train,losing_generate_qwen,no,no
a74e5f6d-3cab-4fbe-a6aa-2ca6cdb66992,askacademia_train,losing_improve_claude,no,no
a74e5f6d-3cab-4fbe-a6aa-2ca6cdb66992,askacademia_train,losing_improve_gpt5nano,no,no
a74e5f6d-3cab-4fbe-a6aa-2ca6cdb66992,askacademia_train,losing_improve_gemini,no,no
a74e5f6d-3cab-4fbe-a6aa-2ca6cdb66992,askacademia_train,losing_improve_gpt4omini,no,no
a74e5f6d-3cab-4fbe-a6aa-2ca6cdb66992,askacademia_train,losing_improve_llama,no,no
a74e5f6d-3cab-4fbe-a6aa-2ca6cdb66992,askacademia_train,losing_improve_mistral,no,no
a74e5f6d-3cab-4fbe-a6aa-2ca6cdb66992,askacademia_train,losing_paraphrase_claude,no,no
a74e5f6d-3cab-4fbe-a6aa-2ca6cdb66992,askacademia_train,losing_improve_qwen,no,no
a74e5f6d-3cab-4fbe-a6aa-2ca6cdb66992,askacademia_train,losing_paraphrase_gpt4omini,no,no
a74e5f6d-3cab-4fbe-a6aa-2ca6cdb66992,askacademia_train,losing_paraphrase_llama,no,no
a74e5f6d-3cab-4fbe-a6aa-2ca6cdb66992,askacademia_train,losing_paraphrase_mistral,no,no
a74e5f6d-3cab-4fbe-a6aa-2ca6cdb66992,askacademia_train,losing_paraphrase_gemini,no,no
a74e5f6d-3cab-4fbe-a6aa-2ca6cdb66992,askacademia_train,losing_paraphrase_gpt5nano,no,no
a74e5f6d-3cab-4fbe-a6aa-2ca6cdb66992,askacademia_train,losing_paraphrase_qwen,no,no
1f654db6-e806-446d-a378-977585756ff1,askacademia_train,winning_text,no,no
1f654db6-e806-446d-a378-977585756ff1,askacademia_train,losing_text,no,no
1f654db6-e806-446d-a378-977585756ff1,askacademia_train,losing_generate_claude,no,no
1f654db6-e806-446d-a378-977585756ff1,askacademia_train,losing_generate_gemini,no,no
1f654db6-e806-446d-a378-977585756ff1,askacademia_train,losing_generate_gpt4omini,no,no
1f654db6-e806-446d-a378-977585756ff1,askacademia_train,losing_generate_llama,no,no
1f654db6-e806-446d-a378-977585756ff1,askacademia_train,losing_generate_gpt5nano,no,no
1f654db6-e806-446d-a378-977585756ff1,askacademia_train,losing_generate_mistral,no,no
1f654db6-e806-446d-a378-977585756ff1,askacademia_train,losing_generate_qwen,no,no
1f654db6-e806-446d-a378-977585756ff1,askacademia_train,losing_improve_claude,no,no
1f654db6-e806-446d-a378-977585756ff1,askacademia_train,losing_improve_gpt4omini,no,no
1f654db6-e806-446d-a378-977585756ff1,askacademia_train,losing_improve_gpt5nano,no,no
1f654db6-e806-446d-a378-977585756ff1,askacademia_train,losing_improve_gemini,no,no
1f654db6-e806-446d-a378-977585756ff1,askacademia_train,losing_improve_mistral,no,no
1f654db6-e806-446d-a378-977585756ff1,askacademia_train,losing_improve_qwen,no,no
1f654db6-e806-446d-a378-977585756ff1,askacademia_train,losing_improve_llama,no,no
1f654db6-e806-446d-a378-977585756ff1,askacademia_train,losing_paraphrase_gemini,no,no
1f654db6-e806-446d-a378-977585756ff1,askacademia_train,losing_paraphrase_claude,no,no
1f654db6-e806-446d-a378-977585756ff1,askacademia_train,losing_paraphrase_gpt4omini,no,no
1f654db6-e806-446d-a378-977585756ff1,askacademia_train,losing_paraphrase_gpt5nano,no,no
1f654db6-e806-446d-a378-977585756ff1,askacademia_train,losing_paraphrase_llama,no,no
1f654db6-e806-446d-a378-977585756ff1,askacademia_train,losing_paraphrase_mistral,no,no
1f654db6-e806-446d-a378-977585756ff1,askacademia_train,losing_paraphrase_qwen,no,no
2c5e5c7e-f171-463d-af5b-6b7c7a0eda56,askacademia_train,winning_text,no,no
2c5e5c7e-f171-463d-af5b-6b7c7a0eda56,askacademia_train,losing_generate_claude,no,no
2c5e5c7e-f171-463d-af5b-6b7c7a0eda56,askacademia_train,losing_text,no,no
2c5e5c7e-f171-463d-af5b-6b7c7a0eda56,askacademia_train,losing_generate_gpt5nano,yes,yes
2c5e5c7e-f171-463d-af5b-6b7c7a0eda56,askacademia_train,losing_generate_gemini,no,no
2c5e5c7e-f171-463d-af5b-6b7c7a0eda56,askacademia_train,losing_generate_llama,no,no
2c5e5c7e-f171-463d-af5b-6b7c7a0eda56,askacademia_train,losing_generate_gpt4omini,no,no
2c5e5c7e-f171-463d-af5b-6b7c7a0eda56,askacademia_train,losing_generate_mistral,no,no
2c5e5c7e-f171-463d-af5b-6b7c7a0eda56,askacademia_train,losing_generate_qwen,no,no
2c5e5c7e-f171-463d-af5b-6b7c7a0eda56,askacademia_train,losing_improve_gemini,no,no
2c5e5c7e-f171-463d-af5b-6b7c7a0eda56,askacademia_train,losing_improve_claude,no,no
2c5e5c7e-f171-463d-af5b-6b7c7a0eda56,askacademia_train,losing_improve_gpt4omini,no,no
2c5e5c7e-f171-463d-af5b-6b7c7a0eda56,askacademia_train,losing_improve_llama,no,no
2c5e5c7e-f171-463d-af5b-6b7c7a0eda56,askacademia_train,losing_improve_qwen,no,no
2c5e5c7e-f171-463d-af5b-6b7c7a0eda56,askacademia_train,losing_improve_mistral,no,no
2c5e5c7e-f171-463d-af5b-6b7c7a0eda56,askacademia_train,losing_paraphrase_claude,no,no
2c5e5c7e-f171-463d-af5b-6b7c7a0eda56,askacademia_train,losing_improve_gpt5nano,no,no
2c5e5c7e-f171-463d-af5b-6b7c7a0eda56,askacademia_train,losing_paraphrase_gemini,no,no
2c5e5c7e-f171-463d-af5b-6b7c7a0eda56,askacademia_train,losing_paraphrase_gpt4omini,no,no
2c5e5c7e-f171-463d-af5b-6b7c7a0eda56,askacademia_train,losing_paraphrase_llama,no,no
2c5e5c7e-f171-463d-af5b-6b7c7a0eda56,askacademia_train,losing_paraphrase_mistral,no,no
2c5e5c7e-f171-463d-af5b-6b7c7a0eda56,askacademia_train,losing_paraphrase_qwen,no,no
2c5e5c7e-f171-463d-af5b-6b7c7a0eda56,askacademia_train,losing_paraphrase_gpt5nano,no,no
9b5b6141-9e42-4edd-b7fb-82168e273469,askacademia_train,winning_text,no,no
9b5b6141-9e42-4edd-b7fb-82168e273469,askacademia_train,losing_text,no,no
9b5b6141-9e42-4edd-b7fb-82168e273469,askacademia_train,losing_generate_gemini,no,no
9b5b6141-9e42-4edd-b7fb-82168e273469,askacademia_train,losing_generate_claude,no,no
9b5b6141-9e42-4edd-b7fb-82168e273469,askacademia_train,losing_generate_mistral,no,no
9b5b6141-9e42-4edd-b7fb-82168e273469,askacademia_train,losing_generate_gpt4omini,no,no
9b5b6141-9e42-4edd-b7fb-82168e273469,askacademia_train,losing_generate_gpt5nano,no,no
9b5b6141-9e42-4edd-b7fb-82168e273469,askacademia_train,losing_generate_qwen,no,no
9b5b6141-9e42-4edd-b7fb-82168e273469,askacademia_train,losing_improve_claude,no,no
9b5b6141-9e42-4edd-b7fb-82168e273469,askacademia_train,losing_generate_llama,no,no
9b5b6141-9e42-4edd-b7fb-82168e273469,askacademia_train,losing_improve_gpt4omini,no,no
9b5b6141-9e42-4edd-b7fb-82168e273469,askacademia_train,losing_improve_gemini,no,no
9b5b6141-9e42-4edd-b7fb-82168e273469,askacademia_train,losing_improve_gpt5nano,no,no
9b5b6141-9e42-4edd-b7fb-82168e273469,askacademia_train,losing_improve_mistral,no,no
9b5b6141-9e42-4edd-b7fb-82168e273469,askacademia_train,losing_improve_llama,no,no
9b5b6141-9e42-4edd-b7fb-82168e273469,askacademia_train,losing_improve_qwen,no,no
9b5b6141-9e42-4edd-b7fb-82168e273469,askacademia_train,losing_paraphrase_claude,no,no
9b5b6141-9e42-4edd-b7fb-82168e273469,askacademia_train,losing_paraphrase_gemini,no,no
9b5b6141-9e42-4edd-b7fb-82168e273469,askacademia_train,losing_paraphrase_gpt4omini,no,no
9b5b6141-9e42-4edd-b7fb-82168e273469,askacademia_train,losing_paraphrase_gpt5nano,no,no
9b5b6141-9e42-4edd-b7fb-82168e273469,askacademia_train,losing_paraphrase_llama,no,no
9b5b6141-9e42-4edd-b7fb-82168e273469,askacademia_train,losing_paraphrase_qwen,no,no
9b5b6141-9e42-4edd-b7fb-82168e273469,askacademia_train,losing_paraphrase_mistral,no,no
0c498c68-1c49-41eb-9fdf-a33ceda5c1f5,askacademia_train,winning_text,no,no
0c498c68-1c49-41eb-9fdf-a33ceda5c1f5,askacademia_train,losing_generate_claude,no,no
0c498c68-1c49-41eb-9fdf-a33ceda5c1f5,askacademia_train,losing_text,no,no
0c498c68-1c49-41eb-9fdf-a33ceda5c1f5,askacademia_train,losing_generate_gpt5nano,no,no
0c498c68-1c49-41eb-9fdf-a33ceda5c1f5,askacademia_train,losing_generate_gpt4omini,no,no
0c498c68-1c49-41eb-9fdf-a33ceda5c1f5,askacademia_train,losing_generate_gemini,no,no
0c498c68-1c49-41eb-9fdf-a33ceda5c1f5,askacademia_train,losing_generate_llama,no,no
0c498c68-1c49-41eb-9fdf-a33ceda5c1f5,askacademia_train,losing_generate_mistral,no,no
0c498c68-1c49-41eb-9fdf-a33ceda5c1f5,askacademia_train,losing_generate_qwen,no,no
0c498c68-1c49-41eb-9fdf-a33ceda5c1f5,askacademia_train,losing_improve_claude,no,no
0c498c68-1c49-41eb-9fdf-a33ceda5c1f5,askacademia_train,losing_improve_gemini,no,no
0c498c68-1c49-41eb-9fdf-a33ceda5c1f5,askacademia_train,losing_improve_gpt5nano,no,no
0c498c68-1c49-41eb-9fdf-a33ceda5c1f5,askacademia_train,losing_improve_gpt4omini,no,no
0c498c68-1c49-41eb-9fdf-a33ceda5c1f5,askacademia_train,losing_improve_llama,no,no
0c498c68-1c49-41eb-9fdf-a33ceda5c1f5,askacademia_train,losing_paraphrase_claude,no,no
0c498c68-1c49-41eb-9fdf-a33ceda5c1f5,askacademia_train,losing_improve_qwen,no,no
0c498c68-1c49-41eb-9fdf-a33ceda5c1f5,askacademia_train,losing_improve_mistral,no,no
0c498c68-1c49-41eb-9fdf-a33ceda5c1f5,askacademia_train,losing_paraphrase_gpt4omini,no,no
0c498c68-1c49-41eb-9fdf-a33ceda5c1f5,askacademia_train,losing_paraphrase_gemini,no,no
0c498c68-1c49-41eb-9fdf-a33ceda5c1f5,askacademia_train,losing_paraphrase_gpt5nano,no,no
0c498c68-1c49-41eb-9fdf-a33ceda5c1f5,askacademia_train,losing_paraphrase_llama,no,no
0c498c68-1c49-41eb-9fdf-a33ceda5c1f5,askacademia_train,losing_paraphrase_mistral,no,no
7097e5c2-0f9a-4e3a-9c92-2979785001ca,askacademia_train,winning_text,no,no
0c498c68-1c49-41eb-9fdf-a33ceda5c1f5,askacademia_train,losing_paraphrase_qwen,no,no
7097e5c2-0f9a-4e3a-9c92-2979785001ca,askacademia_train,losing_text,no,no
7097e5c2-0f9a-4e3a-9c92-2979785001ca,askacademia_train,losing_generate_claude,no,no
7097e5c2-0f9a-4e3a-9c92-2979785001ca,askacademia_train,losing_generate_gemini,no,no
7097e5c2-0f9a-4e3a-9c92-2979785001ca,askacademia_train,losing_generate_gpt5nano,no,no
7097e5c2-0f9a-4e3a-9c92-2979785001ca,askacademia_train,losing_generate_llama,no,no
7097e5c2-0f9a-4e3a-9c92-2979785001ca,askacademia_train,losing_generate_gpt4omini,no,no
7097e5c2-0f9a-4e3a-9c92-2979785001ca,askacademia_train,losing_improve_claude,no,no
7097e5c2-0f9a-4e3a-9c92-2979785001ca,askacademia_train,losing_generate_mistral,no,no
7097e5c2-0f9a-4e3a-9c92-2979785001ca,askacademia_train,losing_generate_qwen,no,no
7097e5c2-0f9a-4e3a-9c92-2979785001ca,askacademia_train,losing_improve_gemini,no,no
7097e5c2-0f9a-4e3a-9c92-2979785001ca,askacademia_train,losing_improve_gpt4omini,no,no
7097e5c2-0f9a-4e3a-9c92-2979785001ca,askacademia_train,losing_improve_gpt5nano,no,no
7097e5c2-0f9a-4e3a-9c92-2979785001ca,askacademia_train,losing_improve_llama,no,no
7097e5c2-0f9a-4e3a-9c92-2979785001ca,askacademia_train,losing_improve_mistral,no,no
7097e5c2-0f9a-4e3a-9c92-2979785001ca,askacademia_train,losing_paraphrase_claude,no,no
7097e5c2-0f9a-4e3a-9c92-2979785001ca,askacademia_train,losing_improve_qwen,no,no
7097e5c2-0f9a-4e3a-9c92-2979785001ca,askacademia_train,losing_paraphrase_gpt4omini,no,no
7097e5c2-0f9a-4e3a-9c92-2979785001ca,askacademia_train,losing_paraphrase_gpt5nano,no,no
7097e5c2-0f9a-4e3a-9c92-2979785001ca,askacademia_train,losing_paraphrase_gemini,no,no
7097e5c2-0f9a-4e3a-9c92-2979785001ca,askacademia_train,losing_paraphrase_mistral,no,no
7097e5c2-0f9a-4e3a-9c92-2979785001ca,askacademia_train,losing_paraphrase_qwen,no,no
7097e5c2-0f9a-4e3a-9c92-2979785001ca,askacademia_train,losing_paraphrase_llama,no,no
c568b2ec-55b0-41af-97ec-76594c021399,askacademia_train,losing_generate_gemini,no,no
c568b2ec-55b0-41af-97ec-76594c021399,askacademia_train,losing_generate_gpt4omini,no,no
c568b2ec-55b0-41af-97ec-76594c021399,askacademia_train,winning_text,no,no
c568b2ec-55b0-41af-97ec-76594c021399,askacademia_train,losing_text,no,no
c568b2ec-55b0-41af-97ec-76594c021399,askacademia_train,losing_generate_claude,no,no
c568b2ec-55b0-41af-97ec-76594c021399,askacademia_train,losing_generate_gpt5nano,no,no
c568b2ec-55b0-41af-97ec-76594c021399,askacademia_train,losing_generate_mistral,no,no
c568b2ec-55b0-41af-97ec-76594c021399,askacademia_train,losing_generate_llama,no,no
c568b2ec-55b0-41af-97ec-76594c021399,askacademia_train,losing_generate_qwen,no,no
c568b2ec-55b0-41af-97ec-76594c021399,askacademia_train,losing_improve_gemini,no,no
c568b2ec-55b0-41af-97ec-76594c021399,askacademia_train,losing_improve_gpt4omini,no,no
c568b2ec-55b0-41af-97ec-76594c021399,askacademia_train,losing_improve_claude,no,no
c568b2ec-55b0-41af-97ec-76594c021399,askacademia_train,losing_improve_gpt5nano,no,no
c568b2ec-55b0-41af-97ec-76594c021399,askacademia_train,losing_improve_mistral,no,no
c568b2ec-55b0-41af-97ec-76594c021399,askacademia_train,losing_improve_qwen,no,no
c568b2ec-55b0-41af-97ec-76594c021399,askacademia_train,losing_improve_llama,no,no
c568b2ec-55b0-41af-97ec-76594c021399,askacademia_train,losing_paraphrase_gemini,no,no
c568b2ec-55b0-41af-97ec-76594c021399,askacademia_train,losing_paraphrase_gpt4omini,no,no
c568b2ec-55b0-41af-97ec-76594c021399,askacademia_train,losing_paraphrase_gpt5nano,no,no
c568b2ec-55b0-41af-97ec-76594c021399,askacademia_train,losing_paraphrase_claude,no,no
c568b2ec-55b0-41af-97ec-76594c021399,askacademia_train,losing_paraphrase_llama,no,no
c568b2ec-55b0-41af-97ec-76594c021399,askacademia_train,losing_paraphrase_mistral,no,no
360124a0-c6d8-4ce1-9e86-b3b60b7fe78d,askacademia_train,winning_text,no,no
c568b2ec-55b0-41af-97ec-76594c021399,askacademia_train,losing_paraphrase_qwen,no,no
360124a0-c6d8-4ce1-9e86-b3b60b7fe78d,askacademia_train,losing_text,no,no
360124a0-c6d8-4ce1-9e86-b3b60b7fe78d,askacademia_train,losing_generate_gemini,no,no
360124a0-c6d8-4ce1-9e86-b3b60b7fe78d,askacademia_train,losing_generate_gpt4omini,no,no
360124a0-c6d8-4ce1-9e86-b3b60b7fe78d,askacademia_train,losing_generate_claude,no,no
360124a0-c6d8-4ce1-9e86-b3b60b7fe78d,askacademia_train,losing_generate_gpt5nano,no,no
360124a0-c6d8-4ce1-9e86-b3b60b7fe78d,askacademia_train,losing_generate_llama,no,no
360124a0-c6d8-4ce1-9e86-b3b60b7fe78d,askacademia_train,losing_generate_qwen,no,no
360124a0-c6d8-4ce1-9e86-b3b60b7fe78d,askacademia_train,losing_generate_mistral,no,no
360124a0-c6d8-4ce1-9e86-b3b60b7fe78d,askacademia_train,losing_improve_claude,no,no
360124a0-c6d8-4ce1-9e86-b3b60b7fe78d,askacademia_train,losing_improve_llama,no,no
360124a0-c6d8-4ce1-9e86-b3b60b7fe78d,askacademia_train,losing_improve_gemini,no,no
360124a0-c6d8-4ce1-9e86-b3b60b7fe78d,askacademia_train,losing_improve_gpt4omini,no,no
360124a0-c6d8-4ce1-9e86-b3b60b7fe78d,askacademia_train,losing_improve_gpt5nano,no,no
360124a0-c6d8-4ce1-9e86-b3b60b7fe78d,askacademia_train,losing_improve_qwen,no,no
360124a0-c6d8-4ce1-9e86-b3b60b7fe78d,askacademia_train,losing_paraphrase_claude,no,no
360124a0-c6d8-4ce1-9e86-b3b60b7fe78d,askacademia_train,losing_improve_mistral,no,no
360124a0-c6d8-4ce1-9e86-b3b60b7fe78d,askacademia_train,losing_paraphrase_mistral,no,no
360124a0-c6d8-4ce1-9e86-b3b60b7fe78d,askacademia_train,losing_paraphrase_gpt5nano,no,no
360124a0-c6d8-4ce1-9e86-b3b60b7fe78d,askacademia_train,losing_paraphrase_llama,no,no
360124a0-c6d8-4ce1-9e86-b3b60b7fe78d,askacademia_train,losing_paraphrase_gpt4omini,no,no
360124a0-c6d8-4ce1-9e86-b3b60b7fe78d,askacademia_train,losing_paraphrase_gemini,no,no
720672bc-085a-4323-9009-4069c14cbe6d,askacademia_train,losing_text,no,no
360124a0-c6d8-4ce1-9e86-b3b60b7fe78d,askacademia_train,losing_paraphrase_qwen,no,no
720672bc-085a-4323-9009-4069c14cbe6d,askacademia_train,winning_text,no,no
720672bc-085a-4323-9009-4069c14cbe6d,askacademia_train,losing_generate_gemini,no,no
720672bc-085a-4323-9009-4069c14cbe6d,askacademia_train,losing_generate_claude,no,no
720672bc-085a-4323-9009-4069c14cbe6d,askacademia_train,losing_generate_gpt4omini,no,no
720672bc-085a-4323-9009-4069c14cbe6d,askacademia_train,losing_generate_llama,no,no
720672bc-085a-4323-9009-4069c14cbe6d,askacademia_train,losing_generate_gpt5nano,no,no
720672bc-085a-4323-9009-4069c14cbe6d,askacademia_train,losing_generate_qwen,no,no
720672bc-085a-4323-9009-4069c14cbe6d,askacademia_train,losing_improve_claude,no,no
720672bc-085a-4323-9009-4069c14cbe6d,askacademia_train,losing_generate_mistral,no,no
720672bc-085a-4323-9009-4069c14cbe6d,askacademia_train,losing_improve_llama,no,no
720672bc-085a-4323-9009-4069c14cbe6d,askacademia_train,losing_improve_gpt5nano,no,no
720672bc-085a-4323-9009-4069c14cbe6d,askacademia_train,losing_improve_gemini,no,no
720672bc-085a-4323-9009-4069c14cbe6d,askacademia_train,losing_improve_gpt4omini,no,no
720672bc-085a-4323-9009-4069c14cbe6d,askacademia_train,losing_improve_mistral,no,no
720672bc-085a-4323-9009-4069c14cbe6d,askacademia_train,losing_paraphrase_claude,no,no
720672bc-085a-4323-9009-4069c14cbe6d,askacademia_train,losing_paraphrase_gemini,no,no
720672bc-085a-4323-9009-4069c14cbe6d,askacademia_train,losing_improve_qwen,no,no
720672bc-085a-4323-9009-4069c14cbe6d,askacademia_train,losing_paraphrase_gpt4omini,no,no
720672bc-085a-4323-9009-4069c14cbe6d,askacademia_train,losing_paraphrase_gpt5nano,no,no
720672bc-085a-4323-9009-4069c14cbe6d,askacademia_train,losing_paraphrase_mistral,no,no
720672bc-085a-4323-9009-4069c14cbe6d,askacademia_train,losing_paraphrase_llama,no,no
720672bc-085a-4323-9009-4069c14cbe6d,askacademia_train,losing_paraphrase_qwen,no,no
b03afad7-b8c7-4d70-86af-a8b61f59d669,askacademia_train,losing_text,no,no
b03afad7-b8c7-4d70-86af-a8b61f59d669,askacademia_train,losing_generate_claude,no,no
b03afad7-b8c7-4d70-86af-a8b61f59d669,askacademia_train,winning_text,no,no
b03afad7-b8c7-4d70-86af-a8b61f59d669,askacademia_train,losing_generate_gpt5nano,no,no
b03afad7-b8c7-4d70-86af-a8b61f59d669,askacademia_train,losing_generate_gemini,no,no
b03afad7-b8c7-4d70-86af-a8b61f59d669,askacademia_train,losing_generate_gpt4omini,no,no
b03afad7-b8c7-4d70-86af-a8b61f59d669,askacademia_train,losing_generate_llama,no,no
b03afad7-b8c7-4d70-86af-a8b61f59d669,askacademia_train,losing_generate_mistral,no,no
b03afad7-b8c7-4d70-86af-a8b61f59d669,askacademia_train,losing_generate_qwen,no,no
b03afad7-b8c7-4d70-86af-a8b61f59d669,askacademia_train,losing_improve_gemini,no,no
b03afad7-b8c7-4d70-86af-a8b61f59d669,askacademia_train,losing_improve_claude,no,no
b03afad7-b8c7-4d70-86af-a8b61f59d669,askacademia_train,losing_improve_gpt5nano,no,no
b03afad7-b8c7-4d70-86af-a8b61f59d669,askacademia_train,losing_improve_llama,no,no
b03afad7-b8c7-4d70-86af-a8b61f59d669,askacademia_train,losing_improve_gpt4omini,no,no
b03afad7-b8c7-4d70-86af-a8b61f59d669,askacademia_train,losing_improve_mistral,no,no
b03afad7-b8c7-4d70-86af-a8b61f59d669,askacademia_train,losing_improve_qwen,no,no
b03afad7-b8c7-4d70-86af-a8b61f59d669,askacademia_train,losing_paraphrase_gpt4omini,no,no
b03afad7-b8c7-4d70-86af-a8b61f59d669,askacademia_train,losing_paraphrase_claude,no,no
b03afad7-b8c7-4d70-86af-a8b61f59d669,askacademia_train,losing_paraphrase_gemini,no,no
b03afad7-b8c7-4d70-86af-a8b61f59d669,askacademia_train,losing_paraphrase_gpt5nano,no,no
b03afad7-b8c7-4d70-86af-a8b61f59d669,askacademia_train,losing_paraphrase_mistral,no,no
b03afad7-b8c7-4d70-86af-a8b61f59d669,askacademia_train,losing_paraphrase_llama,no,no
b03afad7-b8c7-4d70-86af-a8b61f59d669,askacademia_train,losing_paraphrase_qwen,no,no
20296672-f854-4723-bb81-f4f56da168ef,askacademia_train,winning_text,no,no
20296672-f854-4723-bb81-f4f56da168ef,askacademia_train,losing_text,no,no
20296672-f854-4723-bb81-f4f56da168ef,askacademia_train,losing_generate_gemini,no,no
20296672-f854-4723-bb81-f4f56da168ef,askacademia_train,losing_generate_claude,no,no
20296672-f854-4723-bb81-f4f56da168ef,askacademia_train,losing_generate_llama,no,no
20296672-f854-4723-bb81-f4f56da168ef,askacademia_train,losing_generate_mistral,no,no
20296672-f854-4723-bb81-f4f56da168ef,askacademia_train,losing_generate_gpt5nano,no,no
20296672-f854-4723-bb81-f4f56da168ef,askacademia_train,losing_generate_gpt4omini,no,no
20296672-f854-4723-bb81-f4f56da168ef,askacademia_train,losing_generate_qwen,no,no
20296672-f854-4723-bb81-f4f56da168ef,askacademia_train,losing_improve_claude,no,no
20296672-f854-4723-bb81-f4f56da168ef,askacademia_train,losing_improve_gemini,no,no
20296672-f854-4723-bb81-f4f56da168ef,askacademia_train,losing_improve_gpt4omini,no,no
20296672-f854-4723-bb81-f4f56da168ef,askacademia_train,losing_improve_llama,no,no
20296672-f854-4723-bb81-f4f56da168ef,askacademia_train,losing_improve_gpt5nano,no,no
20296672-f854-4723-bb81-f4f56da168ef,askacademia_train,losing_improve_mistral,no,no
20296672-f854-4723-bb81-f4f56da168ef,askacademia_train,losing_improve_qwen,no,no
20296672-f854-4723-bb81-f4f56da168ef,askacademia_train,losing_paraphrase_claude,no,no
20296672-f854-4723-bb81-f4f56da168ef,askacademia_train,losing_paraphrase_gemini,no,no
20296672-f854-4723-bb81-f4f56da168ef,askacademia_train,losing_paraphrase_gpt5nano,no,no
20296672-f854-4723-bb81-f4f56da168ef,askacademia_train,losing_paraphrase_gpt4omini,no,no
20296672-f854-4723-bb81-f4f56da168ef,askacademia_train,losing_paraphrase_mistral,no,no
70fd65d6-5258-4c0e-b2ab-a6c2d89ef4e6,askacademia_train,winning_text,no,no
20296672-f854-4723-bb81-f4f56da168ef,askacademia_train,losing_paraphrase_qwen,no,no
20296672-f854-4723-bb81-f4f56da168ef,askacademia_train,losing_paraphrase_llama,no,no
70fd65d6-5258-4c0e-b2ab-a6c2d89ef4e6,askacademia_train,losing_text,no,no
70fd65d6-5258-4c0e-b2ab-a6c2d89ef4e6,askacademia_train,losing_generate_claude,no,no
70fd65d6-5258-4c0e-b2ab-a6c2d89ef4e6,askacademia_train,losing_generate_gemini,no,no
70fd65d6-5258-4c0e-b2ab-a6c2d89ef4e6,askacademia_train,losing_generate_gpt4omini,no,no
70fd65d6-5258-4c0e-b2ab-a6c2d89ef4e6,askacademia_train,losing_generate_llama,no,no
70fd65d6-5258-4c0e-b2ab-a6c2d89ef4e6,askacademia_train,losing_generate_qwen,no,no
70fd65d6-5258-4c0e-b2ab-a6c2d89ef4e6,askacademia_train,losing_generate_mistral,no,no
70fd65d6-5258-4c0e-b2ab-a6c2d89ef4e6,askacademia_train,losing_generate_gpt5nano,no,no
70fd65d6-5258-4c0e-b2ab-a6c2d89ef4e6,askacademia_train,losing_improve_claude,no,no
70fd65d6-5258-4c0e-b2ab-a6c2d89ef4e6,askacademia_train,losing_improve_gemini,no,no
70fd65d6-5258-4c0e-b2ab-a6c2d89ef4e6,askacademia_train,losing_improve_gpt4omini,no,no
70fd65d6-5258-4c0e-b2ab-a6c2d89ef4e6,askacademia_train,losing_improve_gpt5nano,no,no
70fd65d6-5258-4c0e-b2ab-a6c2d89ef4e6,askacademia_train,losing_paraphrase_claude,no,no
70fd65d6-5258-4c0e-b2ab-a6c2d89ef4e6,askacademia_train,losing_improve_qwen,no,no
70fd65d6-5258-4c0e-b2ab-a6c2d89ef4e6,askacademia_train,losing_improve_llama,no,no
70fd65d6-5258-4c0e-b2ab-a6c2d89ef4e6,askacademia_train,losing_improve_mistral,no,no
70fd65d6-5258-4c0e-b2ab-a6c2d89ef4e6,askacademia_train,losing_paraphrase_gemini,no,no
70fd65d6-5258-4c0e-b2ab-a6c2d89ef4e6,askacademia_train,losing_paraphrase_gpt4omini,no,no
70fd65d6-5258-4c0e-b2ab-a6c2d89ef4e6,askacademia_train,losing_paraphrase_gpt5nano,no,no
70fd65d6-5258-4c0e-b2ab-a6c2d89ef4e6,askacademia_train,losing_paraphrase_llama,no,no
70fd65d6-5258-4c0e-b2ab-a6c2d89ef4e6,askacademia_train,losing_paraphrase_qwen,no,no
103ae850-e32a-4fc3-a2db-3a99dec6746d,askacademia_train,winning_text,no,no
70fd65d6-5258-4c0e-b2ab-a6c2d89ef4e6,askacademia_train,losing_paraphrase_mistral,no,no
103ae850-e32a-4fc3-a2db-3a99dec6746d,askacademia_train,losing_text,no,no
103ae850-e32a-4fc3-a2db-3a99dec6746d,askacademia_train,losing_generate_gemini,no,no
103ae850-e32a-4fc3-a2db-3a99dec6746d,askacademia_train,losing_generate_claude,no,no
103ae850-e32a-4fc3-a2db-3a99dec6746d,askacademia_train,losing_generate_gpt5nano,no,no
103ae850-e32a-4fc3-a2db-3a99dec6746d,askacademia_train,losing_generate_gpt4omini,no,no
103ae850-e32a-4fc3-a2db-3a99dec6746d,askacademia_train,losing_generate_mistral,no,no
103ae850-e32a-4fc3-a2db-3a99dec6746d,askacademia_train,losing_generate_llama,no,no
103ae850-e32a-4fc3-a2db-3a99dec6746d,askacademia_train,losing_generate_qwen,no,no
103ae850-e32a-4fc3-a2db-3a99dec6746d,askacademia_train,losing_improve_claude,no,no
103ae850-e32a-4fc3-a2db-3a99dec6746d,askacademia_train,losing_improve_gemini,no,no
103ae850-e32a-4fc3-a2db-3a99dec6746d,askacademia_train,losing_improve_gpt4omini,no,no
103ae850-e32a-4fc3-a2db-3a99dec6746d,askacademia_train,losing_improve_llama,no,no
103ae850-e32a-4fc3-a2db-3a99dec6746d,askacademia_train,losing_improve_gpt5nano,no,no
103ae850-e32a-4fc3-a2db-3a99dec6746d,askacademia_train,losing_improve_mistral,no,no
103ae850-e32a-4fc3-a2db-3a99dec6746d,askacademia_train,losing_paraphrase_claude,no,no
103ae850-e32a-4fc3-a2db-3a99dec6746d,askacademia_train,losing_improve_qwen,no,no
103ae850-e32a-4fc3-a2db-3a99dec6746d,askacademia_train,losing_paraphrase_gpt5nano,no,no
103ae850-e32a-4fc3-a2db-3a99dec6746d,askacademia_train,losing_paraphrase_gemini,no,no
103ae850-e32a-4fc3-a2db-3a99dec6746d,askacademia_train,losing_paraphrase_gpt4omini,no,no
103ae850-e32a-4fc3-a2db-3a99dec6746d,askacademia_train,losing_paraphrase_llama,no,no
103ae850-e32a-4fc3-a2db-3a99dec6746d,askacademia_train,losing_paraphrase_mistral,no,no
103ae850-e32a-4fc3-a2db-3a99dec6746d,askacademia_train,losing_paraphrase_qwen,no,no
32ba4d66-9b9f-433e-b04c-29cfe2c22414,askacademia_train,winning_text,no,no
32ba4d66-9b9f-433e-b04c-29cfe2c22414,askacademia_train,losing_text,no,no
32ba4d66-9b9f-433e-b04c-29cfe2c22414,askacademia_train,losing_generate_gemini,no,no
32ba4d66-9b9f-433e-b04c-29cfe2c22414,askacademia_train,losing_generate_gpt4omini,no,no
32ba4d66-9b9f-433e-b04c-29cfe2c22414,askacademia_train,losing_generate_claude,no,no
32ba4d66-9b9f-433e-b04c-29cfe2c22414,askacademia_train,losing_generate_mistral,no,no
32ba4d66-9b9f-433e-b04c-29cfe2c22414,askacademia_train,losing_generate_gpt5nano,no,no
32ba4d66-9b9f-433e-b04c-29cfe2c22414,askacademia_train,losing_generate_llama,no,no
32ba4d66-9b9f-433e-b04c-29cfe2c22414,askacademia_train,losing_improve_gemini,no,no
32ba4d66-9b9f-433e-b04c-29cfe2c22414,askacademia_train,losing_generate_qwen,no,no
32ba4d66-9b9f-433e-b04c-29cfe2c22414,askacademia_train,losing_improve_claude,no,no
32ba4d66-9b9f-433e-b04c-29cfe2c22414,askacademia_train,losing_improve_gpt4omini,no,no
32ba4d66-9b9f-433e-b04c-29cfe2c22414,askacademia_train,losing_improve_gpt5nano,no,no
32ba4d66-9b9f-433e-b04c-29cfe2c22414,askacademia_train,losing_improve_llama,no,no
32ba4d66-9b9f-433e-b04c-29cfe2c22414,askacademia_train,losing_improve_mistral,no,no
32ba4d66-9b9f-433e-b04c-29cfe2c22414,askacademia_train,losing_improve_qwen,no,no
32ba4d66-9b9f-433e-b04c-29cfe2c22414,askacademia_train,losing_paraphrase_claude,no,no
32ba4d66-9b9f-433e-b04c-29cfe2c22414,askacademia_train,losing_paraphrase_gemini,no,no
32ba4d66-9b9f-433e-b04c-29cfe2c22414,askacademia_train,losing_paraphrase_gpt4omini,no,no
32ba4d66-9b9f-433e-b04c-29cfe2c22414,askacademia_train,losing_paraphrase_llama,no,no
32ba4d66-9b9f-433e-b04c-29cfe2c22414,askacademia_train,losing_paraphrase_gpt5nano,no,no
32ba4d66-9b9f-433e-b04c-29cfe2c22414,askacademia_train,losing_paraphrase_qwen,no,no
d830e64e-7697-43b8-b738-6277ab1414af,askacademia_train,winning_text,no,no
32ba4d66-9b9f-433e-b04c-29cfe2c22414,askacademia_train,losing_paraphrase_mistral,no,no
d830e64e-7697-43b8-b738-6277ab1414af,askacademia_train,losing_generate_claude,no,no
d830e64e-7697-43b8-b738-6277ab1414af,askacademia_train,losing_text,no,no
d830e64e-7697-43b8-b738-6277ab1414af,askacademia_train,losing_generate_gemini,no,no
d830e64e-7697-43b8-b738-6277ab1414af,askacademia_train,losing_generate_gpt4omini,no,no
d830e64e-7697-43b8-b738-6277ab1414af,askacademia_train,losing_generate_gpt5nano,no,no
d830e64e-7697-43b8-b738-6277ab1414af,askacademia_train,losing_generate_llama,no,no
d830e64e-7697-43b8-b738-6277ab1414af,askacademia_train,losing_generate_mistral,no,no
d830e64e-7697-43b8-b738-6277ab1414af,askacademia_train,losing_generate_qwen,no,no
d830e64e-7697-43b8-b738-6277ab1414af,askacademia_train,losing_improve_claude,no,no
d830e64e-7697-43b8-b738-6277ab1414af,askacademia_train,losing_improve_gemini,no,no
d830e64e-7697-43b8-b738-6277ab1414af,askacademia_train,losing_improve_gpt4omini,no,no
d830e64e-7697-43b8-b738-6277ab1414af,askacademia_train,losing_improve_llama,no,no
d830e64e-7697-43b8-b738-6277ab1414af,askacademia_train,losing_improve_gpt5nano,no,no
d830e64e-7697-43b8-b738-6277ab1414af,askacademia_train,losing_improve_mistral,no,no
d830e64e-7697-43b8-b738-6277ab1414af,askacademia_train,losing_improve_qwen,no,no
d830e64e-7697-43b8-b738-6277ab1414af,askacademia_train,losing_paraphrase_claude,no,no
d830e64e-7697-43b8-b738-6277ab1414af,askacademia_train,losing_paraphrase_gpt5nano,no,no
d830e64e-7697-43b8-b738-6277ab1414af,askacademia_train,losing_paraphrase_gpt4omini,no,no
d830e64e-7697-43b8-b738-6277ab1414af,askacademia_train,losing_paraphrase_gemini,no,no
d830e64e-7697-43b8-b738-6277ab1414af,askacademia_train,losing_paraphrase_mistral,no,no
d830e64e-7697-43b8-b738-6277ab1414af,askacademia_train,losing_paraphrase_llama,no,no
571b083f-a3d3-492f-bdea-7459053400ef,askacademia_train,winning_text,no,no
571b083f-a3d3-492f-bdea-7459053400ef,askacademia_train,losing_text,no,no
571b083f-a3d3-492f-bdea-7459053400ef,askacademia_train,losing_generate_gpt4omini,no,no
571b083f-a3d3-492f-bdea-7459053400ef,askacademia_train,losing_generate_gemini,no,no
571b083f-a3d3-492f-bdea-7459053400ef,askacademia_train,losing_generate_claude,no,no
d830e64e-7697-43b8-b738-6277ab1414af,askacademia_train,losing_paraphrase_qwen,no,no
571b083f-a3d3-492f-bdea-7459053400ef,askacademia_train,losing_generate_gpt5nano,no,no
571b083f-a3d3-492f-bdea-7459053400ef,askacademia_train,losing_generate_llama,no,no
571b083f-a3d3-492f-bdea-7459053400ef,askacademia_train,losing_generate_qwen,no,no
571b083f-a3d3-492f-bdea-7459053400ef,askacademia_train,losing_generate_mistral,no,no
571b083f-a3d3-492f-bdea-7459053400ef,askacademia_train,losing_improve_gemini,no,no
571b083f-a3d3-492f-bdea-7459053400ef,askacademia_train,losing_improve_gpt5nano,no,no
571b083f-a3d3-492f-bdea-7459053400ef,askacademia_train,losing_improve_gpt4omini,no,no
571b083f-a3d3-492f-bdea-7459053400ef,askacademia_train,losing_improve_claude,no,no
571b083f-a3d3-492f-bdea-7459053400ef,askacademia_train,losing_improve_llama,no,no
571b083f-a3d3-492f-bdea-7459053400ef,askacademia_train,losing_improve_mistral,no,no
571b083f-a3d3-492f-bdea-7459053400ef,askacademia_train,losing_paraphrase_claude,no,no
571b083f-a3d3-492f-bdea-7459053400ef,askacademia_train,losing_improve_qwen,no,no
571b083f-a3d3-492f-bdea-7459053400ef,askacademia_train,losing_paraphrase_llama,no,no
571b083f-a3d3-492f-bdea-7459053400ef,askacademia_train,losing_paraphrase_qwen,no,no
571b083f-a3d3-492f-bdea-7459053400ef,askacademia_train,losing_paraphrase_gpt4omini,no,no
571b083f-a3d3-492f-bdea-7459053400ef,askacademia_train,losing_paraphrase_gemini,no,no
571b083f-a3d3-492f-bdea-7459053400ef,askacademia_train,losing_paraphrase_gpt5nano,no,no
571b083f-a3d3-492f-bdea-7459053400ef,askacademia_train,losing_paraphrase_mistral,no,no
fe561348-89a1-4137-8ecf-ac6c8471cec5,askacademia_train,winning_text,no,no
fe561348-89a1-4137-8ecf-ac6c8471cec5,askacademia_train,losing_text,no,no
fe561348-89a1-4137-8ecf-ac6c8471cec5,askacademia_train,losing_generate_gpt4omini,no,no
fe561348-89a1-4137-8ecf-ac6c8471cec5,askacademia_train,losing_generate_gpt5nano,no,no
fe561348-89a1-4137-8ecf-ac6c8471cec5,askacademia_train,losing_generate_gemini,no,no
fe561348-89a1-4137-8ecf-ac6c8471cec5,askacademia_train,losing_generate_claude,no,no
fe561348-89a1-4137-8ecf-ac6c8471cec5,askacademia_train,losing_generate_llama,no,no
fe561348-89a1-4137-8ecf-ac6c8471cec5,askacademia_train,losing_generate_mistral,no,no
fe561348-89a1-4137-8ecf-ac6c8471cec5,askacademia_train,losing_improve_claude,no,no
fe561348-89a1-4137-8ecf-ac6c8471cec5,askacademia_train,losing_generate_qwen,no,no
fe561348-89a1-4137-8ecf-ac6c8471cec5,askacademia_train,losing_improve_gemini,no,no
fe561348-89a1-4137-8ecf-ac6c8471cec5,askacademia_train,losing_improve_llama,no,no
fe561348-89a1-4137-8ecf-ac6c8471cec5,askacademia_train,losing_improve_gpt5nano,no,no
fe561348-89a1-4137-8ecf-ac6c8471cec5,askacademia_train,losing_improve_qwen,no,no
fe561348-89a1-4137-8ecf-ac6c8471cec5,askacademia_train,losing_improve_gpt4omini,no,no
fe561348-89a1-4137-8ecf-ac6c8471cec5,askacademia_train,losing_improve_mistral,no,no
fe561348-89a1-4137-8ecf-ac6c8471cec5,askacademia_train,losing_paraphrase_claude,no,no
fe561348-89a1-4137-8ecf-ac6c8471cec5,askacademia_train,losing_paraphrase_gemini,no,no
fe561348-89a1-4137-8ecf-ac6c8471cec5,askacademia_train,losing_paraphrase_gpt4omini,no,no
fe561348-89a1-4137-8ecf-ac6c8471cec5,askacademia_train,losing_paraphrase_gpt5nano,no,no
fe561348-89a1-4137-8ecf-ac6c8471cec5,askacademia_train,losing_paraphrase_llama,no,no
e35f0582-6618-4e5c-a4e2-dba01adc70c8,askacademia_train,winning_text,no,no
fe561348-89a1-4137-8ecf-ac6c8471cec5,askacademia_train,losing_paraphrase_mistral,no,no
fe561348-89a1-4137-8ecf-ac6c8471cec5,askacademia_train,losing_paraphrase_qwen,no,no
e35f0582-6618-4e5c-a4e2-dba01adc70c8,askacademia_train,losing_text,no,no
e35f0582-6618-4e5c-a4e2-dba01adc70c8,askacademia_train,losing_generate_claude,no,no
e35f0582-6618-4e5c-a4e2-dba01adc70c8,askacademia_train,losing_generate_mistral,no,no
e35f0582-6618-4e5c-a4e2-dba01adc70c8,askacademia_train,losing_generate_gpt4omini,no,no
e35f0582-6618-4e5c-a4e2-dba01adc70c8,askacademia_train,losing_generate_llama,no,no
e35f0582-6618-4e5c-a4e2-dba01adc70c8,askacademia_train,losing_generate_qwen,no,no
e35f0582-6618-4e5c-a4e2-dba01adc70c8,askacademia_train,losing_generate_gpt5nano,no,no
e35f0582-6618-4e5c-a4e2-dba01adc70c8,askacademia_train,losing_generate_gemini,no,no
e35f0582-6618-4e5c-a4e2-dba01adc70c8,askacademia_train,losing_improve_gemini,no,no
e35f0582-6618-4e5c-a4e2-dba01adc70c8,askacademia_train,losing_improve_claude,no,no
e35f0582-6618-4e5c-a4e2-dba01adc70c8,askacademia_train,losing_paraphrase_claude,no,no
e35f0582-6618-4e5c-a4e2-dba01adc70c8,askacademia_train,losing_improve_gpt5nano,no,no
e35f0582-6618-4e5c-a4e2-dba01adc70c8,askacademia_train,losing_improve_qwen,no,no
e35f0582-6618-4e5c-a4e2-dba01adc70c8,askacademia_train,losing_improve_llama,no,no
e35f0582-6618-4e5c-a4e2-dba01adc70c8,askacademia_train,losing_improve_gpt4omini,no,no
e35f0582-6618-4e5c-a4e2-dba01adc70c8,askacademia_train,losing_improve_mistral,no,no
e35f0582-6618-4e5c-a4e2-dba01adc70c8,askacademia_train,losing_paraphrase_gemini,no,no
e35f0582-6618-4e5c-a4e2-dba01adc70c8,askacademia_train,losing_paraphrase_gpt4omini,no,no
51fb8e78-ac3b-41e2-b0e3-a62495335b10,askacademia_train,winning_text,no,no
e35f0582-6618-4e5c-a4e2-dba01adc70c8,askacademia_train,losing_paraphrase_gpt5nano,no,no
51fb8e78-ac3b-41e2-b0e3-a62495335b10,askacademia_train,losing_text,no,no
e35f0582-6618-4e5c-a4e2-dba01adc70c8,askacademia_train,losing_paraphrase_qwen,no,no
e35f0582-6618-4e5c-a4e2-dba01adc70c8,askacademia_train,losing_paraphrase_mistral,no,no
e35f0582-6618-4e5c-a4e2-dba01adc70c8,askacademia_train,losing_paraphrase_llama,no,no
51fb8e78-ac3b-41e2-b0e3-a62495335b10,askacademia_train,losing_generate_claude,no,no
51fb8e78-ac3b-41e2-b0e3-a62495335b10,askacademia_train,losing_generate_gemini,no,no
51fb8e78-ac3b-41e2-b0e3-a62495335b10,askacademia_train,losing_generate_gpt4omini,no,no
51fb8e78-ac3b-41e2-b0e3-a62495335b10,askacademia_train,losing_generate_llama,no,no
51fb8e78-ac3b-41e2-b0e3-a62495335b10,askacademia_train,losing_generate_qwen,no,no
51fb8e78-ac3b-41e2-b0e3-a62495335b10,askacademia_train,losing_generate_mistral,no,no
51fb8e78-ac3b-41e2-b0e3-a62495335b10,askacademia_train,losing_improve_claude,no,no
51fb8e78-ac3b-41e2-b0e3-a62495335b10,askacademia_train,losing_generate_gpt5nano,no,no
51fb8e78-ac3b-41e2-b0e3-a62495335b10,askacademia_train,losing_improve_gemini,no,no
51fb8e78-ac3b-41e2-b0e3-a62495335b10,askacademia_train,losing_improve_gpt4omini,no,no
51fb8e78-ac3b-41e2-b0e3-a62495335b10,askacademia_train,losing_improve_qwen,no,no
51fb8e78-ac3b-41e2-b0e3-a62495335b10,askacademia_train,losing_paraphrase_claude,no,no
51fb8e78-ac3b-41e2-b0e3-a62495335b10,askacademia_train,losing_improve_llama,no,no
51fb8e78-ac3b-41e2-b0e3-a62495335b10,askacademia_train,losing_improve_mistral,no,no
51fb8e78-ac3b-41e2-b0e3-a62495335b10,askacademia_train,losing_improve_gpt5nano,no,no
51fb8e78-ac3b-41e2-b0e3-a62495335b10,askacademia_train,losing_paraphrase_gemini,no,no
51fb8e78-ac3b-41e2-b0e3-a62495335b10,askacademia_train,losing_paraphrase_gpt5nano,no,no
51fb8e78-ac3b-41e2-b0e3-a62495335b10,askacademia_train,losing_paraphrase_gpt4omini,no,no
a7e28b67-7f41-4ac8-ab7c-db7eeee30cb3,askacademia_train,winning_text,no,no
a7e28b67-7f41-4ac8-ab7c-db7eeee30cb3,askacademia_train,losing_text,no,no
51fb8e78-ac3b-41e2-b0e3-a62495335b10,askacademia_train,losing_paraphrase_llama,no,no
51fb8e78-ac3b-41e2-b0e3-a62495335b10,askacademia_train,losing_paraphrase_qwen,no,no
51fb8e78-ac3b-41e2-b0e3-a62495335b10,askacademia_train,losing_paraphrase_mistral,no,no
a7e28b67-7f41-4ac8-ab7c-db7eeee30cb3,askacademia_train,losing_generate_claude,no,no
a7e28b67-7f41-4ac8-ab7c-db7eeee30cb3,askacademia_train,losing_generate_gemini,no,no
a7e28b67-7f41-4ac8-ab7c-db7eeee30cb3,askacademia_train,losing_generate_gpt4omini,no,no
a7e28b67-7f41-4ac8-ab7c-db7eeee30cb3,askacademia_train,losing_generate_llama,no,no
a7e28b67-7f41-4ac8-ab7c-db7eeee30cb3,askacademia_train,losing_generate_qwen,no,no
a7e28b67-7f41-4ac8-ab7c-db7eeee30cb3,askacademia_train,losing_generate_gpt5nano,no,no
a7e28b67-7f41-4ac8-ab7c-db7eeee30cb3,askacademia_train,losing_improve_gemini,no,no
a7e28b67-7f41-4ac8-ab7c-db7eeee30cb3,askacademia_train,losing_improve_claude,no,no
a7e28b67-7f41-4ac8-ab7c-db7eeee30cb3,askacademia_train,losing_generate_mistral,no,no
a7e28b67-7f41-4ac8-ab7c-db7eeee30cb3,askacademia_train,losing_improve_gpt5nano,no,no
a7e28b67-7f41-4ac8-ab7c-db7eeee30cb3,askacademia_train,losing_improve_gpt4omini,no,no
a7e28b67-7f41-4ac8-ab7c-db7eeee30cb3,askacademia_train,losing_improve_qwen,no,no
a7e28b67-7f41-4ac8-ab7c-db7eeee30cb3,askacademia_train,losing_improve_llama,no,no
a7e28b67-7f41-4ac8-ab7c-db7eeee30cb3,askacademia_train,losing_paraphrase_claude,no,no
a7e28b67-7f41-4ac8-ab7c-db7eeee30cb3,askacademia_train,losing_paraphrase_gemini,no,no
a7e28b67-7f41-4ac8-ab7c-db7eeee30cb3,askacademia_train,losing_improve_mistral,no,no
a7e28b67-7f41-4ac8-ab7c-db7eeee30cb3,askacademia_train,losing_paraphrase_gpt4omini,no,no
a7e28b67-7f41-4ac8-ab7c-db7eeee30cb3,askacademia_train,losing_paraphrase_gpt5nano,no,no
a7e28b67-7f41-4ac8-ab7c-db7eeee30cb3,askacademia_train,losing_paraphrase_llama,no,no
c77f94ab-c1db-4991-a96a-3bc2b3572e74,askacademia_train,losing_generate_claude,no,no
c77f94ab-c1db-4991-a96a-3bc2b3572e74,askacademia_train,winning_text,no,no
a7e28b67-7f41-4ac8-ab7c-db7eeee30cb3,askacademia_train,losing_paraphrase_qwen,no,no
c77f94ab-c1db-4991-a96a-3bc2b3572e74,askacademia_train,losing_text,no,no
a7e28b67-7f41-4ac8-ab7c-db7eeee30cb3,askacademia_train,losing_paraphrase_mistral,no,no
c77f94ab-c1db-4991-a96a-3bc2b3572e74,askacademia_train,losing_generate_gemini,no,no
c77f94ab-c1db-4991-a96a-3bc2b3572e74,askacademia_train,losing_generate_gpt5nano,no,no
c77f94ab-c1db-4991-a96a-3bc2b3572e74,askacademia_train,losing_generate_gpt4omini,no,no
c77f94ab-c1db-4991-a96a-3bc2b3572e74,askacademia_train,losing_improve_claude,no,no
c77f94ab-c1db-4991-a96a-3bc2b3572e74,askacademia_train,losing_generate_mistral,no,no
c77f94ab-c1db-4991-a96a-3bc2b3572e74,askacademia_train,losing_generate_qwen,no,no
c77f94ab-c1db-4991-a96a-3bc2b3572e74,askacademia_train,losing_generate_llama,no,no
c77f94ab-c1db-4991-a96a-3bc2b3572e74,askacademia_train,losing_improve_gemini,no,no
c77f94ab-c1db-4991-a96a-3bc2b3572e74,askacademia_train,losing_improve_gpt4omini,no,no
c77f94ab-c1db-4991-a96a-3bc2b3572e74,askacademia_train,losing_improve_llama,no,no
c77f94ab-c1db-4991-a96a-3bc2b3572e74,askacademia_train,losing_improve_gpt5nano,no,no
c77f94ab-c1db-4991-a96a-3bc2b3572e74,askacademia_train,losing_paraphrase_gpt4omini,no,no
c77f94ab-c1db-4991-a96a-3bc2b3572e74,askacademia_train,losing_paraphrase_gemini,no,no
c77f94ab-c1db-4991-a96a-3bc2b3572e74,askacademia_train,losing_improve_qwen,no,no
c77f94ab-c1db-4991-a96a-3bc2b3572e74,askacademia_train,losing_improve_mistral,no,no
c77f94ab-c1db-4991-a96a-3bc2b3572e74,askacademia_train,losing_paraphrase_claude,no,no
c77f94ab-c1db-4991-a96a-3bc2b3572e74,askacademia_train,losing_paraphrase_gpt5nano,no,no
c77f94ab-c1db-4991-a96a-3bc2b3572e74,askacademia_train,losing_paraphrase_mistral,no,no
c77f94ab-c1db-4991-a96a-3bc2b3572e74,askacademia_train,losing_paraphrase_llama,no,no
8cc6883b-13d6-4f1f-976c-b8a6c39ed774,askacademia_train,losing_text,no,no
8cc6883b-13d6-4f1f-976c-b8a6c39ed774,askacademia_train,losing_generate_gemini,no,no
c77f94ab-c1db-4991-a96a-3bc2b3572e74,askacademia_train,losing_paraphrase_qwen,no,no
8cc6883b-13d6-4f1f-976c-b8a6c39ed774,askacademia_train,winning_text,no,no
8cc6883b-13d6-4f1f-976c-b8a6c39ed774,askacademia_train,losing_generate_claude,no,no
8cc6883b-13d6-4f1f-976c-b8a6c39ed774,askacademia_train,losing_generate_gpt4omini,no,no
8cc6883b-13d6-4f1f-976c-b8a6c39ed774,askacademia_train,losing_generate_gpt5nano,no,no
8cc6883b-13d6-4f1f-976c-b8a6c39ed774,askacademia_train,losing_generate_llama,no,no
8cc6883b-13d6-4f1f-976c-b8a6c39ed774,askacademia_train,losing_generate_qwen,no,no
8cc6883b-13d6-4f1f-976c-b8a6c39ed774,askacademia_train,losing_improve_gemini,no,no
8cc6883b-13d6-4f1f-976c-b8a6c39ed774,askacademia_train,losing_improve_claude,no,no
8cc6883b-13d6-4f1f-976c-b8a6c39ed774,askacademia_train,losing_generate_mistral,no,no
8cc6883b-13d6-4f1f-976c-b8a6c39ed774,askacademia_train,losing_improve_gpt4omini,no,no
8cc6883b-13d6-4f1f-976c-b8a6c39ed774,askacademia_train,losing_improve_gpt5nano,no,no
8cc6883b-13d6-4f1f-976c-b8a6c39ed774,askacademia_train,losing_improve_mistral,no,no
8cc6883b-13d6-4f1f-976c-b8a6c39ed774,askacademia_train,losing_improve_llama,no,no
8cc6883b-13d6-4f1f-976c-b8a6c39ed774,askacademia_train,losing_paraphrase_gpt4omini,no,no
8cc6883b-13d6-4f1f-976c-b8a6c39ed774,askacademia_train,losing_paraphrase_gemini,no,no
8cc6883b-13d6-4f1f-976c-b8a6c39ed774,askacademia_train,losing_paraphrase_claude,no,no
8cc6883b-13d6-4f1f-976c-b8a6c39ed774,askacademia_train,losing_improve_qwen,no,no
8cc6883b-13d6-4f1f-976c-b8a6c39ed774,askacademia_train,losing_paraphrase_gpt5nano,no,no
8cc6883b-13d6-4f1f-976c-b8a6c39ed774,askacademia_train,losing_paraphrase_llama,no,no
8cc6883b-13d6-4f1f-976c-b8a6c39ed774,askacademia_train,losing_paraphrase_mistral,no,no
8cc6883b-13d6-4f1f-976c-b8a6c39ed774,askacademia_train,losing_paraphrase_qwen,no,no
f71e9298-abae-472a-975d-9d692df8414a,askacademia_train,winning_text,no,no
f71e9298-abae-472a-975d-9d692df8414a,askacademia_train,losing_text,no,no
f71e9298-abae-472a-975d-9d692df8414a,askacademia_train,losing_generate_gpt4omini,no,no
f71e9298-abae-472a-975d-9d692df8414a,askacademia_train,losing_generate_claude,no,no
f71e9298-abae-472a-975d-9d692df8414a,askacademia_train,losing_generate_gemini,no,no
f71e9298-abae-472a-975d-9d692df8414a,askacademia_train,losing_generate_gpt5nano,no,no
f71e9298-abae-472a-975d-9d692df8414a,askacademia_train,losing_generate_llama,no,no
f71e9298-abae-472a-975d-9d692df8414a,askacademia_train,losing_generate_mistral,no,no
f71e9298-abae-472a-975d-9d692df8414a,askacademia_train,losing_improve_gpt4omini,no,no
f71e9298-abae-472a-975d-9d692df8414a,askacademia_train,losing_improve_gemini,no,no
f71e9298-abae-472a-975d-9d692df8414a,askacademia_train,losing_improve_gpt5nano,no,no
f71e9298-abae-472a-975d-9d692df8414a,askacademia_train,losing_improve_claude,no,no
f71e9298-abae-472a-975d-9d692df8414a,askacademia_train,losing_generate_qwen,no,no
f71e9298-abae-472a-975d-9d692df8414a,askacademia_train,losing_improve_llama,no,no
f71e9298-abae-472a-975d-9d692df8414a,askacademia_train,losing_paraphrase_llama,no,no
f71e9298-abae-472a-975d-9d692df8414a,askacademia_train,losing_paraphrase_gemini,no,no
f71e9298-abae-472a-975d-9d692df8414a,askacademia_train,losing_paraphrase_gpt5nano,no,no
f71e9298-abae-472a-975d-9d692df8414a,askacademia_train,losing_improve_qwen,no,no
f71e9298-abae-472a-975d-9d692df8414a,askacademia_train,losing_improve_mistral,no,no
f71e9298-abae-472a-975d-9d692df8414a,askacademia_train,losing_paraphrase_gpt4omini,no,no
f71e9298-abae-472a-975d-9d692df8414a,askacademia_train,losing_paraphrase_claude,no,no
f71e9298-abae-472a-975d-9d692df8414a,askacademia_train,losing_paraphrase_mistral,no,no
f71e9298-abae-472a-975d-9d692df8414a,askacademia_train,losing_paraphrase_qwen,no,no
f8fa2e75-734f-41e5-8ad9-35a3a90697a8,askacademia_train,winning_text,no,no
f8fa2e75-734f-41e5-8ad9-35a3a90697a8,askacademia_train,losing_generate_gemini,no,no
f8fa2e75-734f-41e5-8ad9-35a3a90697a8,askacademia_train,losing_generate_gpt5nano,no,no
f8fa2e75-734f-41e5-8ad9-35a3a90697a8,askacademia_train,losing_text,no,no
f8fa2e75-734f-41e5-8ad9-35a3a90697a8,askacademia_train,losing_generate_claude,no,no
f8fa2e75-734f-41e5-8ad9-35a3a90697a8,askacademia_train,losing_generate_gpt4omini,no,no
f8fa2e75-734f-41e5-8ad9-35a3a90697a8,askacademia_train,losing_generate_llama,no,no
f8fa2e75-734f-41e5-8ad9-35a3a90697a8,askacademia_train,losing_improve_gpt5nano,no,no
f8fa2e75-734f-41e5-8ad9-35a3a90697a8,askacademia_train,losing_improve_claude,no,no
f8fa2e75-734f-41e5-8ad9-35a3a90697a8,askacademia_train,losing_generate_qwen,no,no
f8fa2e75-734f-41e5-8ad9-35a3a90697a8,askacademia_train,losing_generate_mistral,no,no
f8fa2e75-734f-41e5-8ad9-35a3a90697a8,askacademia_train,losing_improve_gemini,no,no
f8fa2e75-734f-41e5-8ad9-35a3a90697a8,askacademia_train,losing_improve_gpt4omini,no,no
f8fa2e75-734f-41e5-8ad9-35a3a90697a8,askacademia_train,losing_improve_mistral,no,no
f8fa2e75-734f-41e5-8ad9-35a3a90697a8,askacademia_train,losing_improve_llama,no,no
f8fa2e75-734f-41e5-8ad9-35a3a90697a8,askacademia_train,losing_improve_qwen,no,no
f8fa2e75-734f-41e5-8ad9-35a3a90697a8,askacademia_train,losing_paraphrase_gpt5nano,no,no
f8fa2e75-734f-41e5-8ad9-35a3a90697a8,askacademia_train,losing_paraphrase_claude,no,no
f8fa2e75-734f-41e5-8ad9-35a3a90697a8,askacademia_train,losing_paraphrase_llama,no,no
f8fa2e75-734f-41e5-8ad9-35a3a90697a8,askacademia_train,losing_paraphrase_gemini,no,no
f8fa2e75-734f-41e5-8ad9-35a3a90697a8,askacademia_train,losing_paraphrase_gpt4omini,no,no
f8fa2e75-734f-41e5-8ad9-35a3a90697a8,askacademia_train,losing_paraphrase_qwen,no,no
f8fa2e75-734f-41e5-8ad9-35a3a90697a8,askacademia_train,losing_paraphrase_mistral,no,no
6a763d25-1db8-437d-893f-734c24ceefe8,askacademia_train,losing_text,no,no
6a763d25-1db8-437d-893f-734c24ceefe8,askacademia_train,losing_generate_claude,no,no
6a763d25-1db8-437d-893f-734c24ceefe8,askacademia_train,losing_generate_gemini,no,no
6a763d25-1db8-437d-893f-734c24ceefe8,askacademia_train,losing_generate_gpt4omini,no,no
6a763d25-1db8-437d-893f-734c24ceefe8,askacademia_train,losing_generate_gpt5nano,no,no
6a763d25-1db8-437d-893f-734c24ceefe8,askacademia_train,winning_text,no,no
6a763d25-1db8-437d-893f-734c24ceefe8,askacademia_train,losing_generate_llama,no,no
6a763d25-1db8-437d-893f-734c24ceefe8,askacademia_train,losing_generate_mistral,no,no
6a763d25-1db8-437d-893f-734c24ceefe8,askacademia_train,losing_improve_gemini,no,no
6a763d25-1db8-437d-893f-734c24ceefe8,askacademia_train,losing_improve_claude,no,no
6a763d25-1db8-437d-893f-734c24ceefe8,askacademia_train,losing_generate_qwen,no,no
6a763d25-1db8-437d-893f-734c24ceefe8,askacademia_train,losing_improve_gpt5nano,no,no
6a763d25-1db8-437d-893f-734c24ceefe8,askacademia_train,losing_improve_gpt4omini,no,no
6a763d25-1db8-437d-893f-734c24ceefe8,askacademia_train,losing_improve_llama,no,no
6a763d25-1db8-437d-893f-734c24ceefe8,askacademia_train,losing_improve_qwen,no,no
6a763d25-1db8-437d-893f-734c24ceefe8,askacademia_train,losing_improve_mistral,no,no
6a763d25-1db8-437d-893f-734c24ceefe8,askacademia_train,losing_paraphrase_llama,no,no
6a763d25-1db8-437d-893f-734c24ceefe8,askacademia_train,losing_paraphrase_gpt5nano,no,no
6a763d25-1db8-437d-893f-734c24ceefe8,askacademia_train,losing_paraphrase_mistral,no,no
6a763d25-1db8-437d-893f-734c24ceefe8,askacademia_train,losing_paraphrase_gemini,no,no
6a763d25-1db8-437d-893f-734c24ceefe8,askacademia_train,losing_paraphrase_claude,no,no
f95ed0e5-3e90-4544-b710-d2af80e3488c,askacademia_train,winning_text,no,no
6a763d25-1db8-437d-893f-734c24ceefe8,askacademia_train,losing_paraphrase_gpt4omini,no,no
6a763d25-1db8-437d-893f-734c24ceefe8,askacademia_train,losing_paraphrase_qwen,no,no
f95ed0e5-3e90-4544-b710-d2af80e3488c,askacademia_train,losing_generate_gemini,no,no
f95ed0e5-3e90-4544-b710-d2af80e3488c,askacademia_train,losing_generate_gpt4omini,no,no
f95ed0e5-3e90-4544-b710-d2af80e3488c,askacademia_train,losing_generate_claude,no,no
f95ed0e5-3e90-4544-b710-d2af80e3488c,askacademia_train,losing_text,no,no
f95ed0e5-3e90-4544-b710-d2af80e3488c,askacademia_train,losing_generate_llama,no,no
f95ed0e5-3e90-4544-b710-d2af80e3488c,askacademia_train,losing_generate_gpt5nano,no,no
f95ed0e5-3e90-4544-b710-d2af80e3488c,askacademia_train,losing_generate_qwen,no,no
f95ed0e5-3e90-4544-b710-d2af80e3488c,askacademia_train,losing_generate_mistral,no,no
f95ed0e5-3e90-4544-b710-d2af80e3488c,askacademia_train,losing_improve_gpt4omini,no,no
f95ed0e5-3e90-4544-b710-d2af80e3488c,askacademia_train,losing_improve_claude,no,no
f95ed0e5-3e90-4544-b710-d2af80e3488c,askacademia_train,losing_improve_gpt5nano,no,no
f95ed0e5-3e90-4544-b710-d2af80e3488c,askacademia_train,losing_improve_gemini,no,no
f95ed0e5-3e90-4544-b710-d2af80e3488c,askacademia_train,losing_paraphrase_claude,no,no
f95ed0e5-3e90-4544-b710-d2af80e3488c,askacademia_train,losing_improve_qwen,no,no
f95ed0e5-3e90-4544-b710-d2af80e3488c,askacademia_train,losing_improve_mistral,no,no
f95ed0e5-3e90-4544-b710-d2af80e3488c,askacademia_train,losing_improve_llama,no,no
f95ed0e5-3e90-4544-b710-d2af80e3488c,askacademia_train,losing_paraphrase_llama,no,no
f95ed0e5-3e90-4544-b710-d2af80e3488c,askacademia_train,losing_paraphrase_gpt5nano,no,no
f95ed0e5-3e90-4544-b710-d2af80e3488c,askacademia_train,losing_paraphrase_gpt4omini,no,no
f95ed0e5-3e90-4544-b710-d2af80e3488c,askacademia_train,losing_paraphrase_gemini,no,no
f95ed0e5-3e90-4544-b710-d2af80e3488c,askacademia_train,losing_paraphrase_mistral,no,no
71c08e3c-2789-436e-88fb-594d6b4a2b5d,askacademia_train,losing_text,no,no
71c08e3c-2789-436e-88fb-594d6b4a2b5d,askacademia_train,winning_text,no,no
f95ed0e5-3e90-4544-b710-d2af80e3488c,askacademia_train,losing_paraphrase_qwen,no,no
71c08e3c-2789-436e-88fb-594d6b4a2b5d,askacademia_train,losing_generate_gpt5nano,no,no
71c08e3c-2789-436e-88fb-594d6b4a2b5d,askacademia_train,losing_generate_claude,no,no
71c08e3c-2789-436e-88fb-594d6b4a2b5d,askacademia_train,losing_generate_gemini,no,no
71c08e3c-2789-436e-88fb-594d6b4a2b5d,askacademia_train,losing_generate_gpt4omini,no,no
71c08e3c-2789-436e-88fb-594d6b4a2b5d,askacademia_train,losing_generate_llama,no,no
71c08e3c-2789-436e-88fb-594d6b4a2b5d,askacademia_train,losing_improve_claude,no,no
71c08e3c-2789-436e-88fb-594d6b4a2b5d,askacademia_train,losing_generate_mistral,no,no
71c08e3c-2789-436e-88fb-594d6b4a2b5d,askacademia_train,losing_generate_qwen,no,no
71c08e3c-2789-436e-88fb-594d6b4a2b5d,askacademia_train,losing_improve_llama,no,no
71c08e3c-2789-436e-88fb-594d6b4a2b5d,askacademia_train,losing_improve_gpt5nano,no,no
71c08e3c-2789-436e-88fb-594d6b4a2b5d,askacademia_train,losing_improve_gpt4omini,no,no
71c08e3c-2789-436e-88fb-594d6b4a2b5d,askacademia_train,losing_improve_gemini,no,no
71c08e3c-2789-436e-88fb-594d6b4a2b5d,askacademia_train,losing_paraphrase_gemini,no,no
71c08e3c-2789-436e-88fb-594d6b4a2b5d,askacademia_train,losing_improve_mistral,no,no
71c08e3c-2789-436e-88fb-594d6b4a2b5d,askacademia_train,losing_improve_qwen,no,no
71c08e3c-2789-436e-88fb-594d6b4a2b5d,askacademia_train,losing_paraphrase_claude,no,no
71c08e3c-2789-436e-88fb-594d6b4a2b5d,askacademia_train,losing_paraphrase_gpt5nano,no,no
71c08e3c-2789-436e-88fb-594d6b4a2b5d,askacademia_train,losing_paraphrase_llama,no,no
71c08e3c-2789-436e-88fb-594d6b4a2b5d,askacademia_train,losing_paraphrase_mistral,no,no
71c08e3c-2789-436e-88fb-594d6b4a2b5d,askacademia_train,losing_paraphrase_gpt4omini,no,no
d4f30e38-c1b8-4cdd-8f99-ae8c311d21fb,askacademia_train,losing_text,no,no
71c08e3c-2789-436e-88fb-594d6b4a2b5d,askacademia_train,losing_paraphrase_qwen,no,no
d4f30e38-c1b8-4cdd-8f99-ae8c311d21fb,askacademia_train,winning_text,no,no
d4f30e38-c1b8-4cdd-8f99-ae8c311d21fb,askacademia_train,losing_generate_claude,no,no
d4f30e38-c1b8-4cdd-8f99-ae8c311d21fb,askacademia_train,losing_generate_llama,no,no
d4f30e38-c1b8-4cdd-8f99-ae8c311d21fb,askacademia_train,losing_generate_gpt5nano,no,no
d4f30e38-c1b8-4cdd-8f99-ae8c311d21fb,askacademia_train,losing_generate_gemini,no,no
d4f30e38-c1b8-4cdd-8f99-ae8c311d21fb,askacademia_train,losing_generate_gpt4omini,no,no
d4f30e38-c1b8-4cdd-8f99-ae8c311d21fb,askacademia_train,losing_improve_claude,no,no
d4f30e38-c1b8-4cdd-8f99-ae8c311d21fb,askacademia_train,losing_generate_mistral,no,no
d4f30e38-c1b8-4cdd-8f99-ae8c311d21fb,askacademia_train,losing_generate_qwen,no,no
d4f30e38-c1b8-4cdd-8f99-ae8c311d21fb,askacademia_train,losing_improve_gemini,no,no
d4f30e38-c1b8-4cdd-8f99-ae8c311d21fb,askacademia_train,losing_improve_mistral,no,no
d4f30e38-c1b8-4cdd-8f99-ae8c311d21fb,askacademia_train,losing_improve_gpt4omini,no,no
d4f30e38-c1b8-4cdd-8f99-ae8c311d21fb,askacademia_train,losing_improve_llama,no,no
d4f30e38-c1b8-4cdd-8f99-ae8c311d21fb,askacademia_train,losing_improve_gpt5nano,no,no
d4f30e38-c1b8-4cdd-8f99-ae8c311d21fb,askacademia_train,losing_improve_qwen,no,no
d4f30e38-c1b8-4cdd-8f99-ae8c311d21fb,askacademia_train,losing_paraphrase_gemini,no,no
d4f30e38-c1b8-4cdd-8f99-ae8c311d21fb,askacademia_train,losing_paraphrase_claude,no,no
d4f30e38-c1b8-4cdd-8f99-ae8c311d21fb,askacademia_train,losing_paraphrase_gpt4omini,no,no
d4f30e38-c1b8-4cdd-8f99-ae8c311d21fb,askacademia_train,losing_paraphrase_mistral,no,no
d4f30e38-c1b8-4cdd-8f99-ae8c311d21fb,askacademia_train,losing_paraphrase_gpt5nano,no,no
d4f30e38-c1b8-4cdd-8f99-ae8c311d21fb,askacademia_train,losing_paraphrase_llama,no,no
11a7b14b-45d7-486f-8b0c-4b5704e1721c,askacademia_train,winning_text,no,no
11a7b14b-45d7-486f-8b0c-4b5704e1721c,askacademia_train,losing_generate_claude,no,no
11a7b14b-45d7-486f-8b0c-4b5704e1721c,askacademia_train,losing_text,no,no
d4f30e38-c1b8-4cdd-8f99-ae8c311d21fb,askacademia_train,losing_paraphrase_qwen,no,no
11a7b14b-45d7-486f-8b0c-4b5704e1721c,askacademia_train,losing_generate_gemini,no,no
11a7b14b-45d7-486f-8b0c-4b5704e1721c,askacademia_train,losing_generate_gpt4omini,no,no
11a7b14b-45d7-486f-8b0c-4b5704e1721c,askacademia_train,losing_generate_llama,no,no
11a7b14b-45d7-486f-8b0c-4b5704e1721c,askacademia_train,losing_generate_gpt5nano,no,no
11a7b14b-45d7-486f-8b0c-4b5704e1721c,askacademia_train,losing_improve_gpt4omini,no,no
11a7b14b-45d7-486f-8b0c-4b5704e1721c,askacademia_train,losing_generate_mistral,no,no
11a7b14b-45d7-486f-8b0c-4b5704e1721c,askacademia_train,losing_improve_gemini,no,no
11a7b14b-45d7-486f-8b0c-4b5704e1721c,askacademia_train,losing_improve_claude,no,no
11a7b14b-45d7-486f-8b0c-4b5704e1721c,askacademia_train,losing_generate_qwen,no,no
11a7b14b-45d7-486f-8b0c-4b5704e1721c,askacademia_train,losing_improve_mistral,no,no
11a7b14b-45d7-486f-8b0c-4b5704e1721c,askacademia_train,losing_improve_gpt5nano,no,no
11a7b14b-45d7-486f-8b0c-4b5704e1721c,askacademia_train,losing_improve_llama,no,no
11a7b14b-45d7-486f-8b0c-4b5704e1721c,askacademia_train,losing_paraphrase_claude,no,no
11a7b14b-45d7-486f-8b0c-4b5704e1721c,askacademia_train,losing_paraphrase_gpt4omini,no,no
11a7b14b-45d7-486f-8b0c-4b5704e1721c,askacademia_train,losing_paraphrase_gpt5nano,no,no
11a7b14b-45d7-486f-8b0c-4b5704e1721c,askacademia_train,losing_paraphrase_gemini,no,no
11a7b14b-45d7-486f-8b0c-4b5704e1721c,askacademia_train,losing_improve_qwen,no,no
11a7b14b-45d7-486f-8b0c-4b5704e1721c,askacademia_train,losing_paraphrase_mistral,no,no
11a7b14b-45d7-486f-8b0c-4b5704e1721c,askacademia_train,losing_paraphrase_llama,no,no
11a7b14b-45d7-486f-8b0c-4b5704e1721c,askacademia_train,losing_paraphrase_qwen,no,no
7e8594a5-e5fa-4fa9-952d-42ecdaab1f1a,askacademia_train,winning_text,no,no
7e8594a5-e5fa-4fa9-952d-42ecdaab1f1a,askacademia_train,losing_generate_gemini,no,no
7e8594a5-e5fa-4fa9-952d-42ecdaab1f1a,askacademia_train,losing_generate_gpt4omini,no,no
7e8594a5-e5fa-4fa9-952d-42ecdaab1f1a,askacademia_train,losing_generate_claude,no,no
7e8594a5-e5fa-4fa9-952d-42ecdaab1f1a,askacademia_train,losing_text,no,no
7e8594a5-e5fa-4fa9-952d-42ecdaab1f1a,askacademia_train,losing_generate_mistral,no,no
7e8594a5-e5fa-4fa9-952d-42ecdaab1f1a,askacademia_train,losing_generate_gpt5nano,no,no
7e8594a5-e5fa-4fa9-952d-42ecdaab1f1a,askacademia_train,losing_generate_llama,no,no
7e8594a5-e5fa-4fa9-952d-42ecdaab1f1a,askacademia_train,losing_improve_claude,no,no
7e8594a5-e5fa-4fa9-952d-42ecdaab1f1a,askacademia_train,losing_improve_gpt5nano,no,no
7e8594a5-e5fa-4fa9-952d-42ecdaab1f1a,askacademia_train,losing_improve_gpt4omini,no,no
7e8594a5-e5fa-4fa9-952d-42ecdaab1f1a,askacademia_train,losing_generate_qwen,no,no
7e8594a5-e5fa-4fa9-952d-42ecdaab1f1a,askacademia_train,losing_improve_gemini,no,no
7e8594a5-e5fa-4fa9-952d-42ecdaab1f1a,askacademia_train,losing_improve_mistral,no,no
7e8594a5-e5fa-4fa9-952d-42ecdaab1f1a,askacademia_train,losing_improve_llama,no,no
7e8594a5-e5fa-4fa9-952d-42ecdaab1f1a,askacademia_train,losing_improve_qwen,no,no
7e8594a5-e5fa-4fa9-952d-42ecdaab1f1a,askacademia_train,losing_paraphrase_claude,no,no
7e8594a5-e5fa-4fa9-952d-42ecdaab1f1a,askacademia_train,losing_paraphrase_gemini,no,no
7e8594a5-e5fa-4fa9-952d-42ecdaab1f1a,askacademia_train,losing_paraphrase_llama,no,no
7e8594a5-e5fa-4fa9-952d-42ecdaab1f1a,askacademia_train,losing_paraphrase_gpt5nano,no,no
7e8594a5-e5fa-4fa9-952d-42ecdaab1f1a,askacademia_train,losing_paraphrase_gpt4omini,no,no
7e8594a5-e5fa-4fa9-952d-42ecdaab1f1a,askacademia_train,losing_paraphrase_mistral,no,no
6afb0fd7-9d43-4e14-ac3f-38b988f6196d,askacademia_train,winning_text,no,no
7e8594a5-e5fa-4fa9-952d-42ecdaab1f1a,askacademia_train,losing_paraphrase_qwen,no,no
6afb0fd7-9d43-4e14-ac3f-38b988f6196d,askacademia_train,losing_text,no,no
6afb0fd7-9d43-4e14-ac3f-38b988f6196d,askacademia_train,losing_generate_claude,no,no
6afb0fd7-9d43-4e14-ac3f-38b988f6196d,askacademia_train,losing_generate_gpt4omini,no,no
6afb0fd7-9d43-4e14-ac3f-38b988f6196d,askacademia_train,losing_generate_gemini,no,no
6afb0fd7-9d43-4e14-ac3f-38b988f6196d,askacademia_train,losing_generate_gpt5nano,no,no
6afb0fd7-9d43-4e14-ac3f-38b988f6196d,askacademia_train,losing_generate_mistral,no,no
6afb0fd7-9d43-4e14-ac3f-38b988f6196d,askacademia_train,losing_generate_llama,no,no
6afb0fd7-9d43-4e14-ac3f-38b988f6196d,askacademia_train,losing_generate_qwen,no,no
6afb0fd7-9d43-4e14-ac3f-38b988f6196d,askacademia_train,losing_improve_claude,no,no
6afb0fd7-9d43-4e14-ac3f-38b988f6196d,askacademia_train,losing_improve_gemini,no,no
6afb0fd7-9d43-4e14-ac3f-38b988f6196d,askacademia_train,losing_improve_gpt4omini,no,no
6afb0fd7-9d43-4e14-ac3f-38b988f6196d,askacademia_train,losing_improve_gpt5nano,no,no
6afb0fd7-9d43-4e14-ac3f-38b988f6196d,askacademia_train,losing_improve_llama,no,no
6afb0fd7-9d43-4e14-ac3f-38b988f6196d,askacademia_train,losing_improve_mistral,no,no
6afb0fd7-9d43-4e14-ac3f-38b988f6196d,askacademia_train,losing_improve_qwen,no,no
6afb0fd7-9d43-4e14-ac3f-38b988f6196d,askacademia_train,losing_paraphrase_gemini,no,no
6afb0fd7-9d43-4e14-ac3f-38b988f6196d,askacademia_train,losing_paraphrase_claude,no,no
6afb0fd7-9d43-4e14-ac3f-38b988f6196d,askacademia_train,losing_paraphrase_gpt4omini,no,no
6afb0fd7-9d43-4e14-ac3f-38b988f6196d,askacademia_train,losing_paraphrase_mistral,no,no
6afb0fd7-9d43-4e14-ac3f-38b988f6196d,askacademia_train,losing_paraphrase_llama,no,no
6afb0fd7-9d43-4e14-ac3f-38b988f6196d,askacademia_train,losing_paraphrase_gpt5nano,no,no
be821d07-8214-483e-bf90-6a87b06546be,askacademia_train,winning_text,no,no
6afb0fd7-9d43-4e14-ac3f-38b988f6196d,askacademia_train,losing_paraphrase_qwen,no,no
be821d07-8214-483e-bf90-6a87b06546be,askacademia_train,losing_generate_claude,no,no
be821d07-8214-483e-bf90-6a87b06546be,askacademia_train,losing_generate_gemini,no,no
be821d07-8214-483e-bf90-6a87b06546be,askacademia_train,losing_text,no,no
be821d07-8214-483e-bf90-6a87b06546be,askacademia_train,losing_generate_gpt5nano,no,no
be821d07-8214-483e-bf90-6a87b06546be,askacademia_train,losing_generate_gpt4omini,no,no
be821d07-8214-483e-bf90-6a87b06546be,askacademia_train,losing_generate_llama,no,no
be821d07-8214-483e-bf90-6a87b06546be,askacademia_train,losing_generate_qwen,no,no
be821d07-8214-483e-bf90-6a87b06546be,askacademia_train,losing_generate_mistral,no,no
be821d07-8214-483e-bf90-6a87b06546be,askacademia_train,losing_improve_gpt4omini,no,no
be821d07-8214-483e-bf90-6a87b06546be,askacademia_train,losing_improve_gemini,no,no
be821d07-8214-483e-bf90-6a87b06546be,askacademia_train,losing_improve_claude,no,no
be821d07-8214-483e-bf90-6a87b06546be,askacademia_train,losing_improve_mistral,no,no
be821d07-8214-483e-bf90-6a87b06546be,askacademia_train,losing_improve_gpt5nano,no,no
be821d07-8214-483e-bf90-6a87b06546be,askacademia_train,losing_improve_llama,no,no
be821d07-8214-483e-bf90-6a87b06546be,askacademia_train,losing_improve_qwen,no,no
be821d07-8214-483e-bf90-6a87b06546be,askacademia_train,losing_paraphrase_gpt5nano,no,no
be821d07-8214-483e-bf90-6a87b06546be,askacademia_train,losing_paraphrase_claude,no,no
be821d07-8214-483e-bf90-6a87b06546be,askacademia_train,losing_paraphrase_gpt4omini,no,no
be821d07-8214-483e-bf90-6a87b06546be,askacademia_train,losing_paraphrase_gemini,no,no
be821d07-8214-483e-bf90-6a87b06546be,askacademia_train,losing_paraphrase_llama,no,no
be821d07-8214-483e-bf90-6a87b06546be,askacademia_train,losing_paraphrase_mistral,no,no
be821d07-8214-483e-bf90-6a87b06546be,askacademia_train,losing_paraphrase_qwen,no,no
eda35455-d5a6-4334-a61c-c4b9f023e3a8,askacademia_train,winning_text,no,no
eda35455-d5a6-4334-a61c-c4b9f023e3a8,askacademia_train,losing_generate_claude,no,no
eda35455-d5a6-4334-a61c-c4b9f023e3a8,askacademia_train,losing_generate_gemini,no,no
eda35455-d5a6-4334-a61c-c4b9f023e3a8,askacademia_train,losing_text,no,no
eda35455-d5a6-4334-a61c-c4b9f023e3a8,askacademia_train,losing_generate_gpt4omini,no,no
eda35455-d5a6-4334-a61c-c4b9f023e3a8,askacademia_train,losing_generate_llama,no,no
eda35455-d5a6-4334-a61c-c4b9f023e3a8,askacademia_train,losing_generate_mistral,no,no
eda35455-d5a6-4334-a61c-c4b9f023e3a8,askacademia_train,losing_generate_gpt5nano,no,no
eda35455-d5a6-4334-a61c-c4b9f023e3a8,askacademia_train,losing_generate_qwen,no,no
eda35455-d5a6-4334-a61c-c4b9f023e3a8,askacademia_train,losing_improve_claude,no,no
eda35455-d5a6-4334-a61c-c4b9f023e3a8,askacademia_train,losing_improve_gemini,no,no
eda35455-d5a6-4334-a61c-c4b9f023e3a8,askacademia_train,losing_improve_gpt4omini,no,no
eda35455-d5a6-4334-a61c-c4b9f023e3a8,askacademia_train,losing_improve_gpt5nano,no,no
eda35455-d5a6-4334-a61c-c4b9f023e3a8,askacademia_train,losing_improve_llama,no,no
eda35455-d5a6-4334-a61c-c4b9f023e3a8,askacademia_train,losing_improve_mistral,no,no
eda35455-d5a6-4334-a61c-c4b9f023e3a8,askacademia_train,losing_improve_qwen,no,no
eda35455-d5a6-4334-a61c-c4b9f023e3a8,askacademia_train,losing_paraphrase_claude,no,no
eda35455-d5a6-4334-a61c-c4b9f023e3a8,askacademia_train,losing_paraphrase_gpt5nano,no,no
eda35455-d5a6-4334-a61c-c4b9f023e3a8,askacademia_train,losing_paraphrase_llama,no,no
eda35455-d5a6-4334-a61c-c4b9f023e3a8,askacademia_train,losing_paraphrase_gemini,no,no
eda35455-d5a6-4334-a61c-c4b9f023e3a8,askacademia_train,losing_paraphrase_gpt4omini,no,no
b4725eac-ba53-4885-9ccf-1c079f85b6de,askacademia_train,winning_text,no,no
eda35455-d5a6-4334-a61c-c4b9f023e3a8,askacademia_train,losing_paraphrase_qwen,no,no
eda35455-d5a6-4334-a61c-c4b9f023e3a8,askacademia_train,losing_paraphrase_mistral,no,no
b4725eac-ba53-4885-9ccf-1c079f85b6de,askacademia_train,losing_text,no,no
b4725eac-ba53-4885-9ccf-1c079f85b6de,askacademia_train,losing_generate_gemini,no,no
b4725eac-ba53-4885-9ccf-1c079f85b6de,askacademia_train,losing_generate_gpt4omini,no,no
b4725eac-ba53-4885-9ccf-1c079f85b6de,askacademia_train,losing_generate_claude,no,no
b4725eac-ba53-4885-9ccf-1c079f85b6de,askacademia_train,losing_generate_gpt5nano,no,no
b4725eac-ba53-4885-9ccf-1c079f85b6de,askacademia_train,losing_improve_claude,no,no
b4725eac-ba53-4885-9ccf-1c079f85b6de,askacademia_train,losing_generate_qwen,no,no
b4725eac-ba53-4885-9ccf-1c079f85b6de,askacademia_train,losing_generate_mistral,no,no
b4725eac-ba53-4885-9ccf-1c079f85b6de,askacademia_train,losing_generate_llama,no,no
b4725eac-ba53-4885-9ccf-1c079f85b6de,askacademia_train,losing_improve_gemini,no,no
b4725eac-ba53-4885-9ccf-1c079f85b6de,askacademia_train,losing_improve_gpt4omini,no,no
b4725eac-ba53-4885-9ccf-1c079f85b6de,askacademia_train,losing_improve_gpt5nano,no,no
b4725eac-ba53-4885-9ccf-1c079f85b6de,askacademia_train,losing_improve_llama,no,no
b4725eac-ba53-4885-9ccf-1c079f85b6de,askacademia_train,losing_paraphrase_claude,no,no
b4725eac-ba53-4885-9ccf-1c079f85b6de,askacademia_train,losing_improve_qwen,no,no
b4725eac-ba53-4885-9ccf-1c079f85b6de,askacademia_train,losing_improve_mistral,no,no
b4725eac-ba53-4885-9ccf-1c079f85b6de,askacademia_train,losing_paraphrase_gemini,no,no
b4725eac-ba53-4885-9ccf-1c079f85b6de,askacademia_train,losing_paraphrase_mistral,no,no
b4725eac-ba53-4885-9ccf-1c079f85b6de,askacademia_train,losing_paraphrase_gpt5nano,no,no
b4725eac-ba53-4885-9ccf-1c079f85b6de,askacademia_train,losing_paraphrase_gpt4omini,no,no
b4725eac-ba53-4885-9ccf-1c079f85b6de,askacademia_train,losing_paraphrase_llama,no,no
b4725eac-ba53-4885-9ccf-1c079f85b6de,askacademia_train,losing_paraphrase_qwen,no,no
20a26a47-78bf-452d-9e37-3437e07d24b3,askacademia_train,winning_text,no,no
20a26a47-78bf-452d-9e37-3437e07d24b3,askacademia_train,losing_generate_claude,no,no
20a26a47-78bf-452d-9e37-3437e07d24b3,askacademia_train,losing_text,no,no
20a26a47-78bf-452d-9e37-3437e07d24b3,askacademia_train,losing_generate_gpt4omini,no,no
20a26a47-78bf-452d-9e37-3437e07d24b3,askacademia_train,losing_generate_llama,no,no
20a26a47-78bf-452d-9e37-3437e07d24b3,askacademia_train,losing_generate_gemini,no,no
20a26a47-78bf-452d-9e37-3437e07d24b3,askacademia_train,losing_generate_gpt5nano,no,no
20a26a47-78bf-452d-9e37-3437e07d24b3,askacademia_train,losing_improve_claude,no,no
20a26a47-78bf-452d-9e37-3437e07d24b3,askacademia_train,losing_generate_mistral,no,no
20a26a47-78bf-452d-9e37-3437e07d24b3,askacademia_train,losing_improve_gemini,no,no
20a26a47-78bf-452d-9e37-3437e07d24b3,askacademia_train,losing_generate_qwen,no,no
20a26a47-78bf-452d-9e37-3437e07d24b3,askacademia_train,losing_improve_gpt4omini,no,no
20a26a47-78bf-452d-9e37-3437e07d24b3,askacademia_train,losing_improve_gpt5nano,no,no
20a26a47-78bf-452d-9e37-3437e07d24b3,askacademia_train,losing_improve_llama,no,no
20a26a47-78bf-452d-9e37-3437e07d24b3,askacademia_train,losing_improve_mistral,no,no
20a26a47-78bf-452d-9e37-3437e07d24b3,askacademia_train,losing_paraphrase_claude,no,no
20a26a47-78bf-452d-9e37-3437e07d24b3,askacademia_train,losing_paraphrase_gemini,no,no
20a26a47-78bf-452d-9e37-3437e07d24b3,askacademia_train,losing_improve_qwen,no,no
20a26a47-78bf-452d-9e37-3437e07d24b3,askacademia_train,losing_paraphrase_gpt4omini,no,no
20a26a47-78bf-452d-9e37-3437e07d24b3,askacademia_train,losing_paraphrase_llama,no,no
20a26a47-78bf-452d-9e37-3437e07d24b3,askacademia_train,losing_paraphrase_gpt5nano,no,no
20a26a47-78bf-452d-9e37-3437e07d24b3,askacademia_train,losing_paraphrase_mistral,no,no
20a26a47-78bf-452d-9e37-3437e07d24b3,askacademia_train,losing_paraphrase_qwen,no,no
e9e43029-19cd-4a50-9c19-32d0fc3c9503,askacademia_train,losing_generate_claude,no,no
e9e43029-19cd-4a50-9c19-32d0fc3c9503,askacademia_train,losing_text,no,no
e9e43029-19cd-4a50-9c19-32d0fc3c9503,askacademia_train,winning_text,no,no
e9e43029-19cd-4a50-9c19-32d0fc3c9503,askacademia_train,losing_generate_gemini,no,no
e9e43029-19cd-4a50-9c19-32d0fc3c9503,askacademia_train,losing_generate_gpt4omini,no,no
e9e43029-19cd-4a50-9c19-32d0fc3c9503,askacademia_train,losing_generate_llama,no,no
e9e43029-19cd-4a50-9c19-32d0fc3c9503,askacademia_train,losing_generate_mistral,no,no
e9e43029-19cd-4a50-9c19-32d0fc3c9503,askacademia_train,losing_generate_gpt5nano,no,no
e9e43029-19cd-4a50-9c19-32d0fc3c9503,askacademia_train,losing_improve_gemini,no,no
e9e43029-19cd-4a50-9c19-32d0fc3c9503,askacademia_train,losing_generate_qwen,no,no
e9e43029-19cd-4a50-9c19-32d0fc3c9503,askacademia_train,losing_improve_claude,no,no
e9e43029-19cd-4a50-9c19-32d0fc3c9503,askacademia_train,losing_improve_gpt4omini,no,no
e9e43029-19cd-4a50-9c19-32d0fc3c9503,askacademia_train,losing_improve_mistral,no,no
e9e43029-19cd-4a50-9c19-32d0fc3c9503,askacademia_train,losing_improve_gpt5nano,no,no
e9e43029-19cd-4a50-9c19-32d0fc3c9503,askacademia_train,losing_improve_qwen,no,no
e9e43029-19cd-4a50-9c19-32d0fc3c9503,askacademia_train,losing_improve_llama,no,no
e9e43029-19cd-4a50-9c19-32d0fc3c9503,askacademia_train,losing_paraphrase_gemini,no,no
e9e43029-19cd-4a50-9c19-32d0fc3c9503,askacademia_train,losing_paraphrase_gpt4omini,no,no
e9e43029-19cd-4a50-9c19-32d0fc3c9503,askacademia_train,losing_paraphrase_claude,no,no
e9e43029-19cd-4a50-9c19-32d0fc3c9503,askacademia_train,losing_paraphrase_gpt5nano,no,no
7ecba3e5-0533-4c42-8691-03e109fc4e86,askacademia_train,winning_text,no,no
e9e43029-19cd-4a50-9c19-32d0fc3c9503,askacademia_train,losing_paraphrase_qwen,no,no
e9e43029-19cd-4a50-9c19-32d0fc3c9503,askacademia_train,losing_paraphrase_llama,no,no
e9e43029-19cd-4a50-9c19-32d0fc3c9503,askacademia_train,losing_paraphrase_mistral,no,no
7ecba3e5-0533-4c42-8691-03e109fc4e86,askacademia_train,losing_generate_gemini,no,no
7ecba3e5-0533-4c42-8691-03e109fc4e86,askacademia_train,losing_generate_gpt4omini,no,no
7ecba3e5-0533-4c42-8691-03e109fc4e86,askacademia_train,losing_generate_claude,no,no
7ecba3e5-0533-4c42-8691-03e109fc4e86,askacademia_train,losing_text,no,no
7ecba3e5-0533-4c42-8691-03e109fc4e86,askacademia_train,losing_generate_qwen,no,no
7ecba3e5-0533-4c42-8691-03e109fc4e86,askacademia_train,losing_generate_mistral,no,no
7ecba3e5-0533-4c42-8691-03e109fc4e86,askacademia_train,losing_generate_llama,no,no
7ecba3e5-0533-4c42-8691-03e109fc4e86,askacademia_train,losing_improve_gemini,no,no
7ecba3e5-0533-4c42-8691-03e109fc4e86,askacademia_train,losing_improve_gpt4omini,no,no
7ecba3e5-0533-4c42-8691-03e109fc4e86,askacademia_train,losing_generate_gpt5nano,no,no
7ecba3e5-0533-4c42-8691-03e109fc4e86,askacademia_train,losing_improve_claude,no,no
7ecba3e5-0533-4c42-8691-03e109fc4e86,askacademia_train,losing_improve_gpt5nano,no,no
7ecba3e5-0533-4c42-8691-03e109fc4e86,askacademia_train,losing_improve_qwen,no,no
7ecba3e5-0533-4c42-8691-03e109fc4e86,askacademia_train,losing_improve_llama,no,no
7ecba3e5-0533-4c42-8691-03e109fc4e86,askacademia_train,losing_improve_mistral,no,no
7ecba3e5-0533-4c42-8691-03e109fc4e86,askacademia_train,losing_paraphrase_gpt5nano,no,no
7ecba3e5-0533-4c42-8691-03e109fc4e86,askacademia_train,losing_paraphrase_claude,no,no
7ecba3e5-0533-4c42-8691-03e109fc4e86,askacademia_train,losing_paraphrase_llama,no,no
7ecba3e5-0533-4c42-8691-03e109fc4e86,askacademia_train,losing_paraphrase_gpt4omini,no,no
7ecba3e5-0533-4c42-8691-03e109fc4e86,askacademia_train,losing_paraphrase_gemini,no,no
7ecba3e5-0533-4c42-8691-03e109fc4e86,askacademia_train,losing_paraphrase_mistral,no,no
7ecba3e5-0533-4c42-8691-03e109fc4e86,askacademia_train,losing_paraphrase_qwen,no,no
3d3e034a-2230-46ec-a57b-9a449e76ec89,askacademia_train,winning_text,no,no
3d3e034a-2230-46ec-a57b-9a449e76ec89,askacademia_train,losing_text,no,no
3d3e034a-2230-46ec-a57b-9a449e76ec89,askacademia_train,losing_generate_claude,no,no
3d3e034a-2230-46ec-a57b-9a449e76ec89,askacademia_train,losing_generate_gpt4omini,no,no
3d3e034a-2230-46ec-a57b-9a449e76ec89,askacademia_train,losing_generate_gemini,no,no
3d3e034a-2230-46ec-a57b-9a449e76ec89,askacademia_train,losing_generate_gpt5nano,no,no
3d3e034a-2230-46ec-a57b-9a449e76ec89,askacademia_train,losing_generate_mistral,no,no
3d3e034a-2230-46ec-a57b-9a449e76ec89,askacademia_train,losing_generate_qwen,no,no
3d3e034a-2230-46ec-a57b-9a449e76ec89,askacademia_train,losing_generate_llama,no,no
3d3e034a-2230-46ec-a57b-9a449e76ec89,askacademia_train,losing_improve_gemini,no,no
3d3e034a-2230-46ec-a57b-9a449e76ec89,askacademia_train,losing_improve_claude,no,no
3d3e034a-2230-46ec-a57b-9a449e76ec89,askacademia_train,losing_improve_gpt5nano,no,no
3d3e034a-2230-46ec-a57b-9a449e76ec89,askacademia_train,losing_improve_gpt4omini,no,no
3d3e034a-2230-46ec-a57b-9a449e76ec89,askacademia_train,losing_improve_llama,no,no
3d3e034a-2230-46ec-a57b-9a449e76ec89,askacademia_train,losing_improve_qwen,no,no
3d3e034a-2230-46ec-a57b-9a449e76ec89,askacademia_train,losing_improve_mistral,no,no
3d3e034a-2230-46ec-a57b-9a449e76ec89,askacademia_train,losing_paraphrase_claude,no,no
3d3e034a-2230-46ec-a57b-9a449e76ec89,askacademia_train,losing_paraphrase_llama,no,no
3d3e034a-2230-46ec-a57b-9a449e76ec89,askacademia_train,losing_paraphrase_gpt4omini,no,no
3d3e034a-2230-46ec-a57b-9a449e76ec89,askacademia_train,losing_paraphrase_gemini,no,no
3d3e034a-2230-46ec-a57b-9a449e76ec89,askacademia_train,losing_paraphrase_gpt5nano,no,no
3d3e034a-2230-46ec-a57b-9a449e76ec89,askacademia_train,losing_paraphrase_mistral,no,no
5cfe511d-59ec-4d7a-abb5-7bff22380bd1,askacademia_train,losing_text,no,no
3d3e034a-2230-46ec-a57b-9a449e76ec89,askacademia_train,losing_paraphrase_qwen,no,no
5cfe511d-59ec-4d7a-abb5-7bff22380bd1,askacademia_train,winning_text,no,no
5cfe511d-59ec-4d7a-abb5-7bff22380bd1,askacademia_train,losing_generate_gpt5nano,no,no
5cfe511d-59ec-4d7a-abb5-7bff22380bd1,askacademia_train,losing_generate_claude,no,no
5cfe511d-59ec-4d7a-abb5-7bff22380bd1,askacademia_train,losing_generate_gpt4omini,no,no
5cfe511d-59ec-4d7a-abb5-7bff22380bd1,askacademia_train,losing_generate_llama,no,no
5cfe511d-59ec-4d7a-abb5-7bff22380bd1,askacademia_train,losing_generate_gemini,no,no
5cfe511d-59ec-4d7a-abb5-7bff22380bd1,askacademia_train,losing_generate_mistral,no,no
5cfe511d-59ec-4d7a-abb5-7bff22380bd1,askacademia_train,losing_generate_qwen,no,no
5cfe511d-59ec-4d7a-abb5-7bff22380bd1,askacademia_train,losing_improve_claude,no,no
5cfe511d-59ec-4d7a-abb5-7bff22380bd1,askacademia_train,losing_improve_gpt4omini,no,no
5cfe511d-59ec-4d7a-abb5-7bff22380bd1,askacademia_train,losing_improve_gemini,no,no
5cfe511d-59ec-4d7a-abb5-7bff22380bd1,askacademia_train,losing_improve_gpt5nano,no,no
5cfe511d-59ec-4d7a-abb5-7bff22380bd1,askacademia_train,losing_improve_mistral,no,no
5cfe511d-59ec-4d7a-abb5-7bff22380bd1,askacademia_train,losing_improve_llama,no,no
5cfe511d-59ec-4d7a-abb5-7bff22380bd1,askacademia_train,losing_improve_qwen,no,no
5cfe511d-59ec-4d7a-abb5-7bff22380bd1,askacademia_train,losing_paraphrase_claude,no,no
5cfe511d-59ec-4d7a-abb5-7bff22380bd1,askacademia_train,losing_paraphrase_gemini,no,no
5cfe511d-59ec-4d7a-abb5-7bff22380bd1,askacademia_train,losing_paraphrase_mistral,no,no
5cfe511d-59ec-4d7a-abb5-7bff22380bd1,askacademia_train,losing_paraphrase_gpt5nano,no,no
5cfe511d-59ec-4d7a-abb5-7bff22380bd1,askacademia_train,losing_paraphrase_gpt4omini,no,no
5cfe511d-59ec-4d7a-abb5-7bff22380bd1,askacademia_train,losing_paraphrase_qwen,no,no
5cfe511d-59ec-4d7a-abb5-7bff22380bd1,askacademia_train,losing_paraphrase_llama,no,no
60d8cbf5-e8a3-4820-856f-d9a8c1c305ab,askacademia_train,losing_text,no,no
60d8cbf5-e8a3-4820-856f-d9a8c1c305ab,askacademia_train,losing_generate_claude,no,no
60d8cbf5-e8a3-4820-856f-d9a8c1c305ab,askacademia_train,winning_text,no,no
60d8cbf5-e8a3-4820-856f-d9a8c1c305ab,askacademia_train,losing_generate_gemini,no,no
60d8cbf5-e8a3-4820-856f-d9a8c1c305ab,askacademia_train,losing_generate_gpt4omini,no,no
60d8cbf5-e8a3-4820-856f-d9a8c1c305ab,askacademia_train,losing_generate_gpt5nano,no,no
60d8cbf5-e8a3-4820-856f-d9a8c1c305ab,askacademia_train,losing_generate_llama,no,no
60d8cbf5-e8a3-4820-856f-d9a8c1c305ab,askacademia_train,losing_generate_mistral,no,no
60d8cbf5-e8a3-4820-856f-d9a8c1c305ab,askacademia_train,losing_improve_claude,no,no
60d8cbf5-e8a3-4820-856f-d9a8c1c305ab,askacademia_train,losing_generate_qwen,no,no
60d8cbf5-e8a3-4820-856f-d9a8c1c305ab,askacademia_train,losing_improve_gemini,no,no
60d8cbf5-e8a3-4820-856f-d9a8c1c305ab,askacademia_train,losing_improve_gpt5nano,no,no
60d8cbf5-e8a3-4820-856f-d9a8c1c305ab,askacademia_train,losing_improve_gpt4omini,no,no
60d8cbf5-e8a3-4820-856f-d9a8c1c305ab,askacademia_train,losing_improve_qwen,no,no
60d8cbf5-e8a3-4820-856f-d9a8c1c305ab,askacademia_train,losing_improve_llama,no,no
60d8cbf5-e8a3-4820-856f-d9a8c1c305ab,askacademia_train,losing_improve_mistral,no,no
60d8cbf5-e8a3-4820-856f-d9a8c1c305ab,askacademia_train,losing_paraphrase_gemini,no,no
60d8cbf5-e8a3-4820-856f-d9a8c1c305ab,askacademia_train,losing_paraphrase_claude,no,no
60d8cbf5-e8a3-4820-856f-d9a8c1c305ab,askacademia_train,losing_paraphrase_gpt4omini,no,no
1b16ac33-438c-407c-a248-5b96e0a3e4eb,askacademia_train,winning_text,no,no
60d8cbf5-e8a3-4820-856f-d9a8c1c305ab,askacademia_train,losing_paraphrase_qwen,no,no
60d8cbf5-e8a3-4820-856f-d9a8c1c305ab,askacademia_train,losing_paraphrase_llama,no,no
60d8cbf5-e8a3-4820-856f-d9a8c1c305ab,askacademia_train,losing_paraphrase_mistral,no,no
60d8cbf5-e8a3-4820-856f-d9a8c1c305ab,askacademia_train,losing_paraphrase_gpt5nano,no,no
1b16ac33-438c-407c-a248-5b96e0a3e4eb,askacademia_train,losing_generate_claude,no,no
1b16ac33-438c-407c-a248-5b96e0a3e4eb,askacademia_train,losing_generate_gemini,no,no
1b16ac33-438c-407c-a248-5b96e0a3e4eb,askacademia_train,losing_text,no,no
1b16ac33-438c-407c-a248-5b96e0a3e4eb,askacademia_train,losing_generate_gpt5nano,no,no
1b16ac33-438c-407c-a248-5b96e0a3e4eb,askacademia_train,losing_generate_gpt4omini,no,no
1b16ac33-438c-407c-a248-5b96e0a3e4eb,askacademia_train,losing_generate_llama,no,no
1b16ac33-438c-407c-a248-5b96e0a3e4eb,askacademia_train,losing_generate_qwen,no,no
1b16ac33-438c-407c-a248-5b96e0a3e4eb,askacademia_train,losing_generate_mistral,no,no
1b16ac33-438c-407c-a248-5b96e0a3e4eb,askacademia_train,losing_improve_gemini,no,no
1b16ac33-438c-407c-a248-5b96e0a3e4eb,askacademia_train,losing_improve_gpt4omini,no,no
1b16ac33-438c-407c-a248-5b96e0a3e4eb,askacademia_train,losing_improve_claude,no,no
1b16ac33-438c-407c-a248-5b96e0a3e4eb,askacademia_train,losing_improve_llama,no,no
1b16ac33-438c-407c-a248-5b96e0a3e4eb,askacademia_train,losing_paraphrase_claude,no,no
1b16ac33-438c-407c-a248-5b96e0a3e4eb,askacademia_train,losing_improve_gpt5nano,no,no
1b16ac33-438c-407c-a248-5b96e0a3e4eb,askacademia_train,losing_improve_qwen,no,no
1b16ac33-438c-407c-a248-5b96e0a3e4eb,askacademia_train,losing_improve_mistral,no,no
1b16ac33-438c-407c-a248-5b96e0a3e4eb,askacademia_train,losing_paraphrase_gemini,no,no
1b16ac33-438c-407c-a248-5b96e0a3e4eb,askacademia_train,losing_paraphrase_gpt5nano,no,no
1b16ac33-438c-407c-a248-5b96e0a3e4eb,askacademia_train,losing_paraphrase_gpt4omini,no,no
1b16ac33-438c-407c-a248-5b96e0a3e4eb,askacademia_train,losing_paraphrase_llama,no,no
1b16ac33-438c-407c-a248-5b96e0a3e4eb,askacademia_train,losing_paraphrase_qwen,no,no
1b16ac33-438c-407c-a248-5b96e0a3e4eb,askacademia_train,losing_paraphrase_mistral,no,no
d6079abd-6c4b-4ad8-af07-25a51e1c4873,askacademia_train,losing_text,no,no
d6079abd-6c4b-4ad8-af07-25a51e1c4873,askacademia_train,winning_text,no,no
d6079abd-6c4b-4ad8-af07-25a51e1c4873,askacademia_train,losing_generate_gemini,no,no
d6079abd-6c4b-4ad8-af07-25a51e1c4873,askacademia_train,losing_generate_gpt4omini,no,no
d6079abd-6c4b-4ad8-af07-25a51e1c4873,askacademia_train,losing_generate_claude,no,no
d6079abd-6c4b-4ad8-af07-25a51e1c4873,askacademia_train,losing_generate_qwen,no,no
d6079abd-6c4b-4ad8-af07-25a51e1c4873,askacademia_train,losing_generate_mistral,no,no
d6079abd-6c4b-4ad8-af07-25a51e1c4873,askacademia_train,losing_improve_claude,no,no
d6079abd-6c4b-4ad8-af07-25a51e1c4873,askacademia_train,losing_generate_gpt5nano,no,no
d6079abd-6c4b-4ad8-af07-25a51e1c4873,askacademia_train,losing_generate_llama,no,no
d6079abd-6c4b-4ad8-af07-25a51e1c4873,askacademia_train,losing_improve_gpt5nano,no,no
d6079abd-6c4b-4ad8-af07-25a51e1c4873,askacademia_train,losing_improve_gpt4omini,no,no
d6079abd-6c4b-4ad8-af07-25a51e1c4873,askacademia_train,losing_improve_gemini,no,no
d6079abd-6c4b-4ad8-af07-25a51e1c4873,askacademia_train,losing_improve_mistral,no,no
d6079abd-6c4b-4ad8-af07-25a51e1c4873,askacademia_train,losing_improve_llama,no,no
d6079abd-6c4b-4ad8-af07-25a51e1c4873,askacademia_train,losing_paraphrase_claude,no,no
d6079abd-6c4b-4ad8-af07-25a51e1c4873,askacademia_train,losing_improve_qwen,no,no
d6079abd-6c4b-4ad8-af07-25a51e1c4873,askacademia_train,losing_paraphrase_gemini,no,no
d6079abd-6c4b-4ad8-af07-25a51e1c4873,askacademia_train,losing_paraphrase_llama,no,no
d6079abd-6c4b-4ad8-af07-25a51e1c4873,askacademia_train,losing_paraphrase_gpt4omini,no,no
d6079abd-6c4b-4ad8-af07-25a51e1c4873,askacademia_train,losing_paraphrase_gpt5nano,no,no
d6079abd-6c4b-4ad8-af07-25a51e1c4873,askacademia_train,losing_paraphrase_qwen,no,no
b92931aa-e3a9-46ff-a6a3-bb50145b6c46,askacademia_train,losing_text,no,no
b92931aa-e3a9-46ff-a6a3-bb50145b6c46,askacademia_train,losing_generate_claude,no,no
d6079abd-6c4b-4ad8-af07-25a51e1c4873,askacademia_train,losing_paraphrase_mistral,no,no
b92931aa-e3a9-46ff-a6a3-bb50145b6c46,askacademia_train,winning_text,no,no
b92931aa-e3a9-46ff-a6a3-bb50145b6c46,askacademia_train,losing_generate_gemini,no,no
b92931aa-e3a9-46ff-a6a3-bb50145b6c46,askacademia_train,losing_generate_gpt5nano,no,no
b92931aa-e3a9-46ff-a6a3-bb50145b6c46,askacademia_train,losing_generate_gpt4omini,no,no
b92931aa-e3a9-46ff-a6a3-bb50145b6c46,askacademia_train,losing_generate_qwen,no,no
b92931aa-e3a9-46ff-a6a3-bb50145b6c46,askacademia_train,losing_improve_claude,no,no
b92931aa-e3a9-46ff-a6a3-bb50145b6c46,askacademia_train,losing_improve_gemini,no,no
b92931aa-e3a9-46ff-a6a3-bb50145b6c46,askacademia_train,losing_generate_mistral,no,no
b92931aa-e3a9-46ff-a6a3-bb50145b6c46,askacademia_train,losing_generate_llama,no,no
b92931aa-e3a9-46ff-a6a3-bb50145b6c46,askacademia_train,losing_improve_gpt5nano,no,no
b92931aa-e3a9-46ff-a6a3-bb50145b6c46,askacademia_train,losing_improve_gpt4omini,no,no
b92931aa-e3a9-46ff-a6a3-bb50145b6c46,askacademia_train,losing_improve_llama,no,no
b92931aa-e3a9-46ff-a6a3-bb50145b6c46,askacademia_train,losing_improve_qwen,no,no
b92931aa-e3a9-46ff-a6a3-bb50145b6c46,askacademia_train,losing_improve_mistral,no,no
b92931aa-e3a9-46ff-a6a3-bb50145b6c46,askacademia_train,losing_paraphrase_gpt4omini,no,no
b92931aa-e3a9-46ff-a6a3-bb50145b6c46,askacademia_train,losing_paraphrase_gemini,no,no
b92931aa-e3a9-46ff-a6a3-bb50145b6c46,askacademia_train,losing_paraphrase_claude,no,no
b92931aa-e3a9-46ff-a6a3-bb50145b6c46,askacademia_train,losing_paraphrase_mistral,no,no
b92931aa-e3a9-46ff-a6a3-bb50145b6c46,askacademia_train,losing_paraphrase_gpt5nano,no,no
b92931aa-e3a9-46ff-a6a3-bb50145b6c46,askacademia_train,losing_paraphrase_llama,no,no
fd3579b8-19ab-4618-977b-7a60a7d22e18,askacademia_train,losing_generate_gemini,no,no
fd3579b8-19ab-4618-977b-7a60a7d22e18,askacademia_train,losing_generate_claude,no,no
b92931aa-e3a9-46ff-a6a3-bb50145b6c46,askacademia_train,losing_paraphrase_qwen,no,no
fd3579b8-19ab-4618-977b-7a60a7d22e18,askacademia_train,losing_text,no,no
fd3579b8-19ab-4618-977b-7a60a7d22e18,askacademia_train,winning_text,no,no
fd3579b8-19ab-4618-977b-7a60a7d22e18,askacademia_train,losing_generate_llama,no,no
fd3579b8-19ab-4618-977b-7a60a7d22e18,askacademia_train,losing_generate_gpt4omini,no,no
fd3579b8-19ab-4618-977b-7a60a7d22e18,askacademia_train,losing_generate_gpt5nano,no,no
fd3579b8-19ab-4618-977b-7a60a7d22e18,askacademia_train,losing_improve_claude,no,no
fd3579b8-19ab-4618-977b-7a60a7d22e18,askacademia_train,losing_generate_mistral,no,no
fd3579b8-19ab-4618-977b-7a60a7d22e18,askacademia_train,losing_improve_gemini,no,no
fd3579b8-19ab-4618-977b-7a60a7d22e18,askacademia_train,losing_generate_qwen,no,no
fd3579b8-19ab-4618-977b-7a60a7d22e18,askacademia_train,losing_improve_gpt4omini,no,no
fd3579b8-19ab-4618-977b-7a60a7d22e18,askacademia_train,losing_improve_gpt5nano,no,no
fd3579b8-19ab-4618-977b-7a60a7d22e18,askacademia_train,losing_improve_mistral,no,no
fd3579b8-19ab-4618-977b-7a60a7d22e18,askacademia_train,losing_improve_llama,no,no
fd3579b8-19ab-4618-977b-7a60a7d22e18,askacademia_train,losing_improve_qwen,no,no
fd3579b8-19ab-4618-977b-7a60a7d22e18,askacademia_train,losing_paraphrase_gemini,no,no
fd3579b8-19ab-4618-977b-7a60a7d22e18,askacademia_train,losing_paraphrase_gpt4omini,no,no
fd3579b8-19ab-4618-977b-7a60a7d22e18,askacademia_train,losing_paraphrase_claude,no,no
fd3579b8-19ab-4618-977b-7a60a7d22e18,askacademia_train,losing_paraphrase_gpt5nano,no,no
fd3579b8-19ab-4618-977b-7a60a7d22e18,askacademia_train,losing_paraphrase_qwen,no,no
fd3579b8-19ab-4618-977b-7a60a7d22e18,askacademia_train,losing_paraphrase_llama,no,no
fd3579b8-19ab-4618-977b-7a60a7d22e18,askacademia_train,losing_paraphrase_mistral,no,no
a64e70ee-3677-49cd-a853-addd633c8b16,askacademia_train,winning_text,no,no
a64e70ee-3677-49cd-a853-addd633c8b16,askacademia_train,losing_text,no,no
a64e70ee-3677-49cd-a853-addd633c8b16,askacademia_train,losing_generate_claude,no,no
a64e70ee-3677-49cd-a853-addd633c8b16,askacademia_train,losing_generate_gemini,no,no
a64e70ee-3677-49cd-a853-addd633c8b16,askacademia_train,losing_generate_gpt4omini,no,no
a64e70ee-3677-49cd-a853-addd633c8b16,askacademia_train,losing_generate_mistral,no,no
a64e70ee-3677-49cd-a853-addd633c8b16,askacademia_train,losing_generate_gpt5nano,no,no
a64e70ee-3677-49cd-a853-addd633c8b16,askacademia_train,losing_generate_llama,no,no
a64e70ee-3677-49cd-a853-addd633c8b16,askacademia_train,losing_improve_gemini,no,no
a64e70ee-3677-49cd-a853-addd633c8b16,askacademia_train,losing_generate_qwen,no,no
a64e70ee-3677-49cd-a853-addd633c8b16,askacademia_train,losing_improve_claude,no,no
a64e70ee-3677-49cd-a853-addd633c8b16,askacademia_train,losing_improve_gpt4omini,no,no
a64e70ee-3677-49cd-a853-addd633c8b16,askacademia_train,losing_improve_gpt5nano,no,no
a64e70ee-3677-49cd-a853-addd633c8b16,askacademia_train,losing_improve_qwen,no,no
a64e70ee-3677-49cd-a853-addd633c8b16,askacademia_train,losing_improve_mistral,no,no
a64e70ee-3677-49cd-a853-addd633c8b16,askacademia_train,losing_improve_llama,no,no
a64e70ee-3677-49cd-a853-addd633c8b16,askacademia_train,losing_paraphrase_gpt5nano,no,no
a64e70ee-3677-49cd-a853-addd633c8b16,askacademia_train,losing_paraphrase_gemini,no,no
a64e70ee-3677-49cd-a853-addd633c8b16,askacademia_train,losing_paraphrase_gpt4omini,no,no
a64e70ee-3677-49cd-a853-addd633c8b16,askacademia_train,losing_paraphrase_claude,no,no
a64e70ee-3677-49cd-a853-addd633c8b16,askacademia_train,losing_paraphrase_llama,no,no
b861c503-9c22-4c41-92b3-f77ac46e7fd5,askacademia_train,winning_text,no,no
a64e70ee-3677-49cd-a853-addd633c8b16,askacademia_train,losing_paraphrase_qwen,no,no
a64e70ee-3677-49cd-a853-addd633c8b16,askacademia_train,losing_paraphrase_mistral,no,no
b861c503-9c22-4c41-92b3-f77ac46e7fd5,askacademia_train,losing_generate_gpt4omini,no,no
b861c503-9c22-4c41-92b3-f77ac46e7fd5,askacademia_train,losing_generate_gpt5nano,no,no
b861c503-9c22-4c41-92b3-f77ac46e7fd5,askacademia_train,losing_text,no,no
b861c503-9c22-4c41-92b3-f77ac46e7fd5,askacademia_train,losing_generate_claude,no,no
b861c503-9c22-4c41-92b3-f77ac46e7fd5,askacademia_train,losing_generate_gemini,no,no
b861c503-9c22-4c41-92b3-f77ac46e7fd5,askacademia_train,losing_generate_mistral,no,no
b861c503-9c22-4c41-92b3-f77ac46e7fd5,askacademia_train,losing_generate_qwen,no,no
b861c503-9c22-4c41-92b3-f77ac46e7fd5,askacademia_train,losing_generate_llama,no,no
b861c503-9c22-4c41-92b3-f77ac46e7fd5,askacademia_train,losing_improve_gpt5nano,no,no
b861c503-9c22-4c41-92b3-f77ac46e7fd5,askacademia_train,losing_improve_claude,no,no
b861c503-9c22-4c41-92b3-f77ac46e7fd5,askacademia_train,losing_improve_llama,no,no
b861c503-9c22-4c41-92b3-f77ac46e7fd5,askacademia_train,losing_improve_gemini,no,no
b861c503-9c22-4c41-92b3-f77ac46e7fd5,askacademia_train,losing_improve_gpt4omini,no,no
b861c503-9c22-4c41-92b3-f77ac46e7fd5,askacademia_train,losing_improve_qwen,no,no
b861c503-9c22-4c41-92b3-f77ac46e7fd5,askacademia_train,losing_improve_mistral,no,no
b861c503-9c22-4c41-92b3-f77ac46e7fd5,askacademia_train,losing_paraphrase_claude,no,no
b861c503-9c22-4c41-92b3-f77ac46e7fd5,askacademia_train,losing_paraphrase_gpt5nano,no,no
b861c503-9c22-4c41-92b3-f77ac46e7fd5,askacademia_train,losing_paraphrase_gemini,no,no
b861c503-9c22-4c41-92b3-f77ac46e7fd5,askacademia_train,losing_paraphrase_gpt4omini,no,no
b861c503-9c22-4c41-92b3-f77ac46e7fd5,askacademia_train,losing_paraphrase_mistral,no,no
b861c503-9c22-4c41-92b3-f77ac46e7fd5,askacademia_train,losing_paraphrase_llama,no,no
54402fd6-8984-4a3b-ad3e-64e967c8ba00,askacademia_train,winning_text,no,no
54402fd6-8984-4a3b-ad3e-64e967c8ba00,askacademia_train,losing_text,no,no
b861c503-9c22-4c41-92b3-f77ac46e7fd5,askacademia_train,losing_paraphrase_qwen,no,no
54402fd6-8984-4a3b-ad3e-64e967c8ba00,askacademia_train,losing_generate_gpt4omini,no,no
54402fd6-8984-4a3b-ad3e-64e967c8ba00,askacademia_train,losing_generate_gemini,no,no
54402fd6-8984-4a3b-ad3e-64e967c8ba00,askacademia_train,losing_generate_claude,no,no
54402fd6-8984-4a3b-ad3e-64e967c8ba00,askacademia_train,losing_generate_llama,no,no
54402fd6-8984-4a3b-ad3e-64e967c8ba00,askacademia_train,losing_generate_gpt5nano,no,no
54402fd6-8984-4a3b-ad3e-64e967c8ba00,askacademia_train,losing_generate_mistral,no,no
54402fd6-8984-4a3b-ad3e-64e967c8ba00,askacademia_train,losing_generate_qwen,no,no
54402fd6-8984-4a3b-ad3e-64e967c8ba00,askacademia_train,losing_improve_claude,no,no
54402fd6-8984-4a3b-ad3e-64e967c8ba00,askacademia_train,losing_improve_gemini,no,no
54402fd6-8984-4a3b-ad3e-64e967c8ba00,askacademia_train,losing_improve_gpt4omini,no,no
54402fd6-8984-4a3b-ad3e-64e967c8ba00,askacademia_train,losing_improve_gpt5nano,no,no
54402fd6-8984-4a3b-ad3e-64e967c8ba00,askacademia_train,losing_improve_llama,no,no
54402fd6-8984-4a3b-ad3e-64e967c8ba00,askacademia_train,losing_improve_mistral,no,no
54402fd6-8984-4a3b-ad3e-64e967c8ba00,askacademia_train,losing_paraphrase_claude,no,no
54402fd6-8984-4a3b-ad3e-64e967c8ba00,askacademia_train,losing_improve_qwen,no,no
54402fd6-8984-4a3b-ad3e-64e967c8ba00,askacademia_train,losing_paraphrase_gemini,no,no
54402fd6-8984-4a3b-ad3e-64e967c8ba00,askacademia_train,losing_paraphrase_llama,no,no
54402fd6-8984-4a3b-ad3e-64e967c8ba00,askacademia_train,losing_paraphrase_gpt5nano,no,no
54402fd6-8984-4a3b-ad3e-64e967c8ba00,askacademia_train,losing_paraphrase_gpt4omini,no,no
54402fd6-8984-4a3b-ad3e-64e967c8ba00,askacademia_train,losing_paraphrase_mistral,no,no
54402fd6-8984-4a3b-ad3e-64e967c8ba00,askacademia_train,losing_paraphrase_qwen,no,no
a848e5be-ac4a-406d-82b3-7af66fc9916c,askacademia_train,losing_text,no,no
a848e5be-ac4a-406d-82b3-7af66fc9916c,askacademia_train,winning_text,no,no
a848e5be-ac4a-406d-82b3-7af66fc9916c,askacademia_train,losing_generate_gemini,no,no
a848e5be-ac4a-406d-82b3-7af66fc9916c,askacademia_train,losing_generate_gpt4omini,no,no
a848e5be-ac4a-406d-82b3-7af66fc9916c,askacademia_train,losing_generate_gpt5nano,no,no
a848e5be-ac4a-406d-82b3-7af66fc9916c,askacademia_train,losing_generate_claude,no,no
a848e5be-ac4a-406d-82b3-7af66fc9916c,askacademia_train,losing_generate_mistral,no,no
a848e5be-ac4a-406d-82b3-7af66fc9916c,askacademia_train,losing_generate_llama,no,no
a848e5be-ac4a-406d-82b3-7af66fc9916c,askacademia_train,losing_improve_claude,no,no
a848e5be-ac4a-406d-82b3-7af66fc9916c,askacademia_train,losing_generate_qwen,no,no
a848e5be-ac4a-406d-82b3-7af66fc9916c,askacademia_train,losing_improve_gpt4omini,no,no
a848e5be-ac4a-406d-82b3-7af66fc9916c,askacademia_train,losing_improve_gemini,no,no
a848e5be-ac4a-406d-82b3-7af66fc9916c,askacademia_train,losing_improve_gpt5nano,no,no
a848e5be-ac4a-406d-82b3-7af66fc9916c,askacademia_train,losing_improve_llama,no,no
a848e5be-ac4a-406d-82b3-7af66fc9916c,askacademia_train,losing_improve_qwen,no,no
a848e5be-ac4a-406d-82b3-7af66fc9916c,askacademia_train,losing_improve_mistral,no,no
a848e5be-ac4a-406d-82b3-7af66fc9916c,askacademia_train,losing_paraphrase_gemini,no,no
a848e5be-ac4a-406d-82b3-7af66fc9916c,askacademia_train,losing_paraphrase_claude,no,no
a848e5be-ac4a-406d-82b3-7af66fc9916c,askacademia_train,losing_paraphrase_mistral,no,no
a848e5be-ac4a-406d-82b3-7af66fc9916c,askacademia_train,losing_paraphrase_llama,no,no
a848e5be-ac4a-406d-82b3-7af66fc9916c,askacademia_train,losing_paraphrase_gpt4omini,no,no
a848e5be-ac4a-406d-82b3-7af66fc9916c,askacademia_train,losing_paraphrase_gpt5nano,no,no
164e3ef1-36d6-4f08-bcff-846dc0252a17,askacademia_train,winning_text,no,no
a848e5be-ac4a-406d-82b3-7af66fc9916c,askacademia_train,losing_paraphrase_qwen,no,no
164e3ef1-36d6-4f08-bcff-846dc0252a17,askacademia_train,losing_generate_claude,no,no
164e3ef1-36d6-4f08-bcff-846dc0252a17,askacademia_train,losing_text,no,no
164e3ef1-36d6-4f08-bcff-846dc0252a17,askacademia_train,losing_generate_gpt5nano,no,no
164e3ef1-36d6-4f08-bcff-846dc0252a17,askacademia_train,losing_generate_gpt4omini,no,no
164e3ef1-36d6-4f08-bcff-846dc0252a17,askacademia_train,losing_generate_llama,no,no
164e3ef1-36d6-4f08-bcff-846dc0252a17,askacademia_train,losing_generate_gemini,no,no
164e3ef1-36d6-4f08-bcff-846dc0252a17,askacademia_train,losing_generate_qwen,no,no
164e3ef1-36d6-4f08-bcff-846dc0252a17,askacademia_train,losing_generate_mistral,no,no
164e3ef1-36d6-4f08-bcff-846dc0252a17,askacademia_train,losing_improve_claude,no,no
164e3ef1-36d6-4f08-bcff-846dc0252a17,askacademia_train,losing_improve_gemini,no,no
164e3ef1-36d6-4f08-bcff-846dc0252a17,askacademia_train,losing_improve_gpt4omini,no,no
164e3ef1-36d6-4f08-bcff-846dc0252a17,askacademia_train,losing_improve_gpt5nano,no,no
164e3ef1-36d6-4f08-bcff-846dc0252a17,askacademia_train,losing_improve_llama,no,no
164e3ef1-36d6-4f08-bcff-846dc0252a17,askacademia_train,losing_paraphrase_claude,no,no
164e3ef1-36d6-4f08-bcff-846dc0252a17,askacademia_train,losing_improve_qwen,no,no
164e3ef1-36d6-4f08-bcff-846dc0252a17,askacademia_train,losing_paraphrase_gpt4omini,no,no
164e3ef1-36d6-4f08-bcff-846dc0252a17,askacademia_train,losing_improve_mistral,no,no
164e3ef1-36d6-4f08-bcff-846dc0252a17,askacademia_train,losing_paraphrase_gemini,no,no
164e3ef1-36d6-4f08-bcff-846dc0252a17,askacademia_train,losing_paraphrase_llama,no,no
164e3ef1-36d6-4f08-bcff-846dc0252a17,askacademia_train,losing_paraphrase_mistral,no,no
164e3ef1-36d6-4f08-bcff-846dc0252a17,askacademia_train,losing_paraphrase_gpt5nano,no,no
164e3ef1-36d6-4f08-bcff-846dc0252a17,askacademia_train,losing_paraphrase_qwen,no,no
1ab716b6-4d1e-49ea-bcb7-8700554c916b,askacademia_train,winning_text,no,no
1ab716b6-4d1e-49ea-bcb7-8700554c916b,askacademia_train,losing_generate_claude,no,no
1ab716b6-4d1e-49ea-bcb7-8700554c916b,askacademia_train,losing_text,no,no
1ab716b6-4d1e-49ea-bcb7-8700554c916b,askacademia_train,losing_generate_gemini,no,no
1ab716b6-4d1e-49ea-bcb7-8700554c916b,askacademia_train,losing_generate_llama,no,no
1ab716b6-4d1e-49ea-bcb7-8700554c916b,askacademia_train,losing_generate_gpt5nano,no,no
1ab716b6-4d1e-49ea-bcb7-8700554c916b,askacademia_train,losing_generate_gpt4omini,no,no
1ab716b6-4d1e-49ea-bcb7-8700554c916b,askacademia_train,losing_generate_mistral,no,no
1ab716b6-4d1e-49ea-bcb7-8700554c916b,askacademia_train,losing_generate_qwen,no,no
1ab716b6-4d1e-49ea-bcb7-8700554c916b,askacademia_train,losing_improve_gemini,no,no
1ab716b6-4d1e-49ea-bcb7-8700554c916b,askacademia_train,losing_improve_claude,no,no
1ab716b6-4d1e-49ea-bcb7-8700554c916b,askacademia_train,losing_improve_gpt4omini,no,no
1ab716b6-4d1e-49ea-bcb7-8700554c916b,askacademia_train,losing_improve_gpt5nano,no,no
1ab716b6-4d1e-49ea-bcb7-8700554c916b,askacademia_train,losing_improve_llama,no,no
1ab716b6-4d1e-49ea-bcb7-8700554c916b,askacademia_train,losing_improve_mistral,no,no
1ab716b6-4d1e-49ea-bcb7-8700554c916b,askacademia_train,losing_improve_qwen,no,no
1ab716b6-4d1e-49ea-bcb7-8700554c916b,askacademia_train,losing_paraphrase_claude,no,no
1ab716b6-4d1e-49ea-bcb7-8700554c916b,askacademia_train,losing_paraphrase_gpt5nano,no,no
1ab716b6-4d1e-49ea-bcb7-8700554c916b,askacademia_train,losing_paraphrase_gemini,no,no
1ab716b6-4d1e-49ea-bcb7-8700554c916b,askacademia_train,losing_paraphrase_gpt4omini,no,no
1ab716b6-4d1e-49ea-bcb7-8700554c916b,askacademia_train,losing_paraphrase_llama,no,no
1ab716b6-4d1e-49ea-bcb7-8700554c916b,askacademia_train,losing_paraphrase_mistral,no,no
1ab716b6-4d1e-49ea-bcb7-8700554c916b,askacademia_train,losing_paraphrase_qwen,no,no
292078fd-39f1-489e-9171-86ecbfc24533,askacademia_train,winning_text,no,no
292078fd-39f1-489e-9171-86ecbfc24533,askacademia_train,losing_text,no,no
292078fd-39f1-489e-9171-86ecbfc24533,askacademia_train,losing_generate_gpt4omini,no,no
292078fd-39f1-489e-9171-86ecbfc24533,askacademia_train,losing_generate_claude,no,no
292078fd-39f1-489e-9171-86ecbfc24533,askacademia_train,losing_generate_gpt5nano,no,no
292078fd-39f1-489e-9171-86ecbfc24533,askacademia_train,losing_generate_llama,no,no
292078fd-39f1-489e-9171-86ecbfc24533,askacademia_train,losing_generate_gemini,no,no
292078fd-39f1-489e-9171-86ecbfc24533,askacademia_train,losing_generate_qwen,no,no
292078fd-39f1-489e-9171-86ecbfc24533,askacademia_train,losing_generate_mistral,no,no
292078fd-39f1-489e-9171-86ecbfc24533,askacademia_train,losing_improve_claude,no,no
292078fd-39f1-489e-9171-86ecbfc24533,askacademia_train,losing_improve_gemini,no,no
292078fd-39f1-489e-9171-86ecbfc24533,askacademia_train,losing_improve_gpt4omini,no,no
292078fd-39f1-489e-9171-86ecbfc24533,askacademia_train,losing_improve_gpt5nano,no,no
292078fd-39f1-489e-9171-86ecbfc24533,askacademia_train,losing_improve_mistral,no,no
292078fd-39f1-489e-9171-86ecbfc24533,askacademia_train,losing_improve_llama,no,no
292078fd-39f1-489e-9171-86ecbfc24533,askacademia_train,losing_improve_qwen,no,no
292078fd-39f1-489e-9171-86ecbfc24533,askacademia_train,losing_paraphrase_claude,no,no
292078fd-39f1-489e-9171-86ecbfc24533,askacademia_train,losing_paraphrase_gemini,no,no
292078fd-39f1-489e-9171-86ecbfc24533,askacademia_train,losing_paraphrase_gpt4omini,no,no
292078fd-39f1-489e-9171-86ecbfc24533,askacademia_train,losing_paraphrase_gpt5nano,no,no
292078fd-39f1-489e-9171-86ecbfc24533,askacademia_train,losing_paraphrase_mistral,no,no
292078fd-39f1-489e-9171-86ecbfc24533,askacademia_train,losing_paraphrase_llama,no,no
292078fd-39f1-489e-9171-86ecbfc24533,askacademia_train,losing_paraphrase_qwen,no,no
947776e2-e1c7-450a-afc1-8c2a274b1d68,askacademia_train,losing_text,no,no
947776e2-e1c7-450a-afc1-8c2a274b1d68,askacademia_train,winning_text,no,no
947776e2-e1c7-450a-afc1-8c2a274b1d68,askacademia_train,losing_generate_claude,no,no
947776e2-e1c7-450a-afc1-8c2a274b1d68,askacademia_train,losing_generate_gemini,no,no
947776e2-e1c7-450a-afc1-8c2a274b1d68,askacademia_train,losing_generate_gpt4omini,no,no
947776e2-e1c7-450a-afc1-8c2a274b1d68,askacademia_train,losing_generate_mistral,no,no
947776e2-e1c7-450a-afc1-8c2a274b1d68,askacademia_train,losing_generate_gpt5nano,no,no
947776e2-e1c7-450a-afc1-8c2a274b1d68,askacademia_train,losing_generate_llama,no,no
947776e2-e1c7-450a-afc1-8c2a274b1d68,askacademia_train,losing_generate_qwen,no,no
947776e2-e1c7-450a-afc1-8c2a274b1d68,askacademia_train,losing_improve_claude,no,no
947776e2-e1c7-450a-afc1-8c2a274b1d68,askacademia_train,losing_improve_gemini,no,no
947776e2-e1c7-450a-afc1-8c2a274b1d68,askacademia_train,losing_improve_gpt4omini,no,no
947776e2-e1c7-450a-afc1-8c2a274b1d68,askacademia_train,losing_improve_gpt5nano,no,no
947776e2-e1c7-450a-afc1-8c2a274b1d68,askacademia_train,losing_improve_mistral,no,no
947776e2-e1c7-450a-afc1-8c2a274b1d68,askacademia_train,losing_improve_llama,no,no
947776e2-e1c7-450a-afc1-8c2a274b1d68,askacademia_train,losing_improve_qwen,no,no
947776e2-e1c7-450a-afc1-8c2a274b1d68,askacademia_train,losing_paraphrase_gemini,no,no
947776e2-e1c7-450a-afc1-8c2a274b1d68,askacademia_train,losing_paraphrase_claude,no,no
947776e2-e1c7-450a-afc1-8c2a274b1d68,askacademia_train,losing_paraphrase_gpt4omini,no,no
947776e2-e1c7-450a-afc1-8c2a274b1d68,askacademia_train,losing_paraphrase_gpt5nano,no,no
947776e2-e1c7-450a-afc1-8c2a274b1d68,askacademia_train,losing_paraphrase_llama,no,no
0078f354-a1d0-40ed-99c0-8d4822f997a8,askacademia_train,winning_text,no,no
947776e2-e1c7-450a-afc1-8c2a274b1d68,askacademia_train,losing_paraphrase_mistral,no,no
947776e2-e1c7-450a-afc1-8c2a274b1d68,askacademia_train,losing_paraphrase_qwen,no,no
0078f354-a1d0-40ed-99c0-8d4822f997a8,askacademia_train,losing_generate_claude,no,no
0078f354-a1d0-40ed-99c0-8d4822f997a8,askacademia_train,losing_text,no,no
0078f354-a1d0-40ed-99c0-8d4822f997a8,askacademia_train,losing_generate_gemini,no,no
0078f354-a1d0-40ed-99c0-8d4822f997a8,askacademia_train,losing_generate_gpt5nano,no,no
0078f354-a1d0-40ed-99c0-8d4822f997a8,askacademia_train,losing_generate_gpt4omini,no,no
0078f354-a1d0-40ed-99c0-8d4822f997a8,askacademia_train,losing_generate_mistral,no,no
0078f354-a1d0-40ed-99c0-8d4822f997a8,askacademia_train,losing_generate_llama,no,no
0078f354-a1d0-40ed-99c0-8d4822f997a8,askacademia_train,losing_improve_gemini,no,no
0078f354-a1d0-40ed-99c0-8d4822f997a8,askacademia_train,losing_generate_qwen,no,no
0078f354-a1d0-40ed-99c0-8d4822f997a8,askacademia_train,losing_improve_claude,no,no
0078f354-a1d0-40ed-99c0-8d4822f997a8,askacademia_train,losing_improve_gpt4omini,no,no
0078f354-a1d0-40ed-99c0-8d4822f997a8,askacademia_train,losing_improve_gpt5nano,no,no
0078f354-a1d0-40ed-99c0-8d4822f997a8,askacademia_train,losing_improve_llama,no,no
0078f354-a1d0-40ed-99c0-8d4822f997a8,askacademia_train,losing_improve_qwen,no,no
0078f354-a1d0-40ed-99c0-8d4822f997a8,askacademia_train,losing_improve_mistral,no,no
0078f354-a1d0-40ed-99c0-8d4822f997a8,askacademia_train,losing_paraphrase_claude,no,no
0078f354-a1d0-40ed-99c0-8d4822f997a8,askacademia_train,losing_paraphrase_gpt4omini,no,no
0078f354-a1d0-40ed-99c0-8d4822f997a8,askacademia_train,losing_paraphrase_gpt5nano,no,no
0078f354-a1d0-40ed-99c0-8d4822f997a8,askacademia_train,losing_paraphrase_llama,no,no
0078f354-a1d0-40ed-99c0-8d4822f997a8,askacademia_train,losing_paraphrase_mistral,no,no
0078f354-a1d0-40ed-99c0-8d4822f997a8,askacademia_train,losing_paraphrase_gemini,no,no
f030b6d2-a544-4afa-9af2-125fb903702f,askacademia_train,winning_text,no,no
0078f354-a1d0-40ed-99c0-8d4822f997a8,askacademia_train,losing_paraphrase_qwen,no,no
f030b6d2-a544-4afa-9af2-125fb903702f,askacademia_train,losing_text,no,no
f030b6d2-a544-4afa-9af2-125fb903702f,askacademia_train,losing_generate_claude,no,no
f030b6d2-a544-4afa-9af2-125fb903702f,askacademia_train,losing_generate_gemini,no,no
f030b6d2-a544-4afa-9af2-125fb903702f,askacademia_train,losing_generate_llama,no,no
f030b6d2-a544-4afa-9af2-125fb903702f,askacademia_train,losing_generate_gpt4omini,no,no
f030b6d2-a544-4afa-9af2-125fb903702f,askacademia_train,losing_generate_gpt5nano,no,no
f030b6d2-a544-4afa-9af2-125fb903702f,askacademia_train,losing_generate_qwen,no,no
f030b6d2-a544-4afa-9af2-125fb903702f,askacademia_train,losing_generate_mistral,no,no
f030b6d2-a544-4afa-9af2-125fb903702f,askacademia_train,losing_improve_gemini,no,no
f030b6d2-a544-4afa-9af2-125fb903702f,askacademia_train,losing_improve_claude,no,no
f030b6d2-a544-4afa-9af2-125fb903702f,askacademia_train,losing_improve_gpt4omini,no,no
f030b6d2-a544-4afa-9af2-125fb903702f,askacademia_train,losing_improve_llama,no,no
f030b6d2-a544-4afa-9af2-125fb903702f,askacademia_train,losing_improve_mistral,no,no
f030b6d2-a544-4afa-9af2-125fb903702f,askacademia_train,losing_improve_gpt5nano,no,no
f030b6d2-a544-4afa-9af2-125fb903702f,askacademia_train,losing_improve_qwen,no,no
f030b6d2-a544-4afa-9af2-125fb903702f,askacademia_train,losing_paraphrase_claude,no,no
f030b6d2-a544-4afa-9af2-125fb903702f,askacademia_train,losing_paraphrase_gpt4omini,no,no
f030b6d2-a544-4afa-9af2-125fb903702f,askacademia_train,losing_paraphrase_gemini,no,no
f030b6d2-a544-4afa-9af2-125fb903702f,askacademia_train,losing_paraphrase_gpt5nano,no,no
f030b6d2-a544-4afa-9af2-125fb903702f,askacademia_train,losing_paraphrase_llama,no,no
f030b6d2-a544-4afa-9af2-125fb903702f,askacademia_train,losing_paraphrase_mistral,no,no
f030b6d2-a544-4afa-9af2-125fb903702f,askacademia_train,losing_paraphrase_qwen,no,no
32425c5d-578f-4d7b-a081-e03332f36d9f,askacademia_train,losing_text,no,no
32425c5d-578f-4d7b-a081-e03332f36d9f,askacademia_train,winning_text,no,no
32425c5d-578f-4d7b-a081-e03332f36d9f,askacademia_train,losing_generate_claude,no,no
32425c5d-578f-4d7b-a081-e03332f36d9f,askacademia_train,losing_generate_gemini,no,no
32425c5d-578f-4d7b-a081-e03332f36d9f,askacademia_train,losing_generate_gpt4omini,no,no
32425c5d-578f-4d7b-a081-e03332f36d9f,askacademia_train,losing_generate_llama,no,no
32425c5d-578f-4d7b-a081-e03332f36d9f,askacademia_train,losing_generate_mistral,no,no
32425c5d-578f-4d7b-a081-e03332f36d9f,askacademia_train,losing_generate_gpt5nano,no,no
32425c5d-578f-4d7b-a081-e03332f36d9f,askacademia_train,losing_improve_claude,no,no
32425c5d-578f-4d7b-a081-e03332f36d9f,askacademia_train,losing_generate_qwen,no,no
32425c5d-578f-4d7b-a081-e03332f36d9f,askacademia_train,losing_improve_gemini,no,no
32425c5d-578f-4d7b-a081-e03332f36d9f,askacademia_train,losing_improve_gpt4omini,no,no
32425c5d-578f-4d7b-a081-e03332f36d9f,askacademia_train,losing_improve_gpt5nano,no,no
32425c5d-578f-4d7b-a081-e03332f36d9f,askacademia_train,losing_improve_qwen,no,no
32425c5d-578f-4d7b-a081-e03332f36d9f,askacademia_train,losing_improve_llama,no,no
32425c5d-578f-4d7b-a081-e03332f36d9f,askacademia_train,losing_improve_mistral,no,no
32425c5d-578f-4d7b-a081-e03332f36d9f,askacademia_train,losing_paraphrase_claude,no,no
32425c5d-578f-4d7b-a081-e03332f36d9f,askacademia_train,losing_paraphrase_gemini,no,no
32425c5d-578f-4d7b-a081-e03332f36d9f,askacademia_train,losing_paraphrase_gpt4omini,no,no
32425c5d-578f-4d7b-a081-e03332f36d9f,askacademia_train,losing_paraphrase_gpt5nano,no,no
32425c5d-578f-4d7b-a081-e03332f36d9f,askacademia_train,losing_paraphrase_llama,no,no
32425c5d-578f-4d7b-a081-e03332f36d9f,askacademia_train,losing_paraphrase_mistral,no,no
32425c5d-578f-4d7b-a081-e03332f36d9f,askacademia_train,losing_paraphrase_qwen,no,no
3b2a72f5-80d9-4989-8e69-4d34e3548d47,askacademia_train,winning_text,no,no
3b2a72f5-80d9-4989-8e69-4d34e3548d47,askacademia_train,losing_generate_claude,no,no
3b2a72f5-80d9-4989-8e69-4d34e3548d47,askacademia_train,losing_text,no,no
3b2a72f5-80d9-4989-8e69-4d34e3548d47,askacademia_train,losing_generate_gemini,no,no
3b2a72f5-80d9-4989-8e69-4d34e3548d47,askacademia_train,losing_generate_gpt4omini,no,no
3b2a72f5-80d9-4989-8e69-4d34e3548d47,askacademia_train,losing_generate_gpt5nano,no,no
3b2a72f5-80d9-4989-8e69-4d34e3548d47,askacademia_train,losing_generate_mistral,no,no
3b2a72f5-80d9-4989-8e69-4d34e3548d47,askacademia_train,losing_generate_llama,no,no
3b2a72f5-80d9-4989-8e69-4d34e3548d47,askacademia_train,losing_generate_qwen,no,no
3b2a72f5-80d9-4989-8e69-4d34e3548d47,askacademia_train,losing_improve_claude,no,no
3b2a72f5-80d9-4989-8e69-4d34e3548d47,askacademia_train,losing_improve_gemini,no,no
3b2a72f5-80d9-4989-8e69-4d34e3548d47,askacademia_train,losing_improve_gpt5nano,no,no
3b2a72f5-80d9-4989-8e69-4d34e3548d47,askacademia_train,losing_improve_gpt4omini,no,no
3b2a72f5-80d9-4989-8e69-4d34e3548d47,askacademia_train,losing_improve_llama,no,no
3b2a72f5-80d9-4989-8e69-4d34e3548d47,askacademia_train,losing_improve_qwen,no,no
3b2a72f5-80d9-4989-8e69-4d34e3548d47,askacademia_train,losing_paraphrase_claude,no,no
3b2a72f5-80d9-4989-8e69-4d34e3548d47,askacademia_train,losing_improve_mistral,no,no
3b2a72f5-80d9-4989-8e69-4d34e3548d47,askacademia_train,losing_paraphrase_gemini,no,no
3b2a72f5-80d9-4989-8e69-4d34e3548d47,askacademia_train,losing_paraphrase_gpt4omini,no,no
3b2a72f5-80d9-4989-8e69-4d34e3548d47,askacademia_train,losing_paraphrase_llama,no,no
3b2a72f5-80d9-4989-8e69-4d34e3548d47,askacademia_train,losing_paraphrase_gpt5nano,no,no
3b2a72f5-80d9-4989-8e69-4d34e3548d47,askacademia_train,losing_paraphrase_mistral,no,no
00ac52a3-f8eb-4c52-b2d9-6e734d579fcb,askacademia_train,winning_text,no,no
3b2a72f5-80d9-4989-8e69-4d34e3548d47,askacademia_train,losing_paraphrase_qwen,no,no
00ac52a3-f8eb-4c52-b2d9-6e734d579fcb,askacademia_train,losing_text,no,no
00ac52a3-f8eb-4c52-b2d9-6e734d579fcb,askacademia_train,losing_generate_claude,no,no
00ac52a3-f8eb-4c52-b2d9-6e734d579fcb,askacademia_train,losing_generate_gemini,no,no
00ac52a3-f8eb-4c52-b2d9-6e734d579fcb,askacademia_train,losing_generate_gpt4omini,no,no
00ac52a3-f8eb-4c52-b2d9-6e734d579fcb,askacademia_train,losing_generate_gpt5nano,no,no
00ac52a3-f8eb-4c52-b2d9-6e734d579fcb,askacademia_train,losing_generate_llama,no,no
00ac52a3-f8eb-4c52-b2d9-6e734d579fcb,askacademia_train,losing_generate_qwen,no,no
00ac52a3-f8eb-4c52-b2d9-6e734d579fcb,askacademia_train,losing_generate_mistral,no,no
00ac52a3-f8eb-4c52-b2d9-6e734d579fcb,askacademia_train,losing_improve_claude,no,no
00ac52a3-f8eb-4c52-b2d9-6e734d579fcb,askacademia_train,losing_improve_gemini,no,no
00ac52a3-f8eb-4c52-b2d9-6e734d579fcb,askacademia_train,losing_improve_gpt4omini,no,no
00ac52a3-f8eb-4c52-b2d9-6e734d579fcb,askacademia_train,losing_improve_gpt5nano,no,no
00ac52a3-f8eb-4c52-b2d9-6e734d579fcb,askacademia_train,losing_improve_llama,no,no
00ac52a3-f8eb-4c52-b2d9-6e734d579fcb,askacademia_train,losing_improve_mistral,no,no
00ac52a3-f8eb-4c52-b2d9-6e734d579fcb,askacademia_train,losing_paraphrase_claude,no,no
00ac52a3-f8eb-4c52-b2d9-6e734d579fcb,askacademia_train,losing_paraphrase_gpt5nano,no,no
00ac52a3-f8eb-4c52-b2d9-6e734d579fcb,askacademia_train,losing_paraphrase_gpt4omini,no,no
00ac52a3-f8eb-4c52-b2d9-6e734d579fcb,askacademia_train,losing_improve_qwen,no,no
00ac52a3-f8eb-4c52-b2d9-6e734d579fcb,askacademia_train,losing_paraphrase_mistral,no,no
00ac52a3-f8eb-4c52-b2d9-6e734d579fcb,askacademia_train,losing_paraphrase_gemini,no,no
00ac52a3-f8eb-4c52-b2d9-6e734d579fcb,askacademia_train,losing_paraphrase_llama,no,no
00ac52a3-f8eb-4c52-b2d9-6e734d579fcb,askacademia_train,losing_paraphrase_qwen,no,no
febe22ae-412b-4310-894e-e568ba9d9bb1,askacademia_train,winning_text,no,no
febe22ae-412b-4310-894e-e568ba9d9bb1,askacademia_train,losing_generate_gemini,no,no
febe22ae-412b-4310-894e-e568ba9d9bb1,askacademia_train,losing_text,no,no
febe22ae-412b-4310-894e-e568ba9d9bb1,askacademia_train,losing_generate_claude,no,no
febe22ae-412b-4310-894e-e568ba9d9bb1,askacademia_train,losing_generate_gpt5nano,no,no
febe22ae-412b-4310-894e-e568ba9d9bb1,askacademia_train,losing_generate_gpt4omini,no,no
febe22ae-412b-4310-894e-e568ba9d9bb1,askacademia_train,losing_generate_llama,no,no
febe22ae-412b-4310-894e-e568ba9d9bb1,askacademia_train,losing_generate_mistral,no,no
febe22ae-412b-4310-894e-e568ba9d9bb1,askacademia_train,losing_generate_qwen,no,no
febe22ae-412b-4310-894e-e568ba9d9bb1,askacademia_train,losing_improve_gemini,no,no
febe22ae-412b-4310-894e-e568ba9d9bb1,askacademia_train,losing_improve_mistral,no,no
febe22ae-412b-4310-894e-e568ba9d9bb1,askacademia_train,losing_improve_gpt5nano,no,no
febe22ae-412b-4310-894e-e568ba9d9bb1,askacademia_train,losing_improve_qwen,no,no
febe22ae-412b-4310-894e-e568ba9d9bb1,askacademia_train,losing_improve_gpt4omini,no,no
febe22ae-412b-4310-894e-e568ba9d9bb1,askacademia_train,losing_improve_llama,no,no
febe22ae-412b-4310-894e-e568ba9d9bb1,askacademia_train,losing_improve_claude,no,no
febe22ae-412b-4310-894e-e568ba9d9bb1,askacademia_train,losing_paraphrase_claude,no,no
febe22ae-412b-4310-894e-e568ba9d9bb1,askacademia_train,losing_paraphrase_gemini,no,no
febe22ae-412b-4310-894e-e568ba9d9bb1,askacademia_train,losing_paraphrase_gpt5nano,no,no
febe22ae-412b-4310-894e-e568ba9d9bb1,askacademia_train,losing_paraphrase_gpt4omini,no,no
febe22ae-412b-4310-894e-e568ba9d9bb1,askacademia_train,losing_paraphrase_qwen,no,no
20726a84-5847-4d45-a08a-8e4376fa9a29,askacademia_train,winning_text,no,no
febe22ae-412b-4310-894e-e568ba9d9bb1,askacademia_train,losing_paraphrase_llama,no,no
febe22ae-412b-4310-894e-e568ba9d9bb1,askacademia_train,losing_paraphrase_mistral,no,no
20726a84-5847-4d45-a08a-8e4376fa9a29,askacademia_train,losing_text,no,no
20726a84-5847-4d45-a08a-8e4376fa9a29,askacademia_train,losing_generate_claude,no,no
20726a84-5847-4d45-a08a-8e4376fa9a29,askacademia_train,losing_generate_gpt4omini,no,no
20726a84-5847-4d45-a08a-8e4376fa9a29,askacademia_train,losing_generate_gemini,no,no
20726a84-5847-4d45-a08a-8e4376fa9a29,askacademia_train,losing_generate_mistral,no,no
20726a84-5847-4d45-a08a-8e4376fa9a29,askacademia_train,losing_generate_qwen,no,no
20726a84-5847-4d45-a08a-8e4376fa9a29,askacademia_train,losing_generate_llama,no,no
20726a84-5847-4d45-a08a-8e4376fa9a29,askacademia_train,losing_generate_gpt5nano,no,no
20726a84-5847-4d45-a08a-8e4376fa9a29,askacademia_train,losing_improve_gemini,no,no
20726a84-5847-4d45-a08a-8e4376fa9a29,askacademia_train,losing_improve_claude,no,no
20726a84-5847-4d45-a08a-8e4376fa9a29,askacademia_train,losing_improve_gpt4omini,no,no
20726a84-5847-4d45-a08a-8e4376fa9a29,askacademia_train,losing_improve_gpt5nano,no,no
20726a84-5847-4d45-a08a-8e4376fa9a29,askacademia_train,losing_improve_mistral,no,no
20726a84-5847-4d45-a08a-8e4376fa9a29,askacademia_train,losing_improve_qwen,no,no
20726a84-5847-4d45-a08a-8e4376fa9a29,askacademia_train,losing_paraphrase_claude,no,no
20726a84-5847-4d45-a08a-8e4376fa9a29,askacademia_train,losing_improve_llama,no,no
20726a84-5847-4d45-a08a-8e4376fa9a29,askacademia_train,losing_paraphrase_gemini,no,no
20726a84-5847-4d45-a08a-8e4376fa9a29,askacademia_train,losing_paraphrase_gpt4omini,no,no
20726a84-5847-4d45-a08a-8e4376fa9a29,askacademia_train,losing_paraphrase_gpt5nano,no,no
20726a84-5847-4d45-a08a-8e4376fa9a29,askacademia_train,losing_paraphrase_llama,no,no
20726a84-5847-4d45-a08a-8e4376fa9a29,askacademia_train,losing_paraphrase_mistral,no,no
20726a84-5847-4d45-a08a-8e4376fa9a29,askacademia_train,losing_paraphrase_qwen,no,no
163fa501-abeb-47f6-84d0-2f9440b38d5d,askacademia_train,winning_text,no,no
163fa501-abeb-47f6-84d0-2f9440b38d5d,askacademia_train,losing_text,no,no
163fa501-abeb-47f6-84d0-2f9440b38d5d,askacademia_train,losing_generate_claude,no,no
163fa501-abeb-47f6-84d0-2f9440b38d5d,askacademia_train,losing_generate_gemini,no,no
163fa501-abeb-47f6-84d0-2f9440b38d5d,askacademia_train,losing_generate_gpt4omini,no,no
163fa501-abeb-47f6-84d0-2f9440b38d5d,askacademia_train,losing_generate_gpt5nano,no,no
163fa501-abeb-47f6-84d0-2f9440b38d5d,askacademia_train,losing_generate_llama,no,no
163fa501-abeb-47f6-84d0-2f9440b38d5d,askacademia_train,losing_generate_mistral,no,no
163fa501-abeb-47f6-84d0-2f9440b38d5d,askacademia_train,losing_improve_claude,no,no
163fa501-abeb-47f6-84d0-2f9440b38d5d,askacademia_train,losing_generate_qwen,no,no
163fa501-abeb-47f6-84d0-2f9440b38d5d,askacademia_train,losing_improve_gpt4omini,no,no
163fa501-abeb-47f6-84d0-2f9440b38d5d,askacademia_train,losing_improve_gemini,no,no
163fa501-abeb-47f6-84d0-2f9440b38d5d,askacademia_train,losing_improve_gpt5nano,no,no
163fa501-abeb-47f6-84d0-2f9440b38d5d,askacademia_train,losing_improve_llama,no,no
163fa501-abeb-47f6-84d0-2f9440b38d5d,askacademia_train,losing_improve_qwen,no,no
163fa501-abeb-47f6-84d0-2f9440b38d5d,askacademia_train,losing_improve_mistral,no,no
163fa501-abeb-47f6-84d0-2f9440b38d5d,askacademia_train,losing_paraphrase_claude,no,no
163fa501-abeb-47f6-84d0-2f9440b38d5d,askacademia_train,losing_paraphrase_gemini,no,no
163fa501-abeb-47f6-84d0-2f9440b38d5d,askacademia_train,losing_paraphrase_gpt5nano,no,no
163fa501-abeb-47f6-84d0-2f9440b38d5d,askacademia_train,losing_paraphrase_gpt4omini,no,no
163fa501-abeb-47f6-84d0-2f9440b38d5d,askacademia_train,losing_paraphrase_mistral,no,no
163fa501-abeb-47f6-84d0-2f9440b38d5d,askacademia_train,losing_paraphrase_llama,no,no
b53535e2-cb01-4d2b-be3c-ccde7b936979,askacademia_train,winning_text,no,no
163fa501-abeb-47f6-84d0-2f9440b38d5d,askacademia_train,losing_paraphrase_qwen,no,no
b53535e2-cb01-4d2b-be3c-ccde7b936979,askacademia_train,losing_text,no,no
b53535e2-cb01-4d2b-be3c-ccde7b936979,askacademia_train,losing_generate_gpt4omini,no,no
b53535e2-cb01-4d2b-be3c-ccde7b936979,askacademia_train,losing_generate_claude,no,no
b53535e2-cb01-4d2b-be3c-ccde7b936979,askacademia_train,losing_generate_gemini,no,no
b53535e2-cb01-4d2b-be3c-ccde7b936979,askacademia_train,losing_generate_gpt5nano,no,no
b53535e2-cb01-4d2b-be3c-ccde7b936979,askacademia_train,losing_generate_llama,no,no
b53535e2-cb01-4d2b-be3c-ccde7b936979,askacademia_train,losing_generate_mistral,no,no
b53535e2-cb01-4d2b-be3c-ccde7b936979,askacademia_train,losing_generate_qwen,no,no
b53535e2-cb01-4d2b-be3c-ccde7b936979,askacademia_train,losing_improve_gemini,no,no
b53535e2-cb01-4d2b-be3c-ccde7b936979,askacademia_train,losing_improve_claude,no,no
b53535e2-cb01-4d2b-be3c-ccde7b936979,askacademia_train,losing_improve_gpt4omini,no,no
b53535e2-cb01-4d2b-be3c-ccde7b936979,askacademia_train,losing_improve_gpt5nano,no,no
b53535e2-cb01-4d2b-be3c-ccde7b936979,askacademia_train,losing_improve_llama,no,no
b53535e2-cb01-4d2b-be3c-ccde7b936979,askacademia_train,losing_improve_qwen,no,no
b53535e2-cb01-4d2b-be3c-ccde7b936979,askacademia_train,losing_improve_mistral,no,no
b53535e2-cb01-4d2b-be3c-ccde7b936979,askacademia_train,losing_paraphrase_gemini,no,no
b53535e2-cb01-4d2b-be3c-ccde7b936979,askacademia_train,losing_paraphrase_gpt4omini,no,no
b53535e2-cb01-4d2b-be3c-ccde7b936979,askacademia_train,losing_paraphrase_llama,no,no
b53535e2-cb01-4d2b-be3c-ccde7b936979,askacademia_train,losing_paraphrase_claude,no,no
b53535e2-cb01-4d2b-be3c-ccde7b936979,askacademia_train,losing_paraphrase_gpt5nano,no,no
0b77b76c-26bf-47f7-8af2-56083359c0c3,askacademia_train,winning_text,no,no
b53535e2-cb01-4d2b-be3c-ccde7b936979,askacademia_train,losing_paraphrase_qwen,no,no
b53535e2-cb01-4d2b-be3c-ccde7b936979,askacademia_train,losing_paraphrase_mistral,no,no
0b77b76c-26bf-47f7-8af2-56083359c0c3,askacademia_train,losing_generate_gemini,no,no
0b77b76c-26bf-47f7-8af2-56083359c0c3,askacademia_train,losing_text,no,no
0b77b76c-26bf-47f7-8af2-56083359c0c3,askacademia_train,losing_generate_claude,no,no
0b77b76c-26bf-47f7-8af2-56083359c0c3,askacademia_train,losing_generate_qwen,no,no
0b77b76c-26bf-47f7-8af2-56083359c0c3,askacademia_train,losing_generate_gpt5nano,no,no
0b77b76c-26bf-47f7-8af2-56083359c0c3,askacademia_train,losing_generate_mistral,no,no
0b77b76c-26bf-47f7-8af2-56083359c0c3,askacademia_train,losing_generate_llama,no,no
0b77b76c-26bf-47f7-8af2-56083359c0c3,askacademia_train,losing_generate_gpt4omini,no,no
0b77b76c-26bf-47f7-8af2-56083359c0c3,askacademia_train,losing_improve_claude,no,no
0b77b76c-26bf-47f7-8af2-56083359c0c3,askacademia_train,losing_improve_gpt4omini,no,no
0b77b76c-26bf-47f7-8af2-56083359c0c3,askacademia_train,losing_improve_gemini,no,no
0b77b76c-26bf-47f7-8af2-56083359c0c3,askacademia_train,losing_improve_gpt5nano,no,no
0b77b76c-26bf-47f7-8af2-56083359c0c3,askacademia_train,losing_paraphrase_claude,no,no
0b77b76c-26bf-47f7-8af2-56083359c0c3,askacademia_train,losing_improve_llama,no,no
0b77b76c-26bf-47f7-8af2-56083359c0c3,askacademia_train,losing_improve_qwen,no,no
0b77b76c-26bf-47f7-8af2-56083359c0c3,askacademia_train,losing_improve_mistral,no,no
0b77b76c-26bf-47f7-8af2-56083359c0c3,askacademia_train,losing_paraphrase_gpt4omini,no,no
0b77b76c-26bf-47f7-8af2-56083359c0c3,askacademia_train,losing_paraphrase_gemini,no,no
0b77b76c-26bf-47f7-8af2-56083359c0c3,askacademia_train,losing_paraphrase_gpt5nano,no,no
0b77b76c-26bf-47f7-8af2-56083359c0c3,askacademia_train,losing_paraphrase_llama,no,no
bbed02c8-46a6-4fd8-9f8b-860095457ae4,askacademia_train,losing_text,no,no
0b77b76c-26bf-47f7-8af2-56083359c0c3,askacademia_train,losing_paraphrase_qwen,no,no
0b77b76c-26bf-47f7-8af2-56083359c0c3,askacademia_train,losing_paraphrase_mistral,no,no
bbed02c8-46a6-4fd8-9f8b-860095457ae4,askacademia_train,winning_text,no,no
bbed02c8-46a6-4fd8-9f8b-860095457ae4,askacademia_train,losing_generate_gemini,no,no
bbed02c8-46a6-4fd8-9f8b-860095457ae4,askacademia_train,losing_generate_claude,no,no
bbed02c8-46a6-4fd8-9f8b-860095457ae4,askacademia_train,losing_generate_gpt5nano,yes,yes
bbed02c8-46a6-4fd8-9f8b-860095457ae4,askacademia_train,losing_generate_llama,no,no
bbed02c8-46a6-4fd8-9f8b-860095457ae4,askacademia_train,losing_improve_claude,no,no
bbed02c8-46a6-4fd8-9f8b-860095457ae4,askacademia_train,losing_generate_qwen,no,no
bbed02c8-46a6-4fd8-9f8b-860095457ae4,askacademia_train,losing_generate_mistral,no,no
bbed02c8-46a6-4fd8-9f8b-860095457ae4,askacademia_train,losing_generate_gpt4omini,no,no
bbed02c8-46a6-4fd8-9f8b-860095457ae4,askacademia_train,losing_improve_gemini,no,no
bbed02c8-46a6-4fd8-9f8b-860095457ae4,askacademia_train,losing_improve_gpt4omini,no,no
bbed02c8-46a6-4fd8-9f8b-860095457ae4,askacademia_train,losing_improve_gpt5nano,no,no
bbed02c8-46a6-4fd8-9f8b-860095457ae4,askacademia_train,losing_improve_llama,no,no
bbed02c8-46a6-4fd8-9f8b-860095457ae4,askacademia_train,losing_paraphrase_claude,no,no
bbed02c8-46a6-4fd8-9f8b-860095457ae4,askacademia_train,losing_improve_mistral,no,no
bbed02c8-46a6-4fd8-9f8b-860095457ae4,askacademia_train,losing_paraphrase_gemini,no,no
bbed02c8-46a6-4fd8-9f8b-860095457ae4,askacademia_train,losing_improve_qwen,no,no
bbed02c8-46a6-4fd8-9f8b-860095457ae4,askacademia_train,losing_paraphrase_gpt5nano,no,no
bbed02c8-46a6-4fd8-9f8b-860095457ae4,askacademia_train,losing_paraphrase_gpt4omini,no,no
28e76213-6d7a-4cf6-b6d5-dec7e1239e12,askacademia_train,losing_text,no,no
bbed02c8-46a6-4fd8-9f8b-860095457ae4,askacademia_train,losing_paraphrase_qwen,no,no
28e76213-6d7a-4cf6-b6d5-dec7e1239e12,askacademia_train,losing_generate_claude,no,no
28e76213-6d7a-4cf6-b6d5-dec7e1239e12,askacademia_train,winning_text,no,no
bbed02c8-46a6-4fd8-9f8b-860095457ae4,askacademia_train,losing_paraphrase_mistral,no,no
bbed02c8-46a6-4fd8-9f8b-860095457ae4,askacademia_train,losing_paraphrase_llama,no,no
28e76213-6d7a-4cf6-b6d5-dec7e1239e12,askacademia_train,losing_generate_gpt4omini,no,no
28e76213-6d7a-4cf6-b6d5-dec7e1239e12,askacademia_train,losing_generate_gemini,no,no
28e76213-6d7a-4cf6-b6d5-dec7e1239e12,askacademia_train,losing_generate_qwen,no,no
28e76213-6d7a-4cf6-b6d5-dec7e1239e12,askacademia_train,losing_improve_gemini,no,no
28e76213-6d7a-4cf6-b6d5-dec7e1239e12,askacademia_train,losing_generate_llama,no,no
28e76213-6d7a-4cf6-b6d5-dec7e1239e12,askacademia_train,losing_improve_claude,no,no
28e76213-6d7a-4cf6-b6d5-dec7e1239e12,askacademia_train,losing_generate_gpt5nano,no,no
28e76213-6d7a-4cf6-b6d5-dec7e1239e12,askacademia_train,losing_generate_mistral,no,no
28e76213-6d7a-4cf6-b6d5-dec7e1239e12,askacademia_train,losing_improve_gpt5nano,no,no
28e76213-6d7a-4cf6-b6d5-dec7e1239e12,askacademia_train,losing_improve_gpt4omini,no,no
28e76213-6d7a-4cf6-b6d5-dec7e1239e12,askacademia_train,losing_paraphrase_gpt4omini,no,no
28e76213-6d7a-4cf6-b6d5-dec7e1239e12,askacademia_train,losing_improve_llama,no,no
28e76213-6d7a-4cf6-b6d5-dec7e1239e12,askacademia_train,losing_improve_mistral,no,no
28e76213-6d7a-4cf6-b6d5-dec7e1239e12,askacademia_train,losing_paraphrase_claude,no,no
28e76213-6d7a-4cf6-b6d5-dec7e1239e12,askacademia_train,losing_paraphrase_gemini,no,no
28e76213-6d7a-4cf6-b6d5-dec7e1239e12,askacademia_train,losing_improve_qwen,no,no
28e76213-6d7a-4cf6-b6d5-dec7e1239e12,askacademia_train,losing_paraphrase_llama,no,no
28e76213-6d7a-4cf6-b6d5-dec7e1239e12,askacademia_train,losing_paraphrase_gpt5nano,no,no
7e18d7a2-866f-42fa-9de7-594877bc8003,askacademia_train,losing_generate_gemini,no,no
7e18d7a2-866f-42fa-9de7-594877bc8003,askacademia_train,losing_text,no,no
28e76213-6d7a-4cf6-b6d5-dec7e1239e12,askacademia_train,losing_paraphrase_qwen,no,no
7e18d7a2-866f-42fa-9de7-594877bc8003,askacademia_train,winning_text,no,no
7e18d7a2-866f-42fa-9de7-594877bc8003,askacademia_train,losing_generate_gpt4omini,no,no
7e18d7a2-866f-42fa-9de7-594877bc8003,askacademia_train,losing_generate_claude,no,no
28e76213-6d7a-4cf6-b6d5-dec7e1239e12,askacademia_train,losing_paraphrase_mistral,no,no
7e18d7a2-866f-42fa-9de7-594877bc8003,askacademia_train,losing_generate_gpt5nano,no,no
7e18d7a2-866f-42fa-9de7-594877bc8003,askacademia_train,losing_improve_gemini,no,no
7e18d7a2-866f-42fa-9de7-594877bc8003,askacademia_train,losing_improve_gpt4omini,no,no
7e18d7a2-866f-42fa-9de7-594877bc8003,askacademia_train,losing_generate_mistral,no,no
7e18d7a2-866f-42fa-9de7-594877bc8003,askacademia_train,losing_improve_gpt5nano,no,no
7e18d7a2-866f-42fa-9de7-594877bc8003,askacademia_train,losing_generate_llama,no,no
7e18d7a2-866f-42fa-9de7-594877bc8003,askacademia_train,losing_improve_claude,no,no
7e18d7a2-866f-42fa-9de7-594877bc8003,askacademia_train,losing_generate_qwen,no,no
7e18d7a2-866f-42fa-9de7-594877bc8003,askacademia_train,losing_improve_llama,no,no
7e18d7a2-866f-42fa-9de7-594877bc8003,askacademia_train,losing_improve_qwen,no,no
7e18d7a2-866f-42fa-9de7-594877bc8003,askacademia_train,losing_paraphrase_claude,no,no
7e18d7a2-866f-42fa-9de7-594877bc8003,askacademia_train,losing_paraphrase_gemini,no,no
7e18d7a2-866f-42fa-9de7-594877bc8003,askacademia_train,losing_paraphrase_gpt4omini,no,no
7e18d7a2-866f-42fa-9de7-594877bc8003,askacademia_train,losing_improve_mistral,no,no
7e18d7a2-866f-42fa-9de7-594877bc8003,askacademia_train,losing_paraphrase_gpt5nano,no,no
7e18d7a2-866f-42fa-9de7-594877bc8003,askacademia_train,losing_paraphrase_mistral,no,no
7e18d7a2-866f-42fa-9de7-594877bc8003,askacademia_train,losing_paraphrase_llama,no,no
da85c2e9-df5f-4df3-97c5-47da6ba03e4e,askacademia_train,losing_text,no,no
7e18d7a2-866f-42fa-9de7-594877bc8003,askacademia_train,losing_paraphrase_qwen,no,no
da85c2e9-df5f-4df3-97c5-47da6ba03e4e,askacademia_train,losing_generate_claude,no,no
da85c2e9-df5f-4df3-97c5-47da6ba03e4e,askacademia_train,winning_text,no,no
da85c2e9-df5f-4df3-97c5-47da6ba03e4e,askacademia_train,losing_generate_gemini,no,no
da85c2e9-df5f-4df3-97c5-47da6ba03e4e,askacademia_train,losing_generate_llama,no,no
da85c2e9-df5f-4df3-97c5-47da6ba03e4e,askacademia_train,losing_generate_gpt4omini,no,no
da85c2e9-df5f-4df3-97c5-47da6ba03e4e,askacademia_train,losing_generate_gpt5nano,no,no
da85c2e9-df5f-4df3-97c5-47da6ba03e4e,askacademia_train,losing_improve_gemini,no,no
da85c2e9-df5f-4df3-97c5-47da6ba03e4e,askacademia_train,losing_improve_claude,no,no
da85c2e9-df5f-4df3-97c5-47da6ba03e4e,askacademia_train,losing_generate_qwen,no,no
da85c2e9-df5f-4df3-97c5-47da6ba03e4e,askacademia_train,losing_generate_mistral,no,no
da85c2e9-df5f-4df3-97c5-47da6ba03e4e,askacademia_train,losing_improve_gpt4omini,no,no
da85c2e9-df5f-4df3-97c5-47da6ba03e4e,askacademia_train,losing_improve_gpt5nano,no,no
da85c2e9-df5f-4df3-97c5-47da6ba03e4e,askacademia_train,losing_improve_llama,no,no
da85c2e9-df5f-4df3-97c5-47da6ba03e4e,askacademia_train,losing_improve_mistral,no,no
da85c2e9-df5f-4df3-97c5-47da6ba03e4e,askacademia_train,losing_paraphrase_gemini,no,no
da85c2e9-df5f-4df3-97c5-47da6ba03e4e,askacademia_train,losing_improve_qwen,no,no
da85c2e9-df5f-4df3-97c5-47da6ba03e4e,askacademia_train,losing_paraphrase_gpt4omini,no,no
da85c2e9-df5f-4df3-97c5-47da6ba03e4e,askacademia_train,losing_paraphrase_claude,no,no
da85c2e9-df5f-4df3-97c5-47da6ba03e4e,askacademia_train,losing_paraphrase_llama,no,no
da85c2e9-df5f-4df3-97c5-47da6ba03e4e,askacademia_train,losing_paraphrase_gpt5nano,no,no
da85c2e9-df5f-4df3-97c5-47da6ba03e4e,askacademia_train,losing_paraphrase_mistral,no,no
da85c2e9-df5f-4df3-97c5-47da6ba03e4e,askacademia_train,losing_paraphrase_qwen,no,no
b85a8997-7faa-4977-85db-79fc13748382,askacademia_train,losing_text,no,no
b85a8997-7faa-4977-85db-79fc13748382,askacademia_train,losing_generate_gemini,no,no
b85a8997-7faa-4977-85db-79fc13748382,askacademia_train,winning_text,no,no
b85a8997-7faa-4977-85db-79fc13748382,askacademia_train,losing_generate_claude,no,no
b85a8997-7faa-4977-85db-79fc13748382,askacademia_train,losing_generate_gpt5nano,no,no
b85a8997-7faa-4977-85db-79fc13748382,askacademia_train,losing_generate_gpt4omini,no,no
b85a8997-7faa-4977-85db-79fc13748382,askacademia_train,losing_generate_mistral,no,no
b85a8997-7faa-4977-85db-79fc13748382,askacademia_train,losing_generate_llama,no,no
b85a8997-7faa-4977-85db-79fc13748382,askacademia_train,losing_improve_claude,no,no
b85a8997-7faa-4977-85db-79fc13748382,askacademia_train,losing_improve_gpt4omini,no,no
b85a8997-7faa-4977-85db-79fc13748382,askacademia_train,losing_improve_gemini,no,no
b85a8997-7faa-4977-85db-79fc13748382,askacademia_train,losing_generate_qwen,no,no
b85a8997-7faa-4977-85db-79fc13748382,askacademia_train,losing_improve_gpt5nano,no,no
b85a8997-7faa-4977-85db-79fc13748382,askacademia_train,losing_improve_llama,no,no
b85a8997-7faa-4977-85db-79fc13748382,askacademia_train,losing_improve_mistral,no,no
b85a8997-7faa-4977-85db-79fc13748382,askacademia_train,losing_improve_qwen,no,no
b85a8997-7faa-4977-85db-79fc13748382,askacademia_train,losing_paraphrase_claude,no,no
b85a8997-7faa-4977-85db-79fc13748382,askacademia_train,losing_paraphrase_gpt5nano,no,no
b85a8997-7faa-4977-85db-79fc13748382,askacademia_train,losing_paraphrase_gpt4omini,no,no
b85a8997-7faa-4977-85db-79fc13748382,askacademia_train,losing_paraphrase_gemini,no,no
b85a8997-7faa-4977-85db-79fc13748382,askacademia_train,losing_paraphrase_llama,no,no
b85a8997-7faa-4977-85db-79fc13748382,askacademia_train,losing_paraphrase_mistral,no,no
b85a8997-7faa-4977-85db-79fc13748382,askacademia_train,losing_paraphrase_qwen,no,no
3480a5d5-2054-484c-86c1-20d098d54dbb,askacademia_train,winning_text,no,no
3480a5d5-2054-484c-86c1-20d098d54dbb,askacademia_train,losing_generate_gemini,no,no
3480a5d5-2054-484c-86c1-20d098d54dbb,askacademia_train,losing_text,no,no
3480a5d5-2054-484c-86c1-20d098d54dbb,askacademia_train,losing_generate_claude,no,no
3480a5d5-2054-484c-86c1-20d098d54dbb,askacademia_train,losing_generate_mistral,no,no
3480a5d5-2054-484c-86c1-20d098d54dbb,askacademia_train,losing_generate_gpt4omini,no,no
3480a5d5-2054-484c-86c1-20d098d54dbb,askacademia_train,losing_generate_gpt5nano,no,no
3480a5d5-2054-484c-86c1-20d098d54dbb,askacademia_train,losing_generate_llama,no,no
3480a5d5-2054-484c-86c1-20d098d54dbb,askacademia_train,losing_generate_qwen,no,no
3480a5d5-2054-484c-86c1-20d098d54dbb,askacademia_train,losing_improve_claude,no,no
3480a5d5-2054-484c-86c1-20d098d54dbb,askacademia_train,losing_improve_gemini,no,no
3480a5d5-2054-484c-86c1-20d098d54dbb,askacademia_train,losing_improve_mistral,no,no
3480a5d5-2054-484c-86c1-20d098d54dbb,askacademia_train,losing_improve_llama,no,no
3480a5d5-2054-484c-86c1-20d098d54dbb,askacademia_train,losing_improve_gpt5nano,no,no
3480a5d5-2054-484c-86c1-20d098d54dbb,askacademia_train,losing_paraphrase_claude,no,no
3480a5d5-2054-484c-86c1-20d098d54dbb,askacademia_train,losing_improve_gpt4omini,no,no
3480a5d5-2054-484c-86c1-20d098d54dbb,askacademia_train,losing_improve_qwen,no,no
3480a5d5-2054-484c-86c1-20d098d54dbb,askacademia_train,losing_paraphrase_gpt4omini,no,no
3480a5d5-2054-484c-86c1-20d098d54dbb,askacademia_train,losing_paraphrase_gemini,no,no
3480a5d5-2054-484c-86c1-20d098d54dbb,askacademia_train,losing_paraphrase_gpt5nano,no,no
b8d2eab2-c72f-4303-a58e-bdbeeafb0804,askacademia_train,winning_text,no,no
b8d2eab2-c72f-4303-a58e-bdbeeafb0804,askacademia_train,losing_text,no,no
3480a5d5-2054-484c-86c1-20d098d54dbb,askacademia_train,losing_paraphrase_qwen,no,no
3480a5d5-2054-484c-86c1-20d098d54dbb,askacademia_train,losing_paraphrase_mistral,no,no
3480a5d5-2054-484c-86c1-20d098d54dbb,askacademia_train,losing_paraphrase_llama,no,no
b8d2eab2-c72f-4303-a58e-bdbeeafb0804,askacademia_train,losing_generate_gemini,no,no
b8d2eab2-c72f-4303-a58e-bdbeeafb0804,askacademia_train,losing_generate_claude,no,no
b8d2eab2-c72f-4303-a58e-bdbeeafb0804,askacademia_train,losing_generate_gpt4omini,no,no
b8d2eab2-c72f-4303-a58e-bdbeeafb0804,askacademia_train,losing_improve_claude,no,no
b8d2eab2-c72f-4303-a58e-bdbeeafb0804,askacademia_train,losing_generate_llama,no,no
b8d2eab2-c72f-4303-a58e-bdbeeafb0804,askacademia_train,losing_generate_qwen,no,no
b8d2eab2-c72f-4303-a58e-bdbeeafb0804,askacademia_train,losing_generate_gpt5nano,no,no
b8d2eab2-c72f-4303-a58e-bdbeeafb0804,askacademia_train,losing_generate_mistral,no,no
b8d2eab2-c72f-4303-a58e-bdbeeafb0804,askacademia_train,losing_improve_gemini,no,no
b8d2eab2-c72f-4303-a58e-bdbeeafb0804,askacademia_train,losing_improve_gpt4omini,no,no
b8d2eab2-c72f-4303-a58e-bdbeeafb0804,askacademia_train,losing_improve_gpt5nano,no,no
b8d2eab2-c72f-4303-a58e-bdbeeafb0804,askacademia_train,losing_improve_mistral,no,no
b8d2eab2-c72f-4303-a58e-bdbeeafb0804,askacademia_train,losing_improve_llama,no,no
b8d2eab2-c72f-4303-a58e-bdbeeafb0804,askacademia_train,losing_improve_qwen,no,no
b8d2eab2-c72f-4303-a58e-bdbeeafb0804,askacademia_train,losing_paraphrase_gpt4omini,no,no
b8d2eab2-c72f-4303-a58e-bdbeeafb0804,askacademia_train,losing_paraphrase_claude,no,no
b8d2eab2-c72f-4303-a58e-bdbeeafb0804,askacademia_train,losing_paraphrase_gemini,no,no
b8d2eab2-c72f-4303-a58e-bdbeeafb0804,askacademia_train,losing_paraphrase_gpt5nano,no,no
b8d2eab2-c72f-4303-a58e-bdbeeafb0804,askacademia_train,losing_paraphrase_qwen,no,no
b8d2eab2-c72f-4303-a58e-bdbeeafb0804,askacademia_train,losing_paraphrase_mistral,no,no
b8d2eab2-c72f-4303-a58e-bdbeeafb0804,askacademia_train,losing_paraphrase_llama,no,no
7fadceea-2eef-4980-8f2e-71d9588416a3,askacademia_train,winning_text,no,no
7fadceea-2eef-4980-8f2e-71d9588416a3,askacademia_train,losing_generate_claude,no,no
7fadceea-2eef-4980-8f2e-71d9588416a3,askacademia_train,losing_generate_gemini,no,no
7fadceea-2eef-4980-8f2e-71d9588416a3,askacademia_train,losing_text,no,no
7fadceea-2eef-4980-8f2e-71d9588416a3,askacademia_train,losing_generate_gpt4omini,no,no
7fadceea-2eef-4980-8f2e-71d9588416a3,askacademia_train,losing_generate_qwen,no,no
7fadceea-2eef-4980-8f2e-71d9588416a3,askacademia_train,losing_generate_mistral,no,no
7fadceea-2eef-4980-8f2e-71d9588416a3,askacademia_train,losing_generate_gpt5nano,no,no
7fadceea-2eef-4980-8f2e-71d9588416a3,askacademia_train,losing_generate_llama,no,no
7fadceea-2eef-4980-8f2e-71d9588416a3,askacademia_train,losing_improve_gpt4omini,no,no
7fadceea-2eef-4980-8f2e-71d9588416a3,askacademia_train,losing_improve_gemini,no,no
7fadceea-2eef-4980-8f2e-71d9588416a3,askacademia_train,losing_improve_claude,no,no
7fadceea-2eef-4980-8f2e-71d9588416a3,askacademia_train,losing_improve_gpt5nano,no,no
7fadceea-2eef-4980-8f2e-71d9588416a3,askacademia_train,losing_improve_llama,no,no
7fadceea-2eef-4980-8f2e-71d9588416a3,askacademia_train,losing_improve_mistral,no,no
7fadceea-2eef-4980-8f2e-71d9588416a3,askacademia_train,losing_paraphrase_claude,no,no
7fadceea-2eef-4980-8f2e-71d9588416a3,askacademia_train,losing_improve_qwen,no,no
7fadceea-2eef-4980-8f2e-71d9588416a3,askacademia_train,losing_paraphrase_gpt4omini,no,no
7fadceea-2eef-4980-8f2e-71d9588416a3,askacademia_train,losing_paraphrase_gpt5nano,no,no
7fadceea-2eef-4980-8f2e-71d9588416a3,askacademia_train,losing_paraphrase_gemini,no,no
7fadceea-2eef-4980-8f2e-71d9588416a3,askacademia_train,losing_paraphrase_llama,no,no
7fadceea-2eef-4980-8f2e-71d9588416a3,askacademia_train,losing_paraphrase_qwen,no,no
7fadceea-2eef-4980-8f2e-71d9588416a3,askacademia_train,losing_paraphrase_mistral,no,no
