item_id,context_value,source_column,rubric_file,model_used,score,raw_answer
e7a62f1b-e53f-4d94-aebc-f6c82d7a09e8,askacademia_train,winning_text,qwen,mistral,5,"5

The comment"
e7a62f1b-e53f-4d94-aebc-f6c82d7a09e8,askacademia_train,losing_text,qwen,mistral,2,"2

The comment"
e7a62f1b-e53f-4d94-aebc-f6c82d7a09e8,askacademia_train,losing_generate_claude,qwen,mistral,5,5
e7a62f1b-e53f-4d94-aebc-f6c82d7a09e8,askacademia_train,losing_generate_gemini,qwen,mistral,5,5
e7a62f1b-e53f-4d94-aebc-f6c82d7a09e8,askacademia_train,losing_generate_gpt4omini,qwen,mistral,5,5
e7a62f1b-e53f-4d94-aebc-f6c82d7a09e8,askacademia_train,losing_generate_gpt5nano,qwen,mistral,5,5
e7a62f1b-e53f-4d94-aebc-f6c82d7a09e8,askacademia_train,losing_generate_llama,qwen,mistral,5,5
e7a62f1b-e53f-4d94-aebc-f6c82d7a09e8,askacademia_train,losing_generate_mistral,qwen,mistral,5,5
e7a62f1b-e53f-4d94-aebc-f6c82d7a09e8,askacademia_train,losing_generate_qwen,qwen,mistral,5,5 (The comment directly
e7a62f1b-e53f-4d94-aebc-f6c82d7a09e8,askacademia_train,losing_improve_claude,qwen,mistral,4,4 (The comment has
e7a62f1b-e53f-4d94-aebc-f6c82d7a09e8,askacademia_train,losing_improve_gemini,qwen,mistral,3,"3

Explan"
e7a62f1b-e53f-4d94-aebc-f6c82d7a09e8,askacademia_train,losing_improve_gpt4omini,qwen,mistral,4,4 (The comment has
e7a62f1b-e53f-4d94-aebc-f6c82d7a09e8,askacademia_train,losing_improve_gpt5nano,qwen,mistral,5,5 (The comment directly
e7a62f1b-e53f-4d94-aebc-f6c82d7a09e8,askacademia_train,losing_improve_llama,qwen,mistral,5,5 (The comment directly
e7a62f1b-e53f-4d94-aebc-f6c82d7a09e8,askacademia_train,losing_improve_mistral,qwen,mistral,4,"4

Although"
e7a62f1b-e53f-4d94-aebc-f6c82d7a09e8,askacademia_train,losing_improve_qwen,qwen,mistral,AMBIG,The score for this forum comment
e7a62f1b-e53f-4d94-aebc-f6c82d7a09e8,askacademia_train,losing_paraphrase_claude,qwen,mistral,3,"3

Explan"
e7a62f1b-e53f-4d94-aebc-f6c82d7a09e8,askacademia_train,losing_paraphrase_gemini,qwen,mistral,3,"3

Explan"
e7a62f1b-e53f-4d94-aebc-f6c82d7a09e8,askacademia_train,losing_paraphrase_gpt4omini,qwen,mistral,2,2
e7a62f1b-e53f-4d94-aebc-f6c82d7a09e8,askacademia_train,losing_paraphrase_gpt5nano,qwen,mistral,2,"2

The comment"
e7a62f1b-e53f-4d94-aebc-f6c82d7a09e8,askacademia_train,losing_paraphrase_llama,qwen,mistral,2,"2

The comment"
e7a62f1b-e53f-4d94-aebc-f6c82d7a09e8,askacademia_train,losing_paraphrase_mistral,qwen,mistral,2,"2

The comment"
e7a62f1b-e53f-4d94-aebc-f6c82d7a09e8,askacademia_train,losing_paraphrase_qwen,qwen,mistral,2,"2

The comment"
e0e76c73-21e7-4df5-ae3b-01c7a2ea5814,askacademia_train,winning_text,qwen,mistral,3,"3

The comment"
e0e76c73-21e7-4df5-ae3b-01c7a2ea5814,askacademia_train,losing_text,qwen,mistral,5,5
e0e76c73-21e7-4df5-ae3b-01c7a2ea5814,askacademia_train,losing_generate_claude,qwen,mistral,5,5
e0e76c73-21e7-4df5-ae3b-01c7a2ea5814,askacademia_train,losing_generate_gemini,qwen,mistral,5,5 (The comment directly
e0e76c73-21e7-4df5-ae3b-01c7a2ea5814,askacademia_train,losing_generate_gpt4omini,qwen,mistral,5,5
e0e76c73-21e7-4df5-ae3b-01c7a2ea5814,askacademia_train,losing_generate_gpt5nano,qwen,mistral,5,5
e0e76c73-21e7-4df5-ae3b-01c7a2ea5814,askacademia_train,losing_generate_llama,qwen,mistral,5,5 (The comment directly
e0e76c73-21e7-4df5-ae3b-01c7a2ea5814,askacademia_train,losing_generate_mistral,qwen,mistral,5,5
e0e76c73-21e7-4df5-ae3b-01c7a2ea5814,askacademia_train,losing_generate_qwen,qwen,mistral,5,5 (The comment directly
e0e76c73-21e7-4df5-ae3b-01c7a2ea5814,askacademia_train,losing_improve_claude,qwen,mistral,5,5
e0e76c73-21e7-4df5-ae3b-01c7a2ea5814,askacademia_train,losing_improve_gemini,qwen,mistral,5,5 (The comment directly
e0e76c73-21e7-4df5-ae3b-01c7a2ea5814,askacademia_train,losing_improve_gpt4omini,qwen,mistral,5,5 (The comment directly
e0e76c73-21e7-4df5-ae3b-01c7a2ea5814,askacademia_train,losing_improve_gpt5nano,qwen,mistral,5,5
e0e76c73-21e7-4df5-ae3b-01c7a2ea5814,askacademia_train,losing_improve_llama,qwen,mistral,5,5 (The comment directly
e0e76c73-21e7-4df5-ae3b-01c7a2ea5814,askacademia_train,losing_improve_mistral,qwen,mistral,5,5 (The comment directly
e0e76c73-21e7-4df5-ae3b-01c7a2ea5814,askacademia_train,losing_improve_qwen,qwen,mistral,5,5 (The comment directly
e0e76c73-21e7-4df5-ae3b-01c7a2ea5814,askacademia_train,losing_paraphrase_claude,qwen,mistral,5,5 (The comment directly
e0e76c73-21e7-4df5-ae3b-01c7a2ea5814,askacademia_train,losing_paraphrase_gemini,qwen,mistral,3,"3

Explan"
e0e76c73-21e7-4df5-ae3b-01c7a2ea5814,askacademia_train,losing_paraphrase_gpt4omini,qwen,mistral,5,5
e0e76c73-21e7-4df5-ae3b-01c7a2ea5814,askacademia_train,losing_paraphrase_gpt5nano,qwen,mistral,4,"4

The comment"
e0e76c73-21e7-4df5-ae3b-01c7a2ea5814,askacademia_train,losing_paraphrase_llama,qwen,mistral,4,"4

The comment"
e0e76c73-21e7-4df5-ae3b-01c7a2ea5814,askacademia_train,losing_paraphrase_mistral,qwen,mistral,5,5
e0e76c73-21e7-4df5-ae3b-01c7a2ea5814,askacademia_train,losing_paraphrase_qwen,qwen,mistral,5,5 (The comment directly
53224857-de66-4568-a5a1-1fcde510bf49,askacademia_train,winning_text,qwen,mistral,2,"2

(The"
53224857-de66-4568-a5a1-1fcde510bf49,askacademia_train,losing_text,qwen,mistral,AMBIG,The score for this forum comment
53224857-de66-4568-a5a1-1fcde510bf49,askacademia_train,losing_generate_claude,qwen,mistral,5,5
53224857-de66-4568-a5a1-1fcde510bf49,askacademia_train,losing_generate_gemini,qwen,mistral,5,5
53224857-de66-4568-a5a1-1fcde510bf49,askacademia_train,losing_generate_gpt4omini,qwen,mistral,5,5
53224857-de66-4568-a5a1-1fcde510bf49,askacademia_train,losing_generate_gpt5nano,qwen,mistral,5,5
53224857-de66-4568-a5a1-1fcde510bf49,askacademia_train,losing_generate_llama,qwen,mistral,5,5 (The comment directly
53224857-de66-4568-a5a1-1fcde510bf49,askacademia_train,losing_generate_mistral,qwen,mistral,5,5 (The comment directly
53224857-de66-4568-a5a1-1fcde510bf49,askacademia_train,losing_generate_qwen,qwen,mistral,5,5
53224857-de66-4568-a5a1-1fcde510bf49,askacademia_train,losing_improve_claude,qwen,mistral,5,5
53224857-de66-4568-a5a1-1fcde510bf49,askacademia_train,losing_improve_gemini,qwen,mistral,5,5
53224857-de66-4568-a5a1-1fcde510bf49,askacademia_train,losing_improve_gpt4omini,qwen,mistral,5,5
53224857-de66-4568-a5a1-1fcde510bf49,askacademia_train,losing_improve_gpt5nano,qwen,mistral,5,5 (The comment directly
53224857-de66-4568-a5a1-1fcde510bf49,askacademia_train,losing_improve_llama,qwen,mistral,5,5 (The comment directly
53224857-de66-4568-a5a1-1fcde510bf49,askacademia_train,losing_improve_mistral,qwen,mistral,AMBIG,The comment does not directly address
53224857-de66-4568-a5a1-1fcde510bf49,askacademia_train,losing_improve_qwen,qwen,mistral,3,"3

The response"
53224857-de66-4568-a5a1-1fcde510bf49,askacademia_train,losing_paraphrase_claude,qwen,mistral,4,4 (The comment is
53224857-de66-4568-a5a1-1fcde510bf49,askacademia_train,losing_paraphrase_gemini,qwen,mistral,2,"2

The comment"
53224857-de66-4568-a5a1-1fcde510bf49,askacademia_train,losing_paraphrase_gpt4omini,qwen,mistral,3,"3

Explan"
53224857-de66-4568-a5a1-1fcde510bf49,askacademia_train,losing_paraphrase_gpt5nano,qwen,mistral,2,"2

The comment"
53224857-de66-4568-a5a1-1fcde510bf49,askacademia_train,losing_paraphrase_llama,qwen,mistral,3,"3

Explan"
53224857-de66-4568-a5a1-1fcde510bf49,askacademia_train,losing_paraphrase_mistral,qwen,mistral,3,"3

Explan"
53224857-de66-4568-a5a1-1fcde510bf49,askacademia_train,losing_paraphrase_qwen,qwen,mistral,AMBIG,The score for this forum comment
5201d75b-940f-454e-af9e-412ca80b0f22,askacademia_train,winning_text,qwen,mistral,3,"3

The comment"
5201d75b-940f-454e-af9e-412ca80b0f22,askacademia_train,losing_text,qwen,mistral,AMBIG,The score for this forum comment
5201d75b-940f-454e-af9e-412ca80b0f22,askacademia_train,losing_generate_claude,qwen,mistral,5,5
5201d75b-940f-454e-af9e-412ca80b0f22,askacademia_train,losing_generate_gemini,qwen,mistral,5,5 (The comment directly
5201d75b-940f-454e-af9e-412ca80b0f22,askacademia_train,losing_generate_gpt4omini,qwen,mistral,5,5
5201d75b-940f-454e-af9e-412ca80b0f22,askacademia_train,losing_generate_gpt5nano,qwen,mistral,5,5
5201d75b-940f-454e-af9e-412ca80b0f22,askacademia_train,losing_generate_llama,qwen,mistral,5,5 (The comment directly
5201d75b-940f-454e-af9e-412ca80b0f22,askacademia_train,losing_generate_mistral,qwen,mistral,5,5
5201d75b-940f-454e-af9e-412ca80b0f22,askacademia_train,losing_generate_qwen,qwen,mistral,5,5
5201d75b-940f-454e-af9e-412ca80b0f22,askacademia_train,losing_improve_claude,qwen,mistral,5,5
5201d75b-940f-454e-af9e-412ca80b0f22,askacademia_train,losing_improve_gemini,qwen,mistral,5,5
5201d75b-940f-454e-af9e-412ca80b0f22,askacademia_train,losing_improve_gpt4omini,qwen,mistral,5,5
5201d75b-940f-454e-af9e-412ca80b0f22,askacademia_train,losing_improve_gpt5nano,qwen,mistral,5,5
5201d75b-940f-454e-af9e-412ca80b0f22,askacademia_train,losing_improve_llama,qwen,mistral,5,5 (The comment directly
5201d75b-940f-454e-af9e-412ca80b0f22,askacademia_train,losing_improve_mistral,qwen,mistral,AMBIG,"The comment provided is helpful,"
5201d75b-940f-454e-af9e-412ca80b0f22,askacademia_train,losing_improve_qwen,qwen,mistral,3,"3

The response"
5201d75b-940f-454e-af9e-412ca80b0f22,askacademia_train,losing_paraphrase_claude,qwen,mistral,3,"3

Explan"
5201d75b-940f-454e-af9e-412ca80b0f22,askacademia_train,losing_paraphrase_gemini,qwen,mistral,5,5 (The comment directly
5201d75b-940f-454e-af9e-412ca80b0f22,askacademia_train,losing_paraphrase_gpt4omini,qwen,mistral,AMBIG,The score for this forum comment
5201d75b-940f-454e-af9e-412ca80b0f22,askacademia_train,losing_paraphrase_gpt5nano,qwen,mistral,3,"3

Explan"
5201d75b-940f-454e-af9e-412ca80b0f22,askacademia_train,losing_paraphrase_llama,qwen,mistral,3,"3

Explan"
5201d75b-940f-454e-af9e-412ca80b0f22,askacademia_train,losing_paraphrase_mistral,qwen,mistral,3,"3

Explan"
5201d75b-940f-454e-af9e-412ca80b0f22,askacademia_train,losing_paraphrase_qwen,qwen,mistral,4,"4

The comment"
a4f335ee-4bbf-4484-a311-ef7665f17d1b,askacademia_train,winning_text,qwen,mistral,3,"3

Explan"
a4f335ee-4bbf-4484-a311-ef7665f17d1b,askacademia_train,losing_text,qwen,mistral,AMBIG,The score for this forum comment
a4f335ee-4bbf-4484-a311-ef7665f17d1b,askacademia_train,losing_generate_claude,qwen,mistral,5,5
a4f335ee-4bbf-4484-a311-ef7665f17d1b,askacademia_train,losing_generate_gemini,qwen,mistral,5,5 (The comment directly
a4f335ee-4bbf-4484-a311-ef7665f17d1b,askacademia_train,losing_generate_gpt4omini,qwen,mistral,5,5
a4f335ee-4bbf-4484-a311-ef7665f17d1b,askacademia_train,losing_generate_gpt5nano,qwen,mistral,5,5 (The comment directly
a4f335ee-4bbf-4484-a311-ef7665f17d1b,askacademia_train,losing_generate_llama,qwen,mistral,5,5 (The comment directly
a4f335ee-4bbf-4484-a311-ef7665f17d1b,askacademia_train,losing_generate_mistral,qwen,mistral,5,5
a4f335ee-4bbf-4484-a311-ef7665f17d1b,askacademia_train,losing_generate_qwen,qwen,mistral,5,5 (The comment directly
a4f335ee-4bbf-4484-a311-ef7665f17d1b,askacademia_train,losing_improve_claude,qwen,mistral,5,5
a4f335ee-4bbf-4484-a311-ef7665f17d1b,askacademia_train,losing_improve_gemini,qwen,mistral,5,5
a4f335ee-4bbf-4484-a311-ef7665f17d1b,askacademia_train,losing_improve_gpt4omini,qwen,mistral,5,5
a4f335ee-4bbf-4484-a311-ef7665f17d1b,askacademia_train,losing_improve_gpt5nano,qwen,mistral,5,5
a4f335ee-4bbf-4484-a311-ef7665f17d1b,askacademia_train,losing_improve_llama,qwen,mistral,5,5 (The comment directly
a4f335ee-4bbf-4484-a311-ef7665f17d1b,askacademia_train,losing_improve_mistral,qwen,mistral,AMBIG,"The comment provided is helpful,"
a4f335ee-4bbf-4484-a311-ef7665f17d1b,askacademia_train,losing_improve_qwen,qwen,mistral,3,"3

The response"
a4f335ee-4bbf-4484-a311-ef7665f17d1b,askacademia_train,losing_paraphrase_claude,qwen,mistral,4,4 (The comment is
a4f335ee-4bbf-4484-a311-ef7665f17d1b,askacademia_train,losing_paraphrase_gemini,qwen,mistral,5,5 (The comment directly
a4f335ee-4bbf-4484-a311-ef7665f17d1b,askacademia_train,losing_paraphrase_gpt4omini,qwen,mistral,AMBIG,The score for this forum comment
a4f335ee-4bbf-4484-a311-ef7665f17d1b,askacademia_train,losing_paraphrase_gpt5nano,qwen,mistral,3,"3

The comment"
a4f335ee-4bbf-4484-a311-ef7665f17d1b,askacademia_train,losing_paraphrase_llama,qwen,mistral,3,"3

Explan"
a4f335ee-4bbf-4484-a311-ef7665f17d1b,askacademia_train,losing_paraphrase_mistral,qwen,mistral,3,"3

Explan"
a4f335ee-4bbf-4484-a311-ef7665f17d1b,askacademia_train,losing_paraphrase_qwen,qwen,mistral,4,"4

The comment"
82a666ac-d301-441a-9fbf-50987a52185f,askacademia_train,winning_text,qwen,mistral,2,"2

(The"
82a666ac-d301-441a-9fbf-50987a52185f,askacademia_train,losing_text,qwen,mistral,3,"3

Explan"
82a666ac-d301-441a-9fbf-50987a52185f,askacademia_train,losing_generate_claude,qwen,mistral,5,5
82a666ac-d301-441a-9fbf-50987a52185f,askacademia_train,losing_generate_gemini,qwen,mistral,5,5
82a666ac-d301-441a-9fbf-50987a52185f,askacademia_train,losing_generate_gpt4omini,qwen,mistral,5,5
82a666ac-d301-441a-9fbf-50987a52185f,askacademia_train,losing_generate_gpt5nano,qwen,mistral,5,5
82a666ac-d301-441a-9fbf-50987a52185f,askacademia_train,losing_generate_llama,qwen,mistral,5,5 (The comment directly
82a666ac-d301-441a-9fbf-50987a52185f,askacademia_train,losing_generate_mistral,qwen,mistral,5,5
82a666ac-d301-441a-9fbf-50987a52185f,askacademia_train,losing_generate_qwen,qwen,mistral,5,5 (The comment directly
82a666ac-d301-441a-9fbf-50987a52185f,askacademia_train,losing_improve_claude,qwen,mistral,5,5 (The comment directly
82a666ac-d301-441a-9fbf-50987a52185f,askacademia_train,losing_improve_gemini,qwen,mistral,5,5 (The comment directly
82a666ac-d301-441a-9fbf-50987a52185f,askacademia_train,losing_improve_gpt4omini,qwen,mistral,5,5
82a666ac-d301-441a-9fbf-50987a52185f,askacademia_train,losing_improve_gpt5nano,qwen,mistral,5,5 (The comment directly
82a666ac-d301-441a-9fbf-50987a52185f,askacademia_train,losing_improve_llama,qwen,mistral,5,5
82a666ac-d301-441a-9fbf-50987a52185f,askacademia_train,losing_improve_mistral,qwen,mistral,3,"3

Explan"
82a666ac-d301-441a-9fbf-50987a52185f,askacademia_train,losing_improve_qwen,qwen,mistral,5,5
82a666ac-d301-441a-9fbf-50987a52185f,askacademia_train,losing_paraphrase_claude,qwen,mistral,5,5 (The comment directly
82a666ac-d301-441a-9fbf-50987a52185f,askacademia_train,losing_paraphrase_gemini,qwen,mistral,5,5 (The comment directly
82a666ac-d301-441a-9fbf-50987a52185f,askacademia_train,losing_paraphrase_gpt4omini,qwen,mistral,3,"3

Explan"
82a666ac-d301-441a-9fbf-50987a52185f,askacademia_train,losing_paraphrase_gpt5nano,qwen,mistral,3,"3

Explan"
82a666ac-d301-441a-9fbf-50987a52185f,askacademia_train,losing_paraphrase_llama,qwen,mistral,2,"2

The comment"
82a666ac-d301-441a-9fbf-50987a52185f,askacademia_train,losing_paraphrase_mistral,qwen,mistral,3,"3

Explan"
82a666ac-d301-441a-9fbf-50987a52185f,askacademia_train,losing_paraphrase_qwen,qwen,mistral,4,"4

The comment"
2cf371a8-d8bd-401d-9e7d-11e0b469d270,askacademia_train,winning_text,qwen,mistral,2,"2

(The"
2cf371a8-d8bd-401d-9e7d-11e0b469d270,askacademia_train,losing_text,qwen,mistral,3,"3

Explan"
2cf371a8-d8bd-401d-9e7d-11e0b469d270,askacademia_train,losing_generate_claude,qwen,mistral,5,5
2cf371a8-d8bd-401d-9e7d-11e0b469d270,askacademia_train,losing_generate_gemini,qwen,mistral,5,5
2cf371a8-d8bd-401d-9e7d-11e0b469d270,askacademia_train,losing_generate_gpt4omini,qwen,mistral,5,5
2cf371a8-d8bd-401d-9e7d-11e0b469d270,askacademia_train,losing_generate_gpt5nano,qwen,mistral,5,5
2cf371a8-d8bd-401d-9e7d-11e0b469d270,askacademia_train,losing_generate_llama,qwen,mistral,5,5 (The comment directly
2cf371a8-d8bd-401d-9e7d-11e0b469d270,askacademia_train,losing_generate_mistral,qwen,mistral,5,5
2cf371a8-d8bd-401d-9e7d-11e0b469d270,askacademia_train,losing_generate_qwen,qwen,mistral,5,5
2cf371a8-d8bd-401d-9e7d-11e0b469d270,askacademia_train,losing_improve_claude,qwen,mistral,5,5 (The comment directly
2cf371a8-d8bd-401d-9e7d-11e0b469d270,askacademia_train,losing_improve_gemini,qwen,mistral,5,5 (The comment directly
2cf371a8-d8bd-401d-9e7d-11e0b469d270,askacademia_train,losing_improve_gpt4omini,qwen,mistral,5,5 (The comment directly
2cf371a8-d8bd-401d-9e7d-11e0b469d270,askacademia_train,losing_improve_gpt5nano,qwen,mistral,5,5 (The comment directly
2cf371a8-d8bd-401d-9e7d-11e0b469d270,askacademia_train,losing_improve_llama,qwen,mistral,5,5 (The comment directly
2cf371a8-d8bd-401d-9e7d-11e0b469d270,askacademia_train,losing_improve_mistral,qwen,mistral,AMBIG,The score for this forum comment
2cf371a8-d8bd-401d-9e7d-11e0b469d270,askacademia_train,losing_improve_qwen,qwen,mistral,5,5 (The comment directly
2cf371a8-d8bd-401d-9e7d-11e0b469d270,askacademia_train,losing_paraphrase_claude,qwen,mistral,AMBIG,The given forum comment would be
2cf371a8-d8bd-401d-9e7d-11e0b469d270,askacademia_train,losing_paraphrase_gemini,qwen,mistral,5,5 (The comment directly
2cf371a8-d8bd-401d-9e7d-11e0b469d270,askacademia_train,losing_paraphrase_gpt4omini,qwen,mistral,3,"3

Explan"
2cf371a8-d8bd-401d-9e7d-11e0b469d270,askacademia_train,losing_paraphrase_gpt5nano,qwen,mistral,3,"3

Explan"
2cf371a8-d8bd-401d-9e7d-11e0b469d270,askacademia_train,losing_paraphrase_llama,qwen,mistral,AMBIG,The score for this forum comment
2cf371a8-d8bd-401d-9e7d-11e0b469d270,askacademia_train,losing_paraphrase_mistral,qwen,mistral,3,"3

Explan"
2cf371a8-d8bd-401d-9e7d-11e0b469d270,askacademia_train,losing_paraphrase_qwen,qwen,mistral,3,"3

The comment"
e3ab800a-80b7-4bd6-b708-247d7b5f6534,askacademia_train,winning_text,qwen,mistral,3,"3

The comment"
e3ab800a-80b7-4bd6-b708-247d7b5f6534,askacademia_train,losing_text,qwen,mistral,3,"3

Explan"
e3ab800a-80b7-4bd6-b708-247d7b5f6534,askacademia_train,losing_generate_claude,qwen,mistral,5,5
e3ab800a-80b7-4bd6-b708-247d7b5f6534,askacademia_train,losing_generate_gemini,qwen,mistral,5,5
e3ab800a-80b7-4bd6-b708-247d7b5f6534,askacademia_train,losing_generate_gpt4omini,qwen,mistral,5,5
e3ab800a-80b7-4bd6-b708-247d7b5f6534,askacademia_train,losing_generate_gpt5nano,qwen,mistral,5,5 (The comment directly
e3ab800a-80b7-4bd6-b708-247d7b5f6534,askacademia_train,losing_generate_llama,qwen,mistral,5,5
e3ab800a-80b7-4bd6-b708-247d7b5f6534,askacademia_train,losing_generate_mistral,qwen,mistral,5,5
e3ab800a-80b7-4bd6-b708-247d7b5f6534,askacademia_train,losing_generate_qwen,qwen,mistral,5,5
e3ab800a-80b7-4bd6-b708-247d7b5f6534,askacademia_train,losing_improve_claude,qwen,mistral,5,5
e3ab800a-80b7-4bd6-b708-247d7b5f6534,askacademia_train,losing_improve_gemini,qwen,mistral,4,"4

The comment"
e3ab800a-80b7-4bd6-b708-247d7b5f6534,askacademia_train,losing_improve_gpt4omini,qwen,mistral,5,5
e3ab800a-80b7-4bd6-b708-247d7b5f6534,askacademia_train,losing_improve_gpt5nano,qwen,mistral,5,5
e3ab800a-80b7-4bd6-b708-247d7b5f6534,askacademia_train,losing_improve_llama,qwen,mistral,5,5
e3ab800a-80b7-4bd6-b708-247d7b5f6534,askacademia_train,losing_improve_mistral,qwen,mistral,3,"3

Explan"
e3ab800a-80b7-4bd6-b708-247d7b5f6534,askacademia_train,losing_improve_qwen,qwen,mistral,5,5
e3ab800a-80b7-4bd6-b708-247d7b5f6534,askacademia_train,losing_paraphrase_claude,qwen,mistral,3,"3

Explan"
e3ab800a-80b7-4bd6-b708-247d7b5f6534,askacademia_train,losing_paraphrase_gemini,qwen,mistral,2,"2

The comment"
e3ab800a-80b7-4bd6-b708-247d7b5f6534,askacademia_train,losing_paraphrase_gpt4omini,qwen,mistral,3,"3

Explan"
e3ab800a-80b7-4bd6-b708-247d7b5f6534,askacademia_train,losing_paraphrase_gpt5nano,qwen,mistral,3,"3

Explan"
e3ab800a-80b7-4bd6-b708-247d7b5f6534,askacademia_train,losing_paraphrase_llama,qwen,mistral,2,"2

The comment"
e3ab800a-80b7-4bd6-b708-247d7b5f6534,askacademia_train,losing_paraphrase_mistral,qwen,mistral,3,"3

Explan"
e3ab800a-80b7-4bd6-b708-247d7b5f6534,askacademia_train,losing_paraphrase_qwen,qwen,mistral,5,"5

The comment"
58751f92-5fa6-4378-b19d-5efbf4899a4d,askacademia_train,winning_text,qwen,mistral,3,"3

Explan"
58751f92-5fa6-4378-b19d-5efbf4899a4d,askacademia_train,losing_text,qwen,mistral,3,"3

Explan"
58751f92-5fa6-4378-b19d-5efbf4899a4d,askacademia_train,losing_generate_claude,qwen,mistral,5,5
58751f92-5fa6-4378-b19d-5efbf4899a4d,askacademia_train,losing_generate_gemini,qwen,mistral,5,5
58751f92-5fa6-4378-b19d-5efbf4899a4d,askacademia_train,losing_generate_gpt4omini,qwen,mistral,5,5
58751f92-5fa6-4378-b19d-5efbf4899a4d,askacademia_train,losing_generate_gpt5nano,qwen,mistral,5,5 (The comment directly
58751f92-5fa6-4378-b19d-5efbf4899a4d,askacademia_train,losing_generate_llama,qwen,mistral,5,5 (The comment directly
58751f92-5fa6-4378-b19d-5efbf4899a4d,askacademia_train,losing_generate_mistral,qwen,mistral,5,5
58751f92-5fa6-4378-b19d-5efbf4899a4d,askacademia_train,losing_generate_qwen,qwen,mistral,5,5
58751f92-5fa6-4378-b19d-5efbf4899a4d,askacademia_train,losing_improve_claude,qwen,mistral,5,5
58751f92-5fa6-4378-b19d-5efbf4899a4d,askacademia_train,losing_improve_gemini,qwen,mistral,4,"4

The comment"
58751f92-5fa6-4378-b19d-5efbf4899a4d,askacademia_train,losing_improve_gpt4omini,qwen,mistral,5,5
58751f92-5fa6-4378-b19d-5efbf4899a4d,askacademia_train,losing_improve_gpt5nano,qwen,mistral,5,5
58751f92-5fa6-4378-b19d-5efbf4899a4d,askacademia_train,losing_improve_llama,qwen,mistral,5,5
58751f92-5fa6-4378-b19d-5efbf4899a4d,askacademia_train,losing_improve_mistral,qwen,mistral,3,"3

Explan"
58751f92-5fa6-4378-b19d-5efbf4899a4d,askacademia_train,losing_improve_qwen,qwen,mistral,5,5
58751f92-5fa6-4378-b19d-5efbf4899a4d,askacademia_train,losing_paraphrase_claude,qwen,mistral,3,"3

Explan"
58751f92-5fa6-4378-b19d-5efbf4899a4d,askacademia_train,losing_paraphrase_gemini,qwen,mistral,4,"4

The comment"
58751f92-5fa6-4378-b19d-5efbf4899a4d,askacademia_train,losing_paraphrase_gpt4omini,qwen,mistral,3,"3

Explan"
58751f92-5fa6-4378-b19d-5efbf4899a4d,askacademia_train,losing_paraphrase_gpt5nano,qwen,mistral,3,"3

Explan"
58751f92-5fa6-4378-b19d-5efbf4899a4d,askacademia_train,losing_paraphrase_llama,qwen,mistral,2,"2

The comment"
58751f92-5fa6-4378-b19d-5efbf4899a4d,askacademia_train,losing_paraphrase_mistral,qwen,mistral,3,"3

Explan"
58751f92-5fa6-4378-b19d-5efbf4899a4d,askacademia_train,losing_paraphrase_qwen,qwen,mistral,5,"5

The comment"
41ecdfbb-70bd-4a1d-af25-d97131d9ad1f,askacademia_train,winning_text,qwen,mistral,4,"The score is 4,"
41ecdfbb-70bd-4a1d-af25-d97131d9ad1f,askacademia_train,losing_text,qwen,mistral,3,"3

Explan"
41ecdfbb-70bd-4a1d-af25-d97131d9ad1f,askacademia_train,losing_generate_claude,qwen,mistral,5,5
41ecdfbb-70bd-4a1d-af25-d97131d9ad1f,askacademia_train,losing_generate_gemini,qwen,mistral,5,5 (The comment directly
41ecdfbb-70bd-4a1d-af25-d97131d9ad1f,askacademia_train,losing_generate_gpt4omini,qwen,mistral,5,5
41ecdfbb-70bd-4a1d-af25-d97131d9ad1f,askacademia_train,losing_generate_gpt5nano,qwen,mistral,5,5
41ecdfbb-70bd-4a1d-af25-d97131d9ad1f,askacademia_train,losing_generate_llama,qwen,mistral,5,5 (The comment directly
41ecdfbb-70bd-4a1d-af25-d97131d9ad1f,askacademia_train,losing_generate_mistral,qwen,mistral,5,5
41ecdfbb-70bd-4a1d-af25-d97131d9ad1f,askacademia_train,losing_generate_qwen,qwen,mistral,5,5
41ecdfbb-70bd-4a1d-af25-d97131d9ad1f,askacademia_train,losing_improve_claude,qwen,mistral,5,5
41ecdfbb-70bd-4a1d-af25-d97131d9ad1f,askacademia_train,losing_improve_gemini,qwen,mistral,4,"4

The comment"
41ecdfbb-70bd-4a1d-af25-d97131d9ad1f,askacademia_train,losing_improve_gpt4omini,qwen,mistral,5,5
41ecdfbb-70bd-4a1d-af25-d97131d9ad1f,askacademia_train,losing_improve_gpt5nano,qwen,mistral,5,5
41ecdfbb-70bd-4a1d-af25-d97131d9ad1f,askacademia_train,losing_improve_llama,qwen,mistral,5,5
41ecdfbb-70bd-4a1d-af25-d97131d9ad1f,askacademia_train,losing_improve_mistral,qwen,mistral,3,"3

Explan"
41ecdfbb-70bd-4a1d-af25-d97131d9ad1f,askacademia_train,losing_improve_qwen,qwen,mistral,5,5
41ecdfbb-70bd-4a1d-af25-d97131d9ad1f,askacademia_train,losing_paraphrase_claude,qwen,mistral,3,"3

Explan"
41ecdfbb-70bd-4a1d-af25-d97131d9ad1f,askacademia_train,losing_paraphrase_gemini,qwen,mistral,4,4 (The tone is
41ecdfbb-70bd-4a1d-af25-d97131d9ad1f,askacademia_train,losing_paraphrase_gpt4omini,qwen,mistral,3,"3

Explan"
41ecdfbb-70bd-4a1d-af25-d97131d9ad1f,askacademia_train,losing_paraphrase_gpt5nano,qwen,mistral,3,"3

Explan"
41ecdfbb-70bd-4a1d-af25-d97131d9ad1f,askacademia_train,losing_paraphrase_llama,qwen,mistral,2,"2

The comment"
41ecdfbb-70bd-4a1d-af25-d97131d9ad1f,askacademia_train,losing_paraphrase_mistral,qwen,mistral,3,"3

Explan"
41ecdfbb-70bd-4a1d-af25-d97131d9ad1f,askacademia_train,losing_paraphrase_qwen,qwen,mistral,3,"3

Explan"
70a5e661-8366-49fe-98b7-ec9a2dafce5f,askacademia_train,winning_text,qwen,mistral,3,"3

Explan"
70a5e661-8366-49fe-98b7-ec9a2dafce5f,askacademia_train,losing_text,qwen,mistral,3,"3

Explan"
70a5e661-8366-49fe-98b7-ec9a2dafce5f,askacademia_train,losing_generate_claude,qwen,mistral,5,5
70a5e661-8366-49fe-98b7-ec9a2dafce5f,askacademia_train,losing_generate_gemini,qwen,mistral,5,5
70a5e661-8366-49fe-98b7-ec9a2dafce5f,askacademia_train,losing_generate_gpt4omini,qwen,mistral,5,5
70a5e661-8366-49fe-98b7-ec9a2dafce5f,askacademia_train,losing_generate_gpt5nano,qwen,mistral,5,5
70a5e661-8366-49fe-98b7-ec9a2dafce5f,askacademia_train,losing_generate_llama,qwen,mistral,5,5 (The comment directly
70a5e661-8366-49fe-98b7-ec9a2dafce5f,askacademia_train,losing_generate_mistral,qwen,mistral,5,5
70a5e661-8366-49fe-98b7-ec9a2dafce5f,askacademia_train,losing_generate_qwen,qwen,mistral,5,5 (The comment directly
70a5e661-8366-49fe-98b7-ec9a2dafce5f,askacademia_train,losing_improve_claude,qwen,mistral,2,"2

The comment"
70a5e661-8366-49fe-98b7-ec9a2dafce5f,askacademia_train,losing_improve_gemini,qwen,mistral,4,"4

The comment"
70a5e661-8366-49fe-98b7-ec9a2dafce5f,askacademia_train,losing_improve_gpt4omini,qwen,mistral,5,5
70a5e661-8366-49fe-98b7-ec9a2dafce5f,askacademia_train,losing_improve_gpt5nano,qwen,mistral,5,5 (The comment directly
70a5e661-8366-49fe-98b7-ec9a2dafce5f,askacademia_train,losing_improve_llama,qwen,mistral,5,5
70a5e661-8366-49fe-98b7-ec9a2dafce5f,askacademia_train,losing_improve_mistral,qwen,mistral,3,"3

Explan"
70a5e661-8366-49fe-98b7-ec9a2dafce5f,askacademia_train,losing_improve_qwen,qwen,mistral,5,5
70a5e661-8366-49fe-98b7-ec9a2dafce5f,askacademia_train,losing_paraphrase_claude,qwen,mistral,5,5 (The comment directly
70a5e661-8366-49fe-98b7-ec9a2dafce5f,askacademia_train,losing_paraphrase_gemini,qwen,mistral,4,4 (The tone is
70a5e661-8366-49fe-98b7-ec9a2dafce5f,askacademia_train,losing_paraphrase_gpt4omini,qwen,mistral,3,"3

Explan"
70a5e661-8366-49fe-98b7-ec9a2dafce5f,askacademia_train,losing_paraphrase_gpt5nano,qwen,mistral,3,"3

Explan"
70a5e661-8366-49fe-98b7-ec9a2dafce5f,askacademia_train,losing_paraphrase_llama,qwen,mistral,2,"2

The comment"
70a5e661-8366-49fe-98b7-ec9a2dafce5f,askacademia_train,losing_paraphrase_mistral,qwen,mistral,3,"3

Explan"
70a5e661-8366-49fe-98b7-ec9a2dafce5f,askacademia_train,losing_paraphrase_qwen,qwen,mistral,3,"3

Explan"
101f1ad4-f0ec-468a-be68-e3ba1ca47e90,askacademia_train,winning_text,qwen,mistral,4,4 (The tone is
101f1ad4-f0ec-468a-be68-e3ba1ca47e90,askacademia_train,losing_text,qwen,mistral,3,"3

Explan"
101f1ad4-f0ec-468a-be68-e3ba1ca47e90,askacademia_train,losing_generate_claude,qwen,mistral,5,5
101f1ad4-f0ec-468a-be68-e3ba1ca47e90,askacademia_train,losing_generate_gemini,qwen,mistral,5,5
101f1ad4-f0ec-468a-be68-e3ba1ca47e90,askacademia_train,losing_generate_gpt4omini,qwen,mistral,5,5
101f1ad4-f0ec-468a-be68-e3ba1ca47e90,askacademia_train,losing_generate_gpt5nano,qwen,mistral,5,5 (The comment directly
101f1ad4-f0ec-468a-be68-e3ba1ca47e90,askacademia_train,losing_generate_llama,qwen,mistral,5,5 (The comment directly
101f1ad4-f0ec-468a-be68-e3ba1ca47e90,askacademia_train,losing_generate_mistral,qwen,mistral,5,5
101f1ad4-f0ec-468a-be68-e3ba1ca47e90,askacademia_train,losing_generate_qwen,qwen,mistral,5,5
101f1ad4-f0ec-468a-be68-e3ba1ca47e90,askacademia_train,losing_improve_claude,qwen,mistral,2,"2

The comment"
101f1ad4-f0ec-468a-be68-e3ba1ca47e90,askacademia_train,losing_improve_gemini,qwen,mistral,5,5 (The comment directly
101f1ad4-f0ec-468a-be68-e3ba1ca47e90,askacademia_train,losing_improve_gpt4omini,qwen,mistral,5,5
101f1ad4-f0ec-468a-be68-e3ba1ca47e90,askacademia_train,losing_improve_gpt5nano,qwen,mistral,5,5 (The comment directly
101f1ad4-f0ec-468a-be68-e3ba1ca47e90,askacademia_train,losing_improve_llama,qwen,mistral,5,5
101f1ad4-f0ec-468a-be68-e3ba1ca47e90,askacademia_train,losing_improve_mistral,qwen,mistral,3,"3

Explan"
101f1ad4-f0ec-468a-be68-e3ba1ca47e90,askacademia_train,losing_improve_qwen,qwen,mistral,5,5
101f1ad4-f0ec-468a-be68-e3ba1ca47e90,askacademia_train,losing_paraphrase_claude,qwen,mistral,5,5 (The comment directly
101f1ad4-f0ec-468a-be68-e3ba1ca47e90,askacademia_train,losing_paraphrase_gemini,qwen,mistral,5,5
101f1ad4-f0ec-468a-be68-e3ba1ca47e90,askacademia_train,losing_paraphrase_gpt4omini,qwen,mistral,3,"3

Explan"
101f1ad4-f0ec-468a-be68-e3ba1ca47e90,askacademia_train,losing_paraphrase_gpt5nano,qwen,mistral,3,"3

Explan"
101f1ad4-f0ec-468a-be68-e3ba1ca47e90,askacademia_train,losing_paraphrase_llama,qwen,mistral,2,"2

The comment"
101f1ad4-f0ec-468a-be68-e3ba1ca47e90,askacademia_train,losing_paraphrase_mistral,qwen,mistral,3,"3

Explan"
101f1ad4-f0ec-468a-be68-e3ba1ca47e90,askacademia_train,losing_paraphrase_qwen,qwen,mistral,5,"5

The comment"
b93c4d39-bde7-4f82-9a15-540e7b92a8b6,askacademia_train,winning_text,qwen,mistral,3,"3

The comment"
b93c4d39-bde7-4f82-9a15-540e7b92a8b6,askacademia_train,losing_text,qwen,mistral,3,"3

Explan"
b93c4d39-bde7-4f82-9a15-540e7b92a8b6,askacademia_train,losing_generate_claude,qwen,mistral,5,5
b93c4d39-bde7-4f82-9a15-540e7b92a8b6,askacademia_train,losing_generate_gemini,qwen,mistral,5,5 (The comment directly
b93c4d39-bde7-4f82-9a15-540e7b92a8b6,askacademia_train,losing_generate_gpt4omini,qwen,mistral,5,5
b93c4d39-bde7-4f82-9a15-540e7b92a8b6,askacademia_train,losing_generate_gpt5nano,qwen,mistral,5,5 (The comment directly
b93c4d39-bde7-4f82-9a15-540e7b92a8b6,askacademia_train,losing_generate_llama,qwen,mistral,5,5 (The comment directly
b93c4d39-bde7-4f82-9a15-540e7b92a8b6,askacademia_train,losing_generate_mistral,qwen,mistral,5,5
b93c4d39-bde7-4f82-9a15-540e7b92a8b6,askacademia_train,losing_generate_qwen,qwen,mistral,5,5
b93c4d39-bde7-4f82-9a15-540e7b92a8b6,askacademia_train,losing_improve_claude,qwen,mistral,5,5 (The comment directly
b93c4d39-bde7-4f82-9a15-540e7b92a8b6,askacademia_train,losing_improve_gemini,qwen,mistral,5,5 (The comment directly
b93c4d39-bde7-4f82-9a15-540e7b92a8b6,askacademia_train,losing_improve_gpt4omini,qwen,mistral,5,5 (The comment directly
b93c4d39-bde7-4f82-9a15-540e7b92a8b6,askacademia_train,losing_improve_gpt5nano,qwen,mistral,1,"1

(The"
b93c4d39-bde7-4f82-9a15-540e7b92a8b6,askacademia_train,losing_improve_llama,qwen,mistral,5,5 (The comment directly
b93c4d39-bde7-4f82-9a15-540e7b92a8b6,askacademia_train,losing_improve_mistral,qwen,mistral,AMBIG,The score for this forum comment
b93c4d39-bde7-4f82-9a15-540e7b92a8b6,askacademia_train,losing_improve_qwen,qwen,mistral,5,5 (The comment directly
b93c4d39-bde7-4f82-9a15-540e7b92a8b6,askacademia_train,losing_paraphrase_claude,qwen,mistral,AMBIG,The given forum comment would be
b93c4d39-bde7-4f82-9a15-540e7b92a8b6,askacademia_train,losing_paraphrase_gemini,qwen,mistral,5,5
b93c4d39-bde7-4f82-9a15-540e7b92a8b6,askacademia_train,losing_paraphrase_gpt4omini,qwen,mistral,AMBIG,The given forum comment would be
b93c4d39-bde7-4f82-9a15-540e7b92a8b6,askacademia_train,losing_paraphrase_gpt5nano,qwen,mistral,3,"3

Explan"
b93c4d39-bde7-4f82-9a15-540e7b92a8b6,askacademia_train,losing_paraphrase_llama,qwen,mistral,AMBIG,The score for this forum comment
b93c4d39-bde7-4f82-9a15-540e7b92a8b6,askacademia_train,losing_paraphrase_mistral,qwen,mistral,3,"3

Explan"
b93c4d39-bde7-4f82-9a15-540e7b92a8b6,askacademia_train,losing_paraphrase_qwen,qwen,mistral,3,"3

Explan"
24df0df1-9084-4d81-b204-957880931e40,askacademia_train,winning_text,qwen,mistral,3,"3

Explan"
24df0df1-9084-4d81-b204-957880931e40,askacademia_train,losing_text,qwen,mistral,4,"The score is 4,"
24df0df1-9084-4d81-b204-957880931e40,askacademia_train,losing_generate_claude,qwen,mistral,5,5
24df0df1-9084-4d81-b204-957880931e40,askacademia_train,losing_generate_gemini,qwen,mistral,5,5 (The comment directly
24df0df1-9084-4d81-b204-957880931e40,askacademia_train,losing_generate_gpt4omini,qwen,mistral,5,5
24df0df1-9084-4d81-b204-957880931e40,askacademia_train,losing_generate_gpt5nano,qwen,mistral,5,5
24df0df1-9084-4d81-b204-957880931e40,askacademia_train,losing_generate_llama,qwen,mistral,5,5 (The comment directly
24df0df1-9084-4d81-b204-957880931e40,askacademia_train,losing_generate_mistral,qwen,mistral,5,5
24df0df1-9084-4d81-b204-957880931e40,askacademia_train,losing_generate_qwen,qwen,mistral,5,5 (The comment directly
24df0df1-9084-4d81-b204-957880931e40,askacademia_train,losing_improve_claude,qwen,mistral,5,5 (The comment directly
24df0df1-9084-4d81-b204-957880931e40,askacademia_train,losing_improve_gemini,qwen,mistral,5,5
24df0df1-9084-4d81-b204-957880931e40,askacademia_train,losing_improve_gpt4omini,qwen,mistral,5,5 (The comment directly
24df0df1-9084-4d81-b204-957880931e40,askacademia_train,losing_improve_gpt5nano,qwen,mistral,5,5 (The comment directly
24df0df1-9084-4d81-b204-957880931e40,askacademia_train,losing_improve_llama,qwen,mistral,5,5 (The comment directly
24df0df1-9084-4d81-b204-957880931e40,askacademia_train,losing_improve_mistral,qwen,mistral,5,5 (The comment directly
24df0df1-9084-4d81-b204-957880931e40,askacademia_train,losing_improve_qwen,qwen,mistral,5,5 (The comment directly
24df0df1-9084-4d81-b204-957880931e40,askacademia_train,losing_paraphrase_claude,qwen,mistral,5,5
24df0df1-9084-4d81-b204-957880931e40,askacademia_train,losing_paraphrase_gemini,qwen,mistral,4,"4

The comment"
24df0df1-9084-4d81-b204-957880931e40,askacademia_train,losing_paraphrase_gpt4omini,qwen,mistral,5,5 (The comment directly
24df0df1-9084-4d81-b204-957880931e40,askacademia_train,losing_paraphrase_gpt5nano,qwen,mistral,5,5 (The comment directly
24df0df1-9084-4d81-b204-957880931e40,askacademia_train,losing_paraphrase_llama,qwen,mistral,5,5 (The comment directly
24df0df1-9084-4d81-b204-957880931e40,askacademia_train,losing_paraphrase_mistral,qwen,mistral,5,5
24df0df1-9084-4d81-b204-957880931e40,askacademia_train,losing_paraphrase_qwen,qwen,mistral,5,5 (The comment directly
513d4f1e-3ed3-49c9-9850-b7901df3fe4a,askacademia_train,winning_text,qwen,mistral,2,"2

(The"
513d4f1e-3ed3-49c9-9850-b7901df3fe4a,askacademia_train,losing_text,qwen,mistral,4,4 (The tone is
513d4f1e-3ed3-49c9-9850-b7901df3fe4a,askacademia_train,losing_generate_claude,qwen,mistral,1,"1

The comment"
513d4f1e-3ed3-49c9-9850-b7901df3fe4a,askacademia_train,losing_generate_gemini,qwen,mistral,5,5 (The comment directly
513d4f1e-3ed3-49c9-9850-b7901df3fe4a,askacademia_train,losing_generate_gpt4omini,qwen,mistral,5,5
513d4f1e-3ed3-49c9-9850-b7901df3fe4a,askacademia_train,losing_generate_gpt5nano,qwen,mistral,5,5
513d4f1e-3ed3-49c9-9850-b7901df3fe4a,askacademia_train,losing_generate_llama,qwen,mistral,5,5 (The comment directly
513d4f1e-3ed3-49c9-9850-b7901df3fe4a,askacademia_train,losing_generate_mistral,qwen,mistral,5,5
513d4f1e-3ed3-49c9-9850-b7901df3fe4a,askacademia_train,losing_generate_qwen,qwen,mistral,5,5
513d4f1e-3ed3-49c9-9850-b7901df3fe4a,askacademia_train,losing_improve_claude,qwen,mistral,5,5 (The comment directly
513d4f1e-3ed3-49c9-9850-b7901df3fe4a,askacademia_train,losing_improve_gemini,qwen,mistral,5,5
513d4f1e-3ed3-49c9-9850-b7901df3fe4a,askacademia_train,losing_improve_gpt4omini,qwen,mistral,5,5 (The comment directly
513d4f1e-3ed3-49c9-9850-b7901df3fe4a,askacademia_train,losing_improve_gpt5nano,qwen,mistral,5,5
513d4f1e-3ed3-49c9-9850-b7901df3fe4a,askacademia_train,losing_improve_llama,qwen,mistral,5,5 (The comment directly
513d4f1e-3ed3-49c9-9850-b7901df3fe4a,askacademia_train,losing_improve_mistral,qwen,mistral,5,5 (The comment directly
513d4f1e-3ed3-49c9-9850-b7901df3fe4a,askacademia_train,losing_improve_qwen,qwen,mistral,4,4 (The comment is
513d4f1e-3ed3-49c9-9850-b7901df3fe4a,askacademia_train,losing_paraphrase_claude,qwen,mistral,5,5 (The comment directly
513d4f1e-3ed3-49c9-9850-b7901df3fe4a,askacademia_train,losing_paraphrase_gemini,qwen,mistral,4,"4

The comment"
513d4f1e-3ed3-49c9-9850-b7901df3fe4a,askacademia_train,losing_paraphrase_gpt4omini,qwen,mistral,4,4 (The tone is
513d4f1e-3ed3-49c9-9850-b7901df3fe4a,askacademia_train,losing_paraphrase_gpt5nano,qwen,mistral,5,5 (The comment directly
513d4f1e-3ed3-49c9-9850-b7901df3fe4a,askacademia_train,losing_paraphrase_llama,qwen,mistral,5,5 (The comment directly
513d4f1e-3ed3-49c9-9850-b7901df3fe4a,askacademia_train,losing_paraphrase_mistral,qwen,mistral,5,"5

The comment"
513d4f1e-3ed3-49c9-9850-b7901df3fe4a,askacademia_train,losing_paraphrase_qwen,qwen,mistral,4,4 (The tone is
a374d5f7-3237-412d-b8c6-5e5ff0d5a0fd,askacademia_train,winning_text,qwen,mistral,3,"3

Explan"
a374d5f7-3237-412d-b8c6-5e5ff0d5a0fd,askacademia_train,losing_text,qwen,mistral,4,4 (The tone is
a374d5f7-3237-412d-b8c6-5e5ff0d5a0fd,askacademia_train,losing_generate_claude,qwen,mistral,5,5
a374d5f7-3237-412d-b8c6-5e5ff0d5a0fd,askacademia_train,losing_generate_gemini,qwen,mistral,5,5
a374d5f7-3237-412d-b8c6-5e5ff0d5a0fd,askacademia_train,losing_generate_gpt4omini,qwen,mistral,5,5
a374d5f7-3237-412d-b8c6-5e5ff0d5a0fd,askacademia_train,losing_generate_gpt5nano,qwen,mistral,5,5
a374d5f7-3237-412d-b8c6-5e5ff0d5a0fd,askacademia_train,losing_generate_llama,qwen,mistral,5,5
a374d5f7-3237-412d-b8c6-5e5ff0d5a0fd,askacademia_train,losing_generate_mistral,qwen,mistral,5,5
a374d5f7-3237-412d-b8c6-5e5ff0d5a0fd,askacademia_train,losing_generate_qwen,qwen,mistral,5,5
a374d5f7-3237-412d-b8c6-5e5ff0d5a0fd,askacademia_train,losing_improve_claude,qwen,mistral,5,5
a374d5f7-3237-412d-b8c6-5e5ff0d5a0fd,askacademia_train,losing_improve_gemini,qwen,mistral,5,5 (The comment directly
a374d5f7-3237-412d-b8c6-5e5ff0d5a0fd,askacademia_train,losing_improve_gpt4omini,qwen,mistral,5,5 (The comment directly
a374d5f7-3237-412d-b8c6-5e5ff0d5a0fd,askacademia_train,losing_improve_gpt5nano,qwen,mistral,5,5
a374d5f7-3237-412d-b8c6-5e5ff0d5a0fd,askacademia_train,losing_improve_llama,qwen,mistral,5,5
a374d5f7-3237-412d-b8c6-5e5ff0d5a0fd,askacademia_train,losing_improve_mistral,qwen,mistral,5,5 (The comment directly
a374d5f7-3237-412d-b8c6-5e5ff0d5a0fd,askacademia_train,losing_improve_qwen,qwen,mistral,5,5 (The comment directly
a374d5f7-3237-412d-b8c6-5e5ff0d5a0fd,askacademia_train,losing_paraphrase_claude,qwen,mistral,5,5 (The comment directly
a374d5f7-3237-412d-b8c6-5e5ff0d5a0fd,askacademia_train,losing_paraphrase_gemini,qwen,mistral,4,4 (The tone is
a374d5f7-3237-412d-b8c6-5e5ff0d5a0fd,askacademia_train,losing_paraphrase_gpt4omini,qwen,mistral,4,4 (The tone is
a374d5f7-3237-412d-b8c6-5e5ff0d5a0fd,askacademia_train,losing_paraphrase_gpt5nano,qwen,mistral,5,5 (The comment directly
a374d5f7-3237-412d-b8c6-5e5ff0d5a0fd,askacademia_train,losing_paraphrase_llama,qwen,mistral,5,5 (The comment directly
a374d5f7-3237-412d-b8c6-5e5ff0d5a0fd,askacademia_train,losing_paraphrase_mistral,qwen,mistral,5,"5

The comment"
a374d5f7-3237-412d-b8c6-5e5ff0d5a0fd,askacademia_train,losing_paraphrase_qwen,qwen,mistral,4,4 (The tone is
7f5ebc0e-809d-43ec-aa67-eb8f9f28533b,askacademia_train,winning_text,qwen,mistral,4,4 (The tone is
7f5ebc0e-809d-43ec-aa67-eb8f9f28533b,askacademia_train,losing_text,qwen,mistral,4,4. The tone of
7f5ebc0e-809d-43ec-aa67-eb8f9f28533b,askacademia_train,losing_generate_claude,qwen,mistral,5,5
7f5ebc0e-809d-43ec-aa67-eb8f9f28533b,askacademia_train,losing_generate_gemini,qwen,mistral,5,5
7f5ebc0e-809d-43ec-aa67-eb8f9f28533b,askacademia_train,losing_generate_gpt4omini,qwen,mistral,5,5
7f5ebc0e-809d-43ec-aa67-eb8f9f28533b,askacademia_train,losing_generate_gpt5nano,qwen,mistral,5,5 (The comment directly
7f5ebc0e-809d-43ec-aa67-eb8f9f28533b,askacademia_train,losing_generate_llama,qwen,mistral,5,5 (The comment directly
7f5ebc0e-809d-43ec-aa67-eb8f9f28533b,askacademia_train,losing_generate_mistral,qwen,mistral,5,5
7f5ebc0e-809d-43ec-aa67-eb8f9f28533b,askacademia_train,losing_generate_qwen,qwen,mistral,5,5
7f5ebc0e-809d-43ec-aa67-eb8f9f28533b,askacademia_train,losing_improve_claude,qwen,mistral,5,5
7f5ebc0e-809d-43ec-aa67-eb8f9f28533b,askacademia_train,losing_improve_gemini,qwen,mistral,5,5 (The comment directly
7f5ebc0e-809d-43ec-aa67-eb8f9f28533b,askacademia_train,losing_improve_gpt4omini,qwen,mistral,5,5 (The comment directly
7f5ebc0e-809d-43ec-aa67-eb8f9f28533b,askacademia_train,losing_improve_gpt5nano,qwen,mistral,5,5 (The comment directly
7f5ebc0e-809d-43ec-aa67-eb8f9f28533b,askacademia_train,losing_improve_llama,qwen,mistral,5,5 (The comment directly
7f5ebc0e-809d-43ec-aa67-eb8f9f28533b,askacademia_train,losing_improve_mistral,qwen,mistral,5,5 (The comment directly
7f5ebc0e-809d-43ec-aa67-eb8f9f28533b,askacademia_train,losing_improve_qwen,qwen,mistral,5,5 (The comment directly
7f5ebc0e-809d-43ec-aa67-eb8f9f28533b,askacademia_train,losing_paraphrase_claude,qwen,mistral,5,5 (The comment directly
7f5ebc0e-809d-43ec-aa67-eb8f9f28533b,askacademia_train,losing_paraphrase_gemini,qwen,mistral,4,4 (The tone is
7f5ebc0e-809d-43ec-aa67-eb8f9f28533b,askacademia_train,losing_paraphrase_gpt4omini,qwen,mistral,AMBIG,The score for this forum comment
7f5ebc0e-809d-43ec-aa67-eb8f9f28533b,askacademia_train,losing_paraphrase_gpt5nano,qwen,mistral,4,"4

The comment"
7f5ebc0e-809d-43ec-aa67-eb8f9f28533b,askacademia_train,losing_paraphrase_llama,qwen,mistral,5,5 (The comment directly
7f5ebc0e-809d-43ec-aa67-eb8f9f28533b,askacademia_train,losing_paraphrase_mistral,qwen,mistral,5,"5

The comment"
7f5ebc0e-809d-43ec-aa67-eb8f9f28533b,askacademia_train,losing_paraphrase_qwen,qwen,mistral,4,4 (The tone is
e20460d8-e921-412f-bd55-b193022b011f,askacademia_train,winning_text,qwen,mistral,2,"2

The comment"
e20460d8-e921-412f-bd55-b193022b011f,askacademia_train,losing_text,qwen,mistral,4,4 (The tone is
e20460d8-e921-412f-bd55-b193022b011f,askacademia_train,losing_generate_claude,qwen,mistral,5,5
e20460d8-e921-412f-bd55-b193022b011f,askacademia_train,losing_generate_gemini,qwen,mistral,5,5 (The comment directly
e20460d8-e921-412f-bd55-b193022b011f,askacademia_train,losing_generate_gpt4omini,qwen,mistral,5,5
e20460d8-e921-412f-bd55-b193022b011f,askacademia_train,losing_generate_gpt5nano,qwen,mistral,5,5
e20460d8-e921-412f-bd55-b193022b011f,askacademia_train,losing_generate_llama,qwen,mistral,5,5 (The comment directly
e20460d8-e921-412f-bd55-b193022b011f,askacademia_train,losing_generate_mistral,qwen,mistral,5,5 (The comment directly
e20460d8-e921-412f-bd55-b193022b011f,askacademia_train,losing_generate_qwen,qwen,mistral,5,5 (The comment directly
e20460d8-e921-412f-bd55-b193022b011f,askacademia_train,losing_improve_claude,qwen,mistral,5,5 (The comment directly
e20460d8-e921-412f-bd55-b193022b011f,askacademia_train,losing_improve_gemini,qwen,mistral,5,5 (The comment directly
e20460d8-e921-412f-bd55-b193022b011f,askacademia_train,losing_improve_gpt4omini,qwen,mistral,5,5 (The comment directly
e20460d8-e921-412f-bd55-b193022b011f,askacademia_train,losing_improve_gpt5nano,qwen,mistral,5,5 (The comment directly
e20460d8-e921-412f-bd55-b193022b011f,askacademia_train,losing_improve_llama,qwen,mistral,5,5
e20460d8-e921-412f-bd55-b193022b011f,askacademia_train,losing_improve_mistral,qwen,mistral,5,5 (The comment directly
e20460d8-e921-412f-bd55-b193022b011f,askacademia_train,losing_improve_qwen,qwen,mistral,5,5 (The comment directly
e20460d8-e921-412f-bd55-b193022b011f,askacademia_train,losing_paraphrase_claude,qwen,mistral,5,5
e20460d8-e921-412f-bd55-b193022b011f,askacademia_train,losing_paraphrase_gemini,qwen,mistral,5,5 (The comment directly
e20460d8-e921-412f-bd55-b193022b011f,askacademia_train,losing_paraphrase_gpt4omini,qwen,mistral,AMBIG,The score for this forum comment
e20460d8-e921-412f-bd55-b193022b011f,askacademia_train,losing_paraphrase_gpt5nano,qwen,mistral,5,5 (The comment directly
e20460d8-e921-412f-bd55-b193022b011f,askacademia_train,losing_paraphrase_llama,qwen,mistral,5,5 (The comment directly
e20460d8-e921-412f-bd55-b193022b011f,askacademia_train,losing_paraphrase_mistral,qwen,mistral,5,"5

The comment"
e20460d8-e921-412f-bd55-b193022b011f,askacademia_train,losing_paraphrase_qwen,qwen,mistral,4,4 (The tone is
2949a5d0-8052-4ebc-b763-946036efa205,askacademia_train,winning_text,qwen,mistral,4,4 (The tone is
2949a5d0-8052-4ebc-b763-946036efa205,askacademia_train,losing_text,qwen,mistral,3,"3

Explan"
2949a5d0-8052-4ebc-b763-946036efa205,askacademia_train,losing_generate_claude,qwen,mistral,5,5
2949a5d0-8052-4ebc-b763-946036efa205,askacademia_train,losing_generate_gemini,qwen,mistral,5,5
2949a5d0-8052-4ebc-b763-946036efa205,askacademia_train,losing_generate_gpt4omini,qwen,mistral,5,5
2949a5d0-8052-4ebc-b763-946036efa205,askacademia_train,losing_generate_gpt5nano,qwen,mistral,5,5
2949a5d0-8052-4ebc-b763-946036efa205,askacademia_train,losing_generate_llama,qwen,mistral,5,5 (The comment directly
2949a5d0-8052-4ebc-b763-946036efa205,askacademia_train,losing_generate_mistral,qwen,mistral,5,5 (The comment directly
2949a5d0-8052-4ebc-b763-946036efa205,askacademia_train,losing_generate_qwen,qwen,mistral,5,5 (The comment directly
2949a5d0-8052-4ebc-b763-946036efa205,askacademia_train,losing_improve_claude,qwen,mistral,5,5
2949a5d0-8052-4ebc-b763-946036efa205,askacademia_train,losing_improve_gemini,qwen,mistral,5,5
2949a5d0-8052-4ebc-b763-946036efa205,askacademia_train,losing_improve_gpt4omini,qwen,mistral,5,5 (The comment directly
2949a5d0-8052-4ebc-b763-946036efa205,askacademia_train,losing_improve_gpt5nano,qwen,mistral,5,5
2949a5d0-8052-4ebc-b763-946036efa205,askacademia_train,losing_improve_llama,qwen,mistral,5,5 (The comment directly
2949a5d0-8052-4ebc-b763-946036efa205,askacademia_train,losing_improve_mistral,qwen,mistral,5,5
2949a5d0-8052-4ebc-b763-946036efa205,askacademia_train,losing_improve_qwen,qwen,mistral,5,5
2949a5d0-8052-4ebc-b763-946036efa205,askacademia_train,losing_paraphrase_claude,qwen,mistral,5,5
2949a5d0-8052-4ebc-b763-946036efa205,askacademia_train,losing_paraphrase_gemini,qwen,mistral,5,5 (The comment directly
2949a5d0-8052-4ebc-b763-946036efa205,askacademia_train,losing_paraphrase_gpt4omini,qwen,mistral,4,4 (The tone is
2949a5d0-8052-4ebc-b763-946036efa205,askacademia_train,losing_paraphrase_gpt5nano,qwen,mistral,3,"3

Explan"
2949a5d0-8052-4ebc-b763-946036efa205,askacademia_train,losing_paraphrase_llama,qwen,mistral,3,"3

The comment"
2949a5d0-8052-4ebc-b763-946036efa205,askacademia_train,losing_paraphrase_mistral,qwen,mistral,3,"3

Explan"
2949a5d0-8052-4ebc-b763-946036efa205,askacademia_train,losing_paraphrase_qwen,qwen,mistral,5,5 (The comment directly
af568eb1-f318-425d-8624-b2da799b10bb,askacademia_train,winning_text,qwen,mistral,4,4 (The tone is
af568eb1-f318-425d-8624-b2da799b10bb,askacademia_train,losing_text,qwen,mistral,AMBIG,The score for this forum comment
af568eb1-f318-425d-8624-b2da799b10bb,askacademia_train,losing_generate_claude,qwen,mistral,5,5
af568eb1-f318-425d-8624-b2da799b10bb,askacademia_train,losing_generate_gemini,qwen,mistral,5,5
af568eb1-f318-425d-8624-b2da799b10bb,askacademia_train,losing_generate_gpt4omini,qwen,mistral,5,5
af568eb1-f318-425d-8624-b2da799b10bb,askacademia_train,losing_generate_gpt5nano,qwen,mistral,5,5
af568eb1-f318-425d-8624-b2da799b10bb,askacademia_train,losing_generate_llama,qwen,mistral,5,5 (The comment directly
af568eb1-f318-425d-8624-b2da799b10bb,askacademia_train,losing_generate_mistral,qwen,mistral,5,5 (The comment directly
af568eb1-f318-425d-8624-b2da799b10bb,askacademia_train,losing_generate_qwen,qwen,mistral,5,5
af568eb1-f318-425d-8624-b2da799b10bb,askacademia_train,losing_improve_claude,qwen,mistral,5,5
af568eb1-f318-425d-8624-b2da799b10bb,askacademia_train,losing_improve_gemini,qwen,mistral,5,5 (The comment directly
af568eb1-f318-425d-8624-b2da799b10bb,askacademia_train,losing_improve_gpt4omini,qwen,mistral,5,5 (The comment directly
af568eb1-f318-425d-8624-b2da799b10bb,askacademia_train,losing_improve_gpt5nano,qwen,mistral,5,5 (The comment directly
af568eb1-f318-425d-8624-b2da799b10bb,askacademia_train,losing_improve_llama,qwen,mistral,5,5 (The comment directly
af568eb1-f318-425d-8624-b2da799b10bb,askacademia_train,losing_improve_mistral,qwen,mistral,5,5 (The comment directly
af568eb1-f318-425d-8624-b2da799b10bb,askacademia_train,losing_improve_qwen,qwen,mistral,5,5 (The comment directly
af568eb1-f318-425d-8624-b2da799b10bb,askacademia_train,losing_paraphrase_claude,qwen,mistral,5,5 (The comment directly
af568eb1-f318-425d-8624-b2da799b10bb,askacademia_train,losing_paraphrase_gemini,qwen,mistral,2,"2

(Ex"
af568eb1-f318-425d-8624-b2da799b10bb,askacademia_train,losing_paraphrase_gpt4omini,qwen,mistral,3,3
af568eb1-f318-425d-8624-b2da799b10bb,askacademia_train,losing_paraphrase_gpt5nano,qwen,mistral,3,"3

Explan"
af568eb1-f318-425d-8624-b2da799b10bb,askacademia_train,losing_paraphrase_llama,qwen,mistral,5,5 (The comment directly
af568eb1-f318-425d-8624-b2da799b10bb,askacademia_train,losing_paraphrase_mistral,qwen,mistral,4,"4

The comment"
af568eb1-f318-425d-8624-b2da799b10bb,askacademia_train,losing_paraphrase_qwen,qwen,mistral,4,"4

The comment"
720360b6-0960-480f-bb76-c54abf976da6,askacademia_train,winning_text,qwen,mistral,4,4 (The tone is
720360b6-0960-480f-bb76-c54abf976da6,askacademia_train,losing_text,qwen,mistral,5,5
720360b6-0960-480f-bb76-c54abf976da6,askacademia_train,losing_generate_claude,qwen,mistral,5,5
720360b6-0960-480f-bb76-c54abf976da6,askacademia_train,losing_generate_gemini,qwen,mistral,5,5
720360b6-0960-480f-bb76-c54abf976da6,askacademia_train,losing_generate_gpt4omini,qwen,mistral,5,5
720360b6-0960-480f-bb76-c54abf976da6,askacademia_train,losing_generate_gpt5nano,qwen,mistral,5,5
720360b6-0960-480f-bb76-c54abf976da6,askacademia_train,losing_generate_llama,qwen,mistral,5,5 (The comment directly
720360b6-0960-480f-bb76-c54abf976da6,askacademia_train,losing_generate_mistral,qwen,mistral,5,5 (The comment directly
720360b6-0960-480f-bb76-c54abf976da6,askacademia_train,losing_generate_qwen,qwen,mistral,5,5
720360b6-0960-480f-bb76-c54abf976da6,askacademia_train,losing_improve_claude,qwen,mistral,5,5
720360b6-0960-480f-bb76-c54abf976da6,askacademia_train,losing_improve_gemini,qwen,mistral,5,5
720360b6-0960-480f-bb76-c54abf976da6,askacademia_train,losing_improve_gpt4omini,qwen,mistral,5,5
720360b6-0960-480f-bb76-c54abf976da6,askacademia_train,losing_improve_gpt5nano,qwen,mistral,5,5 (The comment directly
720360b6-0960-480f-bb76-c54abf976da6,askacademia_train,losing_improve_llama,qwen,mistral,5,5 (The comment directly
720360b6-0960-480f-bb76-c54abf976da6,askacademia_train,losing_improve_mistral,qwen,mistral,5,5 (The comment directly
720360b6-0960-480f-bb76-c54abf976da6,askacademia_train,losing_improve_qwen,qwen,mistral,5,5
720360b6-0960-480f-bb76-c54abf976da6,askacademia_train,losing_paraphrase_claude,qwen,mistral,5,5
720360b6-0960-480f-bb76-c54abf976da6,askacademia_train,losing_paraphrase_gemini,qwen,mistral,2,"2

(Ex"
720360b6-0960-480f-bb76-c54abf976da6,askacademia_train,losing_paraphrase_gpt4omini,qwen,mistral,5,5
720360b6-0960-480f-bb76-c54abf976da6,askacademia_train,losing_paraphrase_gpt5nano,qwen,mistral,5,5
720360b6-0960-480f-bb76-c54abf976da6,askacademia_train,losing_paraphrase_llama,qwen,mistral,5,5 (The comment directly
720360b6-0960-480f-bb76-c54abf976da6,askacademia_train,losing_paraphrase_mistral,qwen,mistral,5,5 (The comment directly
720360b6-0960-480f-bb76-c54abf976da6,askacademia_train,losing_paraphrase_qwen,qwen,mistral,5,5 (The comment directly
14bc93bf-d633-423a-a5d3-33d6794ddfc3,askacademia_train,winning_text,qwen,mistral,4,4 (The tone is
14bc93bf-d633-423a-a5d3-33d6794ddfc3,askacademia_train,losing_text,qwen,mistral,5,5
14bc93bf-d633-423a-a5d3-33d6794ddfc3,askacademia_train,losing_generate_claude,qwen,mistral,5,5
14bc93bf-d633-423a-a5d3-33d6794ddfc3,askacademia_train,losing_generate_gemini,qwen,mistral,5,5
14bc93bf-d633-423a-a5d3-33d6794ddfc3,askacademia_train,losing_generate_gpt4omini,qwen,mistral,5,5
14bc93bf-d633-423a-a5d3-33d6794ddfc3,askacademia_train,losing_generate_gpt5nano,qwen,mistral,5,5 (The comment directly
14bc93bf-d633-423a-a5d3-33d6794ddfc3,askacademia_train,losing_generate_llama,qwen,mistral,5,5 (The comment directly
14bc93bf-d633-423a-a5d3-33d6794ddfc3,askacademia_train,losing_generate_mistral,qwen,mistral,5,5 (The comment directly
14bc93bf-d633-423a-a5d3-33d6794ddfc3,askacademia_train,losing_generate_qwen,qwen,mistral,5,5
14bc93bf-d633-423a-a5d3-33d6794ddfc3,askacademia_train,losing_improve_claude,qwen,mistral,5,5 (The comment directly
14bc93bf-d633-423a-a5d3-33d6794ddfc3,askacademia_train,losing_improve_gemini,qwen,mistral,5,5 (The comment directly
14bc93bf-d633-423a-a5d3-33d6794ddfc3,askacademia_train,losing_improve_gpt4omini,qwen,mistral,5,5
14bc93bf-d633-423a-a5d3-33d6794ddfc3,askacademia_train,losing_improve_gpt5nano,qwen,mistral,5,5 (The comment directly
14bc93bf-d633-423a-a5d3-33d6794ddfc3,askacademia_train,losing_improve_llama,qwen,mistral,5,5
14bc93bf-d633-423a-a5d3-33d6794ddfc3,askacademia_train,losing_improve_mistral,qwen,mistral,5,5 (The comment directly
14bc93bf-d633-423a-a5d3-33d6794ddfc3,askacademia_train,losing_improve_qwen,qwen,mistral,5,5
14bc93bf-d633-423a-a5d3-33d6794ddfc3,askacademia_train,losing_paraphrase_claude,qwen,mistral,5,5
14bc93bf-d633-423a-a5d3-33d6794ddfc3,askacademia_train,losing_paraphrase_gemini,qwen,mistral,2,"2

(Ex"
14bc93bf-d633-423a-a5d3-33d6794ddfc3,askacademia_train,losing_paraphrase_gpt4omini,qwen,mistral,5,5
14bc93bf-d633-423a-a5d3-33d6794ddfc3,askacademia_train,losing_paraphrase_gpt5nano,qwen,mistral,5,5 (The comment directly
14bc93bf-d633-423a-a5d3-33d6794ddfc3,askacademia_train,losing_paraphrase_llama,qwen,mistral,5,5 (The comment directly
14bc93bf-d633-423a-a5d3-33d6794ddfc3,askacademia_train,losing_paraphrase_mistral,qwen,mistral,5,5 (The comment directly
14bc93bf-d633-423a-a5d3-33d6794ddfc3,askacademia_train,losing_paraphrase_qwen,qwen,mistral,5,5
27702e5c-1858-4d21-9c1a-ab8515553f25,askacademia_train,winning_text,qwen,mistral,2,"2

(The"
27702e5c-1858-4d21-9c1a-ab8515553f25,askacademia_train,losing_text,qwen,mistral,3,"3

Explan"
27702e5c-1858-4d21-9c1a-ab8515553f25,askacademia_train,losing_generate_claude,qwen,mistral,5,5
27702e5c-1858-4d21-9c1a-ab8515553f25,askacademia_train,losing_generate_gemini,qwen,mistral,5,5
27702e5c-1858-4d21-9c1a-ab8515553f25,askacademia_train,losing_generate_gpt4omini,qwen,mistral,5,5
27702e5c-1858-4d21-9c1a-ab8515553f25,askacademia_train,losing_generate_gpt5nano,qwen,mistral,5,5
27702e5c-1858-4d21-9c1a-ab8515553f25,askacademia_train,losing_generate_llama,qwen,mistral,5,5 (The comment directly
27702e5c-1858-4d21-9c1a-ab8515553f25,askacademia_train,losing_generate_mistral,qwen,mistral,5,5 (The comment directly
27702e5c-1858-4d21-9c1a-ab8515553f25,askacademia_train,losing_generate_qwen,qwen,mistral,5,5
27702e5c-1858-4d21-9c1a-ab8515553f25,askacademia_train,losing_improve_claude,qwen,mistral,5,5
27702e5c-1858-4d21-9c1a-ab8515553f25,askacademia_train,losing_improve_gemini,qwen,mistral,5,5
27702e5c-1858-4d21-9c1a-ab8515553f25,askacademia_train,losing_improve_gpt4omini,qwen,mistral,5,5
27702e5c-1858-4d21-9c1a-ab8515553f25,askacademia_train,losing_improve_gpt5nano,qwen,mistral,5,5
27702e5c-1858-4d21-9c1a-ab8515553f25,askacademia_train,losing_improve_llama,qwen,mistral,5,5 (The comment directly
27702e5c-1858-4d21-9c1a-ab8515553f25,askacademia_train,losing_improve_mistral,qwen,mistral,5,5 (The comment directly
27702e5c-1858-4d21-9c1a-ab8515553f25,askacademia_train,losing_improve_qwen,qwen,mistral,5,5
27702e5c-1858-4d21-9c1a-ab8515553f25,askacademia_train,losing_paraphrase_claude,qwen,mistral,5,5
27702e5c-1858-4d21-9c1a-ab8515553f25,askacademia_train,losing_paraphrase_gemini,qwen,mistral,2,"2

The comment"
27702e5c-1858-4d21-9c1a-ab8515553f25,askacademia_train,losing_paraphrase_gpt4omini,qwen,mistral,4,4 (The tone is
27702e5c-1858-4d21-9c1a-ab8515553f25,askacademia_train,losing_paraphrase_gpt5nano,qwen,mistral,3,"3

Explan"
27702e5c-1858-4d21-9c1a-ab8515553f25,askacademia_train,losing_paraphrase_llama,qwen,mistral,3,"3

The comment"
27702e5c-1858-4d21-9c1a-ab8515553f25,askacademia_train,losing_paraphrase_mistral,qwen,mistral,3,"3

Explan"
27702e5c-1858-4d21-9c1a-ab8515553f25,askacademia_train,losing_paraphrase_qwen,qwen,mistral,4,4 (The tone is
787dd421-eb36-4260-8a60-6a6082b9c3b2,askacademia_train,winning_text,qwen,mistral,3,"3

Explan"
787dd421-eb36-4260-8a60-6a6082b9c3b2,askacademia_train,losing_text,qwen,mistral,3,"3

Explan"
787dd421-eb36-4260-8a60-6a6082b9c3b2,askacademia_train,losing_generate_claude,qwen,mistral,5,5
787dd421-eb36-4260-8a60-6a6082b9c3b2,askacademia_train,losing_generate_gemini,qwen,mistral,5,5
787dd421-eb36-4260-8a60-6a6082b9c3b2,askacademia_train,losing_generate_gpt4omini,qwen,mistral,5,5
787dd421-eb36-4260-8a60-6a6082b9c3b2,askacademia_train,losing_generate_gpt5nano,qwen,mistral,5,5
787dd421-eb36-4260-8a60-6a6082b9c3b2,askacademia_train,losing_generate_llama,qwen,mistral,5,5 (The comment directly
787dd421-eb36-4260-8a60-6a6082b9c3b2,askacademia_train,losing_generate_mistral,qwen,mistral,5,5 (The comment directly
787dd421-eb36-4260-8a60-6a6082b9c3b2,askacademia_train,losing_generate_qwen,qwen,mistral,5,5 (The comment directly
787dd421-eb36-4260-8a60-6a6082b9c3b2,askacademia_train,losing_improve_claude,qwen,mistral,5,5
787dd421-eb36-4260-8a60-6a6082b9c3b2,askacademia_train,losing_improve_gemini,qwen,mistral,5,5
787dd421-eb36-4260-8a60-6a6082b9c3b2,askacademia_train,losing_improve_gpt4omini,qwen,mistral,5,5 (The comment directly
787dd421-eb36-4260-8a60-6a6082b9c3b2,askacademia_train,losing_improve_gpt5nano,qwen,mistral,5,5
787dd421-eb36-4260-8a60-6a6082b9c3b2,askacademia_train,losing_improve_llama,qwen,mistral,5,5 (The comment directly
787dd421-eb36-4260-8a60-6a6082b9c3b2,askacademia_train,losing_improve_mistral,qwen,mistral,5,5 (The comment directly
787dd421-eb36-4260-8a60-6a6082b9c3b2,askacademia_train,losing_improve_qwen,qwen,mistral,5,5
787dd421-eb36-4260-8a60-6a6082b9c3b2,askacademia_train,losing_paraphrase_claude,qwen,mistral,5,5
787dd421-eb36-4260-8a60-6a6082b9c3b2,askacademia_train,losing_paraphrase_gemini,qwen,mistral,2,"2

(Ex"
787dd421-eb36-4260-8a60-6a6082b9c3b2,askacademia_train,losing_paraphrase_gpt4omini,qwen,mistral,4,4 (The tone is
787dd421-eb36-4260-8a60-6a6082b9c3b2,askacademia_train,losing_paraphrase_gpt5nano,qwen,mistral,3,"3

Explan"
787dd421-eb36-4260-8a60-6a6082b9c3b2,askacademia_train,losing_paraphrase_llama,qwen,mistral,3,"3

The comment"
787dd421-eb36-4260-8a60-6a6082b9c3b2,askacademia_train,losing_paraphrase_mistral,qwen,mistral,3,"3

Explan"
787dd421-eb36-4260-8a60-6a6082b9c3b2,askacademia_train,losing_paraphrase_qwen,qwen,mistral,4,4 (The tone is
ea74a3b4-7832-4e25-a273-b8b55eba0742,askacademia_train,winning_text,qwen,mistral,3,"3

Explan"
ea74a3b4-7832-4e25-a273-b8b55eba0742,askacademia_train,losing_text,qwen,mistral,3,"3

Explan"
ea74a3b4-7832-4e25-a273-b8b55eba0742,askacademia_train,losing_generate_claude,qwen,mistral,5,5
ea74a3b4-7832-4e25-a273-b8b55eba0742,askacademia_train,losing_generate_gemini,qwen,mistral,5,5 (The comment directly
ea74a3b4-7832-4e25-a273-b8b55eba0742,askacademia_train,losing_generate_gpt4omini,qwen,mistral,5,5
ea74a3b4-7832-4e25-a273-b8b55eba0742,askacademia_train,losing_generate_gpt5nano,qwen,mistral,5,5
ea74a3b4-7832-4e25-a273-b8b55eba0742,askacademia_train,losing_generate_llama,qwen,mistral,5,5 (The comment directly
ea74a3b4-7832-4e25-a273-b8b55eba0742,askacademia_train,losing_generate_mistral,qwen,mistral,5,5
ea74a3b4-7832-4e25-a273-b8b55eba0742,askacademia_train,losing_generate_qwen,qwen,mistral,5,5 (The comment directly
ea74a3b4-7832-4e25-a273-b8b55eba0742,askacademia_train,losing_improve_claude,qwen,mistral,5,5
ea74a3b4-7832-4e25-a273-b8b55eba0742,askacademia_train,losing_improve_gemini,qwen,mistral,5,5
ea74a3b4-7832-4e25-a273-b8b55eba0742,askacademia_train,losing_improve_gpt4omini,qwen,mistral,5,5 (The comment directly
ea74a3b4-7832-4e25-a273-b8b55eba0742,askacademia_train,losing_improve_gpt5nano,qwen,mistral,5,5
ea74a3b4-7832-4e25-a273-b8b55eba0742,askacademia_train,losing_improve_llama,qwen,mistral,5,5 (The comment directly
ea74a3b4-7832-4e25-a273-b8b55eba0742,askacademia_train,losing_improve_mistral,qwen,mistral,5,5
ea74a3b4-7832-4e25-a273-b8b55eba0742,askacademia_train,losing_improve_qwen,qwen,mistral,5,5
ea74a3b4-7832-4e25-a273-b8b55eba0742,askacademia_train,losing_paraphrase_claude,qwen,mistral,5,5
ea74a3b4-7832-4e25-a273-b8b55eba0742,askacademia_train,losing_paraphrase_gemini,qwen,mistral,5,5 (The comment directly
ea74a3b4-7832-4e25-a273-b8b55eba0742,askacademia_train,losing_paraphrase_gpt4omini,qwen,mistral,4,4 (The tone is
ea74a3b4-7832-4e25-a273-b8b55eba0742,askacademia_train,losing_paraphrase_gpt5nano,qwen,mistral,AMBIG,The score for this forum comment
ea74a3b4-7832-4e25-a273-b8b55eba0742,askacademia_train,losing_paraphrase_llama,qwen,mistral,3,"3

The comment"
ea74a3b4-7832-4e25-a273-b8b55eba0742,askacademia_train,losing_paraphrase_mistral,qwen,mistral,3,"3

Explan"
ea74a3b4-7832-4e25-a273-b8b55eba0742,askacademia_train,losing_paraphrase_qwen,qwen,mistral,4,4 (The tone is
d0d31b89-6154-4b4b-b2be-17a2bd7b5306,askacademia_train,winning_text,qwen,mistral,3,"3

Explan"
d0d31b89-6154-4b4b-b2be-17a2bd7b5306,askacademia_train,losing_text,qwen,mistral,3,"3

Explan"
d0d31b89-6154-4b4b-b2be-17a2bd7b5306,askacademia_train,losing_generate_claude,qwen,mistral,5,5
d0d31b89-6154-4b4b-b2be-17a2bd7b5306,askacademia_train,losing_generate_gemini,qwen,mistral,5,5 (The comment directly
d0d31b89-6154-4b4b-b2be-17a2bd7b5306,askacademia_train,losing_generate_gpt4omini,qwen,mistral,5,5
d0d31b89-6154-4b4b-b2be-17a2bd7b5306,askacademia_train,losing_generate_gpt5nano,qwen,mistral,5,5
d0d31b89-6154-4b4b-b2be-17a2bd7b5306,askacademia_train,losing_generate_llama,qwen,mistral,5,5 (The comment directly
d0d31b89-6154-4b4b-b2be-17a2bd7b5306,askacademia_train,losing_generate_mistral,qwen,mistral,5,5 (The comment directly
d0d31b89-6154-4b4b-b2be-17a2bd7b5306,askacademia_train,losing_generate_qwen,qwen,mistral,5,5
d0d31b89-6154-4b4b-b2be-17a2bd7b5306,askacademia_train,losing_improve_claude,qwen,mistral,5,5 (The comment directly
d0d31b89-6154-4b4b-b2be-17a2bd7b5306,askacademia_train,losing_improve_gemini,qwen,mistral,5,5
d0d31b89-6154-4b4b-b2be-17a2bd7b5306,askacademia_train,losing_improve_gpt4omini,qwen,mistral,5,5
d0d31b89-6154-4b4b-b2be-17a2bd7b5306,askacademia_train,losing_improve_gpt5nano,qwen,mistral,5,5
d0d31b89-6154-4b4b-b2be-17a2bd7b5306,askacademia_train,losing_improve_llama,qwen,mistral,5,5 (The comment directly
d0d31b89-6154-4b4b-b2be-17a2bd7b5306,askacademia_train,losing_improve_mistral,qwen,mistral,5,5
d0d31b89-6154-4b4b-b2be-17a2bd7b5306,askacademia_train,losing_improve_qwen,qwen,mistral,5,5
d0d31b89-6154-4b4b-b2be-17a2bd7b5306,askacademia_train,losing_paraphrase_claude,qwen,mistral,5,5
d0d31b89-6154-4b4b-b2be-17a2bd7b5306,askacademia_train,losing_paraphrase_gemini,qwen,mistral,5,5 (The comment directly
d0d31b89-6154-4b4b-b2be-17a2bd7b5306,askacademia_train,losing_paraphrase_gpt4omini,qwen,mistral,4,4 (The tone is
d0d31b89-6154-4b4b-b2be-17a2bd7b5306,askacademia_train,losing_paraphrase_gpt5nano,qwen,mistral,4,"4

The comment"
d0d31b89-6154-4b4b-b2be-17a2bd7b5306,askacademia_train,losing_paraphrase_llama,qwen,mistral,3,"3

The comment"
d0d31b89-6154-4b4b-b2be-17a2bd7b5306,askacademia_train,losing_paraphrase_mistral,qwen,mistral,3,"3

Explan"
d0d31b89-6154-4b4b-b2be-17a2bd7b5306,askacademia_train,losing_paraphrase_qwen,qwen,mistral,5,5 (The comment directly
16dc6258-e48c-4bdd-b738-9b1940d6ecb7,askacademia_train,winning_text,qwen,mistral,3,"3

Explan"
16dc6258-e48c-4bdd-b738-9b1940d6ecb7,askacademia_train,losing_text,qwen,mistral,3,"3

Explan"
16dc6258-e48c-4bdd-b738-9b1940d6ecb7,askacademia_train,losing_generate_claude,qwen,mistral,5,5
16dc6258-e48c-4bdd-b738-9b1940d6ecb7,askacademia_train,losing_generate_gemini,qwen,mistral,5,5
16dc6258-e48c-4bdd-b738-9b1940d6ecb7,askacademia_train,losing_generate_gpt4omini,qwen,mistral,5,5
16dc6258-e48c-4bdd-b738-9b1940d6ecb7,askacademia_train,losing_generate_gpt5nano,qwen,mistral,5,5
16dc6258-e48c-4bdd-b738-9b1940d6ecb7,askacademia_train,losing_generate_llama,qwen,mistral,5,5
16dc6258-e48c-4bdd-b738-9b1940d6ecb7,askacademia_train,losing_generate_mistral,qwen,mistral,5,5
16dc6258-e48c-4bdd-b738-9b1940d6ecb7,askacademia_train,losing_generate_qwen,qwen,mistral,5,5
16dc6258-e48c-4bdd-b738-9b1940d6ecb7,askacademia_train,losing_improve_claude,qwen,mistral,5,5
16dc6258-e48c-4bdd-b738-9b1940d6ecb7,askacademia_train,losing_improve_gemini,qwen,mistral,5,5
16dc6258-e48c-4bdd-b738-9b1940d6ecb7,askacademia_train,losing_improve_gpt4omini,qwen,mistral,5,5 (The comment directly
16dc6258-e48c-4bdd-b738-9b1940d6ecb7,askacademia_train,losing_improve_gpt5nano,qwen,mistral,5,5
16dc6258-e48c-4bdd-b738-9b1940d6ecb7,askacademia_train,losing_improve_llama,qwen,mistral,5,5 (The comment directly
16dc6258-e48c-4bdd-b738-9b1940d6ecb7,askacademia_train,losing_improve_mistral,qwen,mistral,5,5
16dc6258-e48c-4bdd-b738-9b1940d6ecb7,askacademia_train,losing_improve_qwen,qwen,mistral,5,5
16dc6258-e48c-4bdd-b738-9b1940d6ecb7,askacademia_train,losing_paraphrase_claude,qwen,mistral,5,5
16dc6258-e48c-4bdd-b738-9b1940d6ecb7,askacademia_train,losing_paraphrase_gemini,qwen,mistral,2,"2

(The"
16dc6258-e48c-4bdd-b738-9b1940d6ecb7,askacademia_train,losing_paraphrase_gpt4omini,qwen,mistral,4,4 (The tone is
16dc6258-e48c-4bdd-b738-9b1940d6ecb7,askacademia_train,losing_paraphrase_gpt5nano,qwen,mistral,4,4 (The tone is
16dc6258-e48c-4bdd-b738-9b1940d6ecb7,askacademia_train,losing_paraphrase_llama,qwen,mistral,3,"3

The comment"
16dc6258-e48c-4bdd-b738-9b1940d6ecb7,askacademia_train,losing_paraphrase_mistral,qwen,mistral,3,"3

Explan"
16dc6258-e48c-4bdd-b738-9b1940d6ecb7,askacademia_train,losing_paraphrase_qwen,qwen,mistral,4,4 (The tone is
2ba56371-a5a9-4f6e-92cd-fc7ec5576332,askacademia_train,winning_text,qwen,mistral,4,4 (The tone is
2ba56371-a5a9-4f6e-92cd-fc7ec5576332,askacademia_train,losing_text,qwen,mistral,3,"3

Explan"
2ba56371-a5a9-4f6e-92cd-fc7ec5576332,askacademia_train,losing_generate_claude,qwen,mistral,5,5
2ba56371-a5a9-4f6e-92cd-fc7ec5576332,askacademia_train,losing_generate_gemini,qwen,mistral,5,5 (The comment directly
2ba56371-a5a9-4f6e-92cd-fc7ec5576332,askacademia_train,losing_generate_gpt4omini,qwen,mistral,5,5
2ba56371-a5a9-4f6e-92cd-fc7ec5576332,askacademia_train,losing_generate_gpt5nano,qwen,mistral,5,5 (The comment directly
2ba56371-a5a9-4f6e-92cd-fc7ec5576332,askacademia_train,losing_generate_llama,qwen,mistral,5,5 (The comment directly
2ba56371-a5a9-4f6e-92cd-fc7ec5576332,askacademia_train,losing_generate_mistral,qwen,mistral,5,5 (The comment directly
2ba56371-a5a9-4f6e-92cd-fc7ec5576332,askacademia_train,losing_generate_qwen,qwen,mistral,5,5
2ba56371-a5a9-4f6e-92cd-fc7ec5576332,askacademia_train,losing_improve_claude,qwen,mistral,5,5
2ba56371-a5a9-4f6e-92cd-fc7ec5576332,askacademia_train,losing_improve_gemini,qwen,mistral,5,5
2ba56371-a5a9-4f6e-92cd-fc7ec5576332,askacademia_train,losing_improve_gpt4omini,qwen,mistral,5,5 (The comment directly
2ba56371-a5a9-4f6e-92cd-fc7ec5576332,askacademia_train,losing_improve_gpt5nano,qwen,mistral,5,5
2ba56371-a5a9-4f6e-92cd-fc7ec5576332,askacademia_train,losing_improve_llama,qwen,mistral,5,5 (The comment directly
2ba56371-a5a9-4f6e-92cd-fc7ec5576332,askacademia_train,losing_improve_mistral,qwen,mistral,5,5
2ba56371-a5a9-4f6e-92cd-fc7ec5576332,askacademia_train,losing_improve_qwen,qwen,mistral,5,5
2ba56371-a5a9-4f6e-92cd-fc7ec5576332,askacademia_train,losing_paraphrase_claude,qwen,mistral,5,5
2ba56371-a5a9-4f6e-92cd-fc7ec5576332,askacademia_train,losing_paraphrase_gemini,qwen,mistral,2,2
2ba56371-a5a9-4f6e-92cd-fc7ec5576332,askacademia_train,losing_paraphrase_gpt4omini,qwen,mistral,4,4 (The tone is
2ba56371-a5a9-4f6e-92cd-fc7ec5576332,askacademia_train,losing_paraphrase_gpt5nano,qwen,mistral,3,"3

Explan"
2ba56371-a5a9-4f6e-92cd-fc7ec5576332,askacademia_train,losing_paraphrase_llama,qwen,mistral,3,"3

The comment"
2ba56371-a5a9-4f6e-92cd-fc7ec5576332,askacademia_train,losing_paraphrase_mistral,qwen,mistral,3,"3

Explan"
2ba56371-a5a9-4f6e-92cd-fc7ec5576332,askacademia_train,losing_paraphrase_qwen,qwen,mistral,4,4 (The tone is
db5fcda6-7b0c-4aea-844e-8c8f5c389234,askacademia_train,winning_text,qwen,mistral,2,"2

The comment"
db5fcda6-7b0c-4aea-844e-8c8f5c389234,askacademia_train,losing_text,qwen,mistral,3,"3

Explan"
db5fcda6-7b0c-4aea-844e-8c8f5c389234,askacademia_train,losing_generate_claude,qwen,mistral,5,5
db5fcda6-7b0c-4aea-844e-8c8f5c389234,askacademia_train,losing_generate_gemini,qwen,mistral,5,5
db5fcda6-7b0c-4aea-844e-8c8f5c389234,askacademia_train,losing_generate_gpt4omini,qwen,mistral,5,5
db5fcda6-7b0c-4aea-844e-8c8f5c389234,askacademia_train,losing_generate_gpt5nano,qwen,mistral,5,5
db5fcda6-7b0c-4aea-844e-8c8f5c389234,askacademia_train,losing_generate_llama,qwen,mistral,5,5 (The comment directly
db5fcda6-7b0c-4aea-844e-8c8f5c389234,askacademia_train,losing_generate_mistral,qwen,mistral,5,5 (The comment directly
db5fcda6-7b0c-4aea-844e-8c8f5c389234,askacademia_train,losing_generate_qwen,qwen,mistral,5,5
db5fcda6-7b0c-4aea-844e-8c8f5c389234,askacademia_train,losing_improve_claude,qwen,mistral,5,5
db5fcda6-7b0c-4aea-844e-8c8f5c389234,askacademia_train,losing_improve_gemini,qwen,mistral,5,5
db5fcda6-7b0c-4aea-844e-8c8f5c389234,askacademia_train,losing_improve_gpt4omini,qwen,mistral,5,5
db5fcda6-7b0c-4aea-844e-8c8f5c389234,askacademia_train,losing_improve_gpt5nano,qwen,mistral,5,5
db5fcda6-7b0c-4aea-844e-8c8f5c389234,askacademia_train,losing_improve_llama,qwen,mistral,5,5 (The comment directly
db5fcda6-7b0c-4aea-844e-8c8f5c389234,askacademia_train,losing_improve_mistral,qwen,mistral,5,5
db5fcda6-7b0c-4aea-844e-8c8f5c389234,askacademia_train,losing_improve_qwen,qwen,mistral,5,5
db5fcda6-7b0c-4aea-844e-8c8f5c389234,askacademia_train,losing_paraphrase_claude,qwen,mistral,5,5
db5fcda6-7b0c-4aea-844e-8c8f5c389234,askacademia_train,losing_paraphrase_gemini,qwen,mistral,3,3 (Relevance
db5fcda6-7b0c-4aea-844e-8c8f5c389234,askacademia_train,losing_paraphrase_gpt4omini,qwen,mistral,4,4 (The tone is
db5fcda6-7b0c-4aea-844e-8c8f5c389234,askacademia_train,losing_paraphrase_gpt5nano,qwen,mistral,3,"3

Explan"
db5fcda6-7b0c-4aea-844e-8c8f5c389234,askacademia_train,losing_paraphrase_llama,qwen,mistral,3,"3

The comment"
db5fcda6-7b0c-4aea-844e-8c8f5c389234,askacademia_train,losing_paraphrase_mistral,qwen,mistral,3,"3

Explan"
db5fcda6-7b0c-4aea-844e-8c8f5c389234,askacademia_train,losing_paraphrase_qwen,qwen,mistral,5,5 (The comment directly
49f2ea2c-21e7-40b8-a005-d180925d504f,askacademia_train,winning_text,qwen,mistral,2,"2

(The"
49f2ea2c-21e7-40b8-a005-d180925d504f,askacademia_train,losing_text,qwen,mistral,AMBIG,The score for this forum comment
49f2ea2c-21e7-40b8-a005-d180925d504f,askacademia_train,losing_generate_claude,qwen,mistral,5,5
49f2ea2c-21e7-40b8-a005-d180925d504f,askacademia_train,losing_generate_gemini,qwen,mistral,5,5
49f2ea2c-21e7-40b8-a005-d180925d504f,askacademia_train,losing_generate_gpt4omini,qwen,mistral,5,5
49f2ea2c-21e7-40b8-a005-d180925d504f,askacademia_train,losing_generate_gpt5nano,qwen,mistral,5,5 (The comment directly
49f2ea2c-21e7-40b8-a005-d180925d504f,askacademia_train,losing_generate_llama,qwen,mistral,5,5 (The comment directly
49f2ea2c-21e7-40b8-a005-d180925d504f,askacademia_train,losing_generate_mistral,qwen,mistral,5,5 (The comment directly
49f2ea2c-21e7-40b8-a005-d180925d504f,askacademia_train,losing_generate_qwen,qwen,mistral,5,5 (The comment directly
49f2ea2c-21e7-40b8-a005-d180925d504f,askacademia_train,losing_improve_claude,qwen,mistral,5,5
49f2ea2c-21e7-40b8-a005-d180925d504f,askacademia_train,losing_improve_gemini,qwen,mistral,5,5 (The comment directly
49f2ea2c-21e7-40b8-a005-d180925d504f,askacademia_train,losing_improve_gpt4omini,qwen,mistral,5,5 (The comment directly
49f2ea2c-21e7-40b8-a005-d180925d504f,askacademia_train,losing_improve_gpt5nano,qwen,mistral,5,5
49f2ea2c-21e7-40b8-a005-d180925d504f,askacademia_train,losing_improve_llama,qwen,mistral,5,5 (The comment directly
49f2ea2c-21e7-40b8-a005-d180925d504f,askacademia_train,losing_improve_mistral,qwen,mistral,5,5 (The comment directly
49f2ea2c-21e7-40b8-a005-d180925d504f,askacademia_train,losing_improve_qwen,qwen,mistral,5,5 (The comment directly
49f2ea2c-21e7-40b8-a005-d180925d504f,askacademia_train,losing_paraphrase_claude,qwen,mistral,5,5 (The comment directly
49f2ea2c-21e7-40b8-a005-d180925d504f,askacademia_train,losing_paraphrase_gemini,qwen,mistral,3,"3

The comment"
49f2ea2c-21e7-40b8-a005-d180925d504f,askacademia_train,losing_paraphrase_gpt4omini,qwen,mistral,3,"3

Explan"
49f2ea2c-21e7-40b8-a005-d180925d504f,askacademia_train,losing_paraphrase_gpt5nano,qwen,mistral,3,"3

Explan"
49f2ea2c-21e7-40b8-a005-d180925d504f,askacademia_train,losing_paraphrase_llama,qwen,mistral,5,5 (The comment directly
49f2ea2c-21e7-40b8-a005-d180925d504f,askacademia_train,losing_paraphrase_mistral,qwen,mistral,4,"4

The comment"
49f2ea2c-21e7-40b8-a005-d180925d504f,askacademia_train,losing_paraphrase_qwen,qwen,mistral,4,"4

The comment"
fc0d11f9-80cf-4110-9ead-7270c9d752d4,askacademia_train,winning_text,qwen,mistral,3,"3

Explan"
fc0d11f9-80cf-4110-9ead-7270c9d752d4,askacademia_train,losing_text,qwen,mistral,AMBIG,The score for this forum comment
fc0d11f9-80cf-4110-9ead-7270c9d752d4,askacademia_train,losing_generate_claude,qwen,mistral,5,5
fc0d11f9-80cf-4110-9ead-7270c9d752d4,askacademia_train,losing_generate_gemini,qwen,mistral,5,5
fc0d11f9-80cf-4110-9ead-7270c9d752d4,askacademia_train,losing_generate_gpt4omini,qwen,mistral,5,5
fc0d11f9-80cf-4110-9ead-7270c9d752d4,askacademia_train,losing_generate_gpt5nano,qwen,mistral,5,5
fc0d11f9-80cf-4110-9ead-7270c9d752d4,askacademia_train,losing_generate_llama,qwen,mistral,5,5 (The comment directly
fc0d11f9-80cf-4110-9ead-7270c9d752d4,askacademia_train,losing_generate_mistral,qwen,mistral,5,5 (The comment directly
fc0d11f9-80cf-4110-9ead-7270c9d752d4,askacademia_train,losing_generate_qwen,qwen,mistral,5,5
fc0d11f9-80cf-4110-9ead-7270c9d752d4,askacademia_train,losing_improve_claude,qwen,mistral,5,5 (The comment directly
fc0d11f9-80cf-4110-9ead-7270c9d752d4,askacademia_train,losing_improve_gemini,qwen,mistral,5,5 (The comment directly
fc0d11f9-80cf-4110-9ead-7270c9d752d4,askacademia_train,losing_improve_gpt4omini,qwen,mistral,5,5 (The comment directly
fc0d11f9-80cf-4110-9ead-7270c9d752d4,askacademia_train,losing_improve_gpt5nano,qwen,mistral,5,5
fc0d11f9-80cf-4110-9ead-7270c9d752d4,askacademia_train,losing_improve_llama,qwen,mistral,5,5 (The comment directly
fc0d11f9-80cf-4110-9ead-7270c9d752d4,askacademia_train,losing_improve_mistral,qwen,mistral,5,5 (The comment directly
fc0d11f9-80cf-4110-9ead-7270c9d752d4,askacademia_train,losing_improve_qwen,qwen,mistral,5,5 (The comment directly
fc0d11f9-80cf-4110-9ead-7270c9d752d4,askacademia_train,losing_paraphrase_claude,qwen,mistral,5,5 (The comment directly
fc0d11f9-80cf-4110-9ead-7270c9d752d4,askacademia_train,losing_paraphrase_gemini,qwen,mistral,3,"3

The comment"
fc0d11f9-80cf-4110-9ead-7270c9d752d4,askacademia_train,losing_paraphrase_gpt4omini,qwen,mistral,3,3
fc0d11f9-80cf-4110-9ead-7270c9d752d4,askacademia_train,losing_paraphrase_gpt5nano,qwen,mistral,4,"4

The comment"
fc0d11f9-80cf-4110-9ead-7270c9d752d4,askacademia_train,losing_paraphrase_llama,qwen,mistral,5,5 (The comment directly
fc0d11f9-80cf-4110-9ead-7270c9d752d4,askacademia_train,losing_paraphrase_mistral,qwen,mistral,4,"4

The comment"
fc0d11f9-80cf-4110-9ead-7270c9d752d4,askacademia_train,losing_paraphrase_qwen,qwen,mistral,4,"4

The comment"
7beb091b-7423-4c06-8da3-a7d6568081d1,askacademia_train,winning_text,qwen,mistral,3,"3

Explan"
7beb091b-7423-4c06-8da3-a7d6568081d1,askacademia_train,losing_text,qwen,mistral,AMBIG,The score for this forum comment
7beb091b-7423-4c06-8da3-a7d6568081d1,askacademia_train,losing_generate_claude,qwen,mistral,5,5
7beb091b-7423-4c06-8da3-a7d6568081d1,askacademia_train,losing_generate_gemini,qwen,mistral,5,5
7beb091b-7423-4c06-8da3-a7d6568081d1,askacademia_train,losing_generate_gpt4omini,qwen,mistral,5,5
7beb091b-7423-4c06-8da3-a7d6568081d1,askacademia_train,losing_generate_gpt5nano,qwen,mistral,5,5
7beb091b-7423-4c06-8da3-a7d6568081d1,askacademia_train,losing_generate_llama,qwen,mistral,5,5 (The comment directly
7beb091b-7423-4c06-8da3-a7d6568081d1,askacademia_train,losing_generate_mistral,qwen,mistral,5,5 (The comment directly
7beb091b-7423-4c06-8da3-a7d6568081d1,askacademia_train,losing_generate_qwen,qwen,mistral,5,5
7beb091b-7423-4c06-8da3-a7d6568081d1,askacademia_train,losing_improve_claude,qwen,mistral,5,5
7beb091b-7423-4c06-8da3-a7d6568081d1,askacademia_train,losing_improve_gemini,qwen,mistral,5,5 (The comment directly
7beb091b-7423-4c06-8da3-a7d6568081d1,askacademia_train,losing_improve_gpt4omini,qwen,mistral,5,5 (The comment directly
7beb091b-7423-4c06-8da3-a7d6568081d1,askacademia_train,losing_improve_gpt5nano,qwen,mistral,5,5 (The comment directly
7beb091b-7423-4c06-8da3-a7d6568081d1,askacademia_train,losing_improve_llama,qwen,mistral,5,5 (The comment directly
7beb091b-7423-4c06-8da3-a7d6568081d1,askacademia_train,losing_improve_mistral,qwen,mistral,5,5 (The comment directly
7beb091b-7423-4c06-8da3-a7d6568081d1,askacademia_train,losing_improve_qwen,qwen,mistral,5,5 (The comment directly
7beb091b-7423-4c06-8da3-a7d6568081d1,askacademia_train,losing_paraphrase_claude,qwen,mistral,5,5 (The comment directly
7beb091b-7423-4c06-8da3-a7d6568081d1,askacademia_train,losing_paraphrase_gemini,qwen,mistral,1,1 (Helpfulness)
7beb091b-7423-4c06-8da3-a7d6568081d1,askacademia_train,losing_paraphrase_gpt4omini,qwen,mistral,3,3
7beb091b-7423-4c06-8da3-a7d6568081d1,askacademia_train,losing_paraphrase_gpt5nano,qwen,mistral,3,"3

Explan"
7beb091b-7423-4c06-8da3-a7d6568081d1,askacademia_train,losing_paraphrase_llama,qwen,mistral,5,5 (The comment directly
7beb091b-7423-4c06-8da3-a7d6568081d1,askacademia_train,losing_paraphrase_mistral,qwen,mistral,4,"4

The comment"
7beb091b-7423-4c06-8da3-a7d6568081d1,askacademia_train,losing_paraphrase_qwen,qwen,mistral,4,"4

The comment"
355a34ef-ae09-49dd-9d1e-e25018351122,askacademia_train,winning_text,qwen,mistral,3,"3

Explan"
355a34ef-ae09-49dd-9d1e-e25018351122,askacademia_train,losing_text,qwen,mistral,AMBIG,The score for this forum comment
355a34ef-ae09-49dd-9d1e-e25018351122,askacademia_train,losing_generate_claude,qwen,mistral,5,5
355a34ef-ae09-49dd-9d1e-e25018351122,askacademia_train,losing_generate_gemini,qwen,mistral,5,5
355a34ef-ae09-49dd-9d1e-e25018351122,askacademia_train,losing_generate_gpt4omini,qwen,mistral,5,5
355a34ef-ae09-49dd-9d1e-e25018351122,askacademia_train,losing_generate_gpt5nano,qwen,mistral,5,5 (The comment directly
355a34ef-ae09-49dd-9d1e-e25018351122,askacademia_train,losing_generate_llama,qwen,mistral,5,5 (The comment directly
355a34ef-ae09-49dd-9d1e-e25018351122,askacademia_train,losing_generate_mistral,qwen,mistral,5,5 (The comment directly
355a34ef-ae09-49dd-9d1e-e25018351122,askacademia_train,losing_generate_qwen,qwen,mistral,5,5
355a34ef-ae09-49dd-9d1e-e25018351122,askacademia_train,losing_improve_claude,qwen,mistral,5,5
355a34ef-ae09-49dd-9d1e-e25018351122,askacademia_train,losing_improve_gemini,qwen,mistral,5,5 (The comment directly
355a34ef-ae09-49dd-9d1e-e25018351122,askacademia_train,losing_improve_gpt4omini,qwen,mistral,5,5 (The comment directly
355a34ef-ae09-49dd-9d1e-e25018351122,askacademia_train,losing_improve_gpt5nano,qwen,mistral,5,5
355a34ef-ae09-49dd-9d1e-e25018351122,askacademia_train,losing_improve_llama,qwen,mistral,5,5 (The comment directly
355a34ef-ae09-49dd-9d1e-e25018351122,askacademia_train,losing_improve_mistral,qwen,mistral,5,5 (The comment directly
355a34ef-ae09-49dd-9d1e-e25018351122,askacademia_train,losing_improve_qwen,qwen,mistral,5,5 (The comment directly
355a34ef-ae09-49dd-9d1e-e25018351122,askacademia_train,losing_paraphrase_claude,qwen,mistral,5,5 (The comment directly
355a34ef-ae09-49dd-9d1e-e25018351122,askacademia_train,losing_paraphrase_gemini,qwen,mistral,1,1  (The comment
355a34ef-ae09-49dd-9d1e-e25018351122,askacademia_train,losing_paraphrase_gpt4omini,qwen,mistral,3,"3

Explan"
355a34ef-ae09-49dd-9d1e-e25018351122,askacademia_train,losing_paraphrase_gpt5nano,qwen,mistral,3,"The score is 3,"
355a34ef-ae09-49dd-9d1e-e25018351122,askacademia_train,losing_paraphrase_llama,qwen,mistral,5,5 (The comment directly
355a34ef-ae09-49dd-9d1e-e25018351122,askacademia_train,losing_paraphrase_mistral,qwen,mistral,4,"4

The comment"
355a34ef-ae09-49dd-9d1e-e25018351122,askacademia_train,losing_paraphrase_qwen,qwen,mistral,4,"4

The comment"
4b5519a5-681d-46c3-b794-cadb14453f88,askacademia_train,winning_text,qwen,mistral,3,"3

Explan"
4b5519a5-681d-46c3-b794-cadb14453f88,askacademia_train,losing_text,qwen,mistral,AMBIG,The score for this forum comment
4b5519a5-681d-46c3-b794-cadb14453f88,askacademia_train,losing_generate_claude,qwen,mistral,5,5
4b5519a5-681d-46c3-b794-cadb14453f88,askacademia_train,losing_generate_gemini,qwen,mistral,5,5
4b5519a5-681d-46c3-b794-cadb14453f88,askacademia_train,losing_generate_gpt4omini,qwen,mistral,5,5
4b5519a5-681d-46c3-b794-cadb14453f88,askacademia_train,losing_generate_gpt5nano,qwen,mistral,5,5
4b5519a5-681d-46c3-b794-cadb14453f88,askacademia_train,losing_generate_llama,qwen,mistral,5,5 (The comment directly
4b5519a5-681d-46c3-b794-cadb14453f88,askacademia_train,losing_generate_mistral,qwen,mistral,5,5 (The comment directly
4b5519a5-681d-46c3-b794-cadb14453f88,askacademia_train,losing_generate_qwen,qwen,mistral,5,5
4b5519a5-681d-46c3-b794-cadb14453f88,askacademia_train,losing_improve_claude,qwen,mistral,5,5
4b5519a5-681d-46c3-b794-cadb14453f88,askacademia_train,losing_improve_gemini,qwen,mistral,5,5 (The comment directly
4b5519a5-681d-46c3-b794-cadb14453f88,askacademia_train,losing_improve_gpt4omini,qwen,mistral,5,5 (The comment directly
4b5519a5-681d-46c3-b794-cadb14453f88,askacademia_train,losing_improve_gpt5nano,qwen,mistral,5,5 (The comment directly
4b5519a5-681d-46c3-b794-cadb14453f88,askacademia_train,losing_improve_llama,qwen,mistral,5,5 (The comment directly
4b5519a5-681d-46c3-b794-cadb14453f88,askacademia_train,losing_improve_mistral,qwen,mistral,5,5 (The comment directly
4b5519a5-681d-46c3-b794-cadb14453f88,askacademia_train,losing_improve_qwen,qwen,mistral,5,5 (The comment directly
4b5519a5-681d-46c3-b794-cadb14453f88,askacademia_train,losing_paraphrase_claude,qwen,mistral,5,5 (The comment directly
4b5519a5-681d-46c3-b794-cadb14453f88,askacademia_train,losing_paraphrase_gemini,qwen,mistral,1,1  (The comment
4b5519a5-681d-46c3-b794-cadb14453f88,askacademia_train,losing_paraphrase_gpt4omini,qwen,mistral,3,3
4b5519a5-681d-46c3-b794-cadb14453f88,askacademia_train,losing_paraphrase_gpt5nano,qwen,mistral,4,"4

The comment"
4b5519a5-681d-46c3-b794-cadb14453f88,askacademia_train,losing_paraphrase_llama,qwen,mistral,5,5 (The comment directly
4b5519a5-681d-46c3-b794-cadb14453f88,askacademia_train,losing_paraphrase_mistral,qwen,mistral,4,"4

The comment"
4b5519a5-681d-46c3-b794-cadb14453f88,askacademia_train,losing_paraphrase_qwen,qwen,mistral,4,"4

The comment"
a3e00ec4-4f29-4e1d-bc86-d62aa0663085,askacademia_train,winning_text,qwen,mistral,4,"4

The comment"
a3e00ec4-4f29-4e1d-bc86-d62aa0663085,askacademia_train,losing_text,qwen,mistral,AMBIG,The score for this forum comment
a3e00ec4-4f29-4e1d-bc86-d62aa0663085,askacademia_train,losing_generate_claude,qwen,mistral,5,5
a3e00ec4-4f29-4e1d-bc86-d62aa0663085,askacademia_train,losing_generate_gemini,qwen,mistral,5,5
a3e00ec4-4f29-4e1d-bc86-d62aa0663085,askacademia_train,losing_generate_gpt4omini,qwen,mistral,5,5
a3e00ec4-4f29-4e1d-bc86-d62aa0663085,askacademia_train,losing_generate_gpt5nano,qwen,mistral,5,5
a3e00ec4-4f29-4e1d-bc86-d62aa0663085,askacademia_train,losing_generate_llama,qwen,mistral,5,5 (The comment directly
a3e00ec4-4f29-4e1d-bc86-d62aa0663085,askacademia_train,losing_generate_mistral,qwen,mistral,5,5 (The comment directly
a3e00ec4-4f29-4e1d-bc86-d62aa0663085,askacademia_train,losing_generate_qwen,qwen,mistral,5,5 (The comment directly
a3e00ec4-4f29-4e1d-bc86-d62aa0663085,askacademia_train,losing_improve_claude,qwen,mistral,5,5
a3e00ec4-4f29-4e1d-bc86-d62aa0663085,askacademia_train,losing_improve_gemini,qwen,mistral,5,5 (The comment directly
a3e00ec4-4f29-4e1d-bc86-d62aa0663085,askacademia_train,losing_improve_gpt4omini,qwen,mistral,5,5 (The comment directly
a3e00ec4-4f29-4e1d-bc86-d62aa0663085,askacademia_train,losing_improve_gpt5nano,qwen,mistral,5,5 (The comment directly
a3e00ec4-4f29-4e1d-bc86-d62aa0663085,askacademia_train,losing_improve_llama,qwen,mistral,5,5 (The comment directly
a3e00ec4-4f29-4e1d-bc86-d62aa0663085,askacademia_train,losing_improve_mistral,qwen,mistral,5,5 (The comment directly
a3e00ec4-4f29-4e1d-bc86-d62aa0663085,askacademia_train,losing_improve_qwen,qwen,mistral,5,5 (The comment directly
a3e00ec4-4f29-4e1d-bc86-d62aa0663085,askacademia_train,losing_paraphrase_claude,qwen,mistral,5,5 (The comment directly
a3e00ec4-4f29-4e1d-bc86-d62aa0663085,askacademia_train,losing_paraphrase_gemini,qwen,mistral,1,1  (The comment
a3e00ec4-4f29-4e1d-bc86-d62aa0663085,askacademia_train,losing_paraphrase_gpt4omini,qwen,mistral,3,3. The comment is
a3e00ec4-4f29-4e1d-bc86-d62aa0663085,askacademia_train,losing_paraphrase_gpt5nano,qwen,mistral,5,5 (The comment directly
a3e00ec4-4f29-4e1d-bc86-d62aa0663085,askacademia_train,losing_paraphrase_llama,qwen,mistral,5,5 (The comment directly
a3e00ec4-4f29-4e1d-bc86-d62aa0663085,askacademia_train,losing_paraphrase_mistral,qwen,mistral,4,"4

The comment"
a3e00ec4-4f29-4e1d-bc86-d62aa0663085,askacademia_train,losing_paraphrase_qwen,qwen,mistral,4,"4

The comment"
ed33a1be-68db-4548-9c7a-c60b56826b47,askacademia_train,winning_text,qwen,mistral,2,"2

The comment"
ed33a1be-68db-4548-9c7a-c60b56826b47,askacademia_train,losing_text,qwen,mistral,AMBIG,The score for this forum comment
ed33a1be-68db-4548-9c7a-c60b56826b47,askacademia_train,losing_generate_claude,qwen,mistral,5,5
ed33a1be-68db-4548-9c7a-c60b56826b47,askacademia_train,losing_generate_gemini,qwen,mistral,5,5
ed33a1be-68db-4548-9c7a-c60b56826b47,askacademia_train,losing_generate_gpt4omini,qwen,mistral,5,5
ed33a1be-68db-4548-9c7a-c60b56826b47,askacademia_train,losing_generate_gpt5nano,qwen,mistral,5,5
ed33a1be-68db-4548-9c7a-c60b56826b47,askacademia_train,losing_generate_llama,qwen,mistral,5,5 (The comment directly
ed33a1be-68db-4548-9c7a-c60b56826b47,askacademia_train,losing_generate_mistral,qwen,mistral,5,5 (The comment directly
ed33a1be-68db-4548-9c7a-c60b56826b47,askacademia_train,losing_generate_qwen,qwen,mistral,5,5
ed33a1be-68db-4548-9c7a-c60b56826b47,askacademia_train,losing_improve_claude,qwen,mistral,5,5
ed33a1be-68db-4548-9c7a-c60b56826b47,askacademia_train,losing_improve_gemini,qwen,mistral,5,5 (The comment directly
ed33a1be-68db-4548-9c7a-c60b56826b47,askacademia_train,losing_improve_gpt4omini,qwen,mistral,5,5 (The comment directly
ed33a1be-68db-4548-9c7a-c60b56826b47,askacademia_train,losing_improve_gpt5nano,qwen,mistral,5,5
ed33a1be-68db-4548-9c7a-c60b56826b47,askacademia_train,losing_improve_llama,qwen,mistral,5,5 (The comment directly
ed33a1be-68db-4548-9c7a-c60b56826b47,askacademia_train,losing_improve_mistral,qwen,mistral,5,5 (The comment directly
ed33a1be-68db-4548-9c7a-c60b56826b47,askacademia_train,losing_improve_qwen,qwen,mistral,5,5 (The comment directly
ed33a1be-68db-4548-9c7a-c60b56826b47,askacademia_train,losing_paraphrase_claude,qwen,mistral,5,5
ed33a1be-68db-4548-9c7a-c60b56826b47,askacademia_train,losing_paraphrase_gemini,qwen,mistral,1,1  (The comment
ed33a1be-68db-4548-9c7a-c60b56826b47,askacademia_train,losing_paraphrase_gpt4omini,qwen,mistral,3,"3

Explan"
ed33a1be-68db-4548-9c7a-c60b56826b47,askacademia_train,losing_paraphrase_gpt5nano,qwen,mistral,3,3 (Relevance
ed33a1be-68db-4548-9c7a-c60b56826b47,askacademia_train,losing_paraphrase_llama,qwen,mistral,5,5 (The comment directly
ed33a1be-68db-4548-9c7a-c60b56826b47,askacademia_train,losing_paraphrase_mistral,qwen,mistral,4,"4

The comment"
ed33a1be-68db-4548-9c7a-c60b56826b47,askacademia_train,losing_paraphrase_qwen,qwen,mistral,4,"4

The comment"
47c7e961-6c14-4fa0-8783-45420dd52467,askacademia_train,winning_text,qwen,mistral,2,"2

(The"
47c7e961-6c14-4fa0-8783-45420dd52467,askacademia_train,losing_text,qwen,mistral,5,5
47c7e961-6c14-4fa0-8783-45420dd52467,askacademia_train,losing_generate_claude,qwen,mistral,5,5
47c7e961-6c14-4fa0-8783-45420dd52467,askacademia_train,losing_generate_gemini,qwen,mistral,5,5 (The comment directly
47c7e961-6c14-4fa0-8783-45420dd52467,askacademia_train,losing_generate_gpt4omini,qwen,mistral,5,5
47c7e961-6c14-4fa0-8783-45420dd52467,askacademia_train,losing_generate_gpt5nano,qwen,mistral,5,5
47c7e961-6c14-4fa0-8783-45420dd52467,askacademia_train,losing_generate_llama,qwen,mistral,5,5 (The comment directly
47c7e961-6c14-4fa0-8783-45420dd52467,askacademia_train,losing_generate_mistral,qwen,mistral,5,5
47c7e961-6c14-4fa0-8783-45420dd52467,askacademia_train,losing_generate_qwen,qwen,mistral,5,5
47c7e961-6c14-4fa0-8783-45420dd52467,askacademia_train,losing_improve_claude,qwen,mistral,5,5 (The comment directly
47c7e961-6c14-4fa0-8783-45420dd52467,askacademia_train,losing_improve_gemini,qwen,mistral,5,5
47c7e961-6c14-4fa0-8783-45420dd52467,askacademia_train,losing_improve_gpt4omini,qwen,mistral,5,5
47c7e961-6c14-4fa0-8783-45420dd52467,askacademia_train,losing_improve_gpt5nano,qwen,mistral,5,5 (The comment directly
47c7e961-6c14-4fa0-8783-45420dd52467,askacademia_train,losing_improve_llama,qwen,mistral,5,5 (The comment directly
47c7e961-6c14-4fa0-8783-45420dd52467,askacademia_train,losing_improve_mistral,qwen,mistral,5,5 (The comment directly
47c7e961-6c14-4fa0-8783-45420dd52467,askacademia_train,losing_improve_qwen,qwen,mistral,5,5
47c7e961-6c14-4fa0-8783-45420dd52467,askacademia_train,losing_paraphrase_claude,qwen,mistral,5,5
47c7e961-6c14-4fa0-8783-45420dd52467,askacademia_train,losing_paraphrase_gemini,qwen,mistral,1,1 (Helpfulness)
47c7e961-6c14-4fa0-8783-45420dd52467,askacademia_train,losing_paraphrase_gpt4omini,qwen,mistral,5,5
47c7e961-6c14-4fa0-8783-45420dd52467,askacademia_train,losing_paraphrase_gpt5nano,qwen,mistral,5,5 (The comment directly
47c7e961-6c14-4fa0-8783-45420dd52467,askacademia_train,losing_paraphrase_llama,qwen,mistral,5,5 (The comment directly
47c7e961-6c14-4fa0-8783-45420dd52467,askacademia_train,losing_paraphrase_mistral,qwen,mistral,5,5 (The comment directly
47c7e961-6c14-4fa0-8783-45420dd52467,askacademia_train,losing_paraphrase_qwen,qwen,mistral,5,5 (The comment directly
77da1e49-6304-4976-b1e1-c2f7e0484835,askacademia_train,winning_text,qwen,mistral,3,"3

Explan"
77da1e49-6304-4976-b1e1-c2f7e0484835,askacademia_train,losing_text,qwen,mistral,5,5
77da1e49-6304-4976-b1e1-c2f7e0484835,askacademia_train,losing_generate_claude,qwen,mistral,5,5
77da1e49-6304-4976-b1e1-c2f7e0484835,askacademia_train,losing_generate_gemini,qwen,mistral,5,5 (The comment directly
77da1e49-6304-4976-b1e1-c2f7e0484835,askacademia_train,losing_generate_gpt4omini,qwen,mistral,5,5
77da1e49-6304-4976-b1e1-c2f7e0484835,askacademia_train,losing_generate_gpt5nano,qwen,mistral,5,5
77da1e49-6304-4976-b1e1-c2f7e0484835,askacademia_train,losing_generate_llama,qwen,mistral,5,5 (The comment directly
77da1e49-6304-4976-b1e1-c2f7e0484835,askacademia_train,losing_generate_mistral,qwen,mistral,5,5
77da1e49-6304-4976-b1e1-c2f7e0484835,askacademia_train,losing_generate_qwen,qwen,mistral,5,5
77da1e49-6304-4976-b1e1-c2f7e0484835,askacademia_train,losing_improve_claude,qwen,mistral,5,5 (The comment directly
77da1e49-6304-4976-b1e1-c2f7e0484835,askacademia_train,losing_improve_gemini,qwen,mistral,5,5
77da1e49-6304-4976-b1e1-c2f7e0484835,askacademia_train,losing_improve_gpt4omini,qwen,mistral,5,5
77da1e49-6304-4976-b1e1-c2f7e0484835,askacademia_train,losing_improve_gpt5nano,qwen,mistral,5,5
77da1e49-6304-4976-b1e1-c2f7e0484835,askacademia_train,losing_improve_llama,qwen,mistral,5,5 (The comment directly
77da1e49-6304-4976-b1e1-c2f7e0484835,askacademia_train,losing_improve_mistral,qwen,mistral,5,5 (The comment directly
77da1e49-6304-4976-b1e1-c2f7e0484835,askacademia_train,losing_improve_qwen,qwen,mistral,5,5
77da1e49-6304-4976-b1e1-c2f7e0484835,askacademia_train,losing_paraphrase_claude,qwen,mistral,5,5
77da1e49-6304-4976-b1e1-c2f7e0484835,askacademia_train,losing_paraphrase_gemini,qwen,mistral,3,"3

Explan"
77da1e49-6304-4976-b1e1-c2f7e0484835,askacademia_train,losing_paraphrase_gpt4omini,qwen,mistral,5,5 (The comment directly
77da1e49-6304-4976-b1e1-c2f7e0484835,askacademia_train,losing_paraphrase_gpt5nano,qwen,mistral,5,5 (The comment directly
77da1e49-6304-4976-b1e1-c2f7e0484835,askacademia_train,losing_paraphrase_llama,qwen,mistral,5,5 (The comment directly
77da1e49-6304-4976-b1e1-c2f7e0484835,askacademia_train,losing_paraphrase_mistral,qwen,mistral,5,5 (The comment directly
77da1e49-6304-4976-b1e1-c2f7e0484835,askacademia_train,losing_paraphrase_qwen,qwen,mistral,5,5 (The comment directly
81317a72-dfc1-45c1-b21e-bd6bc196e816,askacademia_train,winning_text,qwen,mistral,3,"3

Explan"
81317a72-dfc1-45c1-b21e-bd6bc196e816,askacademia_train,losing_text,qwen,mistral,5,5
81317a72-dfc1-45c1-b21e-bd6bc196e816,askacademia_train,losing_generate_claude,qwen,mistral,5,5
81317a72-dfc1-45c1-b21e-bd6bc196e816,askacademia_train,losing_generate_gemini,qwen,mistral,5,5
81317a72-dfc1-45c1-b21e-bd6bc196e816,askacademia_train,losing_generate_gpt4omini,qwen,mistral,5,5
81317a72-dfc1-45c1-b21e-bd6bc196e816,askacademia_train,losing_generate_gpt5nano,qwen,mistral,5,5
81317a72-dfc1-45c1-b21e-bd6bc196e816,askacademia_train,losing_generate_llama,qwen,mistral,5,5 (The comment directly
81317a72-dfc1-45c1-b21e-bd6bc196e816,askacademia_train,losing_generate_mistral,qwen,mistral,5,5
81317a72-dfc1-45c1-b21e-bd6bc196e816,askacademia_train,losing_generate_qwen,qwen,mistral,5,5
81317a72-dfc1-45c1-b21e-bd6bc196e816,askacademia_train,losing_improve_claude,qwen,mistral,5,5 (The comment directly
81317a72-dfc1-45c1-b21e-bd6bc196e816,askacademia_train,losing_improve_gemini,qwen,mistral,5,5
81317a72-dfc1-45c1-b21e-bd6bc196e816,askacademia_train,losing_improve_gpt4omini,qwen,mistral,5,5
81317a72-dfc1-45c1-b21e-bd6bc196e816,askacademia_train,losing_improve_gpt5nano,qwen,mistral,5,5
81317a72-dfc1-45c1-b21e-bd6bc196e816,askacademia_train,losing_improve_llama,qwen,mistral,5,5 (The comment directly
81317a72-dfc1-45c1-b21e-bd6bc196e816,askacademia_train,losing_improve_mistral,qwen,mistral,5,5 (The comment directly
81317a72-dfc1-45c1-b21e-bd6bc196e816,askacademia_train,losing_improve_qwen,qwen,mistral,5,5
81317a72-dfc1-45c1-b21e-bd6bc196e816,askacademia_train,losing_paraphrase_claude,qwen,mistral,5,5
81317a72-dfc1-45c1-b21e-bd6bc196e816,askacademia_train,losing_paraphrase_gemini,qwen,mistral,3,"3

The comment"
81317a72-dfc1-45c1-b21e-bd6bc196e816,askacademia_train,losing_paraphrase_gpt4omini,qwen,mistral,5,5 (The comment directly
81317a72-dfc1-45c1-b21e-bd6bc196e816,askacademia_train,losing_paraphrase_gpt5nano,qwen,mistral,5,5 (The comment directly
81317a72-dfc1-45c1-b21e-bd6bc196e816,askacademia_train,losing_paraphrase_llama,qwen,mistral,5,5 (The comment directly
81317a72-dfc1-45c1-b21e-bd6bc196e816,askacademia_train,losing_paraphrase_mistral,qwen,mistral,5,5 (The comment directly
81317a72-dfc1-45c1-b21e-bd6bc196e816,askacademia_train,losing_paraphrase_qwen,qwen,mistral,5,5 (The comment directly
09359459-abd3-45ee-810d-7ef72a1bbd8d,askacademia_train,winning_text,qwen,mistral,3,3 (Relevance
09359459-abd3-45ee-810d-7ef72a1bbd8d,askacademia_train,losing_text,qwen,mistral,5,5
09359459-abd3-45ee-810d-7ef72a1bbd8d,askacademia_train,losing_generate_claude,qwen,mistral,5,5
09359459-abd3-45ee-810d-7ef72a1bbd8d,askacademia_train,losing_generate_gemini,qwen,mistral,5,5 (The comment directly
09359459-abd3-45ee-810d-7ef72a1bbd8d,askacademia_train,losing_generate_gpt4omini,qwen,mistral,5,5
09359459-abd3-45ee-810d-7ef72a1bbd8d,askacademia_train,losing_generate_gpt5nano,qwen,mistral,5,5
09359459-abd3-45ee-810d-7ef72a1bbd8d,askacademia_train,losing_generate_llama,qwen,mistral,5,5 (The comment directly
09359459-abd3-45ee-810d-7ef72a1bbd8d,askacademia_train,losing_generate_mistral,qwen,mistral,5,5 (The comment directly
09359459-abd3-45ee-810d-7ef72a1bbd8d,askacademia_train,losing_generate_qwen,qwen,mistral,5,5
09359459-abd3-45ee-810d-7ef72a1bbd8d,askacademia_train,losing_improve_claude,qwen,mistral,5,5
09359459-abd3-45ee-810d-7ef72a1bbd8d,askacademia_train,losing_improve_gemini,qwen,mistral,5,5
09359459-abd3-45ee-810d-7ef72a1bbd8d,askacademia_train,losing_improve_gpt4omini,qwen,mistral,5,5
09359459-abd3-45ee-810d-7ef72a1bbd8d,askacademia_train,losing_improve_gpt5nano,qwen,mistral,5,5 (The comment directly
09359459-abd3-45ee-810d-7ef72a1bbd8d,askacademia_train,losing_improve_llama,qwen,mistral,5,5 (The comment directly
09359459-abd3-45ee-810d-7ef72a1bbd8d,askacademia_train,losing_improve_mistral,qwen,mistral,5,5 (The comment directly
09359459-abd3-45ee-810d-7ef72a1bbd8d,askacademia_train,losing_improve_qwen,qwen,mistral,5,5
09359459-abd3-45ee-810d-7ef72a1bbd8d,askacademia_train,losing_paraphrase_claude,qwen,mistral,5,5
09359459-abd3-45ee-810d-7ef72a1bbd8d,askacademia_train,losing_paraphrase_gemini,qwen,mistral,3,"3

The comment"
09359459-abd3-45ee-810d-7ef72a1bbd8d,askacademia_train,losing_paraphrase_gpt4omini,qwen,mistral,5,5 (The comment directly
09359459-abd3-45ee-810d-7ef72a1bbd8d,askacademia_train,losing_paraphrase_gpt5nano,qwen,mistral,5,5 (The comment directly
09359459-abd3-45ee-810d-7ef72a1bbd8d,askacademia_train,losing_paraphrase_llama,qwen,mistral,5,5 (The comment directly
09359459-abd3-45ee-810d-7ef72a1bbd8d,askacademia_train,losing_paraphrase_mistral,qwen,mistral,5,5 (The comment directly
09359459-abd3-45ee-810d-7ef72a1bbd8d,askacademia_train,losing_paraphrase_qwen,qwen,mistral,5,5 (The comment directly
a5eaa135-4288-43ab-91a5-8392b6f596bc,askacademia_train,winning_text,qwen,mistral,3,"3

Explan"
a5eaa135-4288-43ab-91a5-8392b6f596bc,askacademia_train,losing_text,qwen,mistral,5,5
a5eaa135-4288-43ab-91a5-8392b6f596bc,askacademia_train,losing_generate_claude,qwen,mistral,5,5
a5eaa135-4288-43ab-91a5-8392b6f596bc,askacademia_train,losing_generate_gemini,qwen,mistral,5,5
a5eaa135-4288-43ab-91a5-8392b6f596bc,askacademia_train,losing_generate_gpt4omini,qwen,mistral,5,5
a5eaa135-4288-43ab-91a5-8392b6f596bc,askacademia_train,losing_generate_gpt5nano,qwen,mistral,5,5
a5eaa135-4288-43ab-91a5-8392b6f596bc,askacademia_train,losing_generate_llama,qwen,mistral,5,5 (The comment directly
a5eaa135-4288-43ab-91a5-8392b6f596bc,askacademia_train,losing_generate_mistral,qwen,mistral,5,5
a5eaa135-4288-43ab-91a5-8392b6f596bc,askacademia_train,losing_generate_qwen,qwen,mistral,5,5
a5eaa135-4288-43ab-91a5-8392b6f596bc,askacademia_train,losing_improve_claude,qwen,mistral,5,5
a5eaa135-4288-43ab-91a5-8392b6f596bc,askacademia_train,losing_improve_gemini,qwen,mistral,5,5
a5eaa135-4288-43ab-91a5-8392b6f596bc,askacademia_train,losing_improve_gpt4omini,qwen,mistral,5,5
a5eaa135-4288-43ab-91a5-8392b6f596bc,askacademia_train,losing_improve_gpt5nano,qwen,mistral,5,5 (The comment directly
a5eaa135-4288-43ab-91a5-8392b6f596bc,askacademia_train,losing_improve_llama,qwen,mistral,5,5 (The comment directly
a5eaa135-4288-43ab-91a5-8392b6f596bc,askacademia_train,losing_improve_mistral,qwen,mistral,5,5 (The comment directly
a5eaa135-4288-43ab-91a5-8392b6f596bc,askacademia_train,losing_improve_qwen,qwen,mistral,5,5
a5eaa135-4288-43ab-91a5-8392b6f596bc,askacademia_train,losing_paraphrase_claude,qwen,mistral,5,5
a5eaa135-4288-43ab-91a5-8392b6f596bc,askacademia_train,losing_paraphrase_gemini,qwen,mistral,2,"2

(The"
a5eaa135-4288-43ab-91a5-8392b6f596bc,askacademia_train,losing_paraphrase_gpt4omini,qwen,mistral,5,5 (The comment directly
a5eaa135-4288-43ab-91a5-8392b6f596bc,askacademia_train,losing_paraphrase_gpt5nano,qwen,mistral,5,5 (The comment directly
a5eaa135-4288-43ab-91a5-8392b6f596bc,askacademia_train,losing_paraphrase_llama,qwen,mistral,5,5 (The comment directly
a5eaa135-4288-43ab-91a5-8392b6f596bc,askacademia_train,losing_paraphrase_mistral,qwen,mistral,5,5 (The comment directly
a5eaa135-4288-43ab-91a5-8392b6f596bc,askacademia_train,losing_paraphrase_qwen,qwen,mistral,5,5 (The comment directly
c24e7487-7f44-4a8a-bc41-210d808c392c,askacademia_train,winning_text,qwen,mistral,4,4 (The tone is
c24e7487-7f44-4a8a-bc41-210d808c392c,askacademia_train,losing_text,qwen,mistral,5,5
c24e7487-7f44-4a8a-bc41-210d808c392c,askacademia_train,losing_generate_claude,qwen,mistral,5,5
c24e7487-7f44-4a8a-bc41-210d808c392c,askacademia_train,losing_generate_gemini,qwen,mistral,5,5 (The comment directly
c24e7487-7f44-4a8a-bc41-210d808c392c,askacademia_train,losing_generate_gpt4omini,qwen,mistral,5,5
c24e7487-7f44-4a8a-bc41-210d808c392c,askacademia_train,losing_generate_gpt5nano,qwen,mistral,5,5 (The comment directly
c24e7487-7f44-4a8a-bc41-210d808c392c,askacademia_train,losing_generate_llama,qwen,mistral,5,5 (The comment directly
c24e7487-7f44-4a8a-bc41-210d808c392c,askacademia_train,losing_generate_mistral,qwen,mistral,5,5
c24e7487-7f44-4a8a-bc41-210d808c392c,askacademia_train,losing_generate_qwen,qwen,mistral,5,5
c24e7487-7f44-4a8a-bc41-210d808c392c,askacademia_train,losing_improve_claude,qwen,mistral,5,5 (The comment directly
c24e7487-7f44-4a8a-bc41-210d808c392c,askacademia_train,losing_improve_gemini,qwen,mistral,5,5
c24e7487-7f44-4a8a-bc41-210d808c392c,askacademia_train,losing_improve_gpt4omini,qwen,mistral,5,5 (The comment directly
c24e7487-7f44-4a8a-bc41-210d808c392c,askacademia_train,losing_improve_gpt5nano,qwen,mistral,5,5
c24e7487-7f44-4a8a-bc41-210d808c392c,askacademia_train,losing_improve_llama,qwen,mistral,5,5 (The comment directly
c24e7487-7f44-4a8a-bc41-210d808c392c,askacademia_train,losing_improve_mistral,qwen,mistral,5,5 (The comment directly
c24e7487-7f44-4a8a-bc41-210d808c392c,askacademia_train,losing_improve_qwen,qwen,mistral,5,5
c24e7487-7f44-4a8a-bc41-210d808c392c,askacademia_train,losing_paraphrase_claude,qwen,mistral,5,5
c24e7487-7f44-4a8a-bc41-210d808c392c,askacademia_train,losing_paraphrase_gemini,qwen,mistral,2,"2

(The"
c24e7487-7f44-4a8a-bc41-210d808c392c,askacademia_train,losing_paraphrase_gpt4omini,qwen,mistral,5,5 (The comment directly
c24e7487-7f44-4a8a-bc41-210d808c392c,askacademia_train,losing_paraphrase_gpt5nano,qwen,mistral,5,5
c24e7487-7f44-4a8a-bc41-210d808c392c,askacademia_train,losing_paraphrase_llama,qwen,mistral,5,5 (The comment directly
c24e7487-7f44-4a8a-bc41-210d808c392c,askacademia_train,losing_paraphrase_mistral,qwen,mistral,5,5 (The comment directly
c24e7487-7f44-4a8a-bc41-210d808c392c,askacademia_train,losing_paraphrase_qwen,qwen,mistral,5,5 (The comment directly
f721d063-7c18-4eb6-a981-59de7f767fa4,askacademia_train,winning_text,qwen,mistral,2,"2

The comment"
f721d063-7c18-4eb6-a981-59de7f767fa4,askacademia_train,losing_text,qwen,mistral,5,5
f721d063-7c18-4eb6-a981-59de7f767fa4,askacademia_train,losing_generate_claude,qwen,mistral,5,5
f721d063-7c18-4eb6-a981-59de7f767fa4,askacademia_train,losing_generate_gemini,qwen,mistral,5,5
f721d063-7c18-4eb6-a981-59de7f767fa4,askacademia_train,losing_generate_gpt4omini,qwen,mistral,5,5
f721d063-7c18-4eb6-a981-59de7f767fa4,askacademia_train,losing_generate_gpt5nano,qwen,mistral,5,5
f721d063-7c18-4eb6-a981-59de7f767fa4,askacademia_train,losing_generate_llama,qwen,mistral,5,5 (The comment directly
f721d063-7c18-4eb6-a981-59de7f767fa4,askacademia_train,losing_generate_mistral,qwen,mistral,5,5 (The comment directly
f721d063-7c18-4eb6-a981-59de7f767fa4,askacademia_train,losing_generate_qwen,qwen,mistral,5,5 (The comment directly
f721d063-7c18-4eb6-a981-59de7f767fa4,askacademia_train,losing_improve_claude,qwen,mistral,5,5 (The comment directly
f721d063-7c18-4eb6-a981-59de7f767fa4,askacademia_train,losing_improve_gemini,qwen,mistral,5,5
f721d063-7c18-4eb6-a981-59de7f767fa4,askacademia_train,losing_improve_gpt4omini,qwen,mistral,5,5 (The comment directly
f721d063-7c18-4eb6-a981-59de7f767fa4,askacademia_train,losing_improve_gpt5nano,qwen,mistral,5,5 (The comment directly
f721d063-7c18-4eb6-a981-59de7f767fa4,askacademia_train,losing_improve_llama,qwen,mistral,5,5
f721d063-7c18-4eb6-a981-59de7f767fa4,askacademia_train,losing_improve_mistral,qwen,mistral,5,5 (The comment directly
f721d063-7c18-4eb6-a981-59de7f767fa4,askacademia_train,losing_improve_qwen,qwen,mistral,5,5
f721d063-7c18-4eb6-a981-59de7f767fa4,askacademia_train,losing_paraphrase_claude,qwen,mistral,5,5
f721d063-7c18-4eb6-a981-59de7f767fa4,askacademia_train,losing_paraphrase_gemini,qwen,mistral,2,"2

(The"
f721d063-7c18-4eb6-a981-59de7f767fa4,askacademia_train,losing_paraphrase_gpt4omini,qwen,mistral,5,5
f721d063-7c18-4eb6-a981-59de7f767fa4,askacademia_train,losing_paraphrase_gpt5nano,qwen,mistral,5,5 (The comment directly
f721d063-7c18-4eb6-a981-59de7f767fa4,askacademia_train,losing_paraphrase_llama,qwen,mistral,5,5 (The comment directly
f721d063-7c18-4eb6-a981-59de7f767fa4,askacademia_train,losing_paraphrase_mistral,qwen,mistral,5,5 (The comment directly
f721d063-7c18-4eb6-a981-59de7f767fa4,askacademia_train,losing_paraphrase_qwen,qwen,mistral,5,5 (The comment directly
38d93014-e229-4c14-9edc-056cf09e95f0,askacademia_train,winning_text,qwen,mistral,3,"3

Explan"
38d93014-e229-4c14-9edc-056cf09e95f0,askacademia_train,losing_text,qwen,mistral,5,5 (The comment directly
38d93014-e229-4c14-9edc-056cf09e95f0,askacademia_train,losing_generate_claude,qwen,mistral,5,5
38d93014-e229-4c14-9edc-056cf09e95f0,askacademia_train,losing_generate_gemini,qwen,mistral,5,5
38d93014-e229-4c14-9edc-056cf09e95f0,askacademia_train,losing_generate_gpt4omini,qwen,mistral,5,5
38d93014-e229-4c14-9edc-056cf09e95f0,askacademia_train,losing_generate_gpt5nano,qwen,mistral,5,5
38d93014-e229-4c14-9edc-056cf09e95f0,askacademia_train,losing_generate_llama,qwen,mistral,5,5
38d93014-e229-4c14-9edc-056cf09e95f0,askacademia_train,losing_generate_mistral,qwen,mistral,5,5 (The comment directly
38d93014-e229-4c14-9edc-056cf09e95f0,askacademia_train,losing_generate_qwen,qwen,mistral,5,5 (The comment directly
38d93014-e229-4c14-9edc-056cf09e95f0,askacademia_train,losing_improve_claude,qwen,mistral,5,5 (The comment directly
38d93014-e229-4c14-9edc-056cf09e95f0,askacademia_train,losing_improve_gemini,qwen,mistral,5,5
38d93014-e229-4c14-9edc-056cf09e95f0,askacademia_train,losing_improve_gpt4omini,qwen,mistral,5,5
38d93014-e229-4c14-9edc-056cf09e95f0,askacademia_train,losing_improve_gpt5nano,qwen,mistral,5,5
38d93014-e229-4c14-9edc-056cf09e95f0,askacademia_train,losing_improve_llama,qwen,mistral,5,5
38d93014-e229-4c14-9edc-056cf09e95f0,askacademia_train,losing_improve_mistral,qwen,mistral,5,5 (The comment directly
38d93014-e229-4c14-9edc-056cf09e95f0,askacademia_train,losing_improve_qwen,qwen,mistral,5,5
38d93014-e229-4c14-9edc-056cf09e95f0,askacademia_train,losing_paraphrase_claude,qwen,mistral,5,5
38d93014-e229-4c14-9edc-056cf09e95f0,askacademia_train,losing_paraphrase_gemini,qwen,mistral,2,"2

(The"
38d93014-e229-4c14-9edc-056cf09e95f0,askacademia_train,losing_paraphrase_gpt4omini,qwen,mistral,5,5
38d93014-e229-4c14-9edc-056cf09e95f0,askacademia_train,losing_paraphrase_gpt5nano,qwen,mistral,5,5 (The comment directly
38d93014-e229-4c14-9edc-056cf09e95f0,askacademia_train,losing_paraphrase_llama,qwen,mistral,5,5 (The comment directly
38d93014-e229-4c14-9edc-056cf09e95f0,askacademia_train,losing_paraphrase_mistral,qwen,mistral,5,5 (The comment directly
38d93014-e229-4c14-9edc-056cf09e95f0,askacademia_train,losing_paraphrase_qwen,qwen,mistral,5,5 (The comment directly
2be706a7-38bb-4aec-b812-cd4d4fb9505d,askacademia_train,winning_text,qwen,mistral,4,4 (The tone is
2be706a7-38bb-4aec-b812-cd4d4fb9505d,askacademia_train,losing_text,qwen,mistral,5,5 (The comment directly
2be706a7-38bb-4aec-b812-cd4d4fb9505d,askacademia_train,losing_generate_claude,qwen,mistral,5,5
2be706a7-38bb-4aec-b812-cd4d4fb9505d,askacademia_train,losing_generate_gemini,qwen,mistral,5,5 (The comment directly
2be706a7-38bb-4aec-b812-cd4d4fb9505d,askacademia_train,losing_generate_gpt4omini,qwen,mistral,5,5
2be706a7-38bb-4aec-b812-cd4d4fb9505d,askacademia_train,losing_generate_gpt5nano,qwen,mistral,5,5
2be706a7-38bb-4aec-b812-cd4d4fb9505d,askacademia_train,losing_generate_llama,qwen,mistral,5,5 (The comment directly
2be706a7-38bb-4aec-b812-cd4d4fb9505d,askacademia_train,losing_generate_mistral,qwen,mistral,5,5 (The comment directly
2be706a7-38bb-4aec-b812-cd4d4fb9505d,askacademia_train,losing_generate_qwen,qwen,mistral,5,5
2be706a7-38bb-4aec-b812-cd4d4fb9505d,askacademia_train,losing_improve_claude,qwen,mistral,5,5 (The comment directly
2be706a7-38bb-4aec-b812-cd4d4fb9505d,askacademia_train,losing_improve_gemini,qwen,mistral,5,5
2be706a7-38bb-4aec-b812-cd4d4fb9505d,askacademia_train,losing_improve_gpt4omini,qwen,mistral,5,5
2be706a7-38bb-4aec-b812-cd4d4fb9505d,askacademia_train,losing_improve_gpt5nano,qwen,mistral,5,5
2be706a7-38bb-4aec-b812-cd4d4fb9505d,askacademia_train,losing_improve_llama,qwen,mistral,5,5
2be706a7-38bb-4aec-b812-cd4d4fb9505d,askacademia_train,losing_improve_mistral,qwen,mistral,5,5 (The comment directly
2be706a7-38bb-4aec-b812-cd4d4fb9505d,askacademia_train,losing_improve_qwen,qwen,mistral,5,5
2be706a7-38bb-4aec-b812-cd4d4fb9505d,askacademia_train,losing_paraphrase_claude,qwen,mistral,5,5
2be706a7-38bb-4aec-b812-cd4d4fb9505d,askacademia_train,losing_paraphrase_gemini,qwen,mistral,2,"2

(The"
2be706a7-38bb-4aec-b812-cd4d4fb9505d,askacademia_train,losing_paraphrase_gpt4omini,qwen,mistral,5,5
2be706a7-38bb-4aec-b812-cd4d4fb9505d,askacademia_train,losing_paraphrase_gpt5nano,qwen,mistral,5,5 (The comment directly
2be706a7-38bb-4aec-b812-cd4d4fb9505d,askacademia_train,losing_paraphrase_llama,qwen,mistral,5,5 (The comment directly
2be706a7-38bb-4aec-b812-cd4d4fb9505d,askacademia_train,losing_paraphrase_mistral,qwen,mistral,5,5 (The comment directly
2be706a7-38bb-4aec-b812-cd4d4fb9505d,askacademia_train,losing_paraphrase_qwen,qwen,mistral,5,5 (The comment directly
3d6311a8-315a-4664-8e4c-53f6273958dd,askacademia_train,winning_text,qwen,mistral,2,"2

The comment"
3d6311a8-315a-4664-8e4c-53f6273958dd,askacademia_train,losing_text,qwen,mistral,5,5 (The comment directly
3d6311a8-315a-4664-8e4c-53f6273958dd,askacademia_train,losing_generate_claude,qwen,mistral,5,5
3d6311a8-315a-4664-8e4c-53f6273958dd,askacademia_train,losing_generate_gemini,qwen,mistral,5,5 (The comment directly
3d6311a8-315a-4664-8e4c-53f6273958dd,askacademia_train,losing_generate_gpt4omini,qwen,mistral,5,5
3d6311a8-315a-4664-8e4c-53f6273958dd,askacademia_train,losing_generate_gpt5nano,qwen,mistral,5,5
3d6311a8-315a-4664-8e4c-53f6273958dd,askacademia_train,losing_generate_llama,qwen,mistral,5,5 (The comment directly
3d6311a8-315a-4664-8e4c-53f6273958dd,askacademia_train,losing_generate_mistral,qwen,mistral,5,5 (The comment directly
3d6311a8-315a-4664-8e4c-53f6273958dd,askacademia_train,losing_generate_qwen,qwen,mistral,5,5
3d6311a8-315a-4664-8e4c-53f6273958dd,askacademia_train,losing_improve_claude,qwen,mistral,5,5 (The comment directly
3d6311a8-315a-4664-8e4c-53f6273958dd,askacademia_train,losing_improve_gemini,qwen,mistral,5,5
3d6311a8-315a-4664-8e4c-53f6273958dd,askacademia_train,losing_improve_gpt4omini,qwen,mistral,5,5
3d6311a8-315a-4664-8e4c-53f6273958dd,askacademia_train,losing_improve_gpt5nano,qwen,mistral,5,5
3d6311a8-315a-4664-8e4c-53f6273958dd,askacademia_train,losing_improve_llama,qwen,mistral,5,5
3d6311a8-315a-4664-8e4c-53f6273958dd,askacademia_train,losing_improve_mistral,qwen,mistral,5,5
3d6311a8-315a-4664-8e4c-53f6273958dd,askacademia_train,losing_improve_qwen,qwen,mistral,5,5
3d6311a8-315a-4664-8e4c-53f6273958dd,askacademia_train,losing_paraphrase_claude,qwen,mistral,5,5
3d6311a8-315a-4664-8e4c-53f6273958dd,askacademia_train,losing_paraphrase_gemini,qwen,mistral,2,"2

(The"
3d6311a8-315a-4664-8e4c-53f6273958dd,askacademia_train,losing_paraphrase_gpt4omini,qwen,mistral,5,5
3d6311a8-315a-4664-8e4c-53f6273958dd,askacademia_train,losing_paraphrase_gpt5nano,qwen,mistral,5,5 (The comment directly
3d6311a8-315a-4664-8e4c-53f6273958dd,askacademia_train,losing_paraphrase_llama,qwen,mistral,5,5 (The comment directly
3d6311a8-315a-4664-8e4c-53f6273958dd,askacademia_train,losing_paraphrase_mistral,qwen,mistral,5,5 (The comment directly
3d6311a8-315a-4664-8e4c-53f6273958dd,askacademia_train,losing_paraphrase_qwen,qwen,mistral,5,5 (The comment directly
8d15762d-2586-450d-91d3-b2623a6f8f45,askacademia_train,winning_text,qwen,mistral,3,"3

Explan"
8d15762d-2586-450d-91d3-b2623a6f8f45,askacademia_train,losing_text,qwen,mistral,2,"2

(The"
8d15762d-2586-450d-91d3-b2623a6f8f45,askacademia_train,losing_generate_claude,qwen,mistral,5,5
8d15762d-2586-450d-91d3-b2623a6f8f45,askacademia_train,losing_generate_gemini,qwen,mistral,5,5 (The comment directly
8d15762d-2586-450d-91d3-b2623a6f8f45,askacademia_train,losing_generate_gpt4omini,qwen,mistral,5,5
8d15762d-2586-450d-91d3-b2623a6f8f45,askacademia_train,losing_generate_gpt5nano,qwen,mistral,5,5
8d15762d-2586-450d-91d3-b2623a6f8f45,askacademia_train,losing_generate_llama,qwen,mistral,5,5 (The comment directly
8d15762d-2586-450d-91d3-b2623a6f8f45,askacademia_train,losing_generate_mistral,qwen,mistral,5,5 (The comment directly
8d15762d-2586-450d-91d3-b2623a6f8f45,askacademia_train,losing_generate_qwen,qwen,mistral,5,5 (The comment directly
8d15762d-2586-450d-91d3-b2623a6f8f45,askacademia_train,losing_improve_claude,qwen,mistral,5,5
8d15762d-2586-450d-91d3-b2623a6f8f45,askacademia_train,losing_improve_gemini,qwen,mistral,3,"3

Explan"
8d15762d-2586-450d-91d3-b2623a6f8f45,askacademia_train,losing_improve_gpt4omini,qwen,mistral,5,5 (The comment directly
8d15762d-2586-450d-91d3-b2623a6f8f45,askacademia_train,losing_improve_gpt5nano,qwen,mistral,3,"3

Explan"
8d15762d-2586-450d-91d3-b2623a6f8f45,askacademia_train,losing_improve_llama,qwen,mistral,3,"3

The comment"
8d15762d-2586-450d-91d3-b2623a6f8f45,askacademia_train,losing_improve_mistral,qwen,mistral,3,"3

Explan"
8d15762d-2586-450d-91d3-b2623a6f8f45,askacademia_train,losing_improve_qwen,qwen,mistral,2,"2

(The"
8d15762d-2586-450d-91d3-b2623a6f8f45,askacademia_train,losing_paraphrase_claude,qwen,mistral,2,"2

The comment"
8d15762d-2586-450d-91d3-b2623a6f8f45,askacademia_train,losing_paraphrase_gemini,qwen,mistral,2,"2

(The"
8d15762d-2586-450d-91d3-b2623a6f8f45,askacademia_train,losing_paraphrase_gpt4omini,qwen,mistral,2,2 (Clarity)
8d15762d-2586-450d-91d3-b2623a6f8f45,askacademia_train,losing_paraphrase_gpt5nano,qwen,mistral,2,"2

(The"
8d15762d-2586-450d-91d3-b2623a6f8f45,askacademia_train,losing_paraphrase_llama,qwen,mistral,2,"2

---"
8d15762d-2586-450d-91d3-b2623a6f8f45,askacademia_train,losing_paraphrase_mistral,qwen,mistral,2,"2

The comment"
8d15762d-2586-450d-91d3-b2623a6f8f45,askacademia_train,losing_paraphrase_qwen,qwen,mistral,2,"2

The comment"
ceb191eb-bd55-41ff-bf24-a9bb7b77cb13,askacademia_train,winning_text,qwen,mistral,4,4 (The tone is
ceb191eb-bd55-41ff-bf24-a9bb7b77cb13,askacademia_train,losing_text,qwen,mistral,2,"2

(The"
ceb191eb-bd55-41ff-bf24-a9bb7b77cb13,askacademia_train,losing_generate_claude,qwen,mistral,5,5
ceb191eb-bd55-41ff-bf24-a9bb7b77cb13,askacademia_train,losing_generate_gemini,qwen,mistral,5,5 (The comment directly
ceb191eb-bd55-41ff-bf24-a9bb7b77cb13,askacademia_train,losing_generate_gpt4omini,qwen,mistral,5,5
ceb191eb-bd55-41ff-bf24-a9bb7b77cb13,askacademia_train,losing_generate_gpt5nano,qwen,mistral,5,5
ceb191eb-bd55-41ff-bf24-a9bb7b77cb13,askacademia_train,losing_generate_llama,qwen,mistral,5,5 (The comment directly
ceb191eb-bd55-41ff-bf24-a9bb7b77cb13,askacademia_train,losing_generate_mistral,qwen,mistral,5,5
ceb191eb-bd55-41ff-bf24-a9bb7b77cb13,askacademia_train,losing_generate_qwen,qwen,mistral,5,5 (The comment directly
ceb191eb-bd55-41ff-bf24-a9bb7b77cb13,askacademia_train,losing_improve_claude,qwen,mistral,5,5
ceb191eb-bd55-41ff-bf24-a9bb7b77cb13,askacademia_train,losing_improve_gemini,qwen,mistral,3,"3

Explan"
ceb191eb-bd55-41ff-bf24-a9bb7b77cb13,askacademia_train,losing_improve_gpt4omini,qwen,mistral,5,5 (The comment directly
ceb191eb-bd55-41ff-bf24-a9bb7b77cb13,askacademia_train,losing_improve_gpt5nano,qwen,mistral,5,5 (The comment directly
ceb191eb-bd55-41ff-bf24-a9bb7b77cb13,askacademia_train,losing_improve_llama,qwen,mistral,3,"3

The comment"
ceb191eb-bd55-41ff-bf24-a9bb7b77cb13,askacademia_train,losing_improve_mistral,qwen,mistral,3,"3

The comment"
ceb191eb-bd55-41ff-bf24-a9bb7b77cb13,askacademia_train,losing_improve_qwen,qwen,mistral,2,"2

(The"
ceb191eb-bd55-41ff-bf24-a9bb7b77cb13,askacademia_train,losing_paraphrase_claude,qwen,mistral,AMBIG,Based on the scoring rubric
ceb191eb-bd55-41ff-bf24-a9bb7b77cb13,askacademia_train,losing_paraphrase_gemini,qwen,mistral,2,"2

(The"
ceb191eb-bd55-41ff-bf24-a9bb7b77cb13,askacademia_train,losing_paraphrase_gpt4omini,qwen,mistral,2,2 (Clarity)
ceb191eb-bd55-41ff-bf24-a9bb7b77cb13,askacademia_train,losing_paraphrase_gpt5nano,qwen,mistral,2,"2

(The"
ceb191eb-bd55-41ff-bf24-a9bb7b77cb13,askacademia_train,losing_paraphrase_llama,qwen,mistral,2,"2

The comment"
ceb191eb-bd55-41ff-bf24-a9bb7b77cb13,askacademia_train,losing_paraphrase_mistral,qwen,mistral,2,"2

The comment"
ceb191eb-bd55-41ff-bf24-a9bb7b77cb13,askacademia_train,losing_paraphrase_qwen,qwen,mistral,2,"2

The comment"
da44bbbb-f45a-47e7-b669-0a181c45e33a,askacademia_train,winning_text,qwen,mistral,2,"2

The comment"
da44bbbb-f45a-47e7-b669-0a181c45e33a,askacademia_train,losing_text,qwen,mistral,2,"2

(The"
da44bbbb-f45a-47e7-b669-0a181c45e33a,askacademia_train,losing_generate_claude,qwen,mistral,5,5
da44bbbb-f45a-47e7-b669-0a181c45e33a,askacademia_train,losing_generate_gemini,qwen,mistral,5,5
da44bbbb-f45a-47e7-b669-0a181c45e33a,askacademia_train,losing_generate_gpt4omini,qwen,mistral,5,5
da44bbbb-f45a-47e7-b669-0a181c45e33a,askacademia_train,losing_generate_gpt5nano,qwen,mistral,5,5 (The comment directly
da44bbbb-f45a-47e7-b669-0a181c45e33a,askacademia_train,losing_generate_llama,qwen,mistral,5,5 (The comment directly
da44bbbb-f45a-47e7-b669-0a181c45e33a,askacademia_train,losing_generate_mistral,qwen,mistral,5,5
da44bbbb-f45a-47e7-b669-0a181c45e33a,askacademia_train,losing_generate_qwen,qwen,mistral,5,5
da44bbbb-f45a-47e7-b669-0a181c45e33a,askacademia_train,losing_improve_claude,qwen,mistral,5,5
da44bbbb-f45a-47e7-b669-0a181c45e33a,askacademia_train,losing_improve_gemini,qwen,mistral,3,"3

Explan"
da44bbbb-f45a-47e7-b669-0a181c45e33a,askacademia_train,losing_improve_gpt4omini,qwen,mistral,4,"4

Explan"
da44bbbb-f45a-47e7-b669-0a181c45e33a,askacademia_train,losing_improve_gpt5nano,qwen,mistral,5,5 (The comment directly
da44bbbb-f45a-47e7-b669-0a181c45e33a,askacademia_train,losing_improve_llama,qwen,mistral,3,"3

The comment"
da44bbbb-f45a-47e7-b669-0a181c45e33a,askacademia_train,losing_improve_mistral,qwen,mistral,3,"3

The comment"
da44bbbb-f45a-47e7-b669-0a181c45e33a,askacademia_train,losing_improve_qwen,qwen,mistral,2,"2

(The"
da44bbbb-f45a-47e7-b669-0a181c45e33a,askacademia_train,losing_paraphrase_claude,qwen,mistral,AMBIG,Based on the scoring rubric
da44bbbb-f45a-47e7-b669-0a181c45e33a,askacademia_train,losing_paraphrase_gemini,qwen,mistral,3,"3

Explan"
da44bbbb-f45a-47e7-b669-0a181c45e33a,askacademia_train,losing_paraphrase_gpt4omini,qwen,mistral,2,2 (Clarity)
da44bbbb-f45a-47e7-b669-0a181c45e33a,askacademia_train,losing_paraphrase_gpt5nano,qwen,mistral,2,"2

The comment"
da44bbbb-f45a-47e7-b669-0a181c45e33a,askacademia_train,losing_paraphrase_llama,qwen,mistral,2,"2

---"
da44bbbb-f45a-47e7-b669-0a181c45e33a,askacademia_train,losing_paraphrase_mistral,qwen,mistral,2,"2

(The"
da44bbbb-f45a-47e7-b669-0a181c45e33a,askacademia_train,losing_paraphrase_qwen,qwen,mistral,2,"2

The comment"
f76f5ddb-e2d1-4b72-8972-151102a49741,askacademia_train,winning_text,qwen,mistral,3,"3

Explan"
f76f5ddb-e2d1-4b72-8972-151102a49741,askacademia_train,losing_text,qwen,mistral,3,"3

Explan"
f76f5ddb-e2d1-4b72-8972-151102a49741,askacademia_train,losing_generate_claude,qwen,mistral,5,5
f76f5ddb-e2d1-4b72-8972-151102a49741,askacademia_train,losing_generate_gemini,qwen,mistral,5,5
f76f5ddb-e2d1-4b72-8972-151102a49741,askacademia_train,losing_generate_gpt4omini,qwen,mistral,5,5
f76f5ddb-e2d1-4b72-8972-151102a49741,askacademia_train,losing_generate_gpt5nano,qwen,mistral,5,5
f76f5ddb-e2d1-4b72-8972-151102a49741,askacademia_train,losing_generate_llama,qwen,mistral,5,5 (The comment directly
f76f5ddb-e2d1-4b72-8972-151102a49741,askacademia_train,losing_generate_mistral,qwen,mistral,5,5
f76f5ddb-e2d1-4b72-8972-151102a49741,askacademia_train,losing_generate_qwen,qwen,mistral,5,5 (The comment directly
f76f5ddb-e2d1-4b72-8972-151102a49741,askacademia_train,losing_improve_claude,qwen,mistral,5,5
f76f5ddb-e2d1-4b72-8972-151102a49741,askacademia_train,losing_improve_gemini,qwen,mistral,5,5 (The comment directly
f76f5ddb-e2d1-4b72-8972-151102a49741,askacademia_train,losing_improve_gpt4omini,qwen,mistral,5,5
f76f5ddb-e2d1-4b72-8972-151102a49741,askacademia_train,losing_improve_gpt5nano,qwen,mistral,5,5 (The comment directly
f76f5ddb-e2d1-4b72-8972-151102a49741,askacademia_train,losing_improve_llama,qwen,mistral,3,"3

Explan"
f76f5ddb-e2d1-4b72-8972-151102a49741,askacademia_train,losing_improve_mistral,qwen,mistral,4,4 (The comment has
f76f5ddb-e2d1-4b72-8972-151102a49741,askacademia_train,losing_improve_qwen,qwen,mistral,5,5 (The comment directly
f76f5ddb-e2d1-4b72-8972-151102a49741,askacademia_train,losing_paraphrase_claude,qwen,mistral,5,5
f76f5ddb-e2d1-4b72-8972-151102a49741,askacademia_train,losing_paraphrase_gemini,qwen,mistral,3,"3

Explan"
f76f5ddb-e2d1-4b72-8972-151102a49741,askacademia_train,losing_paraphrase_gpt4omini,qwen,mistral,3,"3

Explan"
f76f5ddb-e2d1-4b72-8972-151102a49741,askacademia_train,losing_paraphrase_gpt5nano,qwen,mistral,5,5 (The comment directly
f76f5ddb-e2d1-4b72-8972-151102a49741,askacademia_train,losing_paraphrase_llama,qwen,mistral,5,5
f76f5ddb-e2d1-4b72-8972-151102a49741,askacademia_train,losing_paraphrase_mistral,qwen,mistral,4,"4

The comment"
f76f5ddb-e2d1-4b72-8972-151102a49741,askacademia_train,losing_paraphrase_qwen,qwen,mistral,5,5 (The comment directly
89a700ea-d03a-464d-bcf4-8d11974bbe1d,askacademia_train,winning_text,qwen,mistral,4,4 (The tone is
89a700ea-d03a-464d-bcf4-8d11974bbe1d,askacademia_train,losing_text,qwen,mistral,3,"3

Explan"
89a700ea-d03a-464d-bcf4-8d11974bbe1d,askacademia_train,losing_generate_claude,qwen,mistral,5,5
89a700ea-d03a-464d-bcf4-8d11974bbe1d,askacademia_train,losing_generate_gemini,qwen,mistral,5,5 (The comment directly
89a700ea-d03a-464d-bcf4-8d11974bbe1d,askacademia_train,losing_generate_gpt4omini,qwen,mistral,5,5
89a700ea-d03a-464d-bcf4-8d11974bbe1d,askacademia_train,losing_generate_gpt5nano,qwen,mistral,5,5 (The comment directly
89a700ea-d03a-464d-bcf4-8d11974bbe1d,askacademia_train,losing_generate_llama,qwen,mistral,5,5 (The comment directly
89a700ea-d03a-464d-bcf4-8d11974bbe1d,askacademia_train,losing_generate_mistral,qwen,mistral,5,5 (The comment directly
89a700ea-d03a-464d-bcf4-8d11974bbe1d,askacademia_train,losing_generate_qwen,qwen,mistral,5,5 (The comment directly
89a700ea-d03a-464d-bcf4-8d11974bbe1d,askacademia_train,losing_improve_claude,qwen,mistral,5,5
89a700ea-d03a-464d-bcf4-8d11974bbe1d,askacademia_train,losing_improve_gemini,qwen,mistral,5,5
89a700ea-d03a-464d-bcf4-8d11974bbe1d,askacademia_train,losing_improve_gpt4omini,qwen,mistral,5,5
89a700ea-d03a-464d-bcf4-8d11974bbe1d,askacademia_train,losing_improve_gpt5nano,qwen,mistral,5,5 (The comment directly
89a700ea-d03a-464d-bcf4-8d11974bbe1d,askacademia_train,losing_improve_llama,qwen,mistral,3,"3

Explan"
89a700ea-d03a-464d-bcf4-8d11974bbe1d,askacademia_train,losing_improve_mistral,qwen,mistral,4,4 (The comment has
89a700ea-d03a-464d-bcf4-8d11974bbe1d,askacademia_train,losing_improve_qwen,qwen,mistral,5,5 (The comment directly
89a700ea-d03a-464d-bcf4-8d11974bbe1d,askacademia_train,losing_paraphrase_claude,qwen,mistral,5,5
89a700ea-d03a-464d-bcf4-8d11974bbe1d,askacademia_train,losing_paraphrase_gemini,qwen,mistral,3,"3

Explan"
89a700ea-d03a-464d-bcf4-8d11974bbe1d,askacademia_train,losing_paraphrase_gpt4omini,qwen,mistral,4,"4

Explan"
89a700ea-d03a-464d-bcf4-8d11974bbe1d,askacademia_train,losing_paraphrase_gpt5nano,qwen,mistral,5,5 (The comment directly
89a700ea-d03a-464d-bcf4-8d11974bbe1d,askacademia_train,losing_paraphrase_llama,qwen,mistral,5,5
89a700ea-d03a-464d-bcf4-8d11974bbe1d,askacademia_train,losing_paraphrase_mistral,qwen,mistral,4,"4

The comment"
89a700ea-d03a-464d-bcf4-8d11974bbe1d,askacademia_train,losing_paraphrase_qwen,qwen,mistral,5,5 (The comment directly
c5a3dec0-8bfa-43a6-8d7a-0817e02ab038,askacademia_train,winning_text,qwen,mistral,2,"2

The comment"
c5a3dec0-8bfa-43a6-8d7a-0817e02ab038,askacademia_train,losing_text,qwen,mistral,3,"3

Explan"
c5a3dec0-8bfa-43a6-8d7a-0817e02ab038,askacademia_train,losing_generate_claude,qwen,mistral,5,5
c5a3dec0-8bfa-43a6-8d7a-0817e02ab038,askacademia_train,losing_generate_gemini,qwen,mistral,5,5
c5a3dec0-8bfa-43a6-8d7a-0817e02ab038,askacademia_train,losing_generate_gpt4omini,qwen,mistral,5,5
c5a3dec0-8bfa-43a6-8d7a-0817e02ab038,askacademia_train,losing_generate_gpt5nano,qwen,mistral,5,5
c5a3dec0-8bfa-43a6-8d7a-0817e02ab038,askacademia_train,losing_generate_llama,qwen,mistral,5,5 (The comment directly
c5a3dec0-8bfa-43a6-8d7a-0817e02ab038,askacademia_train,losing_generate_mistral,qwen,mistral,5,5
c5a3dec0-8bfa-43a6-8d7a-0817e02ab038,askacademia_train,losing_generate_qwen,qwen,mistral,5,5
c5a3dec0-8bfa-43a6-8d7a-0817e02ab038,askacademia_train,losing_improve_claude,qwen,mistral,5,5
c5a3dec0-8bfa-43a6-8d7a-0817e02ab038,askacademia_train,losing_improve_gemini,qwen,mistral,5,5 (The comment directly
c5a3dec0-8bfa-43a6-8d7a-0817e02ab038,askacademia_train,losing_improve_gpt4omini,qwen,mistral,5,5
c5a3dec0-8bfa-43a6-8d7a-0817e02ab038,askacademia_train,losing_improve_gpt5nano,qwen,mistral,5,5
c5a3dec0-8bfa-43a6-8d7a-0817e02ab038,askacademia_train,losing_improve_llama,qwen,mistral,3,"3

Explan"
c5a3dec0-8bfa-43a6-8d7a-0817e02ab038,askacademia_train,losing_improve_mistral,qwen,mistral,4,4 (The comment has
c5a3dec0-8bfa-43a6-8d7a-0817e02ab038,askacademia_train,losing_improve_qwen,qwen,mistral,5,5 (The comment directly
c5a3dec0-8bfa-43a6-8d7a-0817e02ab038,askacademia_train,losing_paraphrase_claude,qwen,mistral,5,5
c5a3dec0-8bfa-43a6-8d7a-0817e02ab038,askacademia_train,losing_paraphrase_gemini,qwen,mistral,3,"3

Explan"
c5a3dec0-8bfa-43a6-8d7a-0817e02ab038,askacademia_train,losing_paraphrase_gpt4omini,qwen,mistral,4,"4

The comment"
c5a3dec0-8bfa-43a6-8d7a-0817e02ab038,askacademia_train,losing_paraphrase_gpt5nano,qwen,mistral,5,5 (The comment directly
c5a3dec0-8bfa-43a6-8d7a-0817e02ab038,askacademia_train,losing_paraphrase_llama,qwen,mistral,5,5
c5a3dec0-8bfa-43a6-8d7a-0817e02ab038,askacademia_train,losing_paraphrase_mistral,qwen,mistral,4,4 (The comment is
c5a3dec0-8bfa-43a6-8d7a-0817e02ab038,askacademia_train,losing_paraphrase_qwen,qwen,mistral,5,5 (The comment directly
f0c89ccf-d31e-479b-be2c-6bc18e13213f,askacademia_train,winning_text,qwen,mistral,3,"3

Explan"
f0c89ccf-d31e-479b-be2c-6bc18e13213f,askacademia_train,losing_text,qwen,mistral,3,"3

Explan"
f0c89ccf-d31e-479b-be2c-6bc18e13213f,askacademia_train,losing_generate_claude,qwen,mistral,5,5
f0c89ccf-d31e-479b-be2c-6bc18e13213f,askacademia_train,losing_generate_gemini,qwen,mistral,5,5
f0c89ccf-d31e-479b-be2c-6bc18e13213f,askacademia_train,losing_generate_gpt4omini,qwen,mistral,5,5
f0c89ccf-d31e-479b-be2c-6bc18e13213f,askacademia_train,losing_generate_gpt5nano,qwen,mistral,5,5
f0c89ccf-d31e-479b-be2c-6bc18e13213f,askacademia_train,losing_generate_llama,qwen,mistral,5,5 (The comment directly
f0c89ccf-d31e-479b-be2c-6bc18e13213f,askacademia_train,losing_generate_mistral,qwen,mistral,5,5
f0c89ccf-d31e-479b-be2c-6bc18e13213f,askacademia_train,losing_generate_qwen,qwen,mistral,5,5 (The comment directly
f0c89ccf-d31e-479b-be2c-6bc18e13213f,askacademia_train,losing_improve_claude,qwen,mistral,5,5
f0c89ccf-d31e-479b-be2c-6bc18e13213f,askacademia_train,losing_improve_gemini,qwen,mistral,5,5
f0c89ccf-d31e-479b-be2c-6bc18e13213f,askacademia_train,losing_improve_gpt4omini,qwen,mistral,5,5 (The comment directly
f0c89ccf-d31e-479b-be2c-6bc18e13213f,askacademia_train,losing_improve_gpt5nano,qwen,mistral,5,5 (The comment directly
f0c89ccf-d31e-479b-be2c-6bc18e13213f,askacademia_train,losing_improve_llama,qwen,mistral,5,5 (The comment directly
f0c89ccf-d31e-479b-be2c-6bc18e13213f,askacademia_train,losing_improve_mistral,qwen,mistral,5,5 (The comment directly
f0c89ccf-d31e-479b-be2c-6bc18e13213f,askacademia_train,losing_improve_qwen,qwen,mistral,5,5 (The comment directly
f0c89ccf-d31e-479b-be2c-6bc18e13213f,askacademia_train,losing_paraphrase_claude,qwen,mistral,5,5 (The comment directly
f0c89ccf-d31e-479b-be2c-6bc18e13213f,askacademia_train,losing_paraphrase_gemini,qwen,mistral,3,"3

Explan"
f0c89ccf-d31e-479b-be2c-6bc18e13213f,askacademia_train,losing_paraphrase_gpt4omini,qwen,mistral,3,"3

Explan"
f0c89ccf-d31e-479b-be2c-6bc18e13213f,askacademia_train,losing_paraphrase_gpt5nano,qwen,mistral,5,5 (The comment directly
f0c89ccf-d31e-479b-be2c-6bc18e13213f,askacademia_train,losing_paraphrase_llama,qwen,mistral,4,"4

Explan"
f0c89ccf-d31e-479b-be2c-6bc18e13213f,askacademia_train,losing_paraphrase_mistral,qwen,mistral,5,5
f0c89ccf-d31e-479b-be2c-6bc18e13213f,askacademia_train,losing_paraphrase_qwen,qwen,mistral,3,"3

Explan"
cfbd749d-3a68-418b-a7ff-f2e7ba106d7e,askacademia_train,winning_text,qwen,mistral,4,4 (The tone is
cfbd749d-3a68-418b-a7ff-f2e7ba106d7e,askacademia_train,losing_text,qwen,mistral,3,"3

Explan"
cfbd749d-3a68-418b-a7ff-f2e7ba106d7e,askacademia_train,losing_generate_claude,qwen,mistral,5,5
cfbd749d-3a68-418b-a7ff-f2e7ba106d7e,askacademia_train,losing_generate_gemini,qwen,mistral,5,5 (The comment directly
cfbd749d-3a68-418b-a7ff-f2e7ba106d7e,askacademia_train,losing_generate_gpt4omini,qwen,mistral,5,5
cfbd749d-3a68-418b-a7ff-f2e7ba106d7e,askacademia_train,losing_generate_gpt5nano,qwen,mistral,5,5
cfbd749d-3a68-418b-a7ff-f2e7ba106d7e,askacademia_train,losing_generate_llama,qwen,mistral,5,5 (The comment directly
cfbd749d-3a68-418b-a7ff-f2e7ba106d7e,askacademia_train,losing_generate_mistral,qwen,mistral,5,5
cfbd749d-3a68-418b-a7ff-f2e7ba106d7e,askacademia_train,losing_generate_qwen,qwen,mistral,5,5
cfbd749d-3a68-418b-a7ff-f2e7ba106d7e,askacademia_train,losing_improve_claude,qwen,mistral,5,5
cfbd749d-3a68-418b-a7ff-f2e7ba106d7e,askacademia_train,losing_improve_gemini,qwen,mistral,5,5
cfbd749d-3a68-418b-a7ff-f2e7ba106d7e,askacademia_train,losing_improve_gpt4omini,qwen,mistral,5,5
cfbd749d-3a68-418b-a7ff-f2e7ba106d7e,askacademia_train,losing_improve_gpt5nano,qwen,mistral,5,5
cfbd749d-3a68-418b-a7ff-f2e7ba106d7e,askacademia_train,losing_improve_llama,qwen,mistral,5,5
cfbd749d-3a68-418b-a7ff-f2e7ba106d7e,askacademia_train,losing_improve_mistral,qwen,mistral,5,5 (The comment directly
cfbd749d-3a68-418b-a7ff-f2e7ba106d7e,askacademia_train,losing_improve_qwen,qwen,mistral,5,5 (The comment directly
cfbd749d-3a68-418b-a7ff-f2e7ba106d7e,askacademia_train,losing_paraphrase_claude,qwen,mistral,5,5 (The comment directly
cfbd749d-3a68-418b-a7ff-f2e7ba106d7e,askacademia_train,losing_paraphrase_gemini,qwen,mistral,3,"3

Explan"
cfbd749d-3a68-418b-a7ff-f2e7ba106d7e,askacademia_train,losing_paraphrase_gpt4omini,qwen,mistral,3,"3

Explan"
cfbd749d-3a68-418b-a7ff-f2e7ba106d7e,askacademia_train,losing_paraphrase_gpt5nano,qwen,mistral,5,5
cfbd749d-3a68-418b-a7ff-f2e7ba106d7e,askacademia_train,losing_paraphrase_llama,qwen,mistral,4,"4

Explan"
cfbd749d-3a68-418b-a7ff-f2e7ba106d7e,askacademia_train,losing_paraphrase_mistral,qwen,mistral,5,5
cfbd749d-3a68-418b-a7ff-f2e7ba106d7e,askacademia_train,losing_paraphrase_qwen,qwen,mistral,3,"3

Explan"
e1ef2b69-4b95-4ada-ac0a-493d2427d7c7,askacademia_train,winning_text,qwen,mistral,2,"2

The comment"
e1ef2b69-4b95-4ada-ac0a-493d2427d7c7,askacademia_train,losing_text,qwen,mistral,3,"3

Explan"
e1ef2b69-4b95-4ada-ac0a-493d2427d7c7,askacademia_train,losing_generate_claude,qwen,mistral,5,5
e1ef2b69-4b95-4ada-ac0a-493d2427d7c7,askacademia_train,losing_generate_gemini,qwen,mistral,5,5
e1ef2b69-4b95-4ada-ac0a-493d2427d7c7,askacademia_train,losing_generate_gpt4omini,qwen,mistral,5,5
e1ef2b69-4b95-4ada-ac0a-493d2427d7c7,askacademia_train,losing_generate_gpt5nano,qwen,mistral,5,5 (The comment directly
e1ef2b69-4b95-4ada-ac0a-493d2427d7c7,askacademia_train,losing_generate_llama,qwen,mistral,5,5 (The comment directly
e1ef2b69-4b95-4ada-ac0a-493d2427d7c7,askacademia_train,losing_generate_mistral,qwen,mistral,5,5
e1ef2b69-4b95-4ada-ac0a-493d2427d7c7,askacademia_train,losing_generate_qwen,qwen,mistral,5,5
e1ef2b69-4b95-4ada-ac0a-493d2427d7c7,askacademia_train,losing_improve_claude,qwen,mistral,5,5
e1ef2b69-4b95-4ada-ac0a-493d2427d7c7,askacademia_train,losing_improve_gemini,qwen,mistral,5,5 (The comment directly
e1ef2b69-4b95-4ada-ac0a-493d2427d7c7,askacademia_train,losing_improve_gpt4omini,qwen,mistral,5,5 (The comment directly
e1ef2b69-4b95-4ada-ac0a-493d2427d7c7,askacademia_train,losing_improve_gpt5nano,qwen,mistral,5,5 (The comment directly
e1ef2b69-4b95-4ada-ac0a-493d2427d7c7,askacademia_train,losing_improve_llama,qwen,mistral,5,5
e1ef2b69-4b95-4ada-ac0a-493d2427d7c7,askacademia_train,losing_improve_mistral,qwen,mistral,5,5 (The comment directly
e1ef2b69-4b95-4ada-ac0a-493d2427d7c7,askacademia_train,losing_improve_qwen,qwen,mistral,5,5 (The comment directly
e1ef2b69-4b95-4ada-ac0a-493d2427d7c7,askacademia_train,losing_paraphrase_claude,qwen,mistral,5,5 (The comment directly
e1ef2b69-4b95-4ada-ac0a-493d2427d7c7,askacademia_train,losing_paraphrase_gemini,qwen,mistral,3,"3

Explan"
e1ef2b69-4b95-4ada-ac0a-493d2427d7c7,askacademia_train,losing_paraphrase_gpt4omini,qwen,mistral,3,"3

Explan"
e1ef2b69-4b95-4ada-ac0a-493d2427d7c7,askacademia_train,losing_paraphrase_gpt5nano,qwen,mistral,5,5 (The comment directly
e1ef2b69-4b95-4ada-ac0a-493d2427d7c7,askacademia_train,losing_paraphrase_llama,qwen,mistral,4,"4

Explan"
e1ef2b69-4b95-4ada-ac0a-493d2427d7c7,askacademia_train,losing_paraphrase_mistral,qwen,mistral,5,5
e1ef2b69-4b95-4ada-ac0a-493d2427d7c7,askacademia_train,losing_paraphrase_qwen,qwen,mistral,3,"3

Explan"
9928a2d6-ca8f-4016-84e1-8b52c6fc22ed,askacademia_train,winning_text,qwen,mistral,3,"3

Explan"
9928a2d6-ca8f-4016-84e1-8b52c6fc22ed,askacademia_train,losing_text,qwen,mistral,3,3 (Relevance
9928a2d6-ca8f-4016-84e1-8b52c6fc22ed,askacademia_train,losing_generate_claude,qwen,mistral,5,5
9928a2d6-ca8f-4016-84e1-8b52c6fc22ed,askacademia_train,losing_generate_gemini,qwen,mistral,5,5 (The comment directly
9928a2d6-ca8f-4016-84e1-8b52c6fc22ed,askacademia_train,losing_generate_gpt4omini,qwen,mistral,5,5
9928a2d6-ca8f-4016-84e1-8b52c6fc22ed,askacademia_train,losing_generate_gpt5nano,qwen,mistral,5,5
9928a2d6-ca8f-4016-84e1-8b52c6fc22ed,askacademia_train,losing_generate_llama,qwen,mistral,5,5 (The comment directly
9928a2d6-ca8f-4016-84e1-8b52c6fc22ed,askacademia_train,losing_generate_mistral,qwen,mistral,5,5 (The comment directly
9928a2d6-ca8f-4016-84e1-8b52c6fc22ed,askacademia_train,losing_generate_qwen,qwen,mistral,5,5 (The comment directly
9928a2d6-ca8f-4016-84e1-8b52c6fc22ed,askacademia_train,losing_improve_claude,qwen,mistral,5,5 (The improved response
9928a2d6-ca8f-4016-84e1-8b52c6fc22ed,askacademia_train,losing_improve_gemini,qwen,mistral,5,5
9928a2d6-ca8f-4016-84e1-8b52c6fc22ed,askacademia_train,losing_improve_gpt4omini,qwen,mistral,5,5
9928a2d6-ca8f-4016-84e1-8b52c6fc22ed,askacademia_train,losing_improve_gpt5nano,qwen,mistral,5,5
9928a2d6-ca8f-4016-84e1-8b52c6fc22ed,askacademia_train,losing_improve_llama,qwen,mistral,3,"3

The comment"
9928a2d6-ca8f-4016-84e1-8b52c6fc22ed,askacademia_train,losing_improve_mistral,qwen,mistral,3,"3

The comment"
9928a2d6-ca8f-4016-84e1-8b52c6fc22ed,askacademia_train,losing_improve_qwen,qwen,mistral,3,"3

The comment"
9928a2d6-ca8f-4016-84e1-8b52c6fc22ed,askacademia_train,losing_paraphrase_claude,qwen,mistral,4,4 (The comment is
9928a2d6-ca8f-4016-84e1-8b52c6fc22ed,askacademia_train,losing_paraphrase_gemini,qwen,mistral,2,"2

Explan"
9928a2d6-ca8f-4016-84e1-8b52c6fc22ed,askacademia_train,losing_paraphrase_gpt4omini,qwen,mistral,3,"3

Explan"
9928a2d6-ca8f-4016-84e1-8b52c6fc22ed,askacademia_train,losing_paraphrase_gpt5nano,qwen,mistral,AMBIG,The correct score for this forum
9928a2d6-ca8f-4016-84e1-8b52c6fc22ed,askacademia_train,losing_paraphrase_llama,qwen,mistral,3,"3

Explan"
9928a2d6-ca8f-4016-84e1-8b52c6fc22ed,askacademia_train,losing_paraphrase_mistral,qwen,mistral,AMBIG,The comment is relevant to the
9928a2d6-ca8f-4016-84e1-8b52c6fc22ed,askacademia_train,losing_paraphrase_qwen,qwen,mistral,3,"3

Explan"
826f90c4-70e3-4654-8c4f-eb18ba76c704,askacademia_train,winning_text,qwen,mistral,4,4 (The tone is
826f90c4-70e3-4654-8c4f-eb18ba76c704,askacademia_train,losing_text,qwen,mistral,3,"3

Explan"
826f90c4-70e3-4654-8c4f-eb18ba76c704,askacademia_train,losing_generate_claude,qwen,mistral,5,5
826f90c4-70e3-4654-8c4f-eb18ba76c704,askacademia_train,losing_generate_gemini,qwen,mistral,5,5
826f90c4-70e3-4654-8c4f-eb18ba76c704,askacademia_train,losing_generate_gpt4omini,qwen,mistral,5,5
826f90c4-70e3-4654-8c4f-eb18ba76c704,askacademia_train,losing_generate_gpt5nano,qwen,mistral,5,5 (The comment directly
826f90c4-70e3-4654-8c4f-eb18ba76c704,askacademia_train,losing_generate_llama,qwen,mistral,5,5 (The comment directly
826f90c4-70e3-4654-8c4f-eb18ba76c704,askacademia_train,losing_generate_mistral,qwen,mistral,5,5
826f90c4-70e3-4654-8c4f-eb18ba76c704,askacademia_train,losing_generate_qwen,qwen,mistral,5,5 (The comment directly
826f90c4-70e3-4654-8c4f-eb18ba76c704,askacademia_train,losing_improve_claude,qwen,mistral,5,5
826f90c4-70e3-4654-8c4f-eb18ba76c704,askacademia_train,losing_improve_gemini,qwen,mistral,5,5
826f90c4-70e3-4654-8c4f-eb18ba76c704,askacademia_train,losing_improve_gpt4omini,qwen,mistral,5,5 (The comment directly
826f90c4-70e3-4654-8c4f-eb18ba76c704,askacademia_train,losing_improve_gpt5nano,qwen,mistral,5,5
826f90c4-70e3-4654-8c4f-eb18ba76c704,askacademia_train,losing_improve_llama,qwen,mistral,3,"3

The comment"
826f90c4-70e3-4654-8c4f-eb18ba76c704,askacademia_train,losing_improve_mistral,qwen,mistral,3,"3

The comment"
826f90c4-70e3-4654-8c4f-eb18ba76c704,askacademia_train,losing_improve_qwen,qwen,mistral,3,"3

The comment"
826f90c4-70e3-4654-8c4f-eb18ba76c704,askacademia_train,losing_paraphrase_claude,qwen,mistral,4,4 (The comment is
826f90c4-70e3-4654-8c4f-eb18ba76c704,askacademia_train,losing_paraphrase_gemini,qwen,mistral,2,"2

The comment"
826f90c4-70e3-4654-8c4f-eb18ba76c704,askacademia_train,losing_paraphrase_gpt4omini,qwen,mistral,3,"3

Explan"
826f90c4-70e3-4654-8c4f-eb18ba76c704,askacademia_train,losing_paraphrase_gpt5nano,qwen,mistral,3,"3

Explan"
826f90c4-70e3-4654-8c4f-eb18ba76c704,askacademia_train,losing_paraphrase_llama,qwen,mistral,3,"3

Explan"
826f90c4-70e3-4654-8c4f-eb18ba76c704,askacademia_train,losing_paraphrase_mistral,qwen,mistral,3,"3

Explan"
826f90c4-70e3-4654-8c4f-eb18ba76c704,askacademia_train,losing_paraphrase_qwen,qwen,mistral,3,"3

Explan"
9c0c7402-5534-4fc9-b69a-057bbcaded2c,askacademia_train,winning_text,qwen,mistral,2,"2

The comment"
9c0c7402-5534-4fc9-b69a-057bbcaded2c,askacademia_train,losing_text,qwen,mistral,3,"3

Explan"
9c0c7402-5534-4fc9-b69a-057bbcaded2c,askacademia_train,losing_generate_claude,qwen,mistral,5,5
9c0c7402-5534-4fc9-b69a-057bbcaded2c,askacademia_train,losing_generate_gemini,qwen,mistral,5,5
9c0c7402-5534-4fc9-b69a-057bbcaded2c,askacademia_train,losing_generate_gpt4omini,qwen,mistral,5,5
9c0c7402-5534-4fc9-b69a-057bbcaded2c,askacademia_train,losing_generate_gpt5nano,qwen,mistral,5,5
9c0c7402-5534-4fc9-b69a-057bbcaded2c,askacademia_train,losing_generate_llama,qwen,mistral,5,5 (The comment directly
9c0c7402-5534-4fc9-b69a-057bbcaded2c,askacademia_train,losing_generate_mistral,qwen,mistral,5,5 (The comment directly
9c0c7402-5534-4fc9-b69a-057bbcaded2c,askacademia_train,losing_generate_qwen,qwen,mistral,5,5
9c0c7402-5534-4fc9-b69a-057bbcaded2c,askacademia_train,losing_improve_claude,qwen,mistral,5,5
9c0c7402-5534-4fc9-b69a-057bbcaded2c,askacademia_train,losing_improve_gemini,qwen,mistral,5,5 (The comment directly
9c0c7402-5534-4fc9-b69a-057bbcaded2c,askacademia_train,losing_improve_gpt4omini,qwen,mistral,5,5 (The comment directly
9c0c7402-5534-4fc9-b69a-057bbcaded2c,askacademia_train,losing_improve_gpt5nano,qwen,mistral,5,5 (The comment directly
9c0c7402-5534-4fc9-b69a-057bbcaded2c,askacademia_train,losing_improve_llama,qwen,mistral,3,"3

The comment"
9c0c7402-5534-4fc9-b69a-057bbcaded2c,askacademia_train,losing_improve_mistral,qwen,mistral,3,"3

The comment"
9c0c7402-5534-4fc9-b69a-057bbcaded2c,askacademia_train,losing_improve_qwen,qwen,mistral,3,"3

The comment"
9c0c7402-5534-4fc9-b69a-057bbcaded2c,askacademia_train,losing_paraphrase_claude,qwen,mistral,4,4 (The comment is
9c0c7402-5534-4fc9-b69a-057bbcaded2c,askacademia_train,losing_paraphrase_gemini,qwen,mistral,2,2
9c0c7402-5534-4fc9-b69a-057bbcaded2c,askacademia_train,losing_paraphrase_gpt4omini,qwen,mistral,4,"4

The comment"
9c0c7402-5534-4fc9-b69a-057bbcaded2c,askacademia_train,losing_paraphrase_gpt5nano,qwen,mistral,3,"3

Explan"
9c0c7402-5534-4fc9-b69a-057bbcaded2c,askacademia_train,losing_paraphrase_llama,qwen,mistral,3,"3

Explan"
9c0c7402-5534-4fc9-b69a-057bbcaded2c,askacademia_train,losing_paraphrase_mistral,qwen,mistral,AMBIG,The comment is relevant to the
9c0c7402-5534-4fc9-b69a-057bbcaded2c,askacademia_train,losing_paraphrase_qwen,qwen,mistral,3,"3

Explan"
739d5d21-b433-4546-bbbb-85e4ee659a41,askacademia_train,winning_text,qwen,mistral,2,2
739d5d21-b433-4546-bbbb-85e4ee659a41,askacademia_train,losing_text,qwen,mistral,2,"2

(The"
739d5d21-b433-4546-bbbb-85e4ee659a41,askacademia_train,losing_generate_claude,qwen,mistral,5,5
739d5d21-b433-4546-bbbb-85e4ee659a41,askacademia_train,losing_generate_gemini,qwen,mistral,5,5 (The comment directly
739d5d21-b433-4546-bbbb-85e4ee659a41,askacademia_train,losing_generate_gpt4omini,qwen,mistral,5,5
739d5d21-b433-4546-bbbb-85e4ee659a41,askacademia_train,losing_generate_gpt5nano,qwen,mistral,5,5
739d5d21-b433-4546-bbbb-85e4ee659a41,askacademia_train,losing_generate_llama,qwen,mistral,5,5
739d5d21-b433-4546-bbbb-85e4ee659a41,askacademia_train,losing_generate_mistral,qwen,mistral,5,5
739d5d21-b433-4546-bbbb-85e4ee659a41,askacademia_train,losing_generate_qwen,qwen,mistral,5,5
739d5d21-b433-4546-bbbb-85e4ee659a41,askacademia_train,losing_improve_claude,qwen,mistral,5,5
739d5d21-b433-4546-bbbb-85e4ee659a41,askacademia_train,losing_improve_gemini,qwen,mistral,5,5 (The comment directly
739d5d21-b433-4546-bbbb-85e4ee659a41,askacademia_train,losing_improve_gpt4omini,qwen,mistral,5,5
739d5d21-b433-4546-bbbb-85e4ee659a41,askacademia_train,losing_improve_gpt5nano,qwen,mistral,5,5
739d5d21-b433-4546-bbbb-85e4ee659a41,askacademia_train,losing_improve_llama,qwen,mistral,5,5 (The comment directly
739d5d21-b433-4546-bbbb-85e4ee659a41,askacademia_train,losing_improve_mistral,qwen,mistral,5,5 (The comment directly
739d5d21-b433-4546-bbbb-85e4ee659a41,askacademia_train,losing_improve_qwen,qwen,mistral,5,5 (The comment directly
739d5d21-b433-4546-bbbb-85e4ee659a41,askacademia_train,losing_paraphrase_claude,qwen,mistral,5,5 (The comment directly
739d5d21-b433-4546-bbbb-85e4ee659a41,askacademia_train,losing_paraphrase_gemini,qwen,mistral,3,"3

The comment"
739d5d21-b433-4546-bbbb-85e4ee659a41,askacademia_train,losing_paraphrase_gpt4omini,qwen,mistral,2,"2

(The"
739d5d21-b433-4546-bbbb-85e4ee659a41,askacademia_train,losing_paraphrase_gpt5nano,qwen,mistral,2,"2

(The"
739d5d21-b433-4546-bbbb-85e4ee659a41,askacademia_train,losing_paraphrase_llama,qwen,mistral,5,5 (The comment directly
739d5d21-b433-4546-bbbb-85e4ee659a41,askacademia_train,losing_paraphrase_mistral,qwen,mistral,2,"2

(The"
739d5d21-b433-4546-bbbb-85e4ee659a41,askacademia_train,losing_paraphrase_qwen,qwen,mistral,5,5 (The comment directly
98680199-d60a-4792-93f8-1fcbb8eb59f7,askacademia_train,winning_text,qwen,mistral,2,2
98680199-d60a-4792-93f8-1fcbb8eb59f7,askacademia_train,losing_text,qwen,mistral,2,"2

The comment"
98680199-d60a-4792-93f8-1fcbb8eb59f7,askacademia_train,losing_generate_claude,qwen,mistral,5,5
98680199-d60a-4792-93f8-1fcbb8eb59f7,askacademia_train,losing_generate_gemini,qwen,mistral,5,5
98680199-d60a-4792-93f8-1fcbb8eb59f7,askacademia_train,losing_generate_gpt4omini,qwen,mistral,5,5
98680199-d60a-4792-93f8-1fcbb8eb59f7,askacademia_train,losing_generate_gpt5nano,qwen,mistral,5,5 (The comment directly
98680199-d60a-4792-93f8-1fcbb8eb59f7,askacademia_train,losing_generate_llama,qwen,mistral,5,5 (The comment directly
98680199-d60a-4792-93f8-1fcbb8eb59f7,askacademia_train,losing_generate_mistral,qwen,mistral,5,5
98680199-d60a-4792-93f8-1fcbb8eb59f7,askacademia_train,losing_generate_qwen,qwen,mistral,5,5 (The comment directly
98680199-d60a-4792-93f8-1fcbb8eb59f7,askacademia_train,losing_improve_claude,qwen,mistral,5,5
98680199-d60a-4792-93f8-1fcbb8eb59f7,askacademia_train,losing_improve_gemini,qwen,mistral,2,"2

The comment"
98680199-d60a-4792-93f8-1fcbb8eb59f7,askacademia_train,losing_improve_gpt4omini,qwen,mistral,5,5 (The comment directly
98680199-d60a-4792-93f8-1fcbb8eb59f7,askacademia_train,losing_improve_gpt5nano,qwen,mistral,5,5
98680199-d60a-4792-93f8-1fcbb8eb59f7,askacademia_train,losing_improve_llama,qwen,mistral,4,"4

Explan"
98680199-d60a-4792-93f8-1fcbb8eb59f7,askacademia_train,losing_improve_mistral,qwen,mistral,4,4 (The tone is
98680199-d60a-4792-93f8-1fcbb8eb59f7,askacademia_train,losing_improve_qwen,qwen,mistral,4,4 (The tone is
98680199-d60a-4792-93f8-1fcbb8eb59f7,askacademia_train,losing_paraphrase_claude,qwen,mistral,2,"2

The comment"
98680199-d60a-4792-93f8-1fcbb8eb59f7,askacademia_train,losing_paraphrase_gemini,qwen,mistral,3,"3

The comment"
98680199-d60a-4792-93f8-1fcbb8eb59f7,askacademia_train,losing_paraphrase_gpt4omini,qwen,mistral,2,"2

The comment"
98680199-d60a-4792-93f8-1fcbb8eb59f7,askacademia_train,losing_paraphrase_gpt5nano,qwen,mistral,2,"2

(The"
98680199-d60a-4792-93f8-1fcbb8eb59f7,askacademia_train,losing_paraphrase_llama,qwen,mistral,2,"2

(The"
98680199-d60a-4792-93f8-1fcbb8eb59f7,askacademia_train,losing_paraphrase_mistral,qwen,mistral,2,"2

---"
98680199-d60a-4792-93f8-1fcbb8eb59f7,askacademia_train,losing_paraphrase_qwen,qwen,mistral,2,"2

(The"
476a13a9-c38f-4865-9979-756b62c565e3,askacademia_train,winning_text,qwen,mistral,AMBIG,Based on the scoring rubric
476a13a9-c38f-4865-9979-756b62c565e3,askacademia_train,losing_text,qwen,mistral,2,"2

The comment"
476a13a9-c38f-4865-9979-756b62c565e3,askacademia_train,losing_generate_claude,qwen,mistral,5,5
476a13a9-c38f-4865-9979-756b62c565e3,askacademia_train,losing_generate_gemini,qwen,mistral,5,5
476a13a9-c38f-4865-9979-756b62c565e3,askacademia_train,losing_generate_gpt4omini,qwen,mistral,5,5
476a13a9-c38f-4865-9979-756b62c565e3,askacademia_train,losing_generate_gpt5nano,qwen,mistral,5,5
476a13a9-c38f-4865-9979-756b62c565e3,askacademia_train,losing_generate_llama,qwen,mistral,5,5
476a13a9-c38f-4865-9979-756b62c565e3,askacademia_train,losing_generate_mistral,qwen,mistral,5,5
476a13a9-c38f-4865-9979-756b62c565e3,askacademia_train,losing_generate_qwen,qwen,mistral,5,5 (The comment directly
476a13a9-c38f-4865-9979-756b62c565e3,askacademia_train,losing_improve_claude,qwen,mistral,2,"2

The comment"
476a13a9-c38f-4865-9979-756b62c565e3,askacademia_train,losing_improve_gemini,qwen,mistral,3,"3

Explan"
476a13a9-c38f-4865-9979-756b62c565e3,askacademia_train,losing_improve_gpt4omini,qwen,mistral,5,5 (The comment directly
476a13a9-c38f-4865-9979-756b62c565e3,askacademia_train,losing_improve_gpt5nano,qwen,mistral,5,5 (The comment directly
476a13a9-c38f-4865-9979-756b62c565e3,askacademia_train,losing_improve_llama,qwen,mistral,4,"4

Explan"
476a13a9-c38f-4865-9979-756b62c565e3,askacademia_train,losing_improve_mistral,qwen,mistral,4,4 (The tone is
476a13a9-c38f-4865-9979-756b62c565e3,askacademia_train,losing_improve_qwen,qwen,mistral,4,4 (The tone is
476a13a9-c38f-4865-9979-756b62c565e3,askacademia_train,losing_paraphrase_claude,qwen,mistral,2,"2

The comment"
476a13a9-c38f-4865-9979-756b62c565e3,askacademia_train,losing_paraphrase_gemini,qwen,mistral,1,"1

The comment"
476a13a9-c38f-4865-9979-756b62c565e3,askacademia_train,losing_paraphrase_gpt4omini,qwen,mistral,2,"2

The comment"
476a13a9-c38f-4865-9979-756b62c565e3,askacademia_train,losing_paraphrase_gpt5nano,qwen,mistral,2,"2

(The"
476a13a9-c38f-4865-9979-756b62c565e3,askacademia_train,losing_paraphrase_llama,qwen,mistral,2,"2

(The"
476a13a9-c38f-4865-9979-756b62c565e3,askacademia_train,losing_paraphrase_mistral,qwen,mistral,2,"2

---"
476a13a9-c38f-4865-9979-756b62c565e3,askacademia_train,losing_paraphrase_qwen,qwen,mistral,2,"2

(The"
7f0a423c-dba8-4c45-8dd9-bde39a0630e4,askacademia_train,winning_text,qwen,mistral,1,1 (The comment is
7f0a423c-dba8-4c45-8dd9-bde39a0630e4,askacademia_train,losing_text,qwen,mistral,2,"2

The comment"
7f0a423c-dba8-4c45-8dd9-bde39a0630e4,askacademia_train,losing_generate_claude,qwen,mistral,5,5
7f0a423c-dba8-4c45-8dd9-bde39a0630e4,askacademia_train,losing_generate_gemini,qwen,mistral,5,5
7f0a423c-dba8-4c45-8dd9-bde39a0630e4,askacademia_train,losing_generate_gpt4omini,qwen,mistral,5,5
7f0a423c-dba8-4c45-8dd9-bde39a0630e4,askacademia_train,losing_generate_gpt5nano,qwen,mistral,5,5
7f0a423c-dba8-4c45-8dd9-bde39a0630e4,askacademia_train,losing_generate_llama,qwen,mistral,5,5 (The comment directly
7f0a423c-dba8-4c45-8dd9-bde39a0630e4,askacademia_train,losing_generate_mistral,qwen,mistral,5,5
7f0a423c-dba8-4c45-8dd9-bde39a0630e4,askacademia_train,losing_generate_qwen,qwen,mistral,5,5
7f0a423c-dba8-4c45-8dd9-bde39a0630e4,askacademia_train,losing_improve_claude,qwen,mistral,2,"2

The comment"
7f0a423c-dba8-4c45-8dd9-bde39a0630e4,askacademia_train,losing_improve_gemini,qwen,mistral,3,"3

Explan"
7f0a423c-dba8-4c45-8dd9-bde39a0630e4,askacademia_train,losing_improve_gpt4omini,qwen,mistral,5,5 (The comment directly
7f0a423c-dba8-4c45-8dd9-bde39a0630e4,askacademia_train,losing_improve_gpt5nano,qwen,mistral,5,5
7f0a423c-dba8-4c45-8dd9-bde39a0630e4,askacademia_train,losing_improve_llama,qwen,mistral,4,"4

Explan"
7f0a423c-dba8-4c45-8dd9-bde39a0630e4,askacademia_train,losing_improve_mistral,qwen,mistral,4,4 (The tone is
7f0a423c-dba8-4c45-8dd9-bde39a0630e4,askacademia_train,losing_improve_qwen,qwen,mistral,4,4 (The tone is
7f0a423c-dba8-4c45-8dd9-bde39a0630e4,askacademia_train,losing_paraphrase_claude,qwen,mistral,2,"2

---"
7f0a423c-dba8-4c45-8dd9-bde39a0630e4,askacademia_train,losing_paraphrase_gemini,qwen,mistral,2,"2

The comment"
7f0a423c-dba8-4c45-8dd9-bde39a0630e4,askacademia_train,losing_paraphrase_gpt4omini,qwen,mistral,2,"2

The comment"
7f0a423c-dba8-4c45-8dd9-bde39a0630e4,askacademia_train,losing_paraphrase_gpt5nano,qwen,mistral,2,"2

(The"
7f0a423c-dba8-4c45-8dd9-bde39a0630e4,askacademia_train,losing_paraphrase_llama,qwen,mistral,2,"2

(The"
7f0a423c-dba8-4c45-8dd9-bde39a0630e4,askacademia_train,losing_paraphrase_mistral,qwen,mistral,2,"2

The comment"
7f0a423c-dba8-4c45-8dd9-bde39a0630e4,askacademia_train,losing_paraphrase_qwen,qwen,mistral,2,"2

(The"
b804bdaf-c5a5-4faa-b7bd-74f14b4e30d4,askacademia_train,winning_text,qwen,mistral,AMBIG,Based on the scoring rubric
b804bdaf-c5a5-4faa-b7bd-74f14b4e30d4,askacademia_train,losing_text,qwen,mistral,2,"2

(The"
b804bdaf-c5a5-4faa-b7bd-74f14b4e30d4,askacademia_train,losing_generate_claude,qwen,mistral,5,5
b804bdaf-c5a5-4faa-b7bd-74f14b4e30d4,askacademia_train,losing_generate_gemini,qwen,mistral,5,5
b804bdaf-c5a5-4faa-b7bd-74f14b4e30d4,askacademia_train,losing_generate_gpt4omini,qwen,mistral,5,5
b804bdaf-c5a5-4faa-b7bd-74f14b4e30d4,askacademia_train,losing_generate_gpt5nano,qwen,mistral,5,5 (The comment directly
b804bdaf-c5a5-4faa-b7bd-74f14b4e30d4,askacademia_train,losing_generate_llama,qwen,mistral,5,5 (The comment directly
b804bdaf-c5a5-4faa-b7bd-74f14b4e30d4,askacademia_train,losing_generate_mistral,qwen,mistral,5,5 (The comment directly
b804bdaf-c5a5-4faa-b7bd-74f14b4e30d4,askacademia_train,losing_generate_qwen,qwen,mistral,5,5
b804bdaf-c5a5-4faa-b7bd-74f14b4e30d4,askacademia_train,losing_improve_claude,qwen,mistral,5,5
b804bdaf-c5a5-4faa-b7bd-74f14b4e30d4,askacademia_train,losing_improve_gemini,qwen,mistral,5,5 (The comment directly
b804bdaf-c5a5-4faa-b7bd-74f14b4e30d4,askacademia_train,losing_improve_gpt4omini,qwen,mistral,5,5
b804bdaf-c5a5-4faa-b7bd-74f14b4e30d4,askacademia_train,losing_improve_gpt5nano,qwen,mistral,5,5 (The comment directly
b804bdaf-c5a5-4faa-b7bd-74f14b4e30d4,askacademia_train,losing_improve_llama,qwen,mistral,3,"3

The comment"
b804bdaf-c5a5-4faa-b7bd-74f14b4e30d4,askacademia_train,losing_improve_mistral,qwen,mistral,5,5 (The comment directly
b804bdaf-c5a5-4faa-b7bd-74f14b4e30d4,askacademia_train,losing_improve_qwen,qwen,mistral,2,"2

The comment"
b804bdaf-c5a5-4faa-b7bd-74f14b4e30d4,askacademia_train,losing_paraphrase_claude,qwen,mistral,2,"2

(The"
b804bdaf-c5a5-4faa-b7bd-74f14b4e30d4,askacademia_train,losing_paraphrase_gemini,qwen,mistral,2,"2

The comment"
b804bdaf-c5a5-4faa-b7bd-74f14b4e30d4,askacademia_train,losing_paraphrase_gpt4omini,qwen,mistral,2,"2

The comment"
b804bdaf-c5a5-4faa-b7bd-74f14b4e30d4,askacademia_train,losing_paraphrase_gpt5nano,qwen,mistral,2,"2

(The"
b804bdaf-c5a5-4faa-b7bd-74f14b4e30d4,askacademia_train,losing_paraphrase_llama,qwen,mistral,5,5 (The comment directly
b804bdaf-c5a5-4faa-b7bd-74f14b4e30d4,askacademia_train,losing_paraphrase_mistral,qwen,mistral,2,"2

The comment"
b804bdaf-c5a5-4faa-b7bd-74f14b4e30d4,askacademia_train,losing_paraphrase_qwen,qwen,mistral,2,"2

The comment"
36a3c91b-d2de-452c-a3c6-5ac71f8efc8a,askacademia_train,winning_text,qwen,mistral,3,"3

Explan"
36a3c91b-d2de-452c-a3c6-5ac71f8efc8a,askacademia_train,losing_text,qwen,mistral,2,"2

The comment"
36a3c91b-d2de-452c-a3c6-5ac71f8efc8a,askacademia_train,losing_generate_claude,qwen,mistral,5,5
36a3c91b-d2de-452c-a3c6-5ac71f8efc8a,askacademia_train,losing_generate_gemini,qwen,mistral,5,5
36a3c91b-d2de-452c-a3c6-5ac71f8efc8a,askacademia_train,losing_generate_gpt4omini,qwen,mistral,5,5
36a3c91b-d2de-452c-a3c6-5ac71f8efc8a,askacademia_train,losing_generate_gpt5nano,qwen,mistral,5,5
36a3c91b-d2de-452c-a3c6-5ac71f8efc8a,askacademia_train,losing_generate_llama,qwen,mistral,5,5
36a3c91b-d2de-452c-a3c6-5ac71f8efc8a,askacademia_train,losing_generate_mistral,qwen,mistral,5,5 (The comment directly
36a3c91b-d2de-452c-a3c6-5ac71f8efc8a,askacademia_train,losing_generate_qwen,qwen,mistral,5,5
36a3c91b-d2de-452c-a3c6-5ac71f8efc8a,askacademia_train,losing_improve_claude,qwen,mistral,5,5
36a3c91b-d2de-452c-a3c6-5ac71f8efc8a,askacademia_train,losing_improve_gemini,qwen,mistral,5,5
36a3c91b-d2de-452c-a3c6-5ac71f8efc8a,askacademia_train,losing_improve_gpt4omini,qwen,mistral,5,5
36a3c91b-d2de-452c-a3c6-5ac71f8efc8a,askacademia_train,losing_improve_gpt5nano,qwen,mistral,5,5
36a3c91b-d2de-452c-a3c6-5ac71f8efc8a,askacademia_train,losing_improve_llama,qwen,mistral,3,"3

The comment"
36a3c91b-d2de-452c-a3c6-5ac71f8efc8a,askacademia_train,losing_improve_mistral,qwen,mistral,4,"4

The comment"
36a3c91b-d2de-452c-a3c6-5ac71f8efc8a,askacademia_train,losing_improve_qwen,qwen,mistral,2,"2

The comment"
36a3c91b-d2de-452c-a3c6-5ac71f8efc8a,askacademia_train,losing_paraphrase_claude,qwen,mistral,2,"2

(The"
36a3c91b-d2de-452c-a3c6-5ac71f8efc8a,askacademia_train,losing_paraphrase_gemini,qwen,mistral,2,"2

The comment"
36a3c91b-d2de-452c-a3c6-5ac71f8efc8a,askacademia_train,losing_paraphrase_gpt4omini,qwen,mistral,2,"2

The comment"
36a3c91b-d2de-452c-a3c6-5ac71f8efc8a,askacademia_train,losing_paraphrase_gpt5nano,qwen,mistral,2,"2

(The"
36a3c91b-d2de-452c-a3c6-5ac71f8efc8a,askacademia_train,losing_paraphrase_llama,qwen,mistral,5,5 (The comment directly
36a3c91b-d2de-452c-a3c6-5ac71f8efc8a,askacademia_train,losing_paraphrase_mistral,qwen,mistral,2,"2

The comment"
36a3c91b-d2de-452c-a3c6-5ac71f8efc8a,askacademia_train,losing_paraphrase_qwen,qwen,mistral,4,"4

The comment"
1d823be5-ceae-4c60-b7fc-2bb418fbeca2,askacademia_train,winning_text,qwen,mistral,1,1 (The comment is
1d823be5-ceae-4c60-b7fc-2bb418fbeca2,askacademia_train,losing_text,qwen,mistral,2,"2

The comment"
1d823be5-ceae-4c60-b7fc-2bb418fbeca2,askacademia_train,losing_generate_claude,qwen,mistral,5,5
1d823be5-ceae-4c60-b7fc-2bb418fbeca2,askacademia_train,losing_generate_gemini,qwen,mistral,5,5
1d823be5-ceae-4c60-b7fc-2bb418fbeca2,askacademia_train,losing_generate_gpt4omini,qwen,mistral,5,5
1d823be5-ceae-4c60-b7fc-2bb418fbeca2,askacademia_train,losing_generate_gpt5nano,qwen,mistral,5,5
1d823be5-ceae-4c60-b7fc-2bb418fbeca2,askacademia_train,losing_generate_llama,qwen,mistral,5,5 (The comment directly
1d823be5-ceae-4c60-b7fc-2bb418fbeca2,askacademia_train,losing_generate_mistral,qwen,mistral,5,5
1d823be5-ceae-4c60-b7fc-2bb418fbeca2,askacademia_train,losing_generate_qwen,qwen,mistral,5,5 (The comment directly
1d823be5-ceae-4c60-b7fc-2bb418fbeca2,askacademia_train,losing_improve_claude,qwen,mistral,5,5
1d823be5-ceae-4c60-b7fc-2bb418fbeca2,askacademia_train,losing_improve_gemini,qwen,mistral,5,5 (The comment directly
1d823be5-ceae-4c60-b7fc-2bb418fbeca2,askacademia_train,losing_improve_gpt4omini,qwen,mistral,5,5
1d823be5-ceae-4c60-b7fc-2bb418fbeca2,askacademia_train,losing_improve_gpt5nano,qwen,mistral,5,5 (The comment directly
1d823be5-ceae-4c60-b7fc-2bb418fbeca2,askacademia_train,losing_improve_llama,qwen,mistral,3,"3

The comment"
1d823be5-ceae-4c60-b7fc-2bb418fbeca2,askacademia_train,losing_improve_mistral,qwen,mistral,4,"4

The comment"
1d823be5-ceae-4c60-b7fc-2bb418fbeca2,askacademia_train,losing_improve_qwen,qwen,mistral,2,"2

The comment"
1d823be5-ceae-4c60-b7fc-2bb418fbeca2,askacademia_train,losing_paraphrase_claude,qwen,mistral,2,"2

The comment"
1d823be5-ceae-4c60-b7fc-2bb418fbeca2,askacademia_train,losing_paraphrase_gemini,qwen,mistral,2,"2

---"
1d823be5-ceae-4c60-b7fc-2bb418fbeca2,askacademia_train,losing_paraphrase_gpt4omini,qwen,mistral,2,"2

The comment"
1d823be5-ceae-4c60-b7fc-2bb418fbeca2,askacademia_train,losing_paraphrase_gpt5nano,qwen,mistral,2,"2

(The"
1d823be5-ceae-4c60-b7fc-2bb418fbeca2,askacademia_train,losing_paraphrase_llama,qwen,mistral,5,5 (The comment directly
1d823be5-ceae-4c60-b7fc-2bb418fbeca2,askacademia_train,losing_paraphrase_mistral,qwen,mistral,2,"2

The comment"
1d823be5-ceae-4c60-b7fc-2bb418fbeca2,askacademia_train,losing_paraphrase_qwen,qwen,mistral,4,"4

The comment"
f849d124-f5a6-4839-90ae-1d4961eecfdf,askacademia_train,winning_text,qwen,mistral,AMBIG,Based on the scoring rubric
f849d124-f5a6-4839-90ae-1d4961eecfdf,askacademia_train,losing_text,qwen,mistral,2,"2

(The"
f849d124-f5a6-4839-90ae-1d4961eecfdf,askacademia_train,losing_generate_claude,qwen,mistral,5,5
f849d124-f5a6-4839-90ae-1d4961eecfdf,askacademia_train,losing_generate_gemini,qwen,mistral,5,5
f849d124-f5a6-4839-90ae-1d4961eecfdf,askacademia_train,losing_generate_gpt4omini,qwen,mistral,5,5
f849d124-f5a6-4839-90ae-1d4961eecfdf,askacademia_train,losing_generate_gpt5nano,qwen,mistral,5,5
f849d124-f5a6-4839-90ae-1d4961eecfdf,askacademia_train,losing_generate_llama,qwen,mistral,5,5 (The comment directly
f849d124-f5a6-4839-90ae-1d4961eecfdf,askacademia_train,losing_generate_mistral,qwen,mistral,5,5
f849d124-f5a6-4839-90ae-1d4961eecfdf,askacademia_train,losing_generate_qwen,qwen,mistral,5,5 (The comment directly
f849d124-f5a6-4839-90ae-1d4961eecfdf,askacademia_train,losing_improve_claude,qwen,mistral,5,5
f849d124-f5a6-4839-90ae-1d4961eecfdf,askacademia_train,losing_improve_gemini,qwen,mistral,5,5
f849d124-f5a6-4839-90ae-1d4961eecfdf,askacademia_train,losing_improve_gpt4omini,qwen,mistral,5,5
f849d124-f5a6-4839-90ae-1d4961eecfdf,askacademia_train,losing_improve_gpt5nano,qwen,mistral,5,5
f849d124-f5a6-4839-90ae-1d4961eecfdf,askacademia_train,losing_improve_llama,qwen,mistral,3,"3

The comment"
f849d124-f5a6-4839-90ae-1d4961eecfdf,askacademia_train,losing_improve_mistral,qwen,mistral,4,"4

The comment"
f849d124-f5a6-4839-90ae-1d4961eecfdf,askacademia_train,losing_improve_qwen,qwen,mistral,2,"2

The comment"
f849d124-f5a6-4839-90ae-1d4961eecfdf,askacademia_train,losing_paraphrase_claude,qwen,mistral,2,"2

The comment"
f849d124-f5a6-4839-90ae-1d4961eecfdf,askacademia_train,losing_paraphrase_gemini,qwen,mistral,2,"2

The comment"
f849d124-f5a6-4839-90ae-1d4961eecfdf,askacademia_train,losing_paraphrase_gpt4omini,qwen,mistral,2,"2

(The"
f849d124-f5a6-4839-90ae-1d4961eecfdf,askacademia_train,losing_paraphrase_gpt5nano,qwen,mistral,2,"2

The comment"
f849d124-f5a6-4839-90ae-1d4961eecfdf,askacademia_train,losing_paraphrase_llama,qwen,mistral,5,5 (The comment directly
f849d124-f5a6-4839-90ae-1d4961eecfdf,askacademia_train,losing_paraphrase_mistral,qwen,mistral,2,"2

The comment"
f849d124-f5a6-4839-90ae-1d4961eecfdf,askacademia_train,losing_paraphrase_qwen,qwen,mistral,4,"4

The comment"
d94561e2-1314-4f9f-b36c-d6eaa82eccf7,askacademia_train,winning_text,qwen,mistral,1,1 (The comment is
d94561e2-1314-4f9f-b36c-d6eaa82eccf7,askacademia_train,losing_text,qwen,mistral,AMBIG,Based on the scoring rubric
d94561e2-1314-4f9f-b36c-d6eaa82eccf7,askacademia_train,losing_generate_claude,qwen,mistral,5,5
d94561e2-1314-4f9f-b36c-d6eaa82eccf7,askacademia_train,losing_generate_gemini,qwen,mistral,5,5
d94561e2-1314-4f9f-b36c-d6eaa82eccf7,askacademia_train,losing_generate_gpt4omini,qwen,mistral,5,5
d94561e2-1314-4f9f-b36c-d6eaa82eccf7,askacademia_train,losing_generate_gpt5nano,qwen,mistral,5,5
d94561e2-1314-4f9f-b36c-d6eaa82eccf7,askacademia_train,losing_generate_llama,qwen,mistral,5,5 (The comment directly
d94561e2-1314-4f9f-b36c-d6eaa82eccf7,askacademia_train,losing_generate_mistral,qwen,mistral,5,5
d94561e2-1314-4f9f-b36c-d6eaa82eccf7,askacademia_train,losing_generate_qwen,qwen,mistral,5,5
d94561e2-1314-4f9f-b36c-d6eaa82eccf7,askacademia_train,losing_improve_claude,qwen,mistral,AMBIG,I would give this forum comment
d94561e2-1314-4f9f-b36c-d6eaa82eccf7,askacademia_train,losing_improve_gemini,qwen,mistral,2,"2

Explan"
d94561e2-1314-4f9f-b36c-d6eaa82eccf7,askacademia_train,losing_improve_gpt4omini,qwen,mistral,5,5 (The comment directly
d94561e2-1314-4f9f-b36c-d6eaa82eccf7,askacademia_train,losing_improve_gpt5nano,qwen,mistral,5,5 (The comment directly
d94561e2-1314-4f9f-b36c-d6eaa82eccf7,askacademia_train,losing_improve_llama,qwen,mistral,3,"3

The comment"
d94561e2-1314-4f9f-b36c-d6eaa82eccf7,askacademia_train,losing_improve_mistral,qwen,mistral,5,5 (The comment directly
d94561e2-1314-4f9f-b36c-d6eaa82eccf7,askacademia_train,losing_improve_qwen,qwen,mistral,3,"3

Explan"
d94561e2-1314-4f9f-b36c-d6eaa82eccf7,askacademia_train,losing_paraphrase_claude,qwen,mistral,2,2 (Clarity)
d94561e2-1314-4f9f-b36c-d6eaa82eccf7,askacademia_train,losing_paraphrase_gemini,qwen,mistral,AMBIG,The score for this forum comment
d94561e2-1314-4f9f-b36c-d6eaa82eccf7,askacademia_train,losing_paraphrase_gpt4omini,qwen,mistral,AMBIG,Based on the scoring rubric
d94561e2-1314-4f9f-b36c-d6eaa82eccf7,askacademia_train,losing_paraphrase_gpt5nano,qwen,mistral,AMBIG,Based on the scoring rubric
d94561e2-1314-4f9f-b36c-d6eaa82eccf7,askacademia_train,losing_paraphrase_llama,qwen,mistral,3,"3

The comment"
d94561e2-1314-4f9f-b36c-d6eaa82eccf7,askacademia_train,losing_paraphrase_mistral,qwen,mistral,AMBIG,Based on the scoring rubric
d94561e2-1314-4f9f-b36c-d6eaa82eccf7,askacademia_train,losing_paraphrase_qwen,qwen,mistral,2,"2

(The"
e6a6cd28-b838-4f67-8a66-59d14ee066da,askacademia_train,winning_text,qwen,mistral,1,1 (The comment is
e6a6cd28-b838-4f67-8a66-59d14ee066da,askacademia_train,losing_text,qwen,mistral,2,"2

The comment"
e6a6cd28-b838-4f67-8a66-59d14ee066da,askacademia_train,losing_generate_claude,qwen,mistral,5,5
e6a6cd28-b838-4f67-8a66-59d14ee066da,askacademia_train,losing_generate_gemini,qwen,mistral,5,5 (The comment directly
e6a6cd28-b838-4f67-8a66-59d14ee066da,askacademia_train,losing_generate_gpt4omini,qwen,mistral,5,5
e6a6cd28-b838-4f67-8a66-59d14ee066da,askacademia_train,losing_generate_gpt5nano,qwen,mistral,5,5
e6a6cd28-b838-4f67-8a66-59d14ee066da,askacademia_train,losing_generate_llama,qwen,mistral,5,5 (The comment directly
e6a6cd28-b838-4f67-8a66-59d14ee066da,askacademia_train,losing_generate_mistral,qwen,mistral,5,5
e6a6cd28-b838-4f67-8a66-59d14ee066da,askacademia_train,losing_generate_qwen,qwen,mistral,5,5
e6a6cd28-b838-4f67-8a66-59d14ee066da,askacademia_train,losing_improve_claude,qwen,mistral,5,5 (The comment directly
e6a6cd28-b838-4f67-8a66-59d14ee066da,askacademia_train,losing_improve_gemini,qwen,mistral,2,"2

The comment"
e6a6cd28-b838-4f67-8a66-59d14ee066da,askacademia_train,losing_improve_gpt4omini,qwen,mistral,2,"2

The comment"
e6a6cd28-b838-4f67-8a66-59d14ee066da,askacademia_train,losing_improve_gpt5nano,qwen,mistral,4,4 (The tone is
e6a6cd28-b838-4f67-8a66-59d14ee066da,askacademia_train,losing_improve_llama,qwen,mistral,5,5
e6a6cd28-b838-4f67-8a66-59d14ee066da,askacademia_train,losing_improve_mistral,qwen,mistral,3,"3

The comment"
e6a6cd28-b838-4f67-8a66-59d14ee066da,askacademia_train,losing_improve_qwen,qwen,mistral,3,"3

Explan"
e6a6cd28-b838-4f67-8a66-59d14ee066da,askacademia_train,losing_paraphrase_claude,qwen,mistral,2,"2

The comment"
e6a6cd28-b838-4f67-8a66-59d14ee066da,askacademia_train,losing_paraphrase_gemini,qwen,mistral,AMBIG,The score for this forum comment
e6a6cd28-b838-4f67-8a66-59d14ee066da,askacademia_train,losing_paraphrase_gpt4omini,qwen,mistral,2,"2

The comment"
e6a6cd28-b838-4f67-8a66-59d14ee066da,askacademia_train,losing_paraphrase_gpt5nano,qwen,mistral,2,"2

The comment"
e6a6cd28-b838-4f67-8a66-59d14ee066da,askacademia_train,losing_paraphrase_llama,qwen,mistral,3,"3

The comment"
e6a6cd28-b838-4f67-8a66-59d14ee066da,askacademia_train,losing_paraphrase_mistral,qwen,mistral,3,"3

The comment"
e6a6cd28-b838-4f67-8a66-59d14ee066da,askacademia_train,losing_paraphrase_qwen,qwen,mistral,2,"2

The comment"
1872d984-5432-4f1e-b5ba-b024d08a1bc2,askacademia_train,winning_text,qwen,mistral,2,"2

(The"
1872d984-5432-4f1e-b5ba-b024d08a1bc2,askacademia_train,losing_text,qwen,mistral,2,"2

The comment"
1872d984-5432-4f1e-b5ba-b024d08a1bc2,askacademia_train,losing_generate_claude,qwen,mistral,5,5
1872d984-5432-4f1e-b5ba-b024d08a1bc2,askacademia_train,losing_generate_gemini,qwen,mistral,5,5
1872d984-5432-4f1e-b5ba-b024d08a1bc2,askacademia_train,losing_generate_gpt4omini,qwen,mistral,5,5
1872d984-5432-4f1e-b5ba-b024d08a1bc2,askacademia_train,losing_generate_gpt5nano,qwen,mistral,5,5 (The comment directly
1872d984-5432-4f1e-b5ba-b024d08a1bc2,askacademia_train,losing_generate_llama,qwen,mistral,5,5
1872d984-5432-4f1e-b5ba-b024d08a1bc2,askacademia_train,losing_generate_mistral,qwen,mistral,5,5
1872d984-5432-4f1e-b5ba-b024d08a1bc2,askacademia_train,losing_generate_qwen,qwen,mistral,5,5
1872d984-5432-4f1e-b5ba-b024d08a1bc2,askacademia_train,losing_improve_claude,qwen,mistral,4,4 (The tone is
1872d984-5432-4f1e-b5ba-b024d08a1bc2,askacademia_train,losing_improve_gemini,qwen,mistral,3,"3

Explan"
1872d984-5432-4f1e-b5ba-b024d08a1bc2,askacademia_train,losing_improve_gpt4omini,qwen,mistral,2,"2

The comment"
1872d984-5432-4f1e-b5ba-b024d08a1bc2,askacademia_train,losing_improve_gpt5nano,qwen,mistral,5,5
1872d984-5432-4f1e-b5ba-b024d08a1bc2,askacademia_train,losing_improve_llama,qwen,mistral,5,5
1872d984-5432-4f1e-b5ba-b024d08a1bc2,askacademia_train,losing_improve_mistral,qwen,mistral,3,"3

Explan"
1872d984-5432-4f1e-b5ba-b024d08a1bc2,askacademia_train,losing_improve_qwen,qwen,mistral,3,"3

Explan"
1872d984-5432-4f1e-b5ba-b024d08a1bc2,askacademia_train,losing_paraphrase_claude,qwen,mistral,2,"2

The comment"
1872d984-5432-4f1e-b5ba-b024d08a1bc2,askacademia_train,losing_paraphrase_gemini,qwen,mistral,2,"2

The tone"
1872d984-5432-4f1e-b5ba-b024d08a1bc2,askacademia_train,losing_paraphrase_gpt4omini,qwen,mistral,2,"2

The comment"
1872d984-5432-4f1e-b5ba-b024d08a1bc2,askacademia_train,losing_paraphrase_gpt5nano,qwen,mistral,2,"2

The comment"
1872d984-5432-4f1e-b5ba-b024d08a1bc2,askacademia_train,losing_paraphrase_llama,qwen,mistral,2,"2

The comment"
1872d984-5432-4f1e-b5ba-b024d08a1bc2,askacademia_train,losing_paraphrase_mistral,qwen,mistral,3,"3

The comment"
1872d984-5432-4f1e-b5ba-b024d08a1bc2,askacademia_train,losing_paraphrase_qwen,qwen,mistral,2,"2

The comment"
9afacd51-0226-44cc-a193-1b8f24214ccf,askacademia_train,winning_text,qwen,mistral,2,"2

(The"
9afacd51-0226-44cc-a193-1b8f24214ccf,askacademia_train,losing_text,qwen,mistral,2,"2

The comment"
9afacd51-0226-44cc-a193-1b8f24214ccf,askacademia_train,losing_generate_claude,qwen,mistral,5,5
9afacd51-0226-44cc-a193-1b8f24214ccf,askacademia_train,losing_generate_gemini,qwen,mistral,5,5
9afacd51-0226-44cc-a193-1b8f24214ccf,askacademia_train,losing_generate_gpt4omini,qwen,mistral,5,5
9afacd51-0226-44cc-a193-1b8f24214ccf,askacademia_train,losing_generate_gpt5nano,qwen,mistral,5,5
9afacd51-0226-44cc-a193-1b8f24214ccf,askacademia_train,losing_generate_llama,qwen,mistral,5,5 (The comment directly
9afacd51-0226-44cc-a193-1b8f24214ccf,askacademia_train,losing_generate_mistral,qwen,mistral,5,5 (The comment directly
9afacd51-0226-44cc-a193-1b8f24214ccf,askacademia_train,losing_generate_qwen,qwen,mistral,5,5
9afacd51-0226-44cc-a193-1b8f24214ccf,askacademia_train,losing_improve_claude,qwen,mistral,5,5 (The comment directly
9afacd51-0226-44cc-a193-1b8f24214ccf,askacademia_train,losing_improve_gemini,qwen,mistral,2,"2

The comment"
9afacd51-0226-44cc-a193-1b8f24214ccf,askacademia_train,losing_improve_gpt4omini,qwen,mistral,2,"2

The comment"
9afacd51-0226-44cc-a193-1b8f24214ccf,askacademia_train,losing_improve_gpt5nano,qwen,mistral,4,4 (The tone is
9afacd51-0226-44cc-a193-1b8f24214ccf,askacademia_train,losing_improve_llama,qwen,mistral,5,5
9afacd51-0226-44cc-a193-1b8f24214ccf,askacademia_train,losing_improve_mistral,qwen,mistral,3,"3

Explan"
9afacd51-0226-44cc-a193-1b8f24214ccf,askacademia_train,losing_improve_qwen,qwen,mistral,3,"3

Explan"
9afacd51-0226-44cc-a193-1b8f24214ccf,askacademia_train,losing_paraphrase_claude,qwen,mistral,2,"2

The comment"
9afacd51-0226-44cc-a193-1b8f24214ccf,askacademia_train,losing_paraphrase_gemini,qwen,mistral,2,"2

Explan"
9afacd51-0226-44cc-a193-1b8f24214ccf,askacademia_train,losing_paraphrase_gpt4omini,qwen,mistral,2,"2

The comment"
9afacd51-0226-44cc-a193-1b8f24214ccf,askacademia_train,losing_paraphrase_gpt5nano,qwen,mistral,2,"2

The comment"
9afacd51-0226-44cc-a193-1b8f24214ccf,askacademia_train,losing_paraphrase_llama,qwen,mistral,2,"2

The comment"
9afacd51-0226-44cc-a193-1b8f24214ccf,askacademia_train,losing_paraphrase_mistral,qwen,mistral,3,"3

The comment"
9afacd51-0226-44cc-a193-1b8f24214ccf,askacademia_train,losing_paraphrase_qwen,qwen,mistral,2,"2

The comment"
fc56af8f-7321-4891-94c9-40ecd1f70263,askacademia_train,winning_text,qwen,mistral,3,"3

Although"
fc56af8f-7321-4891-94c9-40ecd1f70263,askacademia_train,losing_text,qwen,mistral,2,"2

The comment"
fc56af8f-7321-4891-94c9-40ecd1f70263,askacademia_train,losing_generate_claude,qwen,mistral,5,5
fc56af8f-7321-4891-94c9-40ecd1f70263,askacademia_train,losing_generate_gemini,qwen,mistral,5,5
fc56af8f-7321-4891-94c9-40ecd1f70263,askacademia_train,losing_generate_gpt4omini,qwen,mistral,5,5
fc56af8f-7321-4891-94c9-40ecd1f70263,askacademia_train,losing_generate_gpt5nano,qwen,mistral,5,5 (The comment directly
fc56af8f-7321-4891-94c9-40ecd1f70263,askacademia_train,losing_generate_llama,qwen,mistral,5,5 (The comment directly
fc56af8f-7321-4891-94c9-40ecd1f70263,askacademia_train,losing_generate_mistral,qwen,mistral,5,5 (The comment directly
fc56af8f-7321-4891-94c9-40ecd1f70263,askacademia_train,losing_generate_qwen,qwen,mistral,5,5
fc56af8f-7321-4891-94c9-40ecd1f70263,askacademia_train,losing_improve_claude,qwen,mistral,5,5 (The comment directly
fc56af8f-7321-4891-94c9-40ecd1f70263,askacademia_train,losing_improve_gemini,qwen,mistral,2,"2

The comment"
fc56af8f-7321-4891-94c9-40ecd1f70263,askacademia_train,losing_improve_gpt4omini,qwen,mistral,2,"2

The comment"
fc56af8f-7321-4891-94c9-40ecd1f70263,askacademia_train,losing_improve_gpt5nano,qwen,mistral,5,5
fc56af8f-7321-4891-94c9-40ecd1f70263,askacademia_train,losing_improve_llama,qwen,mistral,5,5
fc56af8f-7321-4891-94c9-40ecd1f70263,askacademia_train,losing_improve_mistral,qwen,mistral,3,"3

Explan"
fc56af8f-7321-4891-94c9-40ecd1f70263,askacademia_train,losing_improve_qwen,qwen,mistral,3,"3

Explan"
fc56af8f-7321-4891-94c9-40ecd1f70263,askacademia_train,losing_paraphrase_claude,qwen,mistral,2,"2

The comment"
fc56af8f-7321-4891-94c9-40ecd1f70263,askacademia_train,losing_paraphrase_gemini,qwen,mistral,3,"3

The comment"
fc56af8f-7321-4891-94c9-40ecd1f70263,askacademia_train,losing_paraphrase_gpt4omini,qwen,mistral,2,"2

The comment"
fc56af8f-7321-4891-94c9-40ecd1f70263,askacademia_train,losing_paraphrase_gpt5nano,qwen,mistral,2,"2

The comment"
fc56af8f-7321-4891-94c9-40ecd1f70263,askacademia_train,losing_paraphrase_llama,qwen,mistral,2,"2

The comment"
fc56af8f-7321-4891-94c9-40ecd1f70263,askacademia_train,losing_paraphrase_mistral,qwen,mistral,3,"3

The comment"
fc56af8f-7321-4891-94c9-40ecd1f70263,askacademia_train,losing_paraphrase_qwen,qwen,mistral,2,"2

The comment"
431086a1-cd8f-4a1d-93a0-40919cd4b1a5,askacademia_train,winning_text,qwen,mistral,1,1 (The comment is
431086a1-cd8f-4a1d-93a0-40919cd4b1a5,askacademia_train,losing_text,qwen,mistral,2,"2

(Ex"
431086a1-cd8f-4a1d-93a0-40919cd4b1a5,askacademia_train,losing_generate_claude,qwen,mistral,5,5
431086a1-cd8f-4a1d-93a0-40919cd4b1a5,askacademia_train,losing_generate_gemini,qwen,mistral,5,5
431086a1-cd8f-4a1d-93a0-40919cd4b1a5,askacademia_train,losing_generate_gpt4omini,qwen,mistral,5,5
431086a1-cd8f-4a1d-93a0-40919cd4b1a5,askacademia_train,losing_generate_gpt5nano,qwen,mistral,5,5
431086a1-cd8f-4a1d-93a0-40919cd4b1a5,askacademia_train,losing_generate_llama,qwen,mistral,5,5 (The comment directly
431086a1-cd8f-4a1d-93a0-40919cd4b1a5,askacademia_train,losing_generate_mistral,qwen,mistral,5,5 (The comment directly
431086a1-cd8f-4a1d-93a0-40919cd4b1a5,askacademia_train,losing_generate_qwen,qwen,mistral,5,5
431086a1-cd8f-4a1d-93a0-40919cd4b1a5,askacademia_train,losing_improve_claude,qwen,mistral,5,5
431086a1-cd8f-4a1d-93a0-40919cd4b1a5,askacademia_train,losing_improve_gemini,qwen,mistral,2,"2

The comment"
431086a1-cd8f-4a1d-93a0-40919cd4b1a5,askacademia_train,losing_improve_gpt4omini,qwen,mistral,2,"2

The comment"
431086a1-cd8f-4a1d-93a0-40919cd4b1a5,askacademia_train,losing_improve_gpt5nano,qwen,mistral,5,5
431086a1-cd8f-4a1d-93a0-40919cd4b1a5,askacademia_train,losing_improve_llama,qwen,mistral,5,5
431086a1-cd8f-4a1d-93a0-40919cd4b1a5,askacademia_train,losing_improve_mistral,qwen,mistral,3,"3

Explan"
431086a1-cd8f-4a1d-93a0-40919cd4b1a5,askacademia_train,losing_improve_qwen,qwen,mistral,3,"3

Explan"
431086a1-cd8f-4a1d-93a0-40919cd4b1a5,askacademia_train,losing_paraphrase_claude,qwen,mistral,2,"2

The comment"
431086a1-cd8f-4a1d-93a0-40919cd4b1a5,askacademia_train,losing_paraphrase_gemini,qwen,mistral,3,"3

The comment"
431086a1-cd8f-4a1d-93a0-40919cd4b1a5,askacademia_train,losing_paraphrase_gpt4omini,qwen,mistral,2,"2

The comment"
431086a1-cd8f-4a1d-93a0-40919cd4b1a5,askacademia_train,losing_paraphrase_gpt5nano,qwen,mistral,3,"3

Explan"
431086a1-cd8f-4a1d-93a0-40919cd4b1a5,askacademia_train,losing_paraphrase_llama,qwen,mistral,2,"2

The comment"
431086a1-cd8f-4a1d-93a0-40919cd4b1a5,askacademia_train,losing_paraphrase_mistral,qwen,mistral,3,"3

The comment"
431086a1-cd8f-4a1d-93a0-40919cd4b1a5,askacademia_train,losing_paraphrase_qwen,qwen,mistral,2,"2

The comment"
a512b18d-c13e-4033-b316-d7d92bd9d0ad,askacademia_train,winning_text,qwen,mistral,3,"3

Explan"
a512b18d-c13e-4033-b316-d7d92bd9d0ad,askacademia_train,losing_text,qwen,mistral,2,"2

The comment"
a512b18d-c13e-4033-b316-d7d92bd9d0ad,askacademia_train,losing_generate_claude,qwen,mistral,5,5
a512b18d-c13e-4033-b316-d7d92bd9d0ad,askacademia_train,losing_generate_gemini,qwen,mistral,5,5
a512b18d-c13e-4033-b316-d7d92bd9d0ad,askacademia_train,losing_generate_gpt4omini,qwen,mistral,5,5
a512b18d-c13e-4033-b316-d7d92bd9d0ad,askacademia_train,losing_generate_gpt5nano,qwen,mistral,5,5
a512b18d-c13e-4033-b316-d7d92bd9d0ad,askacademia_train,losing_generate_llama,qwen,mistral,5,5
a512b18d-c13e-4033-b316-d7d92bd9d0ad,askacademia_train,losing_generate_mistral,qwen,mistral,5,5
a512b18d-c13e-4033-b316-d7d92bd9d0ad,askacademia_train,losing_generate_qwen,qwen,mistral,5,5
a512b18d-c13e-4033-b316-d7d92bd9d0ad,askacademia_train,losing_improve_claude,qwen,mistral,5,5 (The comment directly
a512b18d-c13e-4033-b316-d7d92bd9d0ad,askacademia_train,losing_improve_gemini,qwen,mistral,2,"2

The comment"
a512b18d-c13e-4033-b316-d7d92bd9d0ad,askacademia_train,losing_improve_gpt4omini,qwen,mistral,2,"2

The comment"
a512b18d-c13e-4033-b316-d7d92bd9d0ad,askacademia_train,losing_improve_gpt5nano,qwen,mistral,4,"4

Explan"
a512b18d-c13e-4033-b316-d7d92bd9d0ad,askacademia_train,losing_improve_llama,qwen,mistral,5,5
a512b18d-c13e-4033-b316-d7d92bd9d0ad,askacademia_train,losing_improve_mistral,qwen,mistral,3,"3

Explan"
a512b18d-c13e-4033-b316-d7d92bd9d0ad,askacademia_train,losing_improve_qwen,qwen,mistral,3,"3

Explan"
a512b18d-c13e-4033-b316-d7d92bd9d0ad,askacademia_train,losing_paraphrase_claude,qwen,mistral,2,"2

The comment"
a512b18d-c13e-4033-b316-d7d92bd9d0ad,askacademia_train,losing_paraphrase_gemini,qwen,mistral,2,2  (The comment
a512b18d-c13e-4033-b316-d7d92bd9d0ad,askacademia_train,losing_paraphrase_gpt4omini,qwen,mistral,2,"2

The comment"
a512b18d-c13e-4033-b316-d7d92bd9d0ad,askacademia_train,losing_paraphrase_gpt5nano,qwen,mistral,2,"2

The comment"
a512b18d-c13e-4033-b316-d7d92bd9d0ad,askacademia_train,losing_paraphrase_llama,qwen,mistral,2,"2

The comment"
a512b18d-c13e-4033-b316-d7d92bd9d0ad,askacademia_train,losing_paraphrase_mistral,qwen,mistral,3,"3

The comment"
a512b18d-c13e-4033-b316-d7d92bd9d0ad,askacademia_train,losing_paraphrase_qwen,qwen,mistral,2,"2

The comment"
ef39c5bc-dd81-441e-9171-20cf9c31b74b,askacademia_train,winning_text,qwen,mistral,AMBIG,Based on the scoring rubric
ef39c5bc-dd81-441e-9171-20cf9c31b74b,askacademia_train,losing_text,qwen,mistral,2,"2

The comment"
ef39c5bc-dd81-441e-9171-20cf9c31b74b,askacademia_train,losing_generate_claude,qwen,mistral,5,5
ef39c5bc-dd81-441e-9171-20cf9c31b74b,askacademia_train,losing_generate_gemini,qwen,mistral,5,5
ef39c5bc-dd81-441e-9171-20cf9c31b74b,askacademia_train,losing_generate_gpt4omini,qwen,mistral,5,5
ef39c5bc-dd81-441e-9171-20cf9c31b74b,askacademia_train,losing_generate_gpt5nano,qwen,mistral,5,5
ef39c5bc-dd81-441e-9171-20cf9c31b74b,askacademia_train,losing_generate_llama,qwen,mistral,5,5 (The comment directly
ef39c5bc-dd81-441e-9171-20cf9c31b74b,askacademia_train,losing_generate_mistral,qwen,mistral,5,5
ef39c5bc-dd81-441e-9171-20cf9c31b74b,askacademia_train,losing_generate_qwen,qwen,mistral,5,5 (The comment directly
ef39c5bc-dd81-441e-9171-20cf9c31b74b,askacademia_train,losing_improve_claude,qwen,mistral,5,5
ef39c5bc-dd81-441e-9171-20cf9c31b74b,askacademia_train,losing_improve_gemini,qwen,mistral,2,"2

The comment"
ef39c5bc-dd81-441e-9171-20cf9c31b74b,askacademia_train,losing_improve_gpt4omini,qwen,mistral,2,"2

The comment"
ef39c5bc-dd81-441e-9171-20cf9c31b74b,askacademia_train,losing_improve_gpt5nano,qwen,mistral,5,5
ef39c5bc-dd81-441e-9171-20cf9c31b74b,askacademia_train,losing_improve_llama,qwen,mistral,5,5
ef39c5bc-dd81-441e-9171-20cf9c31b74b,askacademia_train,losing_improve_mistral,qwen,mistral,3,"3

Explan"
ef39c5bc-dd81-441e-9171-20cf9c31b74b,askacademia_train,losing_improve_qwen,qwen,mistral,3,"3

Explan"
ef39c5bc-dd81-441e-9171-20cf9c31b74b,askacademia_train,losing_paraphrase_claude,qwen,mistral,2,"2

The comment"
ef39c5bc-dd81-441e-9171-20cf9c31b74b,askacademia_train,losing_paraphrase_gemini,qwen,mistral,2,"2

(The"
ef39c5bc-dd81-441e-9171-20cf9c31b74b,askacademia_train,losing_paraphrase_gpt4omini,qwen,mistral,2,"2

The comment"
ef39c5bc-dd81-441e-9171-20cf9c31b74b,askacademia_train,losing_paraphrase_gpt5nano,qwen,mistral,3,"3

The comment"
ef39c5bc-dd81-441e-9171-20cf9c31b74b,askacademia_train,losing_paraphrase_llama,qwen,mistral,2,"2

The comment"
ef39c5bc-dd81-441e-9171-20cf9c31b74b,askacademia_train,losing_paraphrase_mistral,qwen,mistral,3,"3

The comment"
ef39c5bc-dd81-441e-9171-20cf9c31b74b,askacademia_train,losing_paraphrase_qwen,qwen,mistral,2,"2

The comment"
c00349d5-317e-434e-92cc-ec6347b8e31a,askacademia_train,winning_text,qwen,mistral,2,"2

(The"
c00349d5-317e-434e-92cc-ec6347b8e31a,askacademia_train,losing_text,qwen,mistral,1,1 (The comment is
c00349d5-317e-434e-92cc-ec6347b8e31a,askacademia_train,losing_generate_claude,qwen,mistral,5,5
c00349d5-317e-434e-92cc-ec6347b8e31a,askacademia_train,losing_generate_gemini,qwen,mistral,5,5
c00349d5-317e-434e-92cc-ec6347b8e31a,askacademia_train,losing_generate_gpt4omini,qwen,mistral,5,5
c00349d5-317e-434e-92cc-ec6347b8e31a,askacademia_train,losing_generate_gpt5nano,qwen,mistral,5,5
c00349d5-317e-434e-92cc-ec6347b8e31a,askacademia_train,losing_generate_llama,qwen,mistral,5,5 (The comment directly
c00349d5-317e-434e-92cc-ec6347b8e31a,askacademia_train,losing_generate_mistral,qwen,mistral,5,5
c00349d5-317e-434e-92cc-ec6347b8e31a,askacademia_train,losing_generate_qwen,qwen,mistral,5,5
c00349d5-317e-434e-92cc-ec6347b8e31a,askacademia_train,losing_improve_claude,qwen,mistral,5,5
c00349d5-317e-434e-92cc-ec6347b8e31a,askacademia_train,losing_improve_gemini,qwen,mistral,2,2 (Clarity)
c00349d5-317e-434e-92cc-ec6347b8e31a,askacademia_train,losing_improve_gpt4omini,qwen,mistral,5,5 (The comment directly
c00349d5-317e-434e-92cc-ec6347b8e31a,askacademia_train,losing_improve_gpt5nano,qwen,mistral,5,5 (The comment directly
c00349d5-317e-434e-92cc-ec6347b8e31a,askacademia_train,losing_improve_llama,qwen,mistral,5,5 (The comment directly
c00349d5-317e-434e-92cc-ec6347b8e31a,askacademia_train,losing_improve_mistral,qwen,mistral,2,2
c00349d5-317e-434e-92cc-ec6347b8e31a,askacademia_train,losing_improve_qwen,qwen,mistral,5,5
c00349d5-317e-434e-92cc-ec6347b8e31a,askacademia_train,losing_paraphrase_claude,qwen,mistral,4,"4

Explan"
c00349d5-317e-434e-92cc-ec6347b8e31a,askacademia_train,losing_paraphrase_gemini,qwen,mistral,2,2  (The comment
c00349d5-317e-434e-92cc-ec6347b8e31a,askacademia_train,losing_paraphrase_gpt4omini,qwen,mistral,2,"2

(The"
c00349d5-317e-434e-92cc-ec6347b8e31a,askacademia_train,losing_paraphrase_gpt5nano,qwen,mistral,1,1
c00349d5-317e-434e-92cc-ec6347b8e31a,askacademia_train,losing_paraphrase_llama,qwen,mistral,3,"3

The comment"
c00349d5-317e-434e-92cc-ec6347b8e31a,askacademia_train,losing_paraphrase_mistral,qwen,mistral,2,"2

(The"
c00349d5-317e-434e-92cc-ec6347b8e31a,askacademia_train,losing_paraphrase_qwen,qwen,mistral,2,"2

(The"
004036c7-55eb-4199-a086-6cdb5d40af52,askacademia_train,winning_text,qwen,mistral,3,"3

Explan"
004036c7-55eb-4199-a086-6cdb5d40af52,askacademia_train,losing_text,qwen,mistral,1,1 (The comment is
004036c7-55eb-4199-a086-6cdb5d40af52,askacademia_train,losing_generate_claude,qwen,mistral,5,5
004036c7-55eb-4199-a086-6cdb5d40af52,askacademia_train,losing_generate_gemini,qwen,mistral,5,5
004036c7-55eb-4199-a086-6cdb5d40af52,askacademia_train,losing_generate_gpt4omini,qwen,mistral,5,5
004036c7-55eb-4199-a086-6cdb5d40af52,askacademia_train,losing_generate_gpt5nano,qwen,mistral,5,5
004036c7-55eb-4199-a086-6cdb5d40af52,askacademia_train,losing_generate_llama,qwen,mistral,5,5 (The comment directly
004036c7-55eb-4199-a086-6cdb5d40af52,askacademia_train,losing_generate_mistral,qwen,mistral,5,5 (The comment directly
004036c7-55eb-4199-a086-6cdb5d40af52,askacademia_train,losing_generate_qwen,qwen,mistral,5,5
004036c7-55eb-4199-a086-6cdb5d40af52,askacademia_train,losing_improve_claude,qwen,mistral,2,2 (Clarity)
004036c7-55eb-4199-a086-6cdb5d40af52,askacademia_train,losing_improve_gemini,qwen,mistral,2,"2

The comment"
004036c7-55eb-4199-a086-6cdb5d40af52,askacademia_train,losing_improve_gpt4omini,qwen,mistral,3,"3

The comment"
004036c7-55eb-4199-a086-6cdb5d40af52,askacademia_train,losing_improve_gpt5nano,qwen,mistral,5,5
004036c7-55eb-4199-a086-6cdb5d40af52,askacademia_train,losing_improve_llama,qwen,mistral,5,5 (The comment directly
004036c7-55eb-4199-a086-6cdb5d40af52,askacademia_train,losing_improve_mistral,qwen,mistral,2,2
004036c7-55eb-4199-a086-6cdb5d40af52,askacademia_train,losing_improve_qwen,qwen,mistral,5,5
004036c7-55eb-4199-a086-6cdb5d40af52,askacademia_train,losing_paraphrase_claude,qwen,mistral,5,5 (The comment directly
004036c7-55eb-4199-a086-6cdb5d40af52,askacademia_train,losing_paraphrase_gemini,qwen,mistral,1,1 (The comment is
004036c7-55eb-4199-a086-6cdb5d40af52,askacademia_train,losing_paraphrase_gpt4omini,qwen,mistral,2,"2

(The"
004036c7-55eb-4199-a086-6cdb5d40af52,askacademia_train,losing_paraphrase_gpt5nano,qwen,mistral,1,1 (The comment is
004036c7-55eb-4199-a086-6cdb5d40af52,askacademia_train,losing_paraphrase_llama,qwen,mistral,3,"3

The response"
004036c7-55eb-4199-a086-6cdb5d40af52,askacademia_train,losing_paraphrase_mistral,qwen,mistral,2,2 (Clarity)
004036c7-55eb-4199-a086-6cdb5d40af52,askacademia_train,losing_paraphrase_qwen,qwen,mistral,2,"2

(The"
0daa48a6-7d18-453f-9bd6-9997ad41376d,askacademia_train,winning_text,qwen,mistral,1,1 (The comment is
0daa48a6-7d18-453f-9bd6-9997ad41376d,askacademia_train,losing_text,qwen,mistral,1,1 (The comment is
0daa48a6-7d18-453f-9bd6-9997ad41376d,askacademia_train,losing_generate_claude,qwen,mistral,5,5
0daa48a6-7d18-453f-9bd6-9997ad41376d,askacademia_train,losing_generate_gemini,qwen,mistral,5,5 (The comment directly
0daa48a6-7d18-453f-9bd6-9997ad41376d,askacademia_train,losing_generate_gpt4omini,qwen,mistral,5,5
0daa48a6-7d18-453f-9bd6-9997ad41376d,askacademia_train,losing_generate_gpt5nano,qwen,mistral,5,5
0daa48a6-7d18-453f-9bd6-9997ad41376d,askacademia_train,losing_generate_llama,qwen,mistral,5,5 (The comment directly
0daa48a6-7d18-453f-9bd6-9997ad41376d,askacademia_train,losing_generate_mistral,qwen,mistral,5,5 (The comment directly
0daa48a6-7d18-453f-9bd6-9997ad41376d,askacademia_train,losing_generate_qwen,qwen,mistral,5,5 (The comment directly
0daa48a6-7d18-453f-9bd6-9997ad41376d,askacademia_train,losing_improve_claude,qwen,mistral,2,2 (Clarity)
0daa48a6-7d18-453f-9bd6-9997ad41376d,askacademia_train,losing_improve_gemini,qwen,mistral,2,2 (Clarity)
0daa48a6-7d18-453f-9bd6-9997ad41376d,askacademia_train,losing_improve_gpt4omini,qwen,mistral,3,"3

The comment"
0daa48a6-7d18-453f-9bd6-9997ad41376d,askacademia_train,losing_improve_gpt5nano,qwen,mistral,5,5
0daa48a6-7d18-453f-9bd6-9997ad41376d,askacademia_train,losing_improve_llama,qwen,mistral,5,5 (The comment directly
0daa48a6-7d18-453f-9bd6-9997ad41376d,askacademia_train,losing_improve_mistral,qwen,mistral,2,2
0daa48a6-7d18-453f-9bd6-9997ad41376d,askacademia_train,losing_improve_qwen,qwen,mistral,5,5
0daa48a6-7d18-453f-9bd6-9997ad41376d,askacademia_train,losing_paraphrase_claude,qwen,mistral,5,5 (The comment directly
0daa48a6-7d18-453f-9bd6-9997ad41376d,askacademia_train,losing_paraphrase_gemini,qwen,mistral,2,"2

(The"
0daa48a6-7d18-453f-9bd6-9997ad41376d,askacademia_train,losing_paraphrase_gpt4omini,qwen,mistral,2,"2

(The"
0daa48a6-7d18-453f-9bd6-9997ad41376d,askacademia_train,losing_paraphrase_gpt5nano,qwen,mistral,2,"2

(The"
0daa48a6-7d18-453f-9bd6-9997ad41376d,askacademia_train,losing_paraphrase_llama,qwen,mistral,3,"3

The response"
0daa48a6-7d18-453f-9bd6-9997ad41376d,askacademia_train,losing_paraphrase_mistral,qwen,mistral,2,2 (Clarity)
0daa48a6-7d18-453f-9bd6-9997ad41376d,askacademia_train,losing_paraphrase_qwen,qwen,mistral,2,"2

(The"
94357f35-360d-4bab-a1ab-a9d6bb34113e,askacademia_train,winning_text,qwen,mistral,3,"3

Explan"
94357f35-360d-4bab-a1ab-a9d6bb34113e,askacademia_train,losing_text,qwen,mistral,1,1 (The comment is
94357f35-360d-4bab-a1ab-a9d6bb34113e,askacademia_train,losing_generate_claude,qwen,mistral,5,5
94357f35-360d-4bab-a1ab-a9d6bb34113e,askacademia_train,losing_generate_gemini,qwen,mistral,5,5
94357f35-360d-4bab-a1ab-a9d6bb34113e,askacademia_train,losing_generate_gpt4omini,qwen,mistral,5,5
94357f35-360d-4bab-a1ab-a9d6bb34113e,askacademia_train,losing_generate_gpt5nano,qwen,mistral,5,5
94357f35-360d-4bab-a1ab-a9d6bb34113e,askacademia_train,losing_generate_llama,qwen,mistral,5,5 (The comment directly
94357f35-360d-4bab-a1ab-a9d6bb34113e,askacademia_train,losing_generate_mistral,qwen,mistral,5,5
94357f35-360d-4bab-a1ab-a9d6bb34113e,askacademia_train,losing_generate_qwen,qwen,mistral,5,5
94357f35-360d-4bab-a1ab-a9d6bb34113e,askacademia_train,losing_improve_claude,qwen,mistral,2,2 (Clarity)
94357f35-360d-4bab-a1ab-a9d6bb34113e,askacademia_train,losing_improve_gemini,qwen,mistral,2,2 (Clarity)
94357f35-360d-4bab-a1ab-a9d6bb34113e,askacademia_train,losing_improve_gpt4omini,qwen,mistral,5,5 (The comment directly
94357f35-360d-4bab-a1ab-a9d6bb34113e,askacademia_train,losing_improve_gpt5nano,qwen,mistral,5,5
94357f35-360d-4bab-a1ab-a9d6bb34113e,askacademia_train,losing_improve_llama,qwen,mistral,5,5 (The comment directly
94357f35-360d-4bab-a1ab-a9d6bb34113e,askacademia_train,losing_improve_mistral,qwen,mistral,2,2 (Clarity)
94357f35-360d-4bab-a1ab-a9d6bb34113e,askacademia_train,losing_improve_qwen,qwen,mistral,5,5
94357f35-360d-4bab-a1ab-a9d6bb34113e,askacademia_train,losing_paraphrase_claude,qwen,mistral,4,4 (The comment has
94357f35-360d-4bab-a1ab-a9d6bb34113e,askacademia_train,losing_paraphrase_gemini,qwen,mistral,2,"2

(The"
94357f35-360d-4bab-a1ab-a9d6bb34113e,askacademia_train,losing_paraphrase_gpt4omini,qwen,mistral,2,"2

(The"
94357f35-360d-4bab-a1ab-a9d6bb34113e,askacademia_train,losing_paraphrase_gpt5nano,qwen,mistral,1,1
94357f35-360d-4bab-a1ab-a9d6bb34113e,askacademia_train,losing_paraphrase_llama,qwen,mistral,3,"3

The response"
94357f35-360d-4bab-a1ab-a9d6bb34113e,askacademia_train,losing_paraphrase_mistral,qwen,mistral,2,2 (Clarity)
94357f35-360d-4bab-a1ab-a9d6bb34113e,askacademia_train,losing_paraphrase_qwen,qwen,mistral,2,"2

(The"
b4612eb0-1772-4632-bfb5-cd44f8dbbfa3,askacademia_train,winning_text,qwen,mistral,AMBIG,Based on the scoring rubric
b4612eb0-1772-4632-bfb5-cd44f8dbbfa3,askacademia_train,losing_text,qwen,mistral,1,1 (The comment is
b4612eb0-1772-4632-bfb5-cd44f8dbbfa3,askacademia_train,losing_generate_claude,qwen,mistral,5,5
b4612eb0-1772-4632-bfb5-cd44f8dbbfa3,askacademia_train,losing_generate_gemini,qwen,mistral,5,5
b4612eb0-1772-4632-bfb5-cd44f8dbbfa3,askacademia_train,losing_generate_gpt4omini,qwen,mistral,5,5
b4612eb0-1772-4632-bfb5-cd44f8dbbfa3,askacademia_train,losing_generate_gpt5nano,qwen,mistral,5,"5

The comment"
b4612eb0-1772-4632-bfb5-cd44f8dbbfa3,askacademia_train,losing_generate_llama,qwen,mistral,5,5 (The comment directly
b4612eb0-1772-4632-bfb5-cd44f8dbbfa3,askacademia_train,losing_generate_mistral,qwen,mistral,5,5
b4612eb0-1772-4632-bfb5-cd44f8dbbfa3,askacademia_train,losing_generate_qwen,qwen,mistral,5,5
b4612eb0-1772-4632-bfb5-cd44f8dbbfa3,askacademia_train,losing_improve_claude,qwen,mistral,2,2 (Clarity)
b4612eb0-1772-4632-bfb5-cd44f8dbbfa3,askacademia_train,losing_improve_gemini,qwen,mistral,2,2 (Clarity)
b4612eb0-1772-4632-bfb5-cd44f8dbbfa3,askacademia_train,losing_improve_gpt4omini,qwen,mistral,5,5 (The comment directly
b4612eb0-1772-4632-bfb5-cd44f8dbbfa3,askacademia_train,losing_improve_gpt5nano,qwen,mistral,5,5 (The comment directly
b4612eb0-1772-4632-bfb5-cd44f8dbbfa3,askacademia_train,losing_improve_llama,qwen,mistral,5,5 (The comment directly
b4612eb0-1772-4632-bfb5-cd44f8dbbfa3,askacademia_train,losing_improve_mistral,qwen,mistral,2,2
b4612eb0-1772-4632-bfb5-cd44f8dbbfa3,askacademia_train,losing_improve_qwen,qwen,mistral,5,5
b4612eb0-1772-4632-bfb5-cd44f8dbbfa3,askacademia_train,losing_paraphrase_claude,qwen,mistral,5,"5

The comment"
b4612eb0-1772-4632-bfb5-cd44f8dbbfa3,askacademia_train,losing_paraphrase_gemini,qwen,mistral,2,"2

The comment"
b4612eb0-1772-4632-bfb5-cd44f8dbbfa3,askacademia_train,losing_paraphrase_gpt4omini,qwen,mistral,2,"2

(The"
b4612eb0-1772-4632-bfb5-cd44f8dbbfa3,askacademia_train,losing_paraphrase_gpt5nano,qwen,mistral,1,1
b4612eb0-1772-4632-bfb5-cd44f8dbbfa3,askacademia_train,losing_paraphrase_llama,qwen,mistral,3,"3

The comment"
b4612eb0-1772-4632-bfb5-cd44f8dbbfa3,askacademia_train,losing_paraphrase_mistral,qwen,mistral,2,2 (Clarity)
b4612eb0-1772-4632-bfb5-cd44f8dbbfa3,askacademia_train,losing_paraphrase_qwen,qwen,mistral,2,"2

(The"
11b7e63a-ade4-488c-a7ef-d4bbfc662559,askacademia_train,winning_text,qwen,mistral,2,"2

(The"
11b7e63a-ade4-488c-a7ef-d4bbfc662559,askacademia_train,losing_text,qwen,mistral,2,"2

(The"
11b7e63a-ade4-488c-a7ef-d4bbfc662559,askacademia_train,losing_generate_claude,qwen,mistral,5,5
11b7e63a-ade4-488c-a7ef-d4bbfc662559,askacademia_train,losing_generate_gemini,qwen,mistral,5,5
11b7e63a-ade4-488c-a7ef-d4bbfc662559,askacademia_train,losing_generate_gpt4omini,qwen,mistral,5,5
11b7e63a-ade4-488c-a7ef-d4bbfc662559,askacademia_train,losing_generate_gpt5nano,qwen,mistral,5,5
11b7e63a-ade4-488c-a7ef-d4bbfc662559,askacademia_train,losing_generate_llama,qwen,mistral,5,5 (The comment directly
11b7e63a-ade4-488c-a7ef-d4bbfc662559,askacademia_train,losing_generate_mistral,qwen,mistral,5,5 (The comment directly
11b7e63a-ade4-488c-a7ef-d4bbfc662559,askacademia_train,losing_generate_qwen,qwen,mistral,5,5 (The comment directly
11b7e63a-ade4-488c-a7ef-d4bbfc662559,askacademia_train,losing_improve_claude,qwen,mistral,5,5 (The comment directly
11b7e63a-ade4-488c-a7ef-d4bbfc662559,askacademia_train,losing_improve_gemini,qwen,mistral,1,1 (Helpfulness)
11b7e63a-ade4-488c-a7ef-d4bbfc662559,askacademia_train,losing_improve_gpt4omini,qwen,mistral,5,5
11b7e63a-ade4-488c-a7ef-d4bbfc662559,askacademia_train,losing_improve_gpt5nano,qwen,mistral,5,5 (The comment directly
11b7e63a-ade4-488c-a7ef-d4bbfc662559,askacademia_train,losing_improve_llama,qwen,mistral,3,"3

The comment"
11b7e63a-ade4-488c-a7ef-d4bbfc662559,askacademia_train,losing_improve_mistral,qwen,mistral,3,"3

Explan"
11b7e63a-ade4-488c-a7ef-d4bbfc662559,askacademia_train,losing_improve_qwen,qwen,mistral,2,"2

Explan"
11b7e63a-ade4-488c-a7ef-d4bbfc662559,askacademia_train,losing_paraphrase_claude,qwen,mistral,2,"2

Explan"
11b7e63a-ade4-488c-a7ef-d4bbfc662559,askacademia_train,losing_paraphrase_gemini,qwen,mistral,4,4 (The tone is
11b7e63a-ade4-488c-a7ef-d4bbfc662559,askacademia_train,losing_paraphrase_gpt4omini,qwen,mistral,2,"2

The comment"
11b7e63a-ade4-488c-a7ef-d4bbfc662559,askacademia_train,losing_paraphrase_gpt5nano,qwen,mistral,AMBIG,Based on the scoring rubric
11b7e63a-ade4-488c-a7ef-d4bbfc662559,askacademia_train,losing_paraphrase_llama,qwen,mistral,5,5
11b7e63a-ade4-488c-a7ef-d4bbfc662559,askacademia_train,losing_paraphrase_mistral,qwen,mistral,2,"2

Explan"
11b7e63a-ade4-488c-a7ef-d4bbfc662559,askacademia_train,losing_paraphrase_qwen,qwen,mistral,2,"2

Explan"
459c37cc-e7d0-4611-a21b-d018cfd98b54,askacademia_train,winning_text,qwen,mistral,3,"3

Although"
459c37cc-e7d0-4611-a21b-d018cfd98b54,askacademia_train,losing_text,qwen,mistral,2,"2

(The"
459c37cc-e7d0-4611-a21b-d018cfd98b54,askacademia_train,losing_generate_claude,qwen,mistral,5,5
459c37cc-e7d0-4611-a21b-d018cfd98b54,askacademia_train,losing_generate_gemini,qwen,mistral,5,5 (The comment directly
459c37cc-e7d0-4611-a21b-d018cfd98b54,askacademia_train,losing_generate_gpt4omini,qwen,mistral,5,5
459c37cc-e7d0-4611-a21b-d018cfd98b54,askacademia_train,losing_generate_gpt5nano,qwen,mistral,5,5
459c37cc-e7d0-4611-a21b-d018cfd98b54,askacademia_train,losing_generate_llama,qwen,mistral,5,5 (The comment directly
459c37cc-e7d0-4611-a21b-d018cfd98b54,askacademia_train,losing_generate_mistral,qwen,mistral,5,5 (The comment directly
459c37cc-e7d0-4611-a21b-d018cfd98b54,askacademia_train,losing_generate_qwen,qwen,mistral,5,5 (The comment directly
459c37cc-e7d0-4611-a21b-d018cfd98b54,askacademia_train,losing_improve_claude,qwen,mistral,5,5
459c37cc-e7d0-4611-a21b-d018cfd98b54,askacademia_train,losing_improve_gemini,qwen,mistral,5,5 (The comment directly
459c37cc-e7d0-4611-a21b-d018cfd98b54,askacademia_train,losing_improve_gpt4omini,qwen,mistral,5,5
459c37cc-e7d0-4611-a21b-d018cfd98b54,askacademia_train,losing_improve_gpt5nano,qwen,mistral,5,5 (The comment directly
459c37cc-e7d0-4611-a21b-d018cfd98b54,askacademia_train,losing_improve_llama,qwen,mistral,5,5 (The comment directly
459c37cc-e7d0-4611-a21b-d018cfd98b54,askacademia_train,losing_improve_mistral,qwen,mistral,3,"3

Explan"
459c37cc-e7d0-4611-a21b-d018cfd98b54,askacademia_train,losing_improve_qwen,qwen,mistral,3,"3

The comment"
459c37cc-e7d0-4611-a21b-d018cfd98b54,askacademia_train,losing_paraphrase_claude,qwen,mistral,3,"3

The comment"
459c37cc-e7d0-4611-a21b-d018cfd98b54,askacademia_train,losing_paraphrase_gemini,qwen,mistral,4,4. The tone is
459c37cc-e7d0-4611-a21b-d018cfd98b54,askacademia_train,losing_paraphrase_gpt4omini,qwen,mistral,2,"2

(The"
459c37cc-e7d0-4611-a21b-d018cfd98b54,askacademia_train,losing_paraphrase_gpt5nano,qwen,mistral,2,"2

The comment"
459c37cc-e7d0-4611-a21b-d018cfd98b54,askacademia_train,losing_paraphrase_llama,qwen,mistral,5,5 (The comment directly
459c37cc-e7d0-4611-a21b-d018cfd98b54,askacademia_train,losing_paraphrase_mistral,qwen,mistral,3,"3

The comment"
459c37cc-e7d0-4611-a21b-d018cfd98b54,askacademia_train,losing_paraphrase_qwen,qwen,mistral,3,"3

The response"
e57a8b1b-1050-457a-85c9-ecba94c63d02,askacademia_train,winning_text,qwen,mistral,1,1 (The comment is
e57a8b1b-1050-457a-85c9-ecba94c63d02,askacademia_train,losing_text,qwen,mistral,2,"2

(The"
e57a8b1b-1050-457a-85c9-ecba94c63d02,askacademia_train,losing_generate_claude,qwen,mistral,5,5
e57a8b1b-1050-457a-85c9-ecba94c63d02,askacademia_train,losing_generate_gemini,qwen,mistral,5,5 (The comment directly
e57a8b1b-1050-457a-85c9-ecba94c63d02,askacademia_train,losing_generate_gpt4omini,qwen,mistral,5,5
e57a8b1b-1050-457a-85c9-ecba94c63d02,askacademia_train,losing_generate_gpt5nano,qwen,mistral,5,5
e57a8b1b-1050-457a-85c9-ecba94c63d02,askacademia_train,losing_generate_llama,qwen,mistral,5,5 (The comment directly
e57a8b1b-1050-457a-85c9-ecba94c63d02,askacademia_train,losing_generate_mistral,qwen,mistral,5,5
e57a8b1b-1050-457a-85c9-ecba94c63d02,askacademia_train,losing_generate_qwen,qwen,mistral,5,5 (The comment directly
e57a8b1b-1050-457a-85c9-ecba94c63d02,askacademia_train,losing_improve_claude,qwen,mistral,5,5
e57a8b1b-1050-457a-85c9-ecba94c63d02,askacademia_train,losing_improve_gemini,qwen,mistral,5,5 (The comment directly
e57a8b1b-1050-457a-85c9-ecba94c63d02,askacademia_train,losing_improve_gpt4omini,qwen,mistral,5,5
e57a8b1b-1050-457a-85c9-ecba94c63d02,askacademia_train,losing_improve_gpt5nano,qwen,mistral,5,5 (The comment directly
e57a8b1b-1050-457a-85c9-ecba94c63d02,askacademia_train,losing_improve_llama,qwen,mistral,5,5 (The comment directly
e57a8b1b-1050-457a-85c9-ecba94c63d02,askacademia_train,losing_improve_mistral,qwen,mistral,3,"3

Explan"
e57a8b1b-1050-457a-85c9-ecba94c63d02,askacademia_train,losing_improve_qwen,qwen,mistral,3,"3

The comment"
e57a8b1b-1050-457a-85c9-ecba94c63d02,askacademia_train,losing_paraphrase_claude,qwen,mistral,3,"3

The comment"
e57a8b1b-1050-457a-85c9-ecba94c63d02,askacademia_train,losing_paraphrase_gemini,qwen,mistral,5,5
e57a8b1b-1050-457a-85c9-ecba94c63d02,askacademia_train,losing_paraphrase_gpt4omini,qwen,mistral,2,"2

The comment"
e57a8b1b-1050-457a-85c9-ecba94c63d02,askacademia_train,losing_paraphrase_gpt5nano,qwen,mistral,2,"2

The comment"
e57a8b1b-1050-457a-85c9-ecba94c63d02,askacademia_train,losing_paraphrase_llama,qwen,mistral,5,5 (The comment directly
e57a8b1b-1050-457a-85c9-ecba94c63d02,askacademia_train,losing_paraphrase_mistral,qwen,mistral,3,"3

The comment"
e57a8b1b-1050-457a-85c9-ecba94c63d02,askacademia_train,losing_paraphrase_qwen,qwen,mistral,3,"3

The response"
f35c0b8d-f88b-4d21-b43b-7668069d026c,askacademia_train,winning_text,qwen,mistral,3,"3

Explan"
f35c0b8d-f88b-4d21-b43b-7668069d026c,askacademia_train,losing_text,qwen,mistral,2,"2

(The"
f35c0b8d-f88b-4d21-b43b-7668069d026c,askacademia_train,losing_generate_claude,qwen,mistral,5,5
f35c0b8d-f88b-4d21-b43b-7668069d026c,askacademia_train,losing_generate_gemini,qwen,mistral,5,5 (The comment directly
f35c0b8d-f88b-4d21-b43b-7668069d026c,askacademia_train,losing_generate_gpt4omini,qwen,mistral,5,5
f35c0b8d-f88b-4d21-b43b-7668069d026c,askacademia_train,losing_generate_gpt5nano,qwen,mistral,5,5
f35c0b8d-f88b-4d21-b43b-7668069d026c,askacademia_train,losing_generate_llama,qwen,mistral,5,5 (The comment directly
f35c0b8d-f88b-4d21-b43b-7668069d026c,askacademia_train,losing_generate_mistral,qwen,mistral,5,5 (The comment directly
f35c0b8d-f88b-4d21-b43b-7668069d026c,askacademia_train,losing_generate_qwen,qwen,mistral,5,5
f35c0b8d-f88b-4d21-b43b-7668069d026c,askacademia_train,losing_improve_claude,qwen,mistral,5,5
f35c0b8d-f88b-4d21-b43b-7668069d026c,askacademia_train,losing_improve_gemini,qwen,mistral,5,5 (The comment directly
f35c0b8d-f88b-4d21-b43b-7668069d026c,askacademia_train,losing_improve_gpt4omini,qwen,mistral,5,5
f35c0b8d-f88b-4d21-b43b-7668069d026c,askacademia_train,losing_improve_gpt5nano,qwen,mistral,5,5
f35c0b8d-f88b-4d21-b43b-7668069d026c,askacademia_train,losing_improve_llama,qwen,mistral,5,5 (The comment directly
f35c0b8d-f88b-4d21-b43b-7668069d026c,askacademia_train,losing_improve_mistral,qwen,mistral,3,"3

Explan"
f35c0b8d-f88b-4d21-b43b-7668069d026c,askacademia_train,losing_improve_qwen,qwen,mistral,3,"3

The comment"
f35c0b8d-f88b-4d21-b43b-7668069d026c,askacademia_train,losing_paraphrase_claude,qwen,mistral,3,"3

The comment"
f35c0b8d-f88b-4d21-b43b-7668069d026c,askacademia_train,losing_paraphrase_gemini,qwen,mistral,5,5
f35c0b8d-f88b-4d21-b43b-7668069d026c,askacademia_train,losing_paraphrase_gpt4omini,qwen,mistral,2,"2

(The"
f35c0b8d-f88b-4d21-b43b-7668069d026c,askacademia_train,losing_paraphrase_gpt5nano,qwen,mistral,2,"2

The comment"
f35c0b8d-f88b-4d21-b43b-7668069d026c,askacademia_train,losing_paraphrase_llama,qwen,mistral,5,5 (The comment directly
f35c0b8d-f88b-4d21-b43b-7668069d026c,askacademia_train,losing_paraphrase_mistral,qwen,mistral,3,"3

The comment"
f35c0b8d-f88b-4d21-b43b-7668069d026c,askacademia_train,losing_paraphrase_qwen,qwen,mistral,3,"3

The response"
2d40847e-4874-4f1a-9eaf-f511ace256f2,askacademia_train,winning_text,qwen,mistral,AMBIG,Based on the scoring rubric
2d40847e-4874-4f1a-9eaf-f511ace256f2,askacademia_train,losing_text,qwen,mistral,2,"2

(The"
2d40847e-4874-4f1a-9eaf-f511ace256f2,askacademia_train,losing_generate_claude,qwen,mistral,5,5
2d40847e-4874-4f1a-9eaf-f511ace256f2,askacademia_train,losing_generate_gemini,qwen,mistral,5,5
2d40847e-4874-4f1a-9eaf-f511ace256f2,askacademia_train,losing_generate_gpt4omini,qwen,mistral,5,5
2d40847e-4874-4f1a-9eaf-f511ace256f2,askacademia_train,losing_generate_gpt5nano,qwen,mistral,5,5 (The comment directly
2d40847e-4874-4f1a-9eaf-f511ace256f2,askacademia_train,losing_generate_llama,qwen,mistral,5,5 (The comment directly
2d40847e-4874-4f1a-9eaf-f511ace256f2,askacademia_train,losing_generate_mistral,qwen,mistral,5,5 (The comment directly
2d40847e-4874-4f1a-9eaf-f511ace256f2,askacademia_train,losing_generate_qwen,qwen,mistral,5,5 (The comment directly
2d40847e-4874-4f1a-9eaf-f511ace256f2,askacademia_train,losing_improve_claude,qwen,mistral,5,5
2d40847e-4874-4f1a-9eaf-f511ace256f2,askacademia_train,losing_improve_gemini,qwen,mistral,5,5 (The comment directly
2d40847e-4874-4f1a-9eaf-f511ace256f2,askacademia_train,losing_improve_gpt4omini,qwen,mistral,5,5 (The comment directly
2d40847e-4874-4f1a-9eaf-f511ace256f2,askacademia_train,losing_improve_gpt5nano,qwen,mistral,5,5
2d40847e-4874-4f1a-9eaf-f511ace256f2,askacademia_train,losing_improve_llama,qwen,mistral,5,5 (The comment directly
2d40847e-4874-4f1a-9eaf-f511ace256f2,askacademia_train,losing_improve_mistral,qwen,mistral,3,"3

Explan"
2d40847e-4874-4f1a-9eaf-f511ace256f2,askacademia_train,losing_improve_qwen,qwen,mistral,3,"3

The comment"
2d40847e-4874-4f1a-9eaf-f511ace256f2,askacademia_train,losing_paraphrase_claude,qwen,mistral,3,"3

The comment"
2d40847e-4874-4f1a-9eaf-f511ace256f2,askacademia_train,losing_paraphrase_gemini,qwen,mistral,5,5
2d40847e-4874-4f1a-9eaf-f511ace256f2,askacademia_train,losing_paraphrase_gpt4omini,qwen,mistral,2,"2

The comment"
2d40847e-4874-4f1a-9eaf-f511ace256f2,askacademia_train,losing_paraphrase_gpt5nano,qwen,mistral,2,"2

The comment"
2d40847e-4874-4f1a-9eaf-f511ace256f2,askacademia_train,losing_paraphrase_llama,qwen,mistral,5,5 (The comment directly
2d40847e-4874-4f1a-9eaf-f511ace256f2,askacademia_train,losing_paraphrase_mistral,qwen,mistral,3,"3

The comment"
2d40847e-4874-4f1a-9eaf-f511ace256f2,askacademia_train,losing_paraphrase_qwen,qwen,mistral,3,"3

The response"
60493546-6c01-4ad2-9892-1649796003fa,askacademia_train,winning_text,qwen,mistral,3,"3

Although"
60493546-6c01-4ad2-9892-1649796003fa,askacademia_train,losing_text,qwen,mistral,2,"2

(The"
60493546-6c01-4ad2-9892-1649796003fa,askacademia_train,losing_generate_claude,qwen,mistral,5,5
60493546-6c01-4ad2-9892-1649796003fa,askacademia_train,losing_generate_gemini,qwen,mistral,5,5
60493546-6c01-4ad2-9892-1649796003fa,askacademia_train,losing_generate_gpt4omini,qwen,mistral,5,5
60493546-6c01-4ad2-9892-1649796003fa,askacademia_train,losing_generate_gpt5nano,qwen,mistral,5,5 (The comment directly
60493546-6c01-4ad2-9892-1649796003fa,askacademia_train,losing_generate_llama,qwen,mistral,5,5 (The comment directly
60493546-6c01-4ad2-9892-1649796003fa,askacademia_train,losing_generate_mistral,qwen,mistral,5,5 (The comment directly
60493546-6c01-4ad2-9892-1649796003fa,askacademia_train,losing_generate_qwen,qwen,mistral,5,5
60493546-6c01-4ad2-9892-1649796003fa,askacademia_train,losing_improve_claude,qwen,mistral,1,"1

The response"
60493546-6c01-4ad2-9892-1649796003fa,askacademia_train,losing_improve_gemini,qwen,mistral,1,1 (Helpfulness)
60493546-6c01-4ad2-9892-1649796003fa,askacademia_train,losing_improve_gpt4omini,qwen,mistral,5,5 (The comment directly
60493546-6c01-4ad2-9892-1649796003fa,askacademia_train,losing_improve_gpt5nano,qwen,mistral,5,5 (The comment directly
60493546-6c01-4ad2-9892-1649796003fa,askacademia_train,losing_improve_llama,qwen,mistral,3,"3

The comment"
60493546-6c01-4ad2-9892-1649796003fa,askacademia_train,losing_improve_mistral,qwen,mistral,3,3 (Relevance
60493546-6c01-4ad2-9892-1649796003fa,askacademia_train,losing_improve_qwen,qwen,mistral,2,"2

Explan"
60493546-6c01-4ad2-9892-1649796003fa,askacademia_train,losing_paraphrase_claude,qwen,mistral,2,"2

Explan"
60493546-6c01-4ad2-9892-1649796003fa,askacademia_train,losing_paraphrase_gemini,qwen,mistral,5,5
60493546-6c01-4ad2-9892-1649796003fa,askacademia_train,losing_paraphrase_gpt4omini,qwen,mistral,2,"2

The comment"
60493546-6c01-4ad2-9892-1649796003fa,askacademia_train,losing_paraphrase_gpt5nano,qwen,mistral,AMBIG,Based on the scoring rubric
60493546-6c01-4ad2-9892-1649796003fa,askacademia_train,losing_paraphrase_llama,qwen,mistral,5,5
60493546-6c01-4ad2-9892-1649796003fa,askacademia_train,losing_paraphrase_mistral,qwen,mistral,2,"2

Explan"
60493546-6c01-4ad2-9892-1649796003fa,askacademia_train,losing_paraphrase_qwen,qwen,mistral,2,"2

Explan"
2cbae963-1778-487d-9072-3a36b97bfed8,askacademia_train,winning_text,qwen,mistral,1,1 (The comment is
2cbae963-1778-487d-9072-3a36b97bfed8,askacademia_train,losing_text,qwen,mistral,2,"2

(The"
2cbae963-1778-487d-9072-3a36b97bfed8,askacademia_train,losing_generate_claude,qwen,mistral,5,5
2cbae963-1778-487d-9072-3a36b97bfed8,askacademia_train,losing_generate_gemini,qwen,mistral,5,5
2cbae963-1778-487d-9072-3a36b97bfed8,askacademia_train,losing_generate_gpt4omini,qwen,mistral,5,5
2cbae963-1778-487d-9072-3a36b97bfed8,askacademia_train,losing_generate_gpt5nano,qwen,mistral,5,5
2cbae963-1778-487d-9072-3a36b97bfed8,askacademia_train,losing_generate_llama,qwen,mistral,5,5 (The comment directly
2cbae963-1778-487d-9072-3a36b97bfed8,askacademia_train,losing_generate_mistral,qwen,mistral,5,5 (The comment directly
2cbae963-1778-487d-9072-3a36b97bfed8,askacademia_train,losing_generate_qwen,qwen,mistral,5,5 (The comment directly
2cbae963-1778-487d-9072-3a36b97bfed8,askacademia_train,losing_improve_claude,qwen,mistral,5,5 (The comment directly
2cbae963-1778-487d-9072-3a36b97bfed8,askacademia_train,losing_improve_gemini,qwen,mistral,1,1 (Helpfulness)
2cbae963-1778-487d-9072-3a36b97bfed8,askacademia_train,losing_improve_gpt4omini,qwen,mistral,3,"3

Explan"
2cbae963-1778-487d-9072-3a36b97bfed8,askacademia_train,losing_improve_gpt5nano,qwen,mistral,5,5 (The comment directly
2cbae963-1778-487d-9072-3a36b97bfed8,askacademia_train,losing_improve_llama,qwen,mistral,3,"3

The comment"
2cbae963-1778-487d-9072-3a36b97bfed8,askacademia_train,losing_improve_mistral,qwen,mistral,3,3 (Relevance
2cbae963-1778-487d-9072-3a36b97bfed8,askacademia_train,losing_improve_qwen,qwen,mistral,2,"2

Explan"
2cbae963-1778-487d-9072-3a36b97bfed8,askacademia_train,losing_paraphrase_claude,qwen,mistral,2,"2

Explan"
2cbae963-1778-487d-9072-3a36b97bfed8,askacademia_train,losing_paraphrase_gemini,qwen,mistral,3,"3

The comment"
2cbae963-1778-487d-9072-3a36b97bfed8,askacademia_train,losing_paraphrase_gpt4omini,qwen,mistral,2,"2

The comment"
2cbae963-1778-487d-9072-3a36b97bfed8,askacademia_train,losing_paraphrase_gpt5nano,qwen,mistral,AMBIG,Based on the scoring rubric
2cbae963-1778-487d-9072-3a36b97bfed8,askacademia_train,losing_paraphrase_llama,qwen,mistral,5,5
2cbae963-1778-487d-9072-3a36b97bfed8,askacademia_train,losing_paraphrase_mistral,qwen,mistral,2,"2

Explan"
2cbae963-1778-487d-9072-3a36b97bfed8,askacademia_train,losing_paraphrase_qwen,qwen,mistral,2,"2

Explan"
0a8e03e1-ad7e-424e-97ee-0e527fe92137,askacademia_train,winning_text,qwen,mistral,3,"3

Explan"
0a8e03e1-ad7e-424e-97ee-0e527fe92137,askacademia_train,losing_text,qwen,mistral,2,"2

(The"
0a8e03e1-ad7e-424e-97ee-0e527fe92137,askacademia_train,losing_generate_claude,qwen,mistral,5,5
0a8e03e1-ad7e-424e-97ee-0e527fe92137,askacademia_train,losing_generate_gemini,qwen,mistral,5,5 (The comment directly
0a8e03e1-ad7e-424e-97ee-0e527fe92137,askacademia_train,losing_generate_gpt4omini,qwen,mistral,5,5
0a8e03e1-ad7e-424e-97ee-0e527fe92137,askacademia_train,losing_generate_gpt5nano,qwen,mistral,5,5
0a8e03e1-ad7e-424e-97ee-0e527fe92137,askacademia_train,losing_generate_llama,qwen,mistral,5,5 (The comment directly
0a8e03e1-ad7e-424e-97ee-0e527fe92137,askacademia_train,losing_generate_mistral,qwen,mistral,5,5
0a8e03e1-ad7e-424e-97ee-0e527fe92137,askacademia_train,losing_generate_qwen,qwen,mistral,5,5 (The comment directly
0a8e03e1-ad7e-424e-97ee-0e527fe92137,askacademia_train,losing_improve_claude,qwen,mistral,5,5 (The comment directly
0a8e03e1-ad7e-424e-97ee-0e527fe92137,askacademia_train,losing_improve_gemini,qwen,mistral,1,1 (Helpfulness)
0a8e03e1-ad7e-424e-97ee-0e527fe92137,askacademia_train,losing_improve_gpt4omini,qwen,mistral,3,"3

The comment"
0a8e03e1-ad7e-424e-97ee-0e527fe92137,askacademia_train,losing_improve_gpt5nano,qwen,mistral,5,5 (The comment directly
0a8e03e1-ad7e-424e-97ee-0e527fe92137,askacademia_train,losing_improve_llama,qwen,mistral,3,"3

The comment"
0a8e03e1-ad7e-424e-97ee-0e527fe92137,askacademia_train,losing_improve_mistral,qwen,mistral,3,3 (Relevance
0a8e03e1-ad7e-424e-97ee-0e527fe92137,askacademia_train,losing_improve_qwen,qwen,mistral,2,"2

Explan"
0a8e03e1-ad7e-424e-97ee-0e527fe92137,askacademia_train,losing_paraphrase_claude,qwen,mistral,2,"2

Explan"
0a8e03e1-ad7e-424e-97ee-0e527fe92137,askacademia_train,losing_paraphrase_gemini,qwen,mistral,3,"3

Explan"
0a8e03e1-ad7e-424e-97ee-0e527fe92137,askacademia_train,losing_paraphrase_gpt4omini,qwen,mistral,2,"2

The comment"
0a8e03e1-ad7e-424e-97ee-0e527fe92137,askacademia_train,losing_paraphrase_gpt5nano,qwen,mistral,2,"2

Explan"
0a8e03e1-ad7e-424e-97ee-0e527fe92137,askacademia_train,losing_paraphrase_llama,qwen,mistral,5,5
0a8e03e1-ad7e-424e-97ee-0e527fe92137,askacademia_train,losing_paraphrase_mistral,qwen,mistral,2,"2

Explan"
0a8e03e1-ad7e-424e-97ee-0e527fe92137,askacademia_train,losing_paraphrase_qwen,qwen,mistral,2,"2

Explan"
d3b6ae73-47de-4e1b-b1a3-7888337424ac,askacademia_train,winning_text,qwen,mistral,AMBIG,Based on the scoring rubric
d3b6ae73-47de-4e1b-b1a3-7888337424ac,askacademia_train,losing_text,qwen,mistral,2,"2

(The"
d3b6ae73-47de-4e1b-b1a3-7888337424ac,askacademia_train,losing_generate_claude,qwen,mistral,5,5
d3b6ae73-47de-4e1b-b1a3-7888337424ac,askacademia_train,losing_generate_gemini,qwen,mistral,5,5 (The comment directly
d3b6ae73-47de-4e1b-b1a3-7888337424ac,askacademia_train,losing_generate_gpt4omini,qwen,mistral,5,5
d3b6ae73-47de-4e1b-b1a3-7888337424ac,askacademia_train,losing_generate_gpt5nano,qwen,mistral,5,5
d3b6ae73-47de-4e1b-b1a3-7888337424ac,askacademia_train,losing_generate_llama,qwen,mistral,5,5 (The comment directly
d3b6ae73-47de-4e1b-b1a3-7888337424ac,askacademia_train,losing_generate_mistral,qwen,mistral,5,5
d3b6ae73-47de-4e1b-b1a3-7888337424ac,askacademia_train,losing_generate_qwen,qwen,mistral,5,5
d3b6ae73-47de-4e1b-b1a3-7888337424ac,askacademia_train,losing_improve_claude,qwen,mistral,5,5 (The comment directly
d3b6ae73-47de-4e1b-b1a3-7888337424ac,askacademia_train,losing_improve_gemini,qwen,mistral,1,1 (Helpfulness)
d3b6ae73-47de-4e1b-b1a3-7888337424ac,askacademia_train,losing_improve_gpt4omini,qwen,mistral,5,5 (The comment directly
d3b6ae73-47de-4e1b-b1a3-7888337424ac,askacademia_train,losing_improve_gpt5nano,qwen,mistral,5,5 (The comment directly
d3b6ae73-47de-4e1b-b1a3-7888337424ac,askacademia_train,losing_improve_llama,qwen,mistral,3,"3

The comment"
d3b6ae73-47de-4e1b-b1a3-7888337424ac,askacademia_train,losing_improve_mistral,qwen,mistral,3,3 (Relevance
d3b6ae73-47de-4e1b-b1a3-7888337424ac,askacademia_train,losing_improve_qwen,qwen,mistral,2,"2

Explan"
d3b6ae73-47de-4e1b-b1a3-7888337424ac,askacademia_train,losing_paraphrase_claude,qwen,mistral,2,"2

Explan"
d3b6ae73-47de-4e1b-b1a3-7888337424ac,askacademia_train,losing_paraphrase_gemini,qwen,mistral,3,"3

Explan"
d3b6ae73-47de-4e1b-b1a3-7888337424ac,askacademia_train,losing_paraphrase_gpt4omini,qwen,mistral,2,"2

The comment"
d3b6ae73-47de-4e1b-b1a3-7888337424ac,askacademia_train,losing_paraphrase_gpt5nano,qwen,mistral,2,"2

Explan"
d3b6ae73-47de-4e1b-b1a3-7888337424ac,askacademia_train,losing_paraphrase_llama,qwen,mistral,5,5
d3b6ae73-47de-4e1b-b1a3-7888337424ac,askacademia_train,losing_paraphrase_mistral,qwen,mistral,2,"2

Explan"
d3b6ae73-47de-4e1b-b1a3-7888337424ac,askacademia_train,losing_paraphrase_qwen,qwen,mistral,2,"2

Explan"
01440904-0e40-4b7c-a877-41993417f19e,askacademia_train,winning_text,qwen,mistral,3,"3

Explan"
01440904-0e40-4b7c-a877-41993417f19e,askacademia_train,losing_text,qwen,mistral,2,"2

The comment"
01440904-0e40-4b7c-a877-41993417f19e,askacademia_train,losing_generate_claude,qwen,mistral,5,5
01440904-0e40-4b7c-a877-41993417f19e,askacademia_train,losing_generate_gemini,qwen,mistral,5,5 (The comment directly
01440904-0e40-4b7c-a877-41993417f19e,askacademia_train,losing_generate_gpt4omini,qwen,mistral,5,5
01440904-0e40-4b7c-a877-41993417f19e,askacademia_train,losing_generate_gpt5nano,qwen,mistral,5,5
01440904-0e40-4b7c-a877-41993417f19e,askacademia_train,losing_generate_llama,qwen,mistral,5,5 (The comment directly
01440904-0e40-4b7c-a877-41993417f19e,askacademia_train,losing_generate_mistral,qwen,mistral,5,5
01440904-0e40-4b7c-a877-41993417f19e,askacademia_train,losing_generate_qwen,qwen,mistral,5,5
01440904-0e40-4b7c-a877-41993417f19e,askacademia_train,losing_improve_claude,qwen,mistral,5,5
01440904-0e40-4b7c-a877-41993417f19e,askacademia_train,losing_improve_gemini,qwen,mistral,3,"3

Explan"
01440904-0e40-4b7c-a877-41993417f19e,askacademia_train,losing_improve_gpt4omini,qwen,mistral,5,5
01440904-0e40-4b7c-a877-41993417f19e,askacademia_train,losing_improve_gpt5nano,qwen,mistral,5,5
01440904-0e40-4b7c-a877-41993417f19e,askacademia_train,losing_improve_llama,qwen,mistral,5,5 (The comment directly
01440904-0e40-4b7c-a877-41993417f19e,askacademia_train,losing_improve_mistral,qwen,mistral,3,"3

Explan"
01440904-0e40-4b7c-a877-41993417f19e,askacademia_train,losing_improve_qwen,qwen,mistral,5,5 (The comment directly
01440904-0e40-4b7c-a877-41993417f19e,askacademia_train,losing_paraphrase_claude,qwen,mistral,2,"2

(The"
01440904-0e40-4b7c-a877-41993417f19e,askacademia_train,losing_paraphrase_gemini,qwen,mistral,3,"3

Explan"
01440904-0e40-4b7c-a877-41993417f19e,askacademia_train,losing_paraphrase_gpt4omini,qwen,mistral,2,"2

The comment"
01440904-0e40-4b7c-a877-41993417f19e,askacademia_train,losing_paraphrase_gpt5nano,qwen,mistral,3,"3

The comment"
01440904-0e40-4b7c-a877-41993417f19e,askacademia_train,losing_paraphrase_llama,qwen,mistral,3,"3

Explan"
01440904-0e40-4b7c-a877-41993417f19e,askacademia_train,losing_paraphrase_mistral,qwen,mistral,2,"2

The comment"
01440904-0e40-4b7c-a877-41993417f19e,askacademia_train,losing_paraphrase_qwen,qwen,mistral,3,"3

Explan"
3b5c48da-a8fe-4ab6-a587-c1a6772191f5,askacademia_train,winning_text,qwen,mistral,1,1 (The comment is
3b5c48da-a8fe-4ab6-a587-c1a6772191f5,askacademia_train,losing_text,qwen,mistral,2,"2

The comment"
3b5c48da-a8fe-4ab6-a587-c1a6772191f5,askacademia_train,losing_generate_claude,qwen,mistral,5,5
3b5c48da-a8fe-4ab6-a587-c1a6772191f5,askacademia_train,losing_generate_gemini,qwen,mistral,5,5 (The comment directly
3b5c48da-a8fe-4ab6-a587-c1a6772191f5,askacademia_train,losing_generate_gpt4omini,qwen,mistral,5,5
3b5c48da-a8fe-4ab6-a587-c1a6772191f5,askacademia_train,losing_generate_gpt5nano,qwen,mistral,5,5 (The comment directly
3b5c48da-a8fe-4ab6-a587-c1a6772191f5,askacademia_train,losing_generate_llama,qwen,mistral,5,5
3b5c48da-a8fe-4ab6-a587-c1a6772191f5,askacademia_train,losing_generate_mistral,qwen,mistral,5,5 (The comment directly
3b5c48da-a8fe-4ab6-a587-c1a6772191f5,askacademia_train,losing_generate_qwen,qwen,mistral,5,5 (The comment directly
3b5c48da-a8fe-4ab6-a587-c1a6772191f5,askacademia_train,losing_improve_claude,qwen,mistral,5,5
3b5c48da-a8fe-4ab6-a587-c1a6772191f5,askacademia_train,losing_improve_gemini,qwen,mistral,3,3 (The comment is
3b5c48da-a8fe-4ab6-a587-c1a6772191f5,askacademia_train,losing_improve_gpt4omini,qwen,mistral,5,5
3b5c48da-a8fe-4ab6-a587-c1a6772191f5,askacademia_train,losing_improve_gpt5nano,qwen,mistral,5,5 (The comment directly
3b5c48da-a8fe-4ab6-a587-c1a6772191f5,askacademia_train,losing_improve_llama,qwen,mistral,5,5 (The comment directly
3b5c48da-a8fe-4ab6-a587-c1a6772191f5,askacademia_train,losing_improve_mistral,qwen,mistral,3,"3

The comment"
3b5c48da-a8fe-4ab6-a587-c1a6772191f5,askacademia_train,losing_improve_qwen,qwen,mistral,5,5 (The comment directly
3b5c48da-a8fe-4ab6-a587-c1a6772191f5,askacademia_train,losing_paraphrase_claude,qwen,mistral,2,"2

(The"
3b5c48da-a8fe-4ab6-a587-c1a6772191f5,askacademia_train,losing_paraphrase_gemini,qwen,mistral,3,"3

Explan"
3b5c48da-a8fe-4ab6-a587-c1a6772191f5,askacademia_train,losing_paraphrase_gpt4omini,qwen,mistral,2,"2

The comment"
3b5c48da-a8fe-4ab6-a587-c1a6772191f5,askacademia_train,losing_paraphrase_gpt5nano,qwen,mistral,2,"2

The comment"
3b5c48da-a8fe-4ab6-a587-c1a6772191f5,askacademia_train,losing_paraphrase_llama,qwen,mistral,3,"3

Explan"
3b5c48da-a8fe-4ab6-a587-c1a6772191f5,askacademia_train,losing_paraphrase_mistral,qwen,mistral,2,"2

The comment"
3b5c48da-a8fe-4ab6-a587-c1a6772191f5,askacademia_train,losing_paraphrase_qwen,qwen,mistral,3,"3

Explan"
3ed5aec2-7dfe-4686-8c17-3fa4db2b7963,askacademia_train,winning_text,qwen,mistral,3,"3

Explan"
3ed5aec2-7dfe-4686-8c17-3fa4db2b7963,askacademia_train,losing_text,qwen,mistral,2,"2

The comment"
3ed5aec2-7dfe-4686-8c17-3fa4db2b7963,askacademia_train,losing_generate_claude,qwen,mistral,5,5
3ed5aec2-7dfe-4686-8c17-3fa4db2b7963,askacademia_train,losing_generate_gemini,qwen,mistral,5,5
3ed5aec2-7dfe-4686-8c17-3fa4db2b7963,askacademia_train,losing_generate_gpt4omini,qwen,mistral,5,5
3ed5aec2-7dfe-4686-8c17-3fa4db2b7963,askacademia_train,losing_generate_gpt5nano,qwen,mistral,5,5
3ed5aec2-7dfe-4686-8c17-3fa4db2b7963,askacademia_train,losing_generate_llama,qwen,mistral,5,5 (The comment directly
3ed5aec2-7dfe-4686-8c17-3fa4db2b7963,askacademia_train,losing_generate_mistral,qwen,mistral,5,5 (The comment directly
3ed5aec2-7dfe-4686-8c17-3fa4db2b7963,askacademia_train,losing_generate_qwen,qwen,mistral,5,5
3ed5aec2-7dfe-4686-8c17-3fa4db2b7963,askacademia_train,losing_improve_claude,qwen,mistral,5,5
3ed5aec2-7dfe-4686-8c17-3fa4db2b7963,askacademia_train,losing_improve_gemini,qwen,mistral,3,"3

Explan"
3ed5aec2-7dfe-4686-8c17-3fa4db2b7963,askacademia_train,losing_improve_gpt4omini,qwen,mistral,5,5 (The comment directly
3ed5aec2-7dfe-4686-8c17-3fa4db2b7963,askacademia_train,losing_improve_gpt5nano,qwen,mistral,5,5 (The comment directly
3ed5aec2-7dfe-4686-8c17-3fa4db2b7963,askacademia_train,losing_improve_llama,qwen,mistral,5,5 (The comment directly
3ed5aec2-7dfe-4686-8c17-3fa4db2b7963,askacademia_train,losing_improve_mistral,qwen,mistral,3,"3

The comment"
3ed5aec2-7dfe-4686-8c17-3fa4db2b7963,askacademia_train,losing_improve_qwen,qwen,mistral,5,5 (The comment directly
3ed5aec2-7dfe-4686-8c17-3fa4db2b7963,askacademia_train,losing_paraphrase_claude,qwen,mistral,2,"2

The comment"
3ed5aec2-7dfe-4686-8c17-3fa4db2b7963,askacademia_train,losing_paraphrase_gemini,qwen,mistral,3,"3

Explan"
3ed5aec2-7dfe-4686-8c17-3fa4db2b7963,askacademia_train,losing_paraphrase_gpt4omini,qwen,mistral,2,"2

The comment"
3ed5aec2-7dfe-4686-8c17-3fa4db2b7963,askacademia_train,losing_paraphrase_gpt5nano,qwen,mistral,2,"2

The comment"
3ed5aec2-7dfe-4686-8c17-3fa4db2b7963,askacademia_train,losing_paraphrase_llama,qwen,mistral,3,"3

The comment"
3ed5aec2-7dfe-4686-8c17-3fa4db2b7963,askacademia_train,losing_paraphrase_mistral,qwen,mistral,2,"2

The comment"
3ed5aec2-7dfe-4686-8c17-3fa4db2b7963,askacademia_train,losing_paraphrase_qwen,qwen,mistral,3,"3

Explan"
6b8ea25c-868e-4f79-94cb-dd747a5d4666,askacademia_train,winning_text,qwen,mistral,AMBIG,Based on the scoring rubric
6b8ea25c-868e-4f79-94cb-dd747a5d4666,askacademia_train,losing_text,qwen,mistral,2,"2

The comment"
6b8ea25c-868e-4f79-94cb-dd747a5d4666,askacademia_train,losing_generate_claude,qwen,mistral,5,5
6b8ea25c-868e-4f79-94cb-dd747a5d4666,askacademia_train,losing_generate_gemini,qwen,mistral,5,5 (The comment directly
6b8ea25c-868e-4f79-94cb-dd747a5d4666,askacademia_train,losing_generate_gpt4omini,qwen,mistral,5,5
6b8ea25c-868e-4f79-94cb-dd747a5d4666,askacademia_train,losing_generate_gpt5nano,qwen,mistral,5,5 (The comment directly
6b8ea25c-868e-4f79-94cb-dd747a5d4666,askacademia_train,losing_generate_llama,qwen,mistral,5,5 (The comment directly
6b8ea25c-868e-4f79-94cb-dd747a5d4666,askacademia_train,losing_generate_mistral,qwen,mistral,5,5
6b8ea25c-868e-4f79-94cb-dd747a5d4666,askacademia_train,losing_generate_qwen,qwen,mistral,5,5 (The comment directly
6b8ea25c-868e-4f79-94cb-dd747a5d4666,askacademia_train,losing_improve_claude,qwen,mistral,5,5
6b8ea25c-868e-4f79-94cb-dd747a5d4666,askacademia_train,losing_improve_gemini,qwen,mistral,3,"3

Explan"
6b8ea25c-868e-4f79-94cb-dd747a5d4666,askacademia_train,losing_improve_gpt4omini,qwen,mistral,5,5 (The comment directly
6b8ea25c-868e-4f79-94cb-dd747a5d4666,askacademia_train,losing_improve_gpt5nano,qwen,mistral,5,5
6b8ea25c-868e-4f79-94cb-dd747a5d4666,askacademia_train,losing_improve_llama,qwen,mistral,5,5 (The comment directly
6b8ea25c-868e-4f79-94cb-dd747a5d4666,askacademia_train,losing_improve_mistral,qwen,mistral,3,"3

The comment"
6b8ea25c-868e-4f79-94cb-dd747a5d4666,askacademia_train,losing_improve_qwen,qwen,mistral,5,5 (The comment directly
6b8ea25c-868e-4f79-94cb-dd747a5d4666,askacademia_train,losing_paraphrase_claude,qwen,mistral,2,"2

(The"
6b8ea25c-868e-4f79-94cb-dd747a5d4666,askacademia_train,losing_paraphrase_gemini,qwen,mistral,4,4 (The tone is
6b8ea25c-868e-4f79-94cb-dd747a5d4666,askacademia_train,losing_paraphrase_gpt4omini,qwen,mistral,2,"2

The comment"
6b8ea25c-868e-4f79-94cb-dd747a5d4666,askacademia_train,losing_paraphrase_gpt5nano,qwen,mistral,2,"2

The comment"
6b8ea25c-868e-4f79-94cb-dd747a5d4666,askacademia_train,losing_paraphrase_llama,qwen,mistral,3,"3

Explan"
6b8ea25c-868e-4f79-94cb-dd747a5d4666,askacademia_train,losing_paraphrase_mistral,qwen,mistral,2,"2

The comment"
6b8ea25c-868e-4f79-94cb-dd747a5d4666,askacademia_train,losing_paraphrase_qwen,qwen,mistral,3,"3

Explan"
174a7dd7-d1e2-4448-9bc6-72daa891763c,askacademia_train,winning_text,qwen,mistral,1,1 (The comment is
174a7dd7-d1e2-4448-9bc6-72daa891763c,askacademia_train,losing_text,qwen,mistral,3,"3

Although"
174a7dd7-d1e2-4448-9bc6-72daa891763c,askacademia_train,losing_generate_claude,qwen,mistral,5,5
174a7dd7-d1e2-4448-9bc6-72daa891763c,askacademia_train,losing_generate_gemini,qwen,mistral,5,5
174a7dd7-d1e2-4448-9bc6-72daa891763c,askacademia_train,losing_generate_gpt4omini,qwen,mistral,5,5
174a7dd7-d1e2-4448-9bc6-72daa891763c,askacademia_train,losing_generate_gpt5nano,qwen,mistral,5,5 (The comment directly
174a7dd7-d1e2-4448-9bc6-72daa891763c,askacademia_train,losing_generate_llama,qwen,mistral,5,5 (The comment directly
174a7dd7-d1e2-4448-9bc6-72daa891763c,askacademia_train,losing_generate_mistral,qwen,mistral,5,5
174a7dd7-d1e2-4448-9bc6-72daa891763c,askacademia_train,losing_generate_qwen,qwen,mistral,5,5 (The comment directly
174a7dd7-d1e2-4448-9bc6-72daa891763c,askacademia_train,losing_improve_claude,qwen,mistral,5,5
174a7dd7-d1e2-4448-9bc6-72daa891763c,askacademia_train,losing_improve_gemini,qwen,mistral,5,5 (The comment directly
174a7dd7-d1e2-4448-9bc6-72daa891763c,askacademia_train,losing_improve_gpt4omini,qwen,mistral,5,5
174a7dd7-d1e2-4448-9bc6-72daa891763c,askacademia_train,losing_improve_gpt5nano,qwen,mistral,5,5
174a7dd7-d1e2-4448-9bc6-72daa891763c,askacademia_train,losing_improve_llama,qwen,mistral,5,5
174a7dd7-d1e2-4448-9bc6-72daa891763c,askacademia_train,losing_improve_mistral,qwen,mistral,3,"3

The comment"
174a7dd7-d1e2-4448-9bc6-72daa891763c,askacademia_train,losing_improve_qwen,qwen,mistral,5,5
174a7dd7-d1e2-4448-9bc6-72daa891763c,askacademia_train,losing_paraphrase_claude,qwen,mistral,4,"4

Explan"
174a7dd7-d1e2-4448-9bc6-72daa891763c,askacademia_train,losing_paraphrase_gemini,qwen,mistral,5,5 (The comment directly
174a7dd7-d1e2-4448-9bc6-72daa891763c,askacademia_train,losing_paraphrase_gpt4omini,qwen,mistral,3,"3

Although"
174a7dd7-d1e2-4448-9bc6-72daa891763c,askacademia_train,losing_paraphrase_gpt5nano,qwen,mistral,3,"3

Although"
174a7dd7-d1e2-4448-9bc6-72daa891763c,askacademia_train,losing_paraphrase_llama,qwen,mistral,5,5 (The comment directly
174a7dd7-d1e2-4448-9bc6-72daa891763c,askacademia_train,losing_paraphrase_mistral,qwen,mistral,3,"3

Explan"
174a7dd7-d1e2-4448-9bc6-72daa891763c,askacademia_train,losing_paraphrase_qwen,qwen,mistral,3,"3

Explan"
ef92f861-e5b4-4ce1-b984-9eac475a3517,askacademia_train,winning_text,qwen,mistral,AMBIG,Based on the scoring rubric
ef92f861-e5b4-4ce1-b984-9eac475a3517,askacademia_train,losing_text,qwen,mistral,3,"3

Explan"
ef92f861-e5b4-4ce1-b984-9eac475a3517,askacademia_train,losing_generate_claude,qwen,mistral,5,5
ef92f861-e5b4-4ce1-b984-9eac475a3517,askacademia_train,losing_generate_gemini,qwen,mistral,5,5 (The comment directly
ef92f861-e5b4-4ce1-b984-9eac475a3517,askacademia_train,losing_generate_gpt4omini,qwen,mistral,5,5
ef92f861-e5b4-4ce1-b984-9eac475a3517,askacademia_train,losing_generate_gpt5nano,qwen,mistral,5,5
ef92f861-e5b4-4ce1-b984-9eac475a3517,askacademia_train,losing_generate_llama,qwen,mistral,5,5 (The comment directly
ef92f861-e5b4-4ce1-b984-9eac475a3517,askacademia_train,losing_generate_mistral,qwen,mistral,5,5 (The comment directly
ef92f861-e5b4-4ce1-b984-9eac475a3517,askacademia_train,losing_generate_qwen,qwen,mistral,5,5 (The comment directly
ef92f861-e5b4-4ce1-b984-9eac475a3517,askacademia_train,losing_improve_claude,qwen,mistral,5,5
ef92f861-e5b4-4ce1-b984-9eac475a3517,askacademia_train,losing_improve_gemini,qwen,mistral,5,5 (The comment directly
ef92f861-e5b4-4ce1-b984-9eac475a3517,askacademia_train,losing_improve_gpt4omini,qwen,mistral,5,5 (The comment directly
ef92f861-e5b4-4ce1-b984-9eac475a3517,askacademia_train,losing_improve_gpt5nano,qwen,mistral,5,5
ef92f861-e5b4-4ce1-b984-9eac475a3517,askacademia_train,losing_improve_llama,qwen,mistral,5,5
ef92f861-e5b4-4ce1-b984-9eac475a3517,askacademia_train,losing_improve_mistral,qwen,mistral,3,"3

The comment"
ef92f861-e5b4-4ce1-b984-9eac475a3517,askacademia_train,losing_improve_qwen,qwen,mistral,5,5
ef92f861-e5b4-4ce1-b984-9eac475a3517,askacademia_train,losing_paraphrase_claude,qwen,mistral,4,"4

Explan"
ef92f861-e5b4-4ce1-b984-9eac475a3517,askacademia_train,losing_paraphrase_gemini,qwen,mistral,5,5 (The comment directly
ef92f861-e5b4-4ce1-b984-9eac475a3517,askacademia_train,losing_paraphrase_gpt4omini,qwen,mistral,3,"3

Although"
ef92f861-e5b4-4ce1-b984-9eac475a3517,askacademia_train,losing_paraphrase_gpt5nano,qwen,mistral,3,"3

Explan"
ef92f861-e5b4-4ce1-b984-9eac475a3517,askacademia_train,losing_paraphrase_llama,qwen,mistral,5,5 (The comment directly
ef92f861-e5b4-4ce1-b984-9eac475a3517,askacademia_train,losing_paraphrase_mistral,qwen,mistral,3,"3

Explan"
ef92f861-e5b4-4ce1-b984-9eac475a3517,askacademia_train,losing_paraphrase_qwen,qwen,mistral,3,"3

Explan"
70643603-a227-4b43-b42a-95518e2adfb7,askacademia_train,winning_text,qwen,mistral,3,"3

Explan"
70643603-a227-4b43-b42a-95518e2adfb7,askacademia_train,losing_text,qwen,mistral,AMBIG,Based on the scoring rubric
70643603-a227-4b43-b42a-95518e2adfb7,askacademia_train,losing_generate_claude,qwen,mistral,5,5
70643603-a227-4b43-b42a-95518e2adfb7,askacademia_train,losing_generate_gemini,qwen,mistral,5,5 (The comment directly
70643603-a227-4b43-b42a-95518e2adfb7,askacademia_train,losing_generate_gpt4omini,qwen,mistral,5,5
70643603-a227-4b43-b42a-95518e2adfb7,askacademia_train,losing_generate_gpt5nano,qwen,mistral,5,5
70643603-a227-4b43-b42a-95518e2adfb7,askacademia_train,losing_generate_llama,qwen,mistral,5,5 (The comment directly
70643603-a227-4b43-b42a-95518e2adfb7,askacademia_train,losing_generate_mistral,qwen,mistral,5,5 (The comment directly
70643603-a227-4b43-b42a-95518e2adfb7,askacademia_train,losing_generate_qwen,qwen,mistral,5,5 (The comment directly
70643603-a227-4b43-b42a-95518e2adfb7,askacademia_train,losing_improve_claude,qwen,mistral,1,"1

The comment"
70643603-a227-4b43-b42a-95518e2adfb7,askacademia_train,losing_improve_gemini,qwen,mistral,5,5
70643603-a227-4b43-b42a-95518e2adfb7,askacademia_train,losing_improve_gpt4omini,qwen,mistral,5,5 (The comment directly
70643603-a227-4b43-b42a-95518e2adfb7,askacademia_train,losing_improve_gpt5nano,qwen,mistral,5,5
70643603-a227-4b43-b42a-95518e2adfb7,askacademia_train,losing_improve_llama,qwen,mistral,5,5
70643603-a227-4b43-b42a-95518e2adfb7,askacademia_train,losing_improve_mistral,qwen,mistral,3,"3

The comment"
70643603-a227-4b43-b42a-95518e2adfb7,askacademia_train,losing_improve_qwen,qwen,mistral,5,5 (The comment directly
70643603-a227-4b43-b42a-95518e2adfb7,askacademia_train,losing_paraphrase_claude,qwen,mistral,3,"3

Explan"
70643603-a227-4b43-b42a-95518e2adfb7,askacademia_train,losing_paraphrase_gemini,qwen,mistral,5,5 (The comment directly
70643603-a227-4b43-b42a-95518e2adfb7,askacademia_train,losing_paraphrase_gpt4omini,qwen,mistral,2,"2

The comment"
70643603-a227-4b43-b42a-95518e2adfb7,askacademia_train,losing_paraphrase_gpt5nano,qwen,mistral,3,"3

Explan"
70643603-a227-4b43-b42a-95518e2adfb7,askacademia_train,losing_paraphrase_llama,qwen,mistral,2,"2

The comment"
70643603-a227-4b43-b42a-95518e2adfb7,askacademia_train,losing_paraphrase_mistral,qwen,mistral,3,"3

Explan"
70643603-a227-4b43-b42a-95518e2adfb7,askacademia_train,losing_paraphrase_qwen,qwen,mistral,2,"2

The comment"
037e6f05-8ec2-4a92-a4dd-f931bd1fa52d,askacademia_train,winning_text,qwen,mistral,2,"2

The comment"
037e6f05-8ec2-4a92-a4dd-f931bd1fa52d,askacademia_train,losing_text,qwen,mistral,AMBIG,Based on the scoring rubric
037e6f05-8ec2-4a92-a4dd-f931bd1fa52d,askacademia_train,losing_generate_claude,qwen,mistral,5,5
037e6f05-8ec2-4a92-a4dd-f931bd1fa52d,askacademia_train,losing_generate_gemini,qwen,mistral,5,5
037e6f05-8ec2-4a92-a4dd-f931bd1fa52d,askacademia_train,losing_generate_gpt4omini,qwen,mistral,5,5
037e6f05-8ec2-4a92-a4dd-f931bd1fa52d,askacademia_train,losing_generate_gpt5nano,qwen,mistral,5,5
037e6f05-8ec2-4a92-a4dd-f931bd1fa52d,askacademia_train,losing_generate_llama,qwen,mistral,5,5 (The comment directly
037e6f05-8ec2-4a92-a4dd-f931bd1fa52d,askacademia_train,losing_generate_mistral,qwen,mistral,5,5
037e6f05-8ec2-4a92-a4dd-f931bd1fa52d,askacademia_train,losing_generate_qwen,qwen,mistral,5,5
037e6f05-8ec2-4a92-a4dd-f931bd1fa52d,askacademia_train,losing_improve_claude,qwen,mistral,5,5
037e6f05-8ec2-4a92-a4dd-f931bd1fa52d,askacademia_train,losing_improve_gemini,qwen,mistral,5,5
037e6f05-8ec2-4a92-a4dd-f931bd1fa52d,askacademia_train,losing_improve_gpt4omini,qwen,mistral,5,5
037e6f05-8ec2-4a92-a4dd-f931bd1fa52d,askacademia_train,losing_improve_gpt5nano,qwen,mistral,5,5
037e6f05-8ec2-4a92-a4dd-f931bd1fa52d,askacademia_train,losing_improve_llama,qwen,mistral,5,5
037e6f05-8ec2-4a92-a4dd-f931bd1fa52d,askacademia_train,losing_improve_mistral,qwen,mistral,3,"3

Explan"
037e6f05-8ec2-4a92-a4dd-f931bd1fa52d,askacademia_train,losing_improve_qwen,qwen,mistral,5,5 (The comment directly
037e6f05-8ec2-4a92-a4dd-f931bd1fa52d,askacademia_train,losing_paraphrase_claude,qwen,mistral,3,"3

The comment"
037e6f05-8ec2-4a92-a4dd-f931bd1fa52d,askacademia_train,losing_paraphrase_gemini,qwen,mistral,5,5
037e6f05-8ec2-4a92-a4dd-f931bd1fa52d,askacademia_train,losing_paraphrase_gpt4omini,qwen,mistral,2,"2

The comment"
037e6f05-8ec2-4a92-a4dd-f931bd1fa52d,askacademia_train,losing_paraphrase_gpt5nano,qwen,mistral,3,"3

Explan"
037e6f05-8ec2-4a92-a4dd-f931bd1fa52d,askacademia_train,losing_paraphrase_llama,qwen,mistral,2,"2

The comment"
037e6f05-8ec2-4a92-a4dd-f931bd1fa52d,askacademia_train,losing_paraphrase_mistral,qwen,mistral,3,"3

Explan"
037e6f05-8ec2-4a92-a4dd-f931bd1fa52d,askacademia_train,losing_paraphrase_qwen,qwen,mistral,2,"2

The comment"
852ddcb1-21da-4644-a98b-b944d731d8df,askacademia_train,winning_text,qwen,mistral,AMBIG,Based on the scoring rubric
852ddcb1-21da-4644-a98b-b944d731d8df,askacademia_train,losing_text,qwen,mistral,AMBIG,Based on the scoring rubric
852ddcb1-21da-4644-a98b-b944d731d8df,askacademia_train,losing_generate_claude,qwen,mistral,5,5
852ddcb1-21da-4644-a98b-b944d731d8df,askacademia_train,losing_generate_gemini,qwen,mistral,5,5
852ddcb1-21da-4644-a98b-b944d731d8df,askacademia_train,losing_generate_gpt4omini,qwen,mistral,5,5
852ddcb1-21da-4644-a98b-b944d731d8df,askacademia_train,losing_generate_gpt5nano,qwen,mistral,4,"4

The comment"
852ddcb1-21da-4644-a98b-b944d731d8df,askacademia_train,losing_generate_llama,qwen,mistral,5,5 (The comment directly
852ddcb1-21da-4644-a98b-b944d731d8df,askacademia_train,losing_generate_mistral,qwen,mistral,5,5
852ddcb1-21da-4644-a98b-b944d731d8df,askacademia_train,losing_generate_qwen,qwen,mistral,5,5 (The comment directly
852ddcb1-21da-4644-a98b-b944d731d8df,askacademia_train,losing_improve_claude,qwen,mistral,1,"1

The comment"
852ddcb1-21da-4644-a98b-b944d731d8df,askacademia_train,losing_improve_gemini,qwen,mistral,5,5
852ddcb1-21da-4644-a98b-b944d731d8df,askacademia_train,losing_improve_gpt4omini,qwen,mistral,5,5
852ddcb1-21da-4644-a98b-b944d731d8df,askacademia_train,losing_improve_gpt5nano,qwen,mistral,5,5
852ddcb1-21da-4644-a98b-b944d731d8df,askacademia_train,losing_improve_llama,qwen,mistral,5,5
852ddcb1-21da-4644-a98b-b944d731d8df,askacademia_train,losing_improve_mistral,qwen,mistral,3,"3

Explan"
852ddcb1-21da-4644-a98b-b944d731d8df,askacademia_train,losing_improve_qwen,qwen,mistral,5,5 (The comment directly
852ddcb1-21da-4644-a98b-b944d731d8df,askacademia_train,losing_paraphrase_claude,qwen,mistral,3,"3

Explan"
852ddcb1-21da-4644-a98b-b944d731d8df,askacademia_train,losing_paraphrase_gemini,qwen,mistral,5,5 (The comment directly
852ddcb1-21da-4644-a98b-b944d731d8df,askacademia_train,losing_paraphrase_gpt4omini,qwen,mistral,2,"2

The comment"
852ddcb1-21da-4644-a98b-b944d731d8df,askacademia_train,losing_paraphrase_gpt5nano,qwen,mistral,3,"3

Explan"
852ddcb1-21da-4644-a98b-b944d731d8df,askacademia_train,losing_paraphrase_llama,qwen,mistral,2,"2

The comment"
852ddcb1-21da-4644-a98b-b944d731d8df,askacademia_train,losing_paraphrase_mistral,qwen,mistral,3,"3

Explan"
852ddcb1-21da-4644-a98b-b944d731d8df,askacademia_train,losing_paraphrase_qwen,qwen,mistral,2,"2

The comment"
669ff101-0eb4-4387-97a3-50cb6e2ceaa0,askacademia_train,winning_text,qwen,mistral,AMBIG,Based on the scoring rubric
669ff101-0eb4-4387-97a3-50cb6e2ceaa0,askacademia_train,losing_text,qwen,mistral,3,"3

Explan"
669ff101-0eb4-4387-97a3-50cb6e2ceaa0,askacademia_train,losing_generate_claude,qwen,mistral,5,5
669ff101-0eb4-4387-97a3-50cb6e2ceaa0,askacademia_train,losing_generate_gemini,qwen,mistral,5,5 (The comment directly
669ff101-0eb4-4387-97a3-50cb6e2ceaa0,askacademia_train,losing_generate_gpt4omini,qwen,mistral,5,5
669ff101-0eb4-4387-97a3-50cb6e2ceaa0,askacademia_train,losing_generate_gpt5nano,qwen,mistral,5,5
669ff101-0eb4-4387-97a3-50cb6e2ceaa0,askacademia_train,losing_generate_llama,qwen,mistral,5,5 (The comment directly
669ff101-0eb4-4387-97a3-50cb6e2ceaa0,askacademia_train,losing_generate_mistral,qwen,mistral,5,5
669ff101-0eb4-4387-97a3-50cb6e2ceaa0,askacademia_train,losing_generate_qwen,qwen,mistral,5,5 (The comment directly
669ff101-0eb4-4387-97a3-50cb6e2ceaa0,askacademia_train,losing_improve_claude,qwen,mistral,4,"4

Explan"
669ff101-0eb4-4387-97a3-50cb6e2ceaa0,askacademia_train,losing_improve_gemini,qwen,mistral,5,5
669ff101-0eb4-4387-97a3-50cb6e2ceaa0,askacademia_train,losing_improve_gpt4omini,qwen,mistral,5,5
669ff101-0eb4-4387-97a3-50cb6e2ceaa0,askacademia_train,losing_improve_gpt5nano,qwen,mistral,5,5
669ff101-0eb4-4387-97a3-50cb6e2ceaa0,askacademia_train,losing_improve_llama,qwen,mistral,5,5
669ff101-0eb4-4387-97a3-50cb6e2ceaa0,askacademia_train,losing_improve_mistral,qwen,mistral,3,"3

Explan"
669ff101-0eb4-4387-97a3-50cb6e2ceaa0,askacademia_train,losing_improve_qwen,qwen,mistral,AMBIG,The score for this forum comment
669ff101-0eb4-4387-97a3-50cb6e2ceaa0,askacademia_train,losing_paraphrase_claude,qwen,mistral,4,"4

Explan"
669ff101-0eb4-4387-97a3-50cb6e2ceaa0,askacademia_train,losing_paraphrase_gemini,qwen,mistral,5,5
669ff101-0eb4-4387-97a3-50cb6e2ceaa0,askacademia_train,losing_paraphrase_gpt4omini,qwen,mistral,3,"3

Explan"
669ff101-0eb4-4387-97a3-50cb6e2ceaa0,askacademia_train,losing_paraphrase_gpt5nano,qwen,mistral,3,"3

Explan"
669ff101-0eb4-4387-97a3-50cb6e2ceaa0,askacademia_train,losing_paraphrase_llama,qwen,mistral,AMBIG,The given forum comment will be
669ff101-0eb4-4387-97a3-50cb6e2ceaa0,askacademia_train,losing_paraphrase_mistral,qwen,mistral,4,"4

Explan"
669ff101-0eb4-4387-97a3-50cb6e2ceaa0,askacademia_train,losing_paraphrase_qwen,qwen,mistral,3,"3

Explan"
7ec12c56-e577-4088-8315-3d9ff4afea8d,askacademia_train,winning_text,qwen,mistral,AMBIG,Based on the scoring rubric
7ec12c56-e577-4088-8315-3d9ff4afea8d,askacademia_train,losing_text,qwen,mistral,2,"2

The comment"
7ec12c56-e577-4088-8315-3d9ff4afea8d,askacademia_train,losing_generate_claude,qwen,mistral,5,5
7ec12c56-e577-4088-8315-3d9ff4afea8d,askacademia_train,losing_generate_gemini,qwen,mistral,5,5
7ec12c56-e577-4088-8315-3d9ff4afea8d,askacademia_train,losing_generate_gpt4omini,qwen,mistral,5,5
7ec12c56-e577-4088-8315-3d9ff4afea8d,askacademia_train,losing_generate_gpt5nano,qwen,mistral,5,5
7ec12c56-e577-4088-8315-3d9ff4afea8d,askacademia_train,losing_generate_llama,qwen,mistral,5,5 (The comment directly
7ec12c56-e577-4088-8315-3d9ff4afea8d,askacademia_train,losing_generate_mistral,qwen,mistral,5,5
7ec12c56-e577-4088-8315-3d9ff4afea8d,askacademia_train,losing_generate_qwen,qwen,mistral,5,5 (The comment directly
7ec12c56-e577-4088-8315-3d9ff4afea8d,askacademia_train,losing_improve_claude,qwen,mistral,5,5 (The comment directly
7ec12c56-e577-4088-8315-3d9ff4afea8d,askacademia_train,losing_improve_gemini,qwen,mistral,AMBIG,The score for the given forum
7ec12c56-e577-4088-8315-3d9ff4afea8d,askacademia_train,losing_improve_gpt4omini,qwen,mistral,5,5 (The comment directly
7ec12c56-e577-4088-8315-3d9ff4afea8d,askacademia_train,losing_improve_gpt5nano,qwen,mistral,5,5
7ec12c56-e577-4088-8315-3d9ff4afea8d,askacademia_train,losing_improve_llama,qwen,mistral,5,5 (The comment directly
7ec12c56-e577-4088-8315-3d9ff4afea8d,askacademia_train,losing_improve_mistral,qwen,mistral,5,5
7ec12c56-e577-4088-8315-3d9ff4afea8d,askacademia_train,losing_improve_qwen,qwen,mistral,1,"1

The comment"
7ec12c56-e577-4088-8315-3d9ff4afea8d,askacademia_train,losing_paraphrase_claude,qwen,mistral,2,"2

The comment"
7ec12c56-e577-4088-8315-3d9ff4afea8d,askacademia_train,losing_paraphrase_gemini,qwen,mistral,5,5
7ec12c56-e577-4088-8315-3d9ff4afea8d,askacademia_train,losing_paraphrase_gpt4omini,qwen,mistral,2,"2

(The"
7ec12c56-e577-4088-8315-3d9ff4afea8d,askacademia_train,losing_paraphrase_gpt5nano,qwen,mistral,2,"2

The comment"
7ec12c56-e577-4088-8315-3d9ff4afea8d,askacademia_train,losing_paraphrase_llama,qwen,mistral,3,"3

The comment"
7ec12c56-e577-4088-8315-3d9ff4afea8d,askacademia_train,losing_paraphrase_mistral,qwen,mistral,2,"2

The comment"
7ec12c56-e577-4088-8315-3d9ff4afea8d,askacademia_train,losing_paraphrase_qwen,qwen,mistral,2,"2

The comment"
3543e4db-1d24-432d-9f46-91d358490d40,askacademia_train,winning_text,qwen,mistral,AMBIG,Based on the scoring rubric
3543e4db-1d24-432d-9f46-91d358490d40,askacademia_train,losing_text,qwen,mistral,3,"3

The comment"
3543e4db-1d24-432d-9f46-91d358490d40,askacademia_train,losing_generate_claude,qwen,mistral,5,5
3543e4db-1d24-432d-9f46-91d358490d40,askacademia_train,losing_generate_gemini,qwen,mistral,5,5
3543e4db-1d24-432d-9f46-91d358490d40,askacademia_train,losing_generate_gpt4omini,qwen,mistral,5,5
3543e4db-1d24-432d-9f46-91d358490d40,askacademia_train,losing_generate_gpt5nano,qwen,mistral,5,5
3543e4db-1d24-432d-9f46-91d358490d40,askacademia_train,losing_generate_llama,qwen,mistral,5,5 (The comment directly
3543e4db-1d24-432d-9f46-91d358490d40,askacademia_train,losing_generate_mistral,qwen,mistral,5,5 (The comment directly
3543e4db-1d24-432d-9f46-91d358490d40,askacademia_train,losing_generate_qwen,qwen,mistral,5,5 (The comment directly
3543e4db-1d24-432d-9f46-91d358490d40,askacademia_train,losing_improve_claude,qwen,mistral,5,5
3543e4db-1d24-432d-9f46-91d358490d40,askacademia_train,losing_improve_gemini,qwen,mistral,4,"4

The comment"
3543e4db-1d24-432d-9f46-91d358490d40,askacademia_train,losing_improve_gpt4omini,qwen,mistral,5,5
3543e4db-1d24-432d-9f46-91d358490d40,askacademia_train,losing_improve_gpt5nano,qwen,mistral,5,5
3543e4db-1d24-432d-9f46-91d358490d40,askacademia_train,losing_improve_llama,qwen,mistral,4,"4

The comment"
3543e4db-1d24-432d-9f46-91d358490d40,askacademia_train,losing_improve_mistral,qwen,mistral,5,5   (The comment
3543e4db-1d24-432d-9f46-91d358490d40,askacademia_train,losing_improve_qwen,qwen,mistral,5,5
3543e4db-1d24-432d-9f46-91d358490d40,askacademia_train,losing_paraphrase_claude,qwen,mistral,4,"4

The comment"
3543e4db-1d24-432d-9f46-91d358490d40,askacademia_train,losing_paraphrase_gemini,qwen,mistral,5,5
3543e4db-1d24-432d-9f46-91d358490d40,askacademia_train,losing_paraphrase_gpt4omini,qwen,mistral,4,"4

The comment"
3543e4db-1d24-432d-9f46-91d358490d40,askacademia_train,losing_paraphrase_gpt5nano,qwen,mistral,4,"4

The comment"
3543e4db-1d24-432d-9f46-91d358490d40,askacademia_train,losing_paraphrase_llama,qwen,mistral,4,"4

The comment"
3543e4db-1d24-432d-9f46-91d358490d40,askacademia_train,losing_paraphrase_mistral,qwen,mistral,4,"4

The comment"
3543e4db-1d24-432d-9f46-91d358490d40,askacademia_train,losing_paraphrase_qwen,qwen,mistral,4,"4

Explan"
5ae23fae-e8ff-4a1a-a668-6f93b9384fe5,askacademia_train,winning_text,qwen,mistral,2,"2

(The"
5ae23fae-e8ff-4a1a-a668-6f93b9384fe5,askacademia_train,losing_text,qwen,mistral,3,"3

Explan"
5ae23fae-e8ff-4a1a-a668-6f93b9384fe5,askacademia_train,losing_generate_claude,qwen,mistral,5,5
5ae23fae-e8ff-4a1a-a668-6f93b9384fe5,askacademia_train,losing_generate_gemini,qwen,mistral,5,5 (The comment directly
5ae23fae-e8ff-4a1a-a668-6f93b9384fe5,askacademia_train,losing_generate_gpt4omini,qwen,mistral,5,5
5ae23fae-e8ff-4a1a-a668-6f93b9384fe5,askacademia_train,losing_generate_gpt5nano,qwen,mistral,5,5
5ae23fae-e8ff-4a1a-a668-6f93b9384fe5,askacademia_train,losing_generate_llama,qwen,mistral,5,5 (The comment directly
5ae23fae-e8ff-4a1a-a668-6f93b9384fe5,askacademia_train,losing_generate_mistral,qwen,mistral,5,5
5ae23fae-e8ff-4a1a-a668-6f93b9384fe5,askacademia_train,losing_generate_qwen,qwen,mistral,5,5 (The comment directly
5ae23fae-e8ff-4a1a-a668-6f93b9384fe5,askacademia_train,losing_improve_claude,qwen,mistral,5,5
5ae23fae-e8ff-4a1a-a668-6f93b9384fe5,askacademia_train,losing_improve_gemini,qwen,mistral,4,"4

The comment"
5ae23fae-e8ff-4a1a-a668-6f93b9384fe5,askacademia_train,losing_improve_gpt4omini,qwen,mistral,5,5
5ae23fae-e8ff-4a1a-a668-6f93b9384fe5,askacademia_train,losing_improve_gpt5nano,qwen,mistral,5,5
5ae23fae-e8ff-4a1a-a668-6f93b9384fe5,askacademia_train,losing_improve_llama,qwen,mistral,4,"4

The comment"
5ae23fae-e8ff-4a1a-a668-6f93b9384fe5,askacademia_train,losing_improve_mistral,qwen,mistral,5,5   (The comment
5ae23fae-e8ff-4a1a-a668-6f93b9384fe5,askacademia_train,losing_improve_qwen,qwen,mistral,5,5
5ae23fae-e8ff-4a1a-a668-6f93b9384fe5,askacademia_train,losing_paraphrase_claude,qwen,mistral,4,"4

The comment"
5ae23fae-e8ff-4a1a-a668-6f93b9384fe5,askacademia_train,losing_paraphrase_gemini,qwen,mistral,2,2
5ae23fae-e8ff-4a1a-a668-6f93b9384fe5,askacademia_train,losing_paraphrase_gpt4omini,qwen,mistral,4,"4

The comment"
5ae23fae-e8ff-4a1a-a668-6f93b9384fe5,askacademia_train,losing_paraphrase_gpt5nano,qwen,mistral,1,"1

Explan"
5ae23fae-e8ff-4a1a-a668-6f93b9384fe5,askacademia_train,losing_paraphrase_llama,qwen,mistral,4,"4

The comment"
5ae23fae-e8ff-4a1a-a668-6f93b9384fe5,askacademia_train,losing_paraphrase_mistral,qwen,mistral,4,"4

The comment"
5ae23fae-e8ff-4a1a-a668-6f93b9384fe5,askacademia_train,losing_paraphrase_qwen,qwen,mistral,4,"4

Explan"
a1bf7718-0903-4259-bee0-1896ba005896,askacademia_train,winning_text,qwen,mistral,3,"3

Explan"
a1bf7718-0903-4259-bee0-1896ba005896,askacademia_train,losing_text,qwen,mistral,3,"3

Explan"
a1bf7718-0903-4259-bee0-1896ba005896,askacademia_train,losing_generate_claude,qwen,mistral,5,5
a1bf7718-0903-4259-bee0-1896ba005896,askacademia_train,losing_generate_gemini,qwen,mistral,5,5 (The comment directly
a1bf7718-0903-4259-bee0-1896ba005896,askacademia_train,losing_generate_gpt4omini,qwen,mistral,5,5
a1bf7718-0903-4259-bee0-1896ba005896,askacademia_train,losing_generate_gpt5nano,qwen,mistral,5,5
a1bf7718-0903-4259-bee0-1896ba005896,askacademia_train,losing_generate_llama,qwen,mistral,5,5 (The comment directly
a1bf7718-0903-4259-bee0-1896ba005896,askacademia_train,losing_generate_mistral,qwen,mistral,5,5
a1bf7718-0903-4259-bee0-1896ba005896,askacademia_train,losing_generate_qwen,qwen,mistral,5,5
a1bf7718-0903-4259-bee0-1896ba005896,askacademia_train,losing_improve_claude,qwen,mistral,5,5
a1bf7718-0903-4259-bee0-1896ba005896,askacademia_train,losing_improve_gemini,qwen,mistral,4,4. The tone of
a1bf7718-0903-4259-bee0-1896ba005896,askacademia_train,losing_improve_gpt4omini,qwen,mistral,5,5
a1bf7718-0903-4259-bee0-1896ba005896,askacademia_train,losing_improve_gpt5nano,qwen,mistral,5,5
a1bf7718-0903-4259-bee0-1896ba005896,askacademia_train,losing_improve_llama,qwen,mistral,4,"4

The comment"
a1bf7718-0903-4259-bee0-1896ba005896,askacademia_train,losing_improve_mistral,qwen,mistral,5,"5

(The"
a1bf7718-0903-4259-bee0-1896ba005896,askacademia_train,losing_improve_qwen,qwen,mistral,5,5
a1bf7718-0903-4259-bee0-1896ba005896,askacademia_train,losing_paraphrase_claude,qwen,mistral,4,4. The tone of
a1bf7718-0903-4259-bee0-1896ba005896,askacademia_train,losing_paraphrase_gemini,qwen,mistral,5,5 (The comment directly
a1bf7718-0903-4259-bee0-1896ba005896,askacademia_train,losing_paraphrase_gpt4omini,qwen,mistral,4,"4

The comment"
a1bf7718-0903-4259-bee0-1896ba005896,askacademia_train,losing_paraphrase_gpt5nano,qwen,mistral,4,"4

The comment"
a1bf7718-0903-4259-bee0-1896ba005896,askacademia_train,losing_paraphrase_llama,qwen,mistral,4,"4

The comment"
a1bf7718-0903-4259-bee0-1896ba005896,askacademia_train,losing_paraphrase_mistral,qwen,mistral,4,"4

The comment"
a1bf7718-0903-4259-bee0-1896ba005896,askacademia_train,losing_paraphrase_qwen,qwen,mistral,4,"4

The comment"
fd7a8939-54da-4f73-aa5a-b6ceb3206110,askacademia_train,winning_text,qwen,mistral,3,"3

Explan"
fd7a8939-54da-4f73-aa5a-b6ceb3206110,askacademia_train,losing_text,qwen,mistral,3,"3

The comment"
fd7a8939-54da-4f73-aa5a-b6ceb3206110,askacademia_train,losing_generate_claude,qwen,mistral,5,5
fd7a8939-54da-4f73-aa5a-b6ceb3206110,askacademia_train,losing_generate_gemini,qwen,mistral,5,5
fd7a8939-54da-4f73-aa5a-b6ceb3206110,askacademia_train,losing_generate_gpt4omini,qwen,mistral,5,5
fd7a8939-54da-4f73-aa5a-b6ceb3206110,askacademia_train,losing_generate_gpt5nano,qwen,mistral,5,5 (The comment directly
fd7a8939-54da-4f73-aa5a-b6ceb3206110,askacademia_train,losing_generate_llama,qwen,mistral,5,5 (The comment directly
fd7a8939-54da-4f73-aa5a-b6ceb3206110,askacademia_train,losing_generate_mistral,qwen,mistral,5,5
fd7a8939-54da-4f73-aa5a-b6ceb3206110,askacademia_train,losing_generate_qwen,qwen,mistral,5,5
fd7a8939-54da-4f73-aa5a-b6ceb3206110,askacademia_train,losing_improve_claude,qwen,mistral,5,5
fd7a8939-54da-4f73-aa5a-b6ceb3206110,askacademia_train,losing_improve_gemini,qwen,mistral,5,5
fd7a8939-54da-4f73-aa5a-b6ceb3206110,askacademia_train,losing_improve_gpt4omini,qwen,mistral,5,5
fd7a8939-54da-4f73-aa5a-b6ceb3206110,askacademia_train,losing_improve_gpt5nano,qwen,mistral,5,5
fd7a8939-54da-4f73-aa5a-b6ceb3206110,askacademia_train,losing_improve_llama,qwen,mistral,2,"2

The comment"
fd7a8939-54da-4f73-aa5a-b6ceb3206110,askacademia_train,losing_improve_mistral,qwen,mistral,5,5 (The comment directly
fd7a8939-54da-4f73-aa5a-b6ceb3206110,askacademia_train,losing_improve_qwen,qwen,mistral,5,5
fd7a8939-54da-4f73-aa5a-b6ceb3206110,askacademia_train,losing_paraphrase_claude,qwen,mistral,5,5 (The comment directly
fd7a8939-54da-4f73-aa5a-b6ceb3206110,askacademia_train,losing_paraphrase_gemini,qwen,mistral,3,"3

Explan"
fd7a8939-54da-4f73-aa5a-b6ceb3206110,askacademia_train,losing_paraphrase_gpt4omini,qwen,mistral,5,5 (The comment directly
fd7a8939-54da-4f73-aa5a-b6ceb3206110,askacademia_train,losing_paraphrase_gpt5nano,qwen,mistral,4,"4

The comment"
fd7a8939-54da-4f73-aa5a-b6ceb3206110,askacademia_train,losing_paraphrase_llama,qwen,mistral,3,"3

Explan"
fd7a8939-54da-4f73-aa5a-b6ceb3206110,askacademia_train,losing_paraphrase_mistral,qwen,mistral,4,The comment scores 4 on
fd7a8939-54da-4f73-aa5a-b6ceb3206110,askacademia_train,losing_paraphrase_qwen,qwen,mistral,5,5
b7be74dc-8d2c-4ccf-a1aa-1d6380f899e6,askacademia_train,winning_text,qwen,mistral,2,"2

(The"
b7be74dc-8d2c-4ccf-a1aa-1d6380f899e6,askacademia_train,losing_text,qwen,mistral,3,"3

The comment"
b7be74dc-8d2c-4ccf-a1aa-1d6380f899e6,askacademia_train,losing_generate_claude,qwen,mistral,5,5
b7be74dc-8d2c-4ccf-a1aa-1d6380f899e6,askacademia_train,losing_generate_gemini,qwen,mistral,5,5 (The comment directly
b7be74dc-8d2c-4ccf-a1aa-1d6380f899e6,askacademia_train,losing_generate_gpt4omini,qwen,mistral,5,5
b7be74dc-8d2c-4ccf-a1aa-1d6380f899e6,askacademia_train,losing_generate_gpt5nano,qwen,mistral,5,5
b7be74dc-8d2c-4ccf-a1aa-1d6380f899e6,askacademia_train,losing_generate_llama,qwen,mistral,5,5 (The comment directly
b7be74dc-8d2c-4ccf-a1aa-1d6380f899e6,askacademia_train,losing_generate_mistral,qwen,mistral,5,5
b7be74dc-8d2c-4ccf-a1aa-1d6380f899e6,askacademia_train,losing_generate_qwen,qwen,mistral,5,5
b7be74dc-8d2c-4ccf-a1aa-1d6380f899e6,askacademia_train,losing_improve_claude,qwen,mistral,5,5
b7be74dc-8d2c-4ccf-a1aa-1d6380f899e6,askacademia_train,losing_improve_gemini,qwen,mistral,5,5
b7be74dc-8d2c-4ccf-a1aa-1d6380f899e6,askacademia_train,losing_improve_gpt4omini,qwen,mistral,5,5
b7be74dc-8d2c-4ccf-a1aa-1d6380f899e6,askacademia_train,losing_improve_gpt5nano,qwen,mistral,5,5
b7be74dc-8d2c-4ccf-a1aa-1d6380f899e6,askacademia_train,losing_improve_llama,qwen,mistral,2,"2

The comment"
b7be74dc-8d2c-4ccf-a1aa-1d6380f899e6,askacademia_train,losing_improve_mistral,qwen,mistral,5,The comment scores 5 out
b7be74dc-8d2c-4ccf-a1aa-1d6380f899e6,askacademia_train,losing_improve_qwen,qwen,mistral,5,5
b7be74dc-8d2c-4ccf-a1aa-1d6380f899e6,askacademia_train,losing_paraphrase_claude,qwen,mistral,5,5
b7be74dc-8d2c-4ccf-a1aa-1d6380f899e6,askacademia_train,losing_paraphrase_gemini,qwen,mistral,3,"3

Explan"
b7be74dc-8d2c-4ccf-a1aa-1d6380f899e6,askacademia_train,losing_paraphrase_gpt4omini,qwen,mistral,5,5
b7be74dc-8d2c-4ccf-a1aa-1d6380f899e6,askacademia_train,losing_paraphrase_gpt5nano,qwen,mistral,5,5
b7be74dc-8d2c-4ccf-a1aa-1d6380f899e6,askacademia_train,losing_paraphrase_llama,qwen,mistral,3,"3

Explan"
b7be74dc-8d2c-4ccf-a1aa-1d6380f899e6,askacademia_train,losing_paraphrase_mistral,qwen,mistral,3,The comment scores 3 on
b7be74dc-8d2c-4ccf-a1aa-1d6380f899e6,askacademia_train,losing_paraphrase_qwen,qwen,mistral,5,5 (The comment directly
8e3a45bb-53da-4669-b7b4-24cf00e66d62,askacademia_train,winning_text,qwen,mistral,AMBIG,I would give this forum comment
8e3a45bb-53da-4669-b7b4-24cf00e66d62,askacademia_train,losing_text,qwen,mistral,3,"3

The comment"
8e3a45bb-53da-4669-b7b4-24cf00e66d62,askacademia_train,losing_generate_claude,qwen,mistral,5,5
8e3a45bb-53da-4669-b7b4-24cf00e66d62,askacademia_train,losing_generate_gemini,qwen,mistral,5,5 (The comment directly
8e3a45bb-53da-4669-b7b4-24cf00e66d62,askacademia_train,losing_generate_gpt4omini,qwen,mistral,5,5
8e3a45bb-53da-4669-b7b4-24cf00e66d62,askacademia_train,losing_generate_gpt5nano,qwen,mistral,5,5
8e3a45bb-53da-4669-b7b4-24cf00e66d62,askacademia_train,losing_generate_llama,qwen,mistral,5,5 (The comment directly
8e3a45bb-53da-4669-b7b4-24cf00e66d62,askacademia_train,losing_generate_mistral,qwen,mistral,5,5
8e3a45bb-53da-4669-b7b4-24cf00e66d62,askacademia_train,losing_generate_qwen,qwen,mistral,5,5
8e3a45bb-53da-4669-b7b4-24cf00e66d62,askacademia_train,losing_improve_claude,qwen,mistral,4,"4

The response"
8e3a45bb-53da-4669-b7b4-24cf00e66d62,askacademia_train,losing_improve_gemini,qwen,mistral,5,5
8e3a45bb-53da-4669-b7b4-24cf00e66d62,askacademia_train,losing_improve_gpt4omini,qwen,mistral,5,5 (The comment directly
8e3a45bb-53da-4669-b7b4-24cf00e66d62,askacademia_train,losing_improve_gpt5nano,qwen,mistral,5,5
8e3a45bb-53da-4669-b7b4-24cf00e66d62,askacademia_train,losing_improve_llama,qwen,mistral,2,"2

The comment"
8e3a45bb-53da-4669-b7b4-24cf00e66d62,askacademia_train,losing_improve_mistral,qwen,mistral,5,5
8e3a45bb-53da-4669-b7b4-24cf00e66d62,askacademia_train,losing_improve_qwen,qwen,mistral,5,5
8e3a45bb-53da-4669-b7b4-24cf00e66d62,askacademia_train,losing_paraphrase_claude,qwen,mistral,5,5
8e3a45bb-53da-4669-b7b4-24cf00e66d62,askacademia_train,losing_paraphrase_gemini,qwen,mistral,3,"3

Explan"
8e3a45bb-53da-4669-b7b4-24cf00e66d62,askacademia_train,losing_paraphrase_gpt4omini,qwen,mistral,5,5 (The comment directly
8e3a45bb-53da-4669-b7b4-24cf00e66d62,askacademia_train,losing_paraphrase_gpt5nano,qwen,mistral,5,5
8e3a45bb-53da-4669-b7b4-24cf00e66d62,askacademia_train,losing_paraphrase_llama,qwen,mistral,3,"3

Explan"
8e3a45bb-53da-4669-b7b4-24cf00e66d62,askacademia_train,losing_paraphrase_mistral,qwen,mistral,3,The comment scores 3 on
8e3a45bb-53da-4669-b7b4-24cf00e66d62,askacademia_train,losing_paraphrase_qwen,qwen,mistral,5,5 (The comment directly
24c000fd-f544-4887-b521-1d6f7c74602d,askacademia_train,winning_text,qwen,mistral,3,"3

Explan"
24c000fd-f544-4887-b521-1d6f7c74602d,askacademia_train,losing_text,qwen,mistral,3,"3

The comment"
24c000fd-f544-4887-b521-1d6f7c74602d,askacademia_train,losing_generate_claude,qwen,mistral,5,5
24c000fd-f544-4887-b521-1d6f7c74602d,askacademia_train,losing_generate_gemini,qwen,mistral,5,5 (The comment directly
24c000fd-f544-4887-b521-1d6f7c74602d,askacademia_train,losing_generate_gpt4omini,qwen,mistral,5,5
24c000fd-f544-4887-b521-1d6f7c74602d,askacademia_train,losing_generate_gpt5nano,qwen,mistral,5,5
24c000fd-f544-4887-b521-1d6f7c74602d,askacademia_train,losing_generate_llama,qwen,mistral,5,5 (The comment directly
24c000fd-f544-4887-b521-1d6f7c74602d,askacademia_train,losing_generate_mistral,qwen,mistral,5,5
24c000fd-f544-4887-b521-1d6f7c74602d,askacademia_train,losing_generate_qwen,qwen,mistral,5,5
24c000fd-f544-4887-b521-1d6f7c74602d,askacademia_train,losing_improve_claude,qwen,mistral,5,5 (The comment directly
24c000fd-f544-4887-b521-1d6f7c74602d,askacademia_train,losing_improve_gemini,qwen,mistral,5,5
24c000fd-f544-4887-b521-1d6f7c74602d,askacademia_train,losing_improve_gpt4omini,qwen,mistral,5,5
24c000fd-f544-4887-b521-1d6f7c74602d,askacademia_train,losing_improve_gpt5nano,qwen,mistral,5,5 (The comment directly
24c000fd-f544-4887-b521-1d6f7c74602d,askacademia_train,losing_improve_llama,qwen,mistral,2,"2

The comment"
24c000fd-f544-4887-b521-1d6f7c74602d,askacademia_train,losing_improve_mistral,qwen,mistral,5,5
24c000fd-f544-4887-b521-1d6f7c74602d,askacademia_train,losing_improve_qwen,qwen,mistral,5,5 (The comment directly
24c000fd-f544-4887-b521-1d6f7c74602d,askacademia_train,losing_paraphrase_claude,qwen,mistral,5,5
24c000fd-f544-4887-b521-1d6f7c74602d,askacademia_train,losing_paraphrase_gemini,qwen,mistral,3,"3

Explan"
24c000fd-f544-4887-b521-1d6f7c74602d,askacademia_train,losing_paraphrase_gpt4omini,qwen,mistral,5,5
24c000fd-f544-4887-b521-1d6f7c74602d,askacademia_train,losing_paraphrase_gpt5nano,qwen,mistral,5,The comment scores 5 out
24c000fd-f544-4887-b521-1d6f7c74602d,askacademia_train,losing_paraphrase_llama,qwen,mistral,3,"3

Explan"
24c000fd-f544-4887-b521-1d6f7c74602d,askacademia_train,losing_paraphrase_mistral,qwen,mistral,3,The comment scores 3 on
24c000fd-f544-4887-b521-1d6f7c74602d,askacademia_train,losing_paraphrase_qwen,qwen,mistral,5,5 (The comment directly
c7a84565-29f2-45e1-b5c8-ea830089dafd,askacademia_train,winning_text,qwen,mistral,4,4 (The tone is
c7a84565-29f2-45e1-b5c8-ea830089dafd,askacademia_train,losing_text,qwen,mistral,3,"3

The comment"
c7a84565-29f2-45e1-b5c8-ea830089dafd,askacademia_train,losing_generate_claude,qwen,mistral,5,5
c7a84565-29f2-45e1-b5c8-ea830089dafd,askacademia_train,losing_generate_gemini,qwen,mistral,5,5
c7a84565-29f2-45e1-b5c8-ea830089dafd,askacademia_train,losing_generate_gpt4omini,qwen,mistral,5,5
c7a84565-29f2-45e1-b5c8-ea830089dafd,askacademia_train,losing_generate_gpt5nano,qwen,mistral,5,5
c7a84565-29f2-45e1-b5c8-ea830089dafd,askacademia_train,losing_generate_llama,qwen,mistral,5,5 (The comment directly
c7a84565-29f2-45e1-b5c8-ea830089dafd,askacademia_train,losing_generate_mistral,qwen,mistral,5,5
c7a84565-29f2-45e1-b5c8-ea830089dafd,askacademia_train,losing_generate_qwen,qwen,mistral,5,5 (The comment directly
c7a84565-29f2-45e1-b5c8-ea830089dafd,askacademia_train,losing_improve_claude,qwen,mistral,5,5
c7a84565-29f2-45e1-b5c8-ea830089dafd,askacademia_train,losing_improve_gemini,qwen,mistral,5,5
c7a84565-29f2-45e1-b5c8-ea830089dafd,askacademia_train,losing_improve_gpt4omini,qwen,mistral,5,5
c7a84565-29f2-45e1-b5c8-ea830089dafd,askacademia_train,losing_improve_gpt5nano,qwen,mistral,5,5
c7a84565-29f2-45e1-b5c8-ea830089dafd,askacademia_train,losing_improve_llama,qwen,mistral,2,"2

The comment"
c7a84565-29f2-45e1-b5c8-ea830089dafd,askacademia_train,losing_improve_mistral,qwen,mistral,5,5
c7a84565-29f2-45e1-b5c8-ea830089dafd,askacademia_train,losing_improve_qwen,qwen,mistral,5,5
c7a84565-29f2-45e1-b5c8-ea830089dafd,askacademia_train,losing_paraphrase_claude,qwen,mistral,5,5
c7a84565-29f2-45e1-b5c8-ea830089dafd,askacademia_train,losing_paraphrase_gemini,qwen,mistral,2,"2

(The"
c7a84565-29f2-45e1-b5c8-ea830089dafd,askacademia_train,losing_paraphrase_gpt4omini,qwen,mistral,5,5 (The comment directly
c7a84565-29f2-45e1-b5c8-ea830089dafd,askacademia_train,losing_paraphrase_gpt5nano,qwen,mistral,5,5
c7a84565-29f2-45e1-b5c8-ea830089dafd,askacademia_train,losing_paraphrase_llama,qwen,mistral,3,"3

Explan"
c7a84565-29f2-45e1-b5c8-ea830089dafd,askacademia_train,losing_paraphrase_mistral,qwen,mistral,3,The comment scores 3 on
c7a84565-29f2-45e1-b5c8-ea830089dafd,askacademia_train,losing_paraphrase_qwen,qwen,mistral,3,"3

The comment"
833f55c8-5a97-42cb-b2a8-07dec8394f66,askacademia_train,winning_text,qwen,mistral,4,"4

The comment"
833f55c8-5a97-42cb-b2a8-07dec8394f66,askacademia_train,losing_text,qwen,mistral,3,"3

The comment"
833f55c8-5a97-42cb-b2a8-07dec8394f66,askacademia_train,losing_generate_claude,qwen,mistral,5,5
833f55c8-5a97-42cb-b2a8-07dec8394f66,askacademia_train,losing_generate_gemini,qwen,mistral,5,5
833f55c8-5a97-42cb-b2a8-07dec8394f66,askacademia_train,losing_generate_gpt4omini,qwen,mistral,5,5
833f55c8-5a97-42cb-b2a8-07dec8394f66,askacademia_train,losing_generate_gpt5nano,qwen,mistral,5,5
833f55c8-5a97-42cb-b2a8-07dec8394f66,askacademia_train,losing_generate_llama,qwen,mistral,5,5 (The comment directly
833f55c8-5a97-42cb-b2a8-07dec8394f66,askacademia_train,losing_generate_mistral,qwen,mistral,5,5
833f55c8-5a97-42cb-b2a8-07dec8394f66,askacademia_train,losing_generate_qwen,qwen,mistral,5,5 (The comment directly
833f55c8-5a97-42cb-b2a8-07dec8394f66,askacademia_train,losing_improve_claude,qwen,mistral,5,5 (The comment directly
833f55c8-5a97-42cb-b2a8-07dec8394f66,askacademia_train,losing_improve_gemini,qwen,mistral,5,5
833f55c8-5a97-42cb-b2a8-07dec8394f66,askacademia_train,losing_improve_gpt4omini,qwen,mistral,5,5
833f55c8-5a97-42cb-b2a8-07dec8394f66,askacademia_train,losing_improve_gpt5nano,qwen,mistral,5,5
833f55c8-5a97-42cb-b2a8-07dec8394f66,askacademia_train,losing_improve_llama,qwen,mistral,2,"2

The comment"
833f55c8-5a97-42cb-b2a8-07dec8394f66,askacademia_train,losing_improve_mistral,qwen,mistral,5,5 (The comment directly
833f55c8-5a97-42cb-b2a8-07dec8394f66,askacademia_train,losing_improve_qwen,qwen,mistral,5,5
833f55c8-5a97-42cb-b2a8-07dec8394f66,askacademia_train,losing_paraphrase_claude,qwen,mistral,5,5
833f55c8-5a97-42cb-b2a8-07dec8394f66,askacademia_train,losing_paraphrase_gemini,qwen,mistral,3,"3

Explan"
833f55c8-5a97-42cb-b2a8-07dec8394f66,askacademia_train,losing_paraphrase_gpt4omini,qwen,mistral,5,5
833f55c8-5a97-42cb-b2a8-07dec8394f66,askacademia_train,losing_paraphrase_gpt5nano,qwen,mistral,5,5
833f55c8-5a97-42cb-b2a8-07dec8394f66,askacademia_train,losing_paraphrase_llama,qwen,mistral,3,"3

Explan"
833f55c8-5a97-42cb-b2a8-07dec8394f66,askacademia_train,losing_paraphrase_mistral,qwen,mistral,3,The comment scores 3 on
833f55c8-5a97-42cb-b2a8-07dec8394f66,askacademia_train,losing_paraphrase_qwen,qwen,mistral,AMBIG,The comment will be scored based
63dc3813-04cd-4278-9793-1606f591dbdd,askacademia_train,winning_text,qwen,mistral,4,"4

The comment"
63dc3813-04cd-4278-9793-1606f591dbdd,askacademia_train,losing_text,qwen,mistral,3,"3

The comment"
63dc3813-04cd-4278-9793-1606f591dbdd,askacademia_train,losing_generate_claude,qwen,mistral,5,5
63dc3813-04cd-4278-9793-1606f591dbdd,askacademia_train,losing_generate_gemini,qwen,mistral,5,5
63dc3813-04cd-4278-9793-1606f591dbdd,askacademia_train,losing_generate_gpt4omini,qwen,mistral,5,5
63dc3813-04cd-4278-9793-1606f591dbdd,askacademia_train,losing_generate_gpt5nano,qwen,mistral,5,5
63dc3813-04cd-4278-9793-1606f591dbdd,askacademia_train,losing_generate_llama,qwen,mistral,5,5
63dc3813-04cd-4278-9793-1606f591dbdd,askacademia_train,losing_generate_mistral,qwen,mistral,5,5
63dc3813-04cd-4278-9793-1606f591dbdd,askacademia_train,losing_generate_qwen,qwen,mistral,5,5 (The comment directly
63dc3813-04cd-4278-9793-1606f591dbdd,askacademia_train,losing_improve_claude,qwen,mistral,5,5
63dc3813-04cd-4278-9793-1606f591dbdd,askacademia_train,losing_improve_gemini,qwen,mistral,5,5
63dc3813-04cd-4278-9793-1606f591dbdd,askacademia_train,losing_improve_gpt4omini,qwen,mistral,5,5
63dc3813-04cd-4278-9793-1606f591dbdd,askacademia_train,losing_improve_gpt5nano,qwen,mistral,5,5
63dc3813-04cd-4278-9793-1606f591dbdd,askacademia_train,losing_improve_llama,qwen,mistral,2,"2

The comment"
63dc3813-04cd-4278-9793-1606f591dbdd,askacademia_train,losing_improve_mistral,qwen,mistral,5,5
63dc3813-04cd-4278-9793-1606f591dbdd,askacademia_train,losing_improve_qwen,qwen,mistral,5,5 (The comment directly
63dc3813-04cd-4278-9793-1606f591dbdd,askacademia_train,losing_paraphrase_claude,qwen,mistral,5,5
63dc3813-04cd-4278-9793-1606f591dbdd,askacademia_train,losing_paraphrase_gemini,qwen,mistral,3,"3

Explan"
63dc3813-04cd-4278-9793-1606f591dbdd,askacademia_train,losing_paraphrase_gpt4omini,qwen,mistral,5,5
63dc3813-04cd-4278-9793-1606f591dbdd,askacademia_train,losing_paraphrase_gpt5nano,qwen,mistral,5,5 (The comment directly
63dc3813-04cd-4278-9793-1606f591dbdd,askacademia_train,losing_paraphrase_llama,qwen,mistral,3,"3

Explan"
63dc3813-04cd-4278-9793-1606f591dbdd,askacademia_train,losing_paraphrase_mistral,qwen,mistral,3,The comment scores 3 on
63dc3813-04cd-4278-9793-1606f591dbdd,askacademia_train,losing_paraphrase_qwen,qwen,mistral,5,5
f9eb28f5-033f-4795-b0ad-d94f4e4eb0df,askacademia_train,winning_text,qwen,mistral,2,"2

The comment"
f9eb28f5-033f-4795-b0ad-d94f4e4eb0df,askacademia_train,losing_text,qwen,mistral,3,"3

The comment"
f9eb28f5-033f-4795-b0ad-d94f4e4eb0df,askacademia_train,losing_generate_claude,qwen,mistral,5,5
f9eb28f5-033f-4795-b0ad-d94f4e4eb0df,askacademia_train,losing_generate_gemini,qwen,mistral,5,5
f9eb28f5-033f-4795-b0ad-d94f4e4eb0df,askacademia_train,losing_generate_gpt4omini,qwen,mistral,5,5
f9eb28f5-033f-4795-b0ad-d94f4e4eb0df,askacademia_train,losing_generate_gpt5nano,qwen,mistral,5,5
f9eb28f5-033f-4795-b0ad-d94f4e4eb0df,askacademia_train,losing_generate_llama,qwen,mistral,5,5 (The comment directly
f9eb28f5-033f-4795-b0ad-d94f4e4eb0df,askacademia_train,losing_generate_mistral,qwen,mistral,5,5
f9eb28f5-033f-4795-b0ad-d94f4e4eb0df,askacademia_train,losing_generate_qwen,qwen,mistral,5,5 (The comment directly
f9eb28f5-033f-4795-b0ad-d94f4e4eb0df,askacademia_train,losing_improve_claude,qwen,mistral,5,5
f9eb28f5-033f-4795-b0ad-d94f4e4eb0df,askacademia_train,losing_improve_gemini,qwen,mistral,5,5
f9eb28f5-033f-4795-b0ad-d94f4e4eb0df,askacademia_train,losing_improve_gpt4omini,qwen,mistral,5,5
f9eb28f5-033f-4795-b0ad-d94f4e4eb0df,askacademia_train,losing_improve_gpt5nano,qwen,mistral,5,5
f9eb28f5-033f-4795-b0ad-d94f4e4eb0df,askacademia_train,losing_improve_llama,qwen,mistral,2,"2

The comment"
f9eb28f5-033f-4795-b0ad-d94f4e4eb0df,askacademia_train,losing_improve_mistral,qwen,mistral,5,5 (The comment directly
f9eb28f5-033f-4795-b0ad-d94f4e4eb0df,askacademia_train,losing_improve_qwen,qwen,mistral,5,5
f9eb28f5-033f-4795-b0ad-d94f4e4eb0df,askacademia_train,losing_paraphrase_claude,qwen,mistral,5,5
f9eb28f5-033f-4795-b0ad-d94f4e4eb0df,askacademia_train,losing_paraphrase_gemini,qwen,mistral,3,"3

Explan"
f9eb28f5-033f-4795-b0ad-d94f4e4eb0df,askacademia_train,losing_paraphrase_gpt4omini,qwen,mistral,5,5
f9eb28f5-033f-4795-b0ad-d94f4e4eb0df,askacademia_train,losing_paraphrase_gpt5nano,qwen,mistral,5,5
f9eb28f5-033f-4795-b0ad-d94f4e4eb0df,askacademia_train,losing_paraphrase_llama,qwen,mistral,3,"3

Explan"
f9eb28f5-033f-4795-b0ad-d94f4e4eb0df,askacademia_train,losing_paraphrase_mistral,qwen,mistral,3,The comment scores 3 on
f9eb28f5-033f-4795-b0ad-d94f4e4eb0df,askacademia_train,losing_paraphrase_qwen,qwen,mistral,5,5 (The comment directly
a0ec2689-dd6b-449a-a8d8-2262aacfe8e5,askacademia_train,winning_text,qwen,mistral,3,"3

The comment"
a0ec2689-dd6b-449a-a8d8-2262aacfe8e5,askacademia_train,losing_text,qwen,mistral,3,"3

Explan"
a0ec2689-dd6b-449a-a8d8-2262aacfe8e5,askacademia_train,losing_generate_claude,qwen,mistral,5,5
a0ec2689-dd6b-449a-a8d8-2262aacfe8e5,askacademia_train,losing_generate_gemini,qwen,mistral,5,5 (The comment directly
a0ec2689-dd6b-449a-a8d8-2262aacfe8e5,askacademia_train,losing_generate_gpt4omini,qwen,mistral,5,5
a0ec2689-dd6b-449a-a8d8-2262aacfe8e5,askacademia_train,losing_generate_gpt5nano,qwen,mistral,5,5
a0ec2689-dd6b-449a-a8d8-2262aacfe8e5,askacademia_train,losing_generate_llama,qwen,mistral,5,5 (The comment directly
a0ec2689-dd6b-449a-a8d8-2262aacfe8e5,askacademia_train,losing_generate_mistral,qwen,mistral,5,5 (The comment directly
a0ec2689-dd6b-449a-a8d8-2262aacfe8e5,askacademia_train,losing_generate_qwen,qwen,mistral,5,5 (The comment directly
a0ec2689-dd6b-449a-a8d8-2262aacfe8e5,askacademia_train,losing_improve_claude,qwen,mistral,5,5 (The comment directly
a0ec2689-dd6b-449a-a8d8-2262aacfe8e5,askacademia_train,losing_improve_gemini,qwen,mistral,5,5
a0ec2689-dd6b-449a-a8d8-2262aacfe8e5,askacademia_train,losing_improve_gpt4omini,qwen,mistral,5,5
a0ec2689-dd6b-449a-a8d8-2262aacfe8e5,askacademia_train,losing_improve_gpt5nano,qwen,mistral,5,5
a0ec2689-dd6b-449a-a8d8-2262aacfe8e5,askacademia_train,losing_improve_llama,qwen,mistral,4,"4

The comment"
a0ec2689-dd6b-449a-a8d8-2262aacfe8e5,askacademia_train,losing_improve_mistral,qwen,mistral,5,5 (The comment directly
a0ec2689-dd6b-449a-a8d8-2262aacfe8e5,askacademia_train,losing_improve_qwen,qwen,mistral,5,5
a0ec2689-dd6b-449a-a8d8-2262aacfe8e5,askacademia_train,losing_paraphrase_claude,qwen,mistral,5,5
a0ec2689-dd6b-449a-a8d8-2262aacfe8e5,askacademia_train,losing_paraphrase_gemini,qwen,mistral,3,"3

Explan"
a0ec2689-dd6b-449a-a8d8-2262aacfe8e5,askacademia_train,losing_paraphrase_gpt4omini,qwen,mistral,3,"3

Explan"
a0ec2689-dd6b-449a-a8d8-2262aacfe8e5,askacademia_train,losing_paraphrase_gpt5nano,qwen,mistral,3,"3

Explan"
a0ec2689-dd6b-449a-a8d8-2262aacfe8e5,askacademia_train,losing_paraphrase_llama,qwen,mistral,4,"4

Although"
a0ec2689-dd6b-449a-a8d8-2262aacfe8e5,askacademia_train,losing_paraphrase_mistral,qwen,mistral,3,"3

The comment"
a0ec2689-dd6b-449a-a8d8-2262aacfe8e5,askacademia_train,losing_paraphrase_qwen,qwen,mistral,3,"3

Explan"
b9a7dce2-b5e5-43e3-a806-b688108049ce,askacademia_train,winning_text,qwen,mistral,3,"3

Explan"
b9a7dce2-b5e5-43e3-a806-b688108049ce,askacademia_train,losing_text,qwen,mistral,3,"3

Explan"
b9a7dce2-b5e5-43e3-a806-b688108049ce,askacademia_train,losing_generate_claude,qwen,mistral,5,5
b9a7dce2-b5e5-43e3-a806-b688108049ce,askacademia_train,losing_generate_gemini,qwen,mistral,5,5 (The comment directly
b9a7dce2-b5e5-43e3-a806-b688108049ce,askacademia_train,losing_generate_gpt4omini,qwen,mistral,5,5
b9a7dce2-b5e5-43e3-a806-b688108049ce,askacademia_train,losing_generate_gpt5nano,qwen,mistral,5,5 (The comment directly
b9a7dce2-b5e5-43e3-a806-b688108049ce,askacademia_train,losing_generate_llama,qwen,mistral,5,5 (The comment directly
b9a7dce2-b5e5-43e3-a806-b688108049ce,askacademia_train,losing_generate_mistral,qwen,mistral,5,5
b9a7dce2-b5e5-43e3-a806-b688108049ce,askacademia_train,losing_generate_qwen,qwen,mistral,5,5 (The comment directly
b9a7dce2-b5e5-43e3-a806-b688108049ce,askacademia_train,losing_improve_claude,qwen,mistral,5,5 (The comment directly
b9a7dce2-b5e5-43e3-a806-b688108049ce,askacademia_train,losing_improve_gemini,qwen,mistral,5,5
b9a7dce2-b5e5-43e3-a806-b688108049ce,askacademia_train,losing_improve_gpt4omini,qwen,mistral,5,5
b9a7dce2-b5e5-43e3-a806-b688108049ce,askacademia_train,losing_improve_gpt5nano,qwen,mistral,5,5
b9a7dce2-b5e5-43e3-a806-b688108049ce,askacademia_train,losing_improve_llama,qwen,mistral,4,"4

The comment"
b9a7dce2-b5e5-43e3-a806-b688108049ce,askacademia_train,losing_improve_mistral,qwen,mistral,5,5 (The comment directly
b9a7dce2-b5e5-43e3-a806-b688108049ce,askacademia_train,losing_improve_qwen,qwen,mistral,5,5
b9a7dce2-b5e5-43e3-a806-b688108049ce,askacademia_train,losing_paraphrase_claude,qwen,mistral,5,5
b9a7dce2-b5e5-43e3-a806-b688108049ce,askacademia_train,losing_paraphrase_gemini,qwen,mistral,3,"3

Explan"
b9a7dce2-b5e5-43e3-a806-b688108049ce,askacademia_train,losing_paraphrase_gpt4omini,qwen,mistral,3,"3

Explan"
b9a7dce2-b5e5-43e3-a806-b688108049ce,askacademia_train,losing_paraphrase_gpt5nano,qwen,mistral,3,"3

Explan"
b9a7dce2-b5e5-43e3-a806-b688108049ce,askacademia_train,losing_paraphrase_llama,qwen,mistral,4,"4

Although"
b9a7dce2-b5e5-43e3-a806-b688108049ce,askacademia_train,losing_paraphrase_mistral,qwen,mistral,3,"3

Explan"
b9a7dce2-b5e5-43e3-a806-b688108049ce,askacademia_train,losing_paraphrase_qwen,qwen,mistral,3,"3

Explan"
5acb90f4-26ff-4bbe-8703-efd78c8bb85a,askacademia_train,winning_text,qwen,mistral,4,"4

The comment"
5acb90f4-26ff-4bbe-8703-efd78c8bb85a,askacademia_train,losing_text,qwen,mistral,3,"3

Explan"
5acb90f4-26ff-4bbe-8703-efd78c8bb85a,askacademia_train,losing_generate_claude,qwen,mistral,5,5
5acb90f4-26ff-4bbe-8703-efd78c8bb85a,askacademia_train,losing_generate_gemini,qwen,mistral,5,5 (The comment directly
5acb90f4-26ff-4bbe-8703-efd78c8bb85a,askacademia_train,losing_generate_gpt4omini,qwen,mistral,5,5
5acb90f4-26ff-4bbe-8703-efd78c8bb85a,askacademia_train,losing_generate_gpt5nano,qwen,mistral,5,5
5acb90f4-26ff-4bbe-8703-efd78c8bb85a,askacademia_train,losing_generate_llama,qwen,mistral,5,5 (The comment directly
5acb90f4-26ff-4bbe-8703-efd78c8bb85a,askacademia_train,losing_generate_mistral,qwen,mistral,5,5
5acb90f4-26ff-4bbe-8703-efd78c8bb85a,askacademia_train,losing_generate_qwen,qwen,mistral,5,5 (The comment directly
5acb90f4-26ff-4bbe-8703-efd78c8bb85a,askacademia_train,losing_improve_claude,qwen,mistral,5,5 (The comment directly
5acb90f4-26ff-4bbe-8703-efd78c8bb85a,askacademia_train,losing_improve_gemini,qwen,mistral,5,5
5acb90f4-26ff-4bbe-8703-efd78c8bb85a,askacademia_train,losing_improve_gpt4omini,qwen,mistral,5,5
5acb90f4-26ff-4bbe-8703-efd78c8bb85a,askacademia_train,losing_improve_gpt5nano,qwen,mistral,5,5
5acb90f4-26ff-4bbe-8703-efd78c8bb85a,askacademia_train,losing_improve_llama,qwen,mistral,4,"4

The comment"
5acb90f4-26ff-4bbe-8703-efd78c8bb85a,askacademia_train,losing_improve_mistral,qwen,mistral,5,5 (The comment directly
5acb90f4-26ff-4bbe-8703-efd78c8bb85a,askacademia_train,losing_improve_qwen,qwen,mistral,5,5
5acb90f4-26ff-4bbe-8703-efd78c8bb85a,askacademia_train,losing_paraphrase_claude,qwen,mistral,5,5
5acb90f4-26ff-4bbe-8703-efd78c8bb85a,askacademia_train,losing_paraphrase_gemini,qwen,mistral,2,"2

(The"
5acb90f4-26ff-4bbe-8703-efd78c8bb85a,askacademia_train,losing_paraphrase_gpt4omini,qwen,mistral,3,"3

Explan"
5acb90f4-26ff-4bbe-8703-efd78c8bb85a,askacademia_train,losing_paraphrase_gpt5nano,qwen,mistral,3,"3

Explan"
5acb90f4-26ff-4bbe-8703-efd78c8bb85a,askacademia_train,losing_paraphrase_llama,qwen,mistral,4,"4

The comment"
5acb90f4-26ff-4bbe-8703-efd78c8bb85a,askacademia_train,losing_paraphrase_mistral,qwen,mistral,3,"3

Explan"
5acb90f4-26ff-4bbe-8703-efd78c8bb85a,askacademia_train,losing_paraphrase_qwen,qwen,mistral,3,"3

Explan"
61eab7a2-63aa-48f1-9122-8994e78ed7ac,askacademia_train,winning_text,qwen,mistral,2,"2

The comment"
61eab7a2-63aa-48f1-9122-8994e78ed7ac,askacademia_train,losing_text,qwen,mistral,3,"3

Explan"
61eab7a2-63aa-48f1-9122-8994e78ed7ac,askacademia_train,losing_generate_claude,qwen,mistral,5,5
61eab7a2-63aa-48f1-9122-8994e78ed7ac,askacademia_train,losing_generate_gemini,qwen,mistral,5,5
61eab7a2-63aa-48f1-9122-8994e78ed7ac,askacademia_train,losing_generate_gpt4omini,qwen,mistral,5,5
61eab7a2-63aa-48f1-9122-8994e78ed7ac,askacademia_train,losing_generate_gpt5nano,qwen,mistral,5,5 (The comment directly
61eab7a2-63aa-48f1-9122-8994e78ed7ac,askacademia_train,losing_generate_llama,qwen,mistral,5,5 (The comment directly
61eab7a2-63aa-48f1-9122-8994e78ed7ac,askacademia_train,losing_generate_mistral,qwen,mistral,5,5 (The comment directly
61eab7a2-63aa-48f1-9122-8994e78ed7ac,askacademia_train,losing_generate_qwen,qwen,mistral,5,5 (The comment directly
61eab7a2-63aa-48f1-9122-8994e78ed7ac,askacademia_train,losing_improve_claude,qwen,mistral,5,5
61eab7a2-63aa-48f1-9122-8994e78ed7ac,askacademia_train,losing_improve_gemini,qwen,mistral,5,5
61eab7a2-63aa-48f1-9122-8994e78ed7ac,askacademia_train,losing_improve_gpt4omini,qwen,mistral,5,5
61eab7a2-63aa-48f1-9122-8994e78ed7ac,askacademia_train,losing_improve_gpt5nano,qwen,mistral,5,5 (The comment directly
61eab7a2-63aa-48f1-9122-8994e78ed7ac,askacademia_train,losing_improve_llama,qwen,mistral,4,"4

The comment"
61eab7a2-63aa-48f1-9122-8994e78ed7ac,askacademia_train,losing_improve_mistral,qwen,mistral,5,5
61eab7a2-63aa-48f1-9122-8994e78ed7ac,askacademia_train,losing_improve_qwen,qwen,mistral,5,5
61eab7a2-63aa-48f1-9122-8994e78ed7ac,askacademia_train,losing_paraphrase_claude,qwen,mistral,5,5
61eab7a2-63aa-48f1-9122-8994e78ed7ac,askacademia_train,losing_paraphrase_gemini,qwen,mistral,5,5 (The comment directly
61eab7a2-63aa-48f1-9122-8994e78ed7ac,askacademia_train,losing_paraphrase_gpt4omini,qwen,mistral,3,"3

Explan"
61eab7a2-63aa-48f1-9122-8994e78ed7ac,askacademia_train,losing_paraphrase_gpt5nano,qwen,mistral,3,"3

Explan"
61eab7a2-63aa-48f1-9122-8994e78ed7ac,askacademia_train,losing_paraphrase_llama,qwen,mistral,4,"4

Although"
61eab7a2-63aa-48f1-9122-8994e78ed7ac,askacademia_train,losing_paraphrase_mistral,qwen,mistral,3,"3

The comment"
61eab7a2-63aa-48f1-9122-8994e78ed7ac,askacademia_train,losing_paraphrase_qwen,qwen,mistral,3,"3

Explan"
24f3a231-59a6-4bd0-885d-0e8db6e59c16,askacademia_train,winning_text,qwen,mistral,3,"3

Explan"
24f3a231-59a6-4bd0-885d-0e8db6e59c16,askacademia_train,losing_text,qwen,mistral,2,"2

The comment"
24f3a231-59a6-4bd0-885d-0e8db6e59c16,askacademia_train,losing_generate_claude,qwen,mistral,5,5
24f3a231-59a6-4bd0-885d-0e8db6e59c16,askacademia_train,losing_generate_gemini,qwen,mistral,5,5
24f3a231-59a6-4bd0-885d-0e8db6e59c16,askacademia_train,losing_generate_gpt4omini,qwen,mistral,5,5
24f3a231-59a6-4bd0-885d-0e8db6e59c16,askacademia_train,losing_generate_gpt5nano,qwen,mistral,5,5 (The comment directly
24f3a231-59a6-4bd0-885d-0e8db6e59c16,askacademia_train,losing_generate_llama,qwen,mistral,5,5 (The comment directly
24f3a231-59a6-4bd0-885d-0e8db6e59c16,askacademia_train,losing_generate_mistral,qwen,mistral,5,5 (The comment directly
24f3a231-59a6-4bd0-885d-0e8db6e59c16,askacademia_train,losing_generate_qwen,qwen,mistral,5,5
24f3a231-59a6-4bd0-885d-0e8db6e59c16,askacademia_train,losing_improve_claude,qwen,mistral,5,5 (The comment directly
24f3a231-59a6-4bd0-885d-0e8db6e59c16,askacademia_train,losing_improve_gemini,qwen,mistral,5,5 (The comment directly
24f3a231-59a6-4bd0-885d-0e8db6e59c16,askacademia_train,losing_improve_gpt4omini,qwen,mistral,5,5 (The comment directly
24f3a231-59a6-4bd0-885d-0e8db6e59c16,askacademia_train,losing_improve_gpt5nano,qwen,mistral,5,5 (The comment directly
24f3a231-59a6-4bd0-885d-0e8db6e59c16,askacademia_train,losing_improve_llama,qwen,mistral,5,5 (The comment directly
24f3a231-59a6-4bd0-885d-0e8db6e59c16,askacademia_train,losing_improve_mistral,qwen,mistral,AMBIG,The score for this forum comment
24f3a231-59a6-4bd0-885d-0e8db6e59c16,askacademia_train,losing_improve_qwen,qwen,mistral,3,"3

Explan"
24f3a231-59a6-4bd0-885d-0e8db6e59c16,askacademia_train,losing_paraphrase_claude,qwen,mistral,3,"3

Explan"
24f3a231-59a6-4bd0-885d-0e8db6e59c16,askacademia_train,losing_paraphrase_gemini,qwen,mistral,5,5 (The comment directly
24f3a231-59a6-4bd0-885d-0e8db6e59c16,askacademia_train,losing_paraphrase_gpt4omini,qwen,mistral,2,"2

Explan"
24f3a231-59a6-4bd0-885d-0e8db6e59c16,askacademia_train,losing_paraphrase_gpt5nano,qwen,mistral,2,"2

The comment"
24f3a231-59a6-4bd0-885d-0e8db6e59c16,askacademia_train,losing_paraphrase_llama,qwen,mistral,3,"3

Explan"
24f3a231-59a6-4bd0-885d-0e8db6e59c16,askacademia_train,losing_paraphrase_mistral,qwen,mistral,3,"3

Explan"
24f3a231-59a6-4bd0-885d-0e8db6e59c16,askacademia_train,losing_paraphrase_qwen,qwen,mistral,2,"2

Explan"
bc931a97-f7cc-4370-a10d-d413648094a2,askacademia_train,winning_text,qwen,mistral,3,"3

Explan"
bc931a97-f7cc-4370-a10d-d413648094a2,askacademia_train,losing_text,qwen,mistral,3,"3

The comment"
bc931a97-f7cc-4370-a10d-d413648094a2,askacademia_train,losing_generate_claude,qwen,mistral,5,5
bc931a97-f7cc-4370-a10d-d413648094a2,askacademia_train,losing_generate_gemini,qwen,mistral,5,5 (The comment directly
bc931a97-f7cc-4370-a10d-d413648094a2,askacademia_train,losing_generate_gpt4omini,qwen,mistral,5,5
bc931a97-f7cc-4370-a10d-d413648094a2,askacademia_train,losing_generate_gpt5nano,qwen,mistral,5,5
bc931a97-f7cc-4370-a10d-d413648094a2,askacademia_train,losing_generate_llama,qwen,mistral,5,5 (The comment directly
bc931a97-f7cc-4370-a10d-d413648094a2,askacademia_train,losing_generate_mistral,qwen,mistral,5,5
bc931a97-f7cc-4370-a10d-d413648094a2,askacademia_train,losing_generate_qwen,qwen,mistral,5,5
bc931a97-f7cc-4370-a10d-d413648094a2,askacademia_train,losing_improve_claude,qwen,mistral,5,5
bc931a97-f7cc-4370-a10d-d413648094a2,askacademia_train,losing_improve_gemini,qwen,mistral,5,5
bc931a97-f7cc-4370-a10d-d413648094a2,askacademia_train,losing_improve_gpt4omini,qwen,mistral,5,5 (The comment directly
bc931a97-f7cc-4370-a10d-d413648094a2,askacademia_train,losing_improve_gpt5nano,qwen,mistral,5,5
bc931a97-f7cc-4370-a10d-d413648094a2,askacademia_train,losing_improve_llama,qwen,mistral,5,5
bc931a97-f7cc-4370-a10d-d413648094a2,askacademia_train,losing_improve_mistral,qwen,mistral,5,5 (The comment directly
bc931a97-f7cc-4370-a10d-d413648094a2,askacademia_train,losing_improve_qwen,qwen,mistral,5,5 (The comment directly
bc931a97-f7cc-4370-a10d-d413648094a2,askacademia_train,losing_paraphrase_claude,qwen,mistral,5,5 (The comment directly
bc931a97-f7cc-4370-a10d-d413648094a2,askacademia_train,losing_paraphrase_gemini,qwen,mistral,5,5 (The comment directly
bc931a97-f7cc-4370-a10d-d413648094a2,askacademia_train,losing_paraphrase_gpt4omini,qwen,mistral,5,5
bc931a97-f7cc-4370-a10d-d413648094a2,askacademia_train,losing_paraphrase_gpt5nano,qwen,mistral,4,"4

Explan"
bc931a97-f7cc-4370-a10d-d413648094a2,askacademia_train,losing_paraphrase_llama,qwen,mistral,4,"4
The comment has"
bc931a97-f7cc-4370-a10d-d413648094a2,askacademia_train,losing_paraphrase_mistral,qwen,mistral,5,5
bc931a97-f7cc-4370-a10d-d413648094a2,askacademia_train,losing_paraphrase_qwen,qwen,mistral,5,5 (The comment directly
92c8bc45-ef94-4171-a433-e71f36e592be,askacademia_train,winning_text,qwen,mistral,4,"4

The comment"
92c8bc45-ef94-4171-a433-e71f36e592be,askacademia_train,losing_text,qwen,mistral,4,4 (The tone is
92c8bc45-ef94-4171-a433-e71f36e592be,askacademia_train,losing_generate_claude,qwen,mistral,5,5
92c8bc45-ef94-4171-a433-e71f36e592be,askacademia_train,losing_generate_gemini,qwen,mistral,5,5 (The comment directly
92c8bc45-ef94-4171-a433-e71f36e592be,askacademia_train,losing_generate_gpt4omini,qwen,mistral,5,5
92c8bc45-ef94-4171-a433-e71f36e592be,askacademia_train,losing_generate_gpt5nano,qwen,mistral,5,5
92c8bc45-ef94-4171-a433-e71f36e592be,askacademia_train,losing_generate_llama,qwen,mistral,5,5 (The comment directly
92c8bc45-ef94-4171-a433-e71f36e592be,askacademia_train,losing_generate_mistral,qwen,mistral,5,5 (The comment directly
92c8bc45-ef94-4171-a433-e71f36e592be,askacademia_train,losing_generate_qwen,qwen,mistral,5,5 (The comment directly
92c8bc45-ef94-4171-a433-e71f36e592be,askacademia_train,losing_improve_claude,qwen,mistral,5,5 (The comment directly
92c8bc45-ef94-4171-a433-e71f36e592be,askacademia_train,losing_improve_gemini,qwen,mistral,5,5 (The comment directly
92c8bc45-ef94-4171-a433-e71f36e592be,askacademia_train,losing_improve_gpt4omini,qwen,mistral,5,5
92c8bc45-ef94-4171-a433-e71f36e592be,askacademia_train,losing_improve_gpt5nano,qwen,mistral,5,5
92c8bc45-ef94-4171-a433-e71f36e592be,askacademia_train,losing_improve_llama,qwen,mistral,5,5
92c8bc45-ef94-4171-a433-e71f36e592be,askacademia_train,losing_improve_mistral,qwen,mistral,5,5 (The comment directly
92c8bc45-ef94-4171-a433-e71f36e592be,askacademia_train,losing_improve_qwen,qwen,mistral,5,5
92c8bc45-ef94-4171-a433-e71f36e592be,askacademia_train,losing_paraphrase_claude,qwen,mistral,5,5 (The comment directly
92c8bc45-ef94-4171-a433-e71f36e592be,askacademia_train,losing_paraphrase_gemini,qwen,mistral,5,5 (The comment directly
92c8bc45-ef94-4171-a433-e71f36e592be,askacademia_train,losing_paraphrase_gpt4omini,qwen,mistral,5,5 (The comment directly
92c8bc45-ef94-4171-a433-e71f36e592be,askacademia_train,losing_paraphrase_gpt5nano,qwen,mistral,4,4 (The tone is
92c8bc45-ef94-4171-a433-e71f36e592be,askacademia_train,losing_paraphrase_llama,qwen,mistral,4,4 (The tone is
92c8bc45-ef94-4171-a433-e71f36e592be,askacademia_train,losing_paraphrase_mistral,qwen,mistral,AMBIG,The score for this forum comment
92c8bc45-ef94-4171-a433-e71f36e592be,askacademia_train,losing_paraphrase_qwen,qwen,mistral,5,5
df72e015-8417-47b6-9eaf-8205041ea649,askacademia_train,winning_text,qwen,mistral,2,"2

The comment"
df72e015-8417-47b6-9eaf-8205041ea649,askacademia_train,losing_text,qwen,mistral,4,4 (The tone is
df72e015-8417-47b6-9eaf-8205041ea649,askacademia_train,losing_generate_claude,qwen,mistral,5,5
df72e015-8417-47b6-9eaf-8205041ea649,askacademia_train,losing_generate_gemini,qwen,mistral,5,5 (The comment directly
df72e015-8417-47b6-9eaf-8205041ea649,askacademia_train,losing_generate_gpt4omini,qwen,mistral,5,5
df72e015-8417-47b6-9eaf-8205041ea649,askacademia_train,losing_generate_gpt5nano,qwen,mistral,5,5
df72e015-8417-47b6-9eaf-8205041ea649,askacademia_train,losing_generate_llama,qwen,mistral,5,5 (The comment directly
df72e015-8417-47b6-9eaf-8205041ea649,askacademia_train,losing_generate_mistral,qwen,mistral,5,5 (The comment directly
df72e015-8417-47b6-9eaf-8205041ea649,askacademia_train,losing_generate_qwen,qwen,mistral,5,5 (The comment directly
df72e015-8417-47b6-9eaf-8205041ea649,askacademia_train,losing_improve_claude,qwen,mistral,5,5 (The comment directly
df72e015-8417-47b6-9eaf-8205041ea649,askacademia_train,losing_improve_gemini,qwen,mistral,5,5 (The comment directly
df72e015-8417-47b6-9eaf-8205041ea649,askacademia_train,losing_improve_gpt4omini,qwen,mistral,5,5
df72e015-8417-47b6-9eaf-8205041ea649,askacademia_train,losing_improve_gpt5nano,qwen,mistral,5,5
df72e015-8417-47b6-9eaf-8205041ea649,askacademia_train,losing_improve_llama,qwen,mistral,5,5
df72e015-8417-47b6-9eaf-8205041ea649,askacademia_train,losing_improve_mistral,qwen,mistral,5,5
df72e015-8417-47b6-9eaf-8205041ea649,askacademia_train,losing_improve_qwen,qwen,mistral,5,5 (The comment directly
df72e015-8417-47b6-9eaf-8205041ea649,askacademia_train,losing_paraphrase_claude,qwen,mistral,5,5 (The comment directly
df72e015-8417-47b6-9eaf-8205041ea649,askacademia_train,losing_paraphrase_gemini,qwen,mistral,5,5 (The comment directly
df72e015-8417-47b6-9eaf-8205041ea649,askacademia_train,losing_paraphrase_gpt4omini,qwen,mistral,5,5 (The comment directly
df72e015-8417-47b6-9eaf-8205041ea649,askacademia_train,losing_paraphrase_gpt5nano,qwen,mistral,4,"4

The comment"
df72e015-8417-47b6-9eaf-8205041ea649,askacademia_train,losing_paraphrase_llama,qwen,mistral,4,4 (The tone is
df72e015-8417-47b6-9eaf-8205041ea649,askacademia_train,losing_paraphrase_mistral,qwen,mistral,4,"The score is 4,"
df72e015-8417-47b6-9eaf-8205041ea649,askacademia_train,losing_paraphrase_qwen,qwen,mistral,5,5
bf8673d4-22f3-43d7-b8f0-2ca036a168b9,askacademia_train,winning_text,qwen,mistral,4,"4

The comment"
bf8673d4-22f3-43d7-b8f0-2ca036a168b9,askacademia_train,losing_text,qwen,mistral,3,"3

Explan"
bf8673d4-22f3-43d7-b8f0-2ca036a168b9,askacademia_train,losing_generate_claude,qwen,mistral,5,5
bf8673d4-22f3-43d7-b8f0-2ca036a168b9,askacademia_train,losing_generate_gemini,qwen,mistral,5,5
bf8673d4-22f3-43d7-b8f0-2ca036a168b9,askacademia_train,losing_generate_gpt4omini,qwen,mistral,5,5
bf8673d4-22f3-43d7-b8f0-2ca036a168b9,askacademia_train,losing_generate_gpt5nano,qwen,mistral,5,5 (The comment directly
bf8673d4-22f3-43d7-b8f0-2ca036a168b9,askacademia_train,losing_generate_llama,qwen,mistral,5,5 (The comment directly
bf8673d4-22f3-43d7-b8f0-2ca036a168b9,askacademia_train,losing_generate_mistral,qwen,mistral,5,5
bf8673d4-22f3-43d7-b8f0-2ca036a168b9,askacademia_train,losing_generate_qwen,qwen,mistral,5,5 (The comment directly
bf8673d4-22f3-43d7-b8f0-2ca036a168b9,askacademia_train,losing_improve_claude,qwen,mistral,5,5 (The comment directly
bf8673d4-22f3-43d7-b8f0-2ca036a168b9,askacademia_train,losing_improve_gemini,qwen,mistral,4,4 (The comment has
bf8673d4-22f3-43d7-b8f0-2ca036a168b9,askacademia_train,losing_improve_gpt4omini,qwen,mistral,5,5 (The comment directly
bf8673d4-22f3-43d7-b8f0-2ca036a168b9,askacademia_train,losing_improve_gpt5nano,qwen,mistral,5,5
bf8673d4-22f3-43d7-b8f0-2ca036a168b9,askacademia_train,losing_improve_llama,qwen,mistral,5,5
bf8673d4-22f3-43d7-b8f0-2ca036a168b9,askacademia_train,losing_improve_mistral,qwen,mistral,3,"3

Explan"
bf8673d4-22f3-43d7-b8f0-2ca036a168b9,askacademia_train,losing_improve_qwen,qwen,mistral,5,5 (The comment directly
bf8673d4-22f3-43d7-b8f0-2ca036a168b9,askacademia_train,losing_paraphrase_claude,qwen,mistral,3,"3

Explan"
bf8673d4-22f3-43d7-b8f0-2ca036a168b9,askacademia_train,losing_paraphrase_gemini,qwen,mistral,4,4 (The tone is
bf8673d4-22f3-43d7-b8f0-2ca036a168b9,askacademia_train,losing_paraphrase_gpt4omini,qwen,mistral,3,"3

Explan"
bf8673d4-22f3-43d7-b8f0-2ca036a168b9,askacademia_train,losing_paraphrase_gpt5nano,qwen,mistral,3,"3

Explan"
bf8673d4-22f3-43d7-b8f0-2ca036a168b9,askacademia_train,losing_paraphrase_llama,qwen,mistral,3,"3

Explan"
bf8673d4-22f3-43d7-b8f0-2ca036a168b9,askacademia_train,losing_paraphrase_mistral,qwen,mistral,3,"3

Explan"
bf8673d4-22f3-43d7-b8f0-2ca036a168b9,askacademia_train,losing_paraphrase_qwen,qwen,mistral,3,"3

Explan"
a6e15ca2-b43c-4d81-a71b-051aebe7282a,askacademia_train,winning_text,qwen,mistral,4,"4

The comment"
a6e15ca2-b43c-4d81-a71b-051aebe7282a,askacademia_train,losing_text,qwen,mistral,3,"3

Explan"
a6e15ca2-b43c-4d81-a71b-051aebe7282a,askacademia_train,losing_generate_claude,qwen,mistral,5,5
a6e15ca2-b43c-4d81-a71b-051aebe7282a,askacademia_train,losing_generate_gemini,qwen,mistral,5,5
a6e15ca2-b43c-4d81-a71b-051aebe7282a,askacademia_train,losing_generate_gpt4omini,qwen,mistral,5,5
a6e15ca2-b43c-4d81-a71b-051aebe7282a,askacademia_train,losing_generate_gpt5nano,qwen,mistral,5,5
a6e15ca2-b43c-4d81-a71b-051aebe7282a,askacademia_train,losing_generate_llama,qwen,mistral,5,5 (The comment directly
a6e15ca2-b43c-4d81-a71b-051aebe7282a,askacademia_train,losing_generate_mistral,qwen,mistral,5,5 (The comment directly
a6e15ca2-b43c-4d81-a71b-051aebe7282a,askacademia_train,losing_generate_qwen,qwen,mistral,5,5
a6e15ca2-b43c-4d81-a71b-051aebe7282a,askacademia_train,losing_improve_claude,qwen,mistral,5,5 (The comment directly
a6e15ca2-b43c-4d81-a71b-051aebe7282a,askacademia_train,losing_improve_gemini,qwen,mistral,5,5 (The comment directly
a6e15ca2-b43c-4d81-a71b-051aebe7282a,askacademia_train,losing_improve_gpt4omini,qwen,mistral,5,5 (The comment directly
a6e15ca2-b43c-4d81-a71b-051aebe7282a,askacademia_train,losing_improve_gpt5nano,qwen,mistral,5,5
a6e15ca2-b43c-4d81-a71b-051aebe7282a,askacademia_train,losing_improve_llama,qwen,mistral,5,5
a6e15ca2-b43c-4d81-a71b-051aebe7282a,askacademia_train,losing_improve_mistral,qwen,mistral,4,4 (The tone is
a6e15ca2-b43c-4d81-a71b-051aebe7282a,askacademia_train,losing_improve_qwen,qwen,mistral,5,5 (The comment directly
a6e15ca2-b43c-4d81-a71b-051aebe7282a,askacademia_train,losing_paraphrase_claude,qwen,mistral,3,"3

Explan"
a6e15ca2-b43c-4d81-a71b-051aebe7282a,askacademia_train,losing_paraphrase_gemini,qwen,mistral,3,"3

Explan"
a6e15ca2-b43c-4d81-a71b-051aebe7282a,askacademia_train,losing_paraphrase_gpt4omini,qwen,mistral,3,"3

Explan"
a6e15ca2-b43c-4d81-a71b-051aebe7282a,askacademia_train,losing_paraphrase_gpt5nano,qwen,mistral,3,"3

Explan"
a6e15ca2-b43c-4d81-a71b-051aebe7282a,askacademia_train,losing_paraphrase_llama,qwen,mistral,3,"3

Explan"
a6e15ca2-b43c-4d81-a71b-051aebe7282a,askacademia_train,losing_paraphrase_mistral,qwen,mistral,3,"3

Explan"
a6e15ca2-b43c-4d81-a71b-051aebe7282a,askacademia_train,losing_paraphrase_qwen,qwen,mistral,3,"3

Explan"
aef4bb36-e9fc-4419-b4eb-d73502e0021f,askacademia_train,winning_text,qwen,mistral,2,"2

The comment"
aef4bb36-e9fc-4419-b4eb-d73502e0021f,askacademia_train,losing_text,qwen,mistral,3,"3

Explan"
aef4bb36-e9fc-4419-b4eb-d73502e0021f,askacademia_train,losing_generate_claude,qwen,mistral,5,5
aef4bb36-e9fc-4419-b4eb-d73502e0021f,askacademia_train,losing_generate_gemini,qwen,mistral,5,5 (The comment directly
aef4bb36-e9fc-4419-b4eb-d73502e0021f,askacademia_train,losing_generate_gpt4omini,qwen,mistral,5,5
aef4bb36-e9fc-4419-b4eb-d73502e0021f,askacademia_train,losing_generate_gpt5nano,qwen,mistral,5,5
aef4bb36-e9fc-4419-b4eb-d73502e0021f,askacademia_train,losing_generate_llama,qwen,mistral,5,5 (The comment directly
aef4bb36-e9fc-4419-b4eb-d73502e0021f,askacademia_train,losing_generate_mistral,qwen,mistral,5,5 (The comment directly
aef4bb36-e9fc-4419-b4eb-d73502e0021f,askacademia_train,losing_generate_qwen,qwen,mistral,5,5
aef4bb36-e9fc-4419-b4eb-d73502e0021f,askacademia_train,losing_improve_claude,qwen,mistral,5,5
aef4bb36-e9fc-4419-b4eb-d73502e0021f,askacademia_train,losing_improve_gemini,qwen,mistral,5,5 (The comment directly
aef4bb36-e9fc-4419-b4eb-d73502e0021f,askacademia_train,losing_improve_gpt4omini,qwen,mistral,5,5
aef4bb36-e9fc-4419-b4eb-d73502e0021f,askacademia_train,losing_improve_gpt5nano,qwen,mistral,5,5 (The comment directly
aef4bb36-e9fc-4419-b4eb-d73502e0021f,askacademia_train,losing_improve_llama,qwen,mistral,5,5
aef4bb36-e9fc-4419-b4eb-d73502e0021f,askacademia_train,losing_improve_mistral,qwen,mistral,4,4 (The tone is
aef4bb36-e9fc-4419-b4eb-d73502e0021f,askacademia_train,losing_improve_qwen,qwen,mistral,5,5 (The comment directly
aef4bb36-e9fc-4419-b4eb-d73502e0021f,askacademia_train,losing_paraphrase_claude,qwen,mistral,3,"3

Explan"
aef4bb36-e9fc-4419-b4eb-d73502e0021f,askacademia_train,losing_paraphrase_gemini,qwen,mistral,5,5 (The comment directly
aef4bb36-e9fc-4419-b4eb-d73502e0021f,askacademia_train,losing_paraphrase_gpt4omini,qwen,mistral,3,"3

Explan"
aef4bb36-e9fc-4419-b4eb-d73502e0021f,askacademia_train,losing_paraphrase_gpt5nano,qwen,mistral,3,"3

Explan"
aef4bb36-e9fc-4419-b4eb-d73502e0021f,askacademia_train,losing_paraphrase_llama,qwen,mistral,3,"3

Explan"
aef4bb36-e9fc-4419-b4eb-d73502e0021f,askacademia_train,losing_paraphrase_mistral,qwen,mistral,3,"3

Explan"
aef4bb36-e9fc-4419-b4eb-d73502e0021f,askacademia_train,losing_paraphrase_qwen,qwen,mistral,3,"3

Explan"
feb7c33e-9721-4abb-a759-cbcb57c3b392,askacademia_train,winning_text,qwen,mistral,4,"4

The comment"
feb7c33e-9721-4abb-a759-cbcb57c3b392,askacademia_train,losing_text,qwen,mistral,4,"4

The comment"
feb7c33e-9721-4abb-a759-cbcb57c3b392,askacademia_train,losing_generate_claude,qwen,mistral,5,5
feb7c33e-9721-4abb-a759-cbcb57c3b392,askacademia_train,losing_generate_gemini,qwen,mistral,5,5 (The comment directly
feb7c33e-9721-4abb-a759-cbcb57c3b392,askacademia_train,losing_generate_gpt4omini,qwen,mistral,5,5
feb7c33e-9721-4abb-a759-cbcb57c3b392,askacademia_train,losing_generate_gpt5nano,qwen,mistral,5,5
feb7c33e-9721-4abb-a759-cbcb57c3b392,askacademia_train,losing_generate_llama,qwen,mistral,5,5 (The comment directly
feb7c33e-9721-4abb-a759-cbcb57c3b392,askacademia_train,losing_generate_mistral,qwen,mistral,5,5
feb7c33e-9721-4abb-a759-cbcb57c3b392,askacademia_train,losing_generate_qwen,qwen,mistral,4,4 (The comment is
feb7c33e-9721-4abb-a759-cbcb57c3b392,askacademia_train,losing_improve_claude,qwen,mistral,4,4 (The tone is
feb7c33e-9721-4abb-a759-cbcb57c3b392,askacademia_train,losing_improve_gemini,qwen,mistral,5,5 (The comment directly
feb7c33e-9721-4abb-a759-cbcb57c3b392,askacademia_train,losing_improve_gpt4omini,qwen,mistral,5,5 (The comment directly
feb7c33e-9721-4abb-a759-cbcb57c3b392,askacademia_train,losing_improve_gpt5nano,qwen,mistral,5,5 (The comment directly
feb7c33e-9721-4abb-a759-cbcb57c3b392,askacademia_train,losing_improve_llama,qwen,mistral,4,4 (The tone is
feb7c33e-9721-4abb-a759-cbcb57c3b392,askacademia_train,losing_improve_mistral,qwen,mistral,5,5
feb7c33e-9721-4abb-a759-cbcb57c3b392,askacademia_train,losing_improve_qwen,qwen,mistral,5,5
feb7c33e-9721-4abb-a759-cbcb57c3b392,askacademia_train,losing_paraphrase_claude,qwen,mistral,5,5 (The comment directly
feb7c33e-9721-4abb-a759-cbcb57c3b392,askacademia_train,losing_paraphrase_gemini,qwen,mistral,5,5 (The comment directly
feb7c33e-9721-4abb-a759-cbcb57c3b392,askacademia_train,losing_paraphrase_gpt4omini,qwen,mistral,5,5 (The comment directly
feb7c33e-9721-4abb-a759-cbcb57c3b392,askacademia_train,losing_paraphrase_gpt5nano,qwen,mistral,4,4 (The tone is
feb7c33e-9721-4abb-a759-cbcb57c3b392,askacademia_train,losing_paraphrase_llama,qwen,mistral,3,"3

Explan"
feb7c33e-9721-4abb-a759-cbcb57c3b392,askacademia_train,losing_paraphrase_mistral,qwen,mistral,5,5 (The comment directly
feb7c33e-9721-4abb-a759-cbcb57c3b392,askacademia_train,losing_paraphrase_qwen,qwen,mistral,4,4 (The tone is
d178a956-b16a-4b9f-b1a8-445332c73a27,askacademia_train,winning_text,qwen,mistral,2,"2

The comment"
d178a956-b16a-4b9f-b1a8-445332c73a27,askacademia_train,losing_text,qwen,mistral,4,"4

The comment"
d178a956-b16a-4b9f-b1a8-445332c73a27,askacademia_train,losing_generate_claude,qwen,mistral,5,5
d178a956-b16a-4b9f-b1a8-445332c73a27,askacademia_train,losing_generate_gemini,qwen,mistral,5,5 (The comment directly
d178a956-b16a-4b9f-b1a8-445332c73a27,askacademia_train,losing_generate_gpt4omini,qwen,mistral,5,5
d178a956-b16a-4b9f-b1a8-445332c73a27,askacademia_train,losing_generate_gpt5nano,qwen,mistral,5,5
d178a956-b16a-4b9f-b1a8-445332c73a27,askacademia_train,losing_generate_llama,qwen,mistral,5,5 (The comment directly
d178a956-b16a-4b9f-b1a8-445332c73a27,askacademia_train,losing_generate_mistral,qwen,mistral,5,5
d178a956-b16a-4b9f-b1a8-445332c73a27,askacademia_train,losing_generate_qwen,qwen,mistral,5,5 (The comment directly
d178a956-b16a-4b9f-b1a8-445332c73a27,askacademia_train,losing_improve_claude,qwen,mistral,4,4 (The tone is
d178a956-b16a-4b9f-b1a8-445332c73a27,askacademia_train,losing_improve_gemini,qwen,mistral,5,5 (The comment directly
d178a956-b16a-4b9f-b1a8-445332c73a27,askacademia_train,losing_improve_gpt4omini,qwen,mistral,5,5 (The comment directly
d178a956-b16a-4b9f-b1a8-445332c73a27,askacademia_train,losing_improve_gpt5nano,qwen,mistral,5,5
d178a956-b16a-4b9f-b1a8-445332c73a27,askacademia_train,losing_improve_llama,qwen,mistral,4,4 (The tone is
d178a956-b16a-4b9f-b1a8-445332c73a27,askacademia_train,losing_improve_mistral,qwen,mistral,5,5
d178a956-b16a-4b9f-b1a8-445332c73a27,askacademia_train,losing_improve_qwen,qwen,mistral,5,5
d178a956-b16a-4b9f-b1a8-445332c73a27,askacademia_train,losing_paraphrase_claude,qwen,mistral,5,5 (The comment directly
d178a956-b16a-4b9f-b1a8-445332c73a27,askacademia_train,losing_paraphrase_gemini,qwen,mistral,4,4 (The tone is
d178a956-b16a-4b9f-b1a8-445332c73a27,askacademia_train,losing_paraphrase_gpt4omini,qwen,mistral,5,5 (The comment directly
d178a956-b16a-4b9f-b1a8-445332c73a27,askacademia_train,losing_paraphrase_gpt5nano,qwen,mistral,4,4 (The tone is
d178a956-b16a-4b9f-b1a8-445332c73a27,askacademia_train,losing_paraphrase_llama,qwen,mistral,3,"3

Explan"
d178a956-b16a-4b9f-b1a8-445332c73a27,askacademia_train,losing_paraphrase_mistral,qwen,mistral,4,4 (The tone is
d178a956-b16a-4b9f-b1a8-445332c73a27,askacademia_train,losing_paraphrase_qwen,qwen,mistral,4,4 (The tone is
856688b1-4e7d-4e12-8d8b-20142c12524c,askacademia_train,winning_text,qwen,mistral,3,"3

Explan"
856688b1-4e7d-4e12-8d8b-20142c12524c,askacademia_train,losing_text,qwen,mistral,2,"2

The comment"
856688b1-4e7d-4e12-8d8b-20142c12524c,askacademia_train,losing_generate_claude,qwen,mistral,5,5
856688b1-4e7d-4e12-8d8b-20142c12524c,askacademia_train,losing_generate_gemini,qwen,mistral,5,5
856688b1-4e7d-4e12-8d8b-20142c12524c,askacademia_train,losing_generate_gpt4omini,qwen,mistral,5,5
856688b1-4e7d-4e12-8d8b-20142c12524c,askacademia_train,losing_generate_gpt5nano,qwen,mistral,5,5
856688b1-4e7d-4e12-8d8b-20142c12524c,askacademia_train,losing_generate_llama,qwen,mistral,5,5 (The comment directly
856688b1-4e7d-4e12-8d8b-20142c12524c,askacademia_train,losing_generate_mistral,qwen,mistral,5,5
856688b1-4e7d-4e12-8d8b-20142c12524c,askacademia_train,losing_generate_qwen,qwen,mistral,5,5
856688b1-4e7d-4e12-8d8b-20142c12524c,askacademia_train,losing_improve_claude,qwen,mistral,5,5
856688b1-4e7d-4e12-8d8b-20142c12524c,askacademia_train,losing_improve_gemini,qwen,mistral,5,5
856688b1-4e7d-4e12-8d8b-20142c12524c,askacademia_train,losing_improve_gpt4omini,qwen,mistral,5,5 (The comment directly
856688b1-4e7d-4e12-8d8b-20142c12524c,askacademia_train,losing_improve_gpt5nano,qwen,mistral,5,5
856688b1-4e7d-4e12-8d8b-20142c12524c,askacademia_train,losing_improve_llama,qwen,mistral,2,"2

(The"
856688b1-4e7d-4e12-8d8b-20142c12524c,askacademia_train,losing_improve_mistral,qwen,mistral,5,5
856688b1-4e7d-4e12-8d8b-20142c12524c,askacademia_train,losing_improve_qwen,qwen,mistral,5,5 (The comment directly
856688b1-4e7d-4e12-8d8b-20142c12524c,askacademia_train,losing_paraphrase_claude,qwen,mistral,5,5
856688b1-4e7d-4e12-8d8b-20142c12524c,askacademia_train,losing_paraphrase_gemini,qwen,mistral,3,"3

Explan"
856688b1-4e7d-4e12-8d8b-20142c12524c,askacademia_train,losing_paraphrase_gpt4omini,qwen,mistral,5,5 (The comment directly
856688b1-4e7d-4e12-8d8b-20142c12524c,askacademia_train,losing_paraphrase_gpt5nano,qwen,mistral,3,"3

The comment"
856688b1-4e7d-4e12-8d8b-20142c12524c,askacademia_train,losing_paraphrase_llama,qwen,mistral,2,"2

The comment"
856688b1-4e7d-4e12-8d8b-20142c12524c,askacademia_train,losing_paraphrase_mistral,qwen,mistral,3,"3

The comment"
856688b1-4e7d-4e12-8d8b-20142c12524c,askacademia_train,losing_paraphrase_qwen,qwen,mistral,4,4 (The comment has
1dc550b9-6e71-4eb6-93ae-59c608152902,askacademia_train,winning_text,qwen,mistral,1,"1

The comment"
1dc550b9-6e71-4eb6-93ae-59c608152902,askacademia_train,losing_text,qwen,mistral,2,"2

The comment"
1dc550b9-6e71-4eb6-93ae-59c608152902,askacademia_train,losing_generate_claude,qwen,mistral,5,5
1dc550b9-6e71-4eb6-93ae-59c608152902,askacademia_train,losing_generate_gemini,qwen,mistral,5,5
1dc550b9-6e71-4eb6-93ae-59c608152902,askacademia_train,losing_generate_gpt4omini,qwen,mistral,5,5
1dc550b9-6e71-4eb6-93ae-59c608152902,askacademia_train,losing_generate_gpt5nano,qwen,mistral,5,5
1dc550b9-6e71-4eb6-93ae-59c608152902,askacademia_train,losing_generate_llama,qwen,mistral,5,5 (The comment directly
1dc550b9-6e71-4eb6-93ae-59c608152902,askacademia_train,losing_generate_mistral,qwen,mistral,5,5 (The comment directly
1dc550b9-6e71-4eb6-93ae-59c608152902,askacademia_train,losing_generate_qwen,qwen,mistral,5,5 (The comment directly
1dc550b9-6e71-4eb6-93ae-59c608152902,askacademia_train,losing_improve_claude,qwen,mistral,5,5
1dc550b9-6e71-4eb6-93ae-59c608152902,askacademia_train,losing_improve_gemini,qwen,mistral,5,5
1dc550b9-6e71-4eb6-93ae-59c608152902,askacademia_train,losing_improve_gpt4omini,qwen,mistral,5,5 (The comment directly
1dc550b9-6e71-4eb6-93ae-59c608152902,askacademia_train,losing_improve_gpt5nano,qwen,mistral,5,5
1dc550b9-6e71-4eb6-93ae-59c608152902,askacademia_train,losing_improve_llama,qwen,mistral,2,"2

(The"
1dc550b9-6e71-4eb6-93ae-59c608152902,askacademia_train,losing_improve_mistral,qwen,mistral,5,5
1dc550b9-6e71-4eb6-93ae-59c608152902,askacademia_train,losing_improve_qwen,qwen,mistral,5,5 (The comment directly
1dc550b9-6e71-4eb6-93ae-59c608152902,askacademia_train,losing_paraphrase_claude,qwen,mistral,5,5
1dc550b9-6e71-4eb6-93ae-59c608152902,askacademia_train,losing_paraphrase_gemini,qwen,mistral,3,"3

Explan"
1dc550b9-6e71-4eb6-93ae-59c608152902,askacademia_train,losing_paraphrase_gpt4omini,qwen,mistral,4,4 (The comment has
1dc550b9-6e71-4eb6-93ae-59c608152902,askacademia_train,losing_paraphrase_gpt5nano,qwen,mistral,4,4	(The comment
1dc550b9-6e71-4eb6-93ae-59c608152902,askacademia_train,losing_paraphrase_llama,qwen,mistral,2,"2

The comment"
1dc550b9-6e71-4eb6-93ae-59c608152902,askacademia_train,losing_paraphrase_mistral,qwen,mistral,3,"3

The comment"
1dc550b9-6e71-4eb6-93ae-59c608152902,askacademia_train,losing_paraphrase_qwen,qwen,mistral,4,4 (The comment has
949ad9c2-d435-41ba-8a75-8fb6e6d13498,askacademia_train,winning_text,qwen,mistral,4,4 (The tone is
949ad9c2-d435-41ba-8a75-8fb6e6d13498,askacademia_train,losing_text,qwen,mistral,2,"2

The comment"
949ad9c2-d435-41ba-8a75-8fb6e6d13498,askacademia_train,losing_generate_claude,qwen,mistral,5,5
949ad9c2-d435-41ba-8a75-8fb6e6d13498,askacademia_train,losing_generate_gemini,qwen,mistral,5,5
949ad9c2-d435-41ba-8a75-8fb6e6d13498,askacademia_train,losing_generate_gpt4omini,qwen,mistral,5,5
949ad9c2-d435-41ba-8a75-8fb6e6d13498,askacademia_train,losing_generate_gpt5nano,qwen,mistral,5,5 (The comment directly
949ad9c2-d435-41ba-8a75-8fb6e6d13498,askacademia_train,losing_generate_llama,qwen,mistral,5,5 (The comment directly
949ad9c2-d435-41ba-8a75-8fb6e6d13498,askacademia_train,losing_generate_mistral,qwen,mistral,5,5
949ad9c2-d435-41ba-8a75-8fb6e6d13498,askacademia_train,losing_generate_qwen,qwen,mistral,5,5 (The comment directly
949ad9c2-d435-41ba-8a75-8fb6e6d13498,askacademia_train,losing_improve_claude,qwen,mistral,5,5
949ad9c2-d435-41ba-8a75-8fb6e6d13498,askacademia_train,losing_improve_gemini,qwen,mistral,5,5
949ad9c2-d435-41ba-8a75-8fb6e6d13498,askacademia_train,losing_improve_gpt4omini,qwen,mistral,5,5 (The comment directly
949ad9c2-d435-41ba-8a75-8fb6e6d13498,askacademia_train,losing_improve_gpt5nano,qwen,mistral,5,5
949ad9c2-d435-41ba-8a75-8fb6e6d13498,askacademia_train,losing_improve_llama,qwen,mistral,2,"2

(The"
949ad9c2-d435-41ba-8a75-8fb6e6d13498,askacademia_train,losing_improve_mistral,qwen,mistral,5,5
949ad9c2-d435-41ba-8a75-8fb6e6d13498,askacademia_train,losing_improve_qwen,qwen,mistral,5,5 (The comment directly
949ad9c2-d435-41ba-8a75-8fb6e6d13498,askacademia_train,losing_paraphrase_claude,qwen,mistral,5,5
949ad9c2-d435-41ba-8a75-8fb6e6d13498,askacademia_train,losing_paraphrase_gemini,qwen,mistral,3,"3

Explan"
949ad9c2-d435-41ba-8a75-8fb6e6d13498,askacademia_train,losing_paraphrase_gpt4omini,qwen,mistral,4,4 (The comment has
949ad9c2-d435-41ba-8a75-8fb6e6d13498,askacademia_train,losing_paraphrase_gpt5nano,qwen,mistral,4,4 (The comment is
949ad9c2-d435-41ba-8a75-8fb6e6d13498,askacademia_train,losing_paraphrase_llama,qwen,mistral,2,"2

The comment"
949ad9c2-d435-41ba-8a75-8fb6e6d13498,askacademia_train,losing_paraphrase_mistral,qwen,mistral,3,"3

The comment"
949ad9c2-d435-41ba-8a75-8fb6e6d13498,askacademia_train,losing_paraphrase_qwen,qwen,mistral,4,4 (The tone is
976159cf-a337-4afb-ad15-88f10c21143d,askacademia_train,winning_text,qwen,mistral,1,"1

The comment"
976159cf-a337-4afb-ad15-88f10c21143d,askacademia_train,losing_text,qwen,mistral,2,"2

The comment"
976159cf-a337-4afb-ad15-88f10c21143d,askacademia_train,losing_generate_claude,qwen,mistral,5,5
976159cf-a337-4afb-ad15-88f10c21143d,askacademia_train,losing_generate_gemini,qwen,mistral,5,5
976159cf-a337-4afb-ad15-88f10c21143d,askacademia_train,losing_generate_gpt4omini,qwen,mistral,5,5
976159cf-a337-4afb-ad15-88f10c21143d,askacademia_train,losing_generate_gpt5nano,qwen,mistral,5,5 (The comment directly
976159cf-a337-4afb-ad15-88f10c21143d,askacademia_train,losing_generate_llama,qwen,mistral,5,5 (The comment directly
976159cf-a337-4afb-ad15-88f10c21143d,askacademia_train,losing_generate_mistral,qwen,mistral,5,5
976159cf-a337-4afb-ad15-88f10c21143d,askacademia_train,losing_generate_qwen,qwen,mistral,5,5 (The comment directly
976159cf-a337-4afb-ad15-88f10c21143d,askacademia_train,losing_improve_claude,qwen,mistral,5,5 (The comment directly
976159cf-a337-4afb-ad15-88f10c21143d,askacademia_train,losing_improve_gemini,qwen,mistral,5,5
976159cf-a337-4afb-ad15-88f10c21143d,askacademia_train,losing_improve_gpt4omini,qwen,mistral,5,5
976159cf-a337-4afb-ad15-88f10c21143d,askacademia_train,losing_improve_gpt5nano,qwen,mistral,5,5
976159cf-a337-4afb-ad15-88f10c21143d,askacademia_train,losing_improve_llama,qwen,mistral,5,5 (The comment directly
976159cf-a337-4afb-ad15-88f10c21143d,askacademia_train,losing_improve_mistral,qwen,mistral,5,5 (The comment directly
976159cf-a337-4afb-ad15-88f10c21143d,askacademia_train,losing_improve_qwen,qwen,mistral,5,5
976159cf-a337-4afb-ad15-88f10c21143d,askacademia_train,losing_paraphrase_claude,qwen,mistral,5,5 (The comment directly
976159cf-a337-4afb-ad15-88f10c21143d,askacademia_train,losing_paraphrase_gemini,qwen,mistral,4,4 (The tone is
976159cf-a337-4afb-ad15-88f10c21143d,askacademia_train,losing_paraphrase_gpt4omini,qwen,mistral,5,5 (The comment directly
976159cf-a337-4afb-ad15-88f10c21143d,askacademia_train,losing_paraphrase_gpt5nano,qwen,mistral,5,5
976159cf-a337-4afb-ad15-88f10c21143d,askacademia_train,losing_paraphrase_llama,qwen,mistral,5,5 (The comment directly
976159cf-a337-4afb-ad15-88f10c21143d,askacademia_train,losing_paraphrase_mistral,qwen,mistral,5,5 (The comment directly
976159cf-a337-4afb-ad15-88f10c21143d,askacademia_train,losing_paraphrase_qwen,qwen,mistral,5,5 (The comment directly
26c117b6-0b46-48d8-bc44-239ab5526699,askacademia_train,winning_text,qwen,mistral,4,4 (The tone is
26c117b6-0b46-48d8-bc44-239ab5526699,askacademia_train,losing_text,qwen,mistral,2,"2

The comment"
26c117b6-0b46-48d8-bc44-239ab5526699,askacademia_train,losing_generate_claude,qwen,mistral,5,5
26c117b6-0b46-48d8-bc44-239ab5526699,askacademia_train,losing_generate_gemini,qwen,mistral,5,5
26c117b6-0b46-48d8-bc44-239ab5526699,askacademia_train,losing_generate_gpt4omini,qwen,mistral,5,5
26c117b6-0b46-48d8-bc44-239ab5526699,askacademia_train,losing_generate_gpt5nano,qwen,mistral,5,5
26c117b6-0b46-48d8-bc44-239ab5526699,askacademia_train,losing_generate_llama,qwen,mistral,5,5 (The comment directly
26c117b6-0b46-48d8-bc44-239ab5526699,askacademia_train,losing_generate_mistral,qwen,mistral,5,5
26c117b6-0b46-48d8-bc44-239ab5526699,askacademia_train,losing_generate_qwen,qwen,mistral,5,5 (The comment directly
26c117b6-0b46-48d8-bc44-239ab5526699,askacademia_train,losing_improve_claude,qwen,mistral,5,5
26c117b6-0b46-48d8-bc44-239ab5526699,askacademia_train,losing_improve_gemini,qwen,mistral,5,5
26c117b6-0b46-48d8-bc44-239ab5526699,askacademia_train,losing_improve_gpt4omini,qwen,mistral,5,5
26c117b6-0b46-48d8-bc44-239ab5526699,askacademia_train,losing_improve_gpt5nano,qwen,mistral,5,5
26c117b6-0b46-48d8-bc44-239ab5526699,askacademia_train,losing_improve_llama,qwen,mistral,5,5 (The comment directly
26c117b6-0b46-48d8-bc44-239ab5526699,askacademia_train,losing_improve_mistral,qwen,mistral,5,5 (The comment directly
26c117b6-0b46-48d8-bc44-239ab5526699,askacademia_train,losing_improve_qwen,qwen,mistral,5,5
26c117b6-0b46-48d8-bc44-239ab5526699,askacademia_train,losing_paraphrase_claude,qwen,mistral,5,5 (The comment directly
26c117b6-0b46-48d8-bc44-239ab5526699,askacademia_train,losing_paraphrase_gemini,qwen,mistral,4,4 (The tone is
26c117b6-0b46-48d8-bc44-239ab5526699,askacademia_train,losing_paraphrase_gpt4omini,qwen,mistral,5,5 (The comment directly
26c117b6-0b46-48d8-bc44-239ab5526699,askacademia_train,losing_paraphrase_gpt5nano,qwen,mistral,5,5 (The comment directly
26c117b6-0b46-48d8-bc44-239ab5526699,askacademia_train,losing_paraphrase_llama,qwen,mistral,4,"4

(The"
26c117b6-0b46-48d8-bc44-239ab5526699,askacademia_train,losing_paraphrase_mistral,qwen,mistral,5,5 (The comment directly
26c117b6-0b46-48d8-bc44-239ab5526699,askacademia_train,losing_paraphrase_qwen,qwen,mistral,5,5 (The comment directly
c18349ca-4644-41f3-b50d-8c475423cc11,askacademia_train,winning_text,qwen,mistral,1,"1

The comment"
c18349ca-4644-41f3-b50d-8c475423cc11,askacademia_train,losing_text,qwen,mistral,4,4 (The tone is
c18349ca-4644-41f3-b50d-8c475423cc11,askacademia_train,losing_generate_claude,qwen,mistral,5,5
c18349ca-4644-41f3-b50d-8c475423cc11,askacademia_train,losing_generate_gemini,qwen,mistral,5,5
c18349ca-4644-41f3-b50d-8c475423cc11,askacademia_train,losing_generate_gpt4omini,qwen,mistral,5,5
c18349ca-4644-41f3-b50d-8c475423cc11,askacademia_train,losing_generate_gpt5nano,qwen,mistral,5,5
c18349ca-4644-41f3-b50d-8c475423cc11,askacademia_train,losing_generate_llama,qwen,mistral,5,5
c18349ca-4644-41f3-b50d-8c475423cc11,askacademia_train,losing_generate_mistral,qwen,mistral,5,5
c18349ca-4644-41f3-b50d-8c475423cc11,askacademia_train,losing_generate_qwen,qwen,mistral,5,5
c18349ca-4644-41f3-b50d-8c475423cc11,askacademia_train,losing_improve_claude,qwen,mistral,5,5 (The comment directly
c18349ca-4644-41f3-b50d-8c475423cc11,askacademia_train,losing_improve_gemini,qwen,mistral,5,5 (The comment directly
c18349ca-4644-41f3-b50d-8c475423cc11,askacademia_train,losing_improve_gpt4omini,qwen,mistral,5,5 (The comment directly
c18349ca-4644-41f3-b50d-8c475423cc11,askacademia_train,losing_improve_gpt5nano,qwen,mistral,5,5 (The comment directly
c18349ca-4644-41f3-b50d-8c475423cc11,askacademia_train,losing_improve_llama,qwen,mistral,4,4 (The comment is
c18349ca-4644-41f3-b50d-8c475423cc11,askacademia_train,losing_improve_mistral,qwen,mistral,5,5 (The comment directly
c18349ca-4644-41f3-b50d-8c475423cc11,askacademia_train,losing_improve_qwen,qwen,mistral,5,5 (The comment directly
c18349ca-4644-41f3-b50d-8c475423cc11,askacademia_train,losing_paraphrase_claude,qwen,mistral,5,5
c18349ca-4644-41f3-b50d-8c475423cc11,askacademia_train,losing_paraphrase_gemini,qwen,mistral,3,"3

Explan"
c18349ca-4644-41f3-b50d-8c475423cc11,askacademia_train,losing_paraphrase_gpt4omini,qwen,mistral,3,"3

The comment"
c18349ca-4644-41f3-b50d-8c475423cc11,askacademia_train,losing_paraphrase_gpt5nano,qwen,mistral,3,"3

The comment"
c18349ca-4644-41f3-b50d-8c475423cc11,askacademia_train,losing_paraphrase_llama,qwen,mistral,4,4 (The comment is
c18349ca-4644-41f3-b50d-8c475423cc11,askacademia_train,losing_paraphrase_mistral,qwen,mistral,3,"3

The comment"
c18349ca-4644-41f3-b50d-8c475423cc11,askacademia_train,losing_paraphrase_qwen,qwen,mistral,3,"3

The comment"
bab2f96a-9142-4b38-8168-9cf4a3e041ea,askacademia_train,winning_text,qwen,mistral,5,5 (The comment directly
bab2f96a-9142-4b38-8168-9cf4a3e041ea,askacademia_train,losing_text,qwen,mistral,4,4 (The tone is
bab2f96a-9142-4b38-8168-9cf4a3e041ea,askacademia_train,losing_generate_claude,qwen,mistral,5,5
bab2f96a-9142-4b38-8168-9cf4a3e041ea,askacademia_train,losing_generate_gemini,qwen,mistral,5,5 (The comment directly
bab2f96a-9142-4b38-8168-9cf4a3e041ea,askacademia_train,losing_generate_gpt4omini,qwen,mistral,5,5
bab2f96a-9142-4b38-8168-9cf4a3e041ea,askacademia_train,losing_generate_gpt5nano,qwen,mistral,5,5 (The comment directly
bab2f96a-9142-4b38-8168-9cf4a3e041ea,askacademia_train,losing_generate_llama,qwen,mistral,5,5 (The comment directly
bab2f96a-9142-4b38-8168-9cf4a3e041ea,askacademia_train,losing_generate_mistral,qwen,mistral,5,5
bab2f96a-9142-4b38-8168-9cf4a3e041ea,askacademia_train,losing_generate_qwen,qwen,mistral,5,5 (The comment directly
bab2f96a-9142-4b38-8168-9cf4a3e041ea,askacademia_train,losing_improve_claude,qwen,mistral,AMBIG,The given forum comment is quite
bab2f96a-9142-4b38-8168-9cf4a3e041ea,askacademia_train,losing_improve_gemini,qwen,mistral,5,5 (The comment directly
bab2f96a-9142-4b38-8168-9cf4a3e041ea,askacademia_train,losing_improve_gpt4omini,qwen,mistral,5,5 (The comment directly
bab2f96a-9142-4b38-8168-9cf4a3e041ea,askacademia_train,losing_improve_gpt5nano,qwen,mistral,5,5 (The comment directly
bab2f96a-9142-4b38-8168-9cf4a3e041ea,askacademia_train,losing_improve_llama,qwen,mistral,4,4 (The comment is
bab2f96a-9142-4b38-8168-9cf4a3e041ea,askacademia_train,losing_improve_mistral,qwen,mistral,5,5
bab2f96a-9142-4b38-8168-9cf4a3e041ea,askacademia_train,losing_improve_qwen,qwen,mistral,5,5
bab2f96a-9142-4b38-8168-9cf4a3e041ea,askacademia_train,losing_paraphrase_claude,qwen,mistral,5,5
bab2f96a-9142-4b38-8168-9cf4a3e041ea,askacademia_train,losing_paraphrase_gemini,qwen,mistral,3,"3

Explan"
bab2f96a-9142-4b38-8168-9cf4a3e041ea,askacademia_train,losing_paraphrase_gpt4omini,qwen,mistral,3,"3

The comment"
bab2f96a-9142-4b38-8168-9cf4a3e041ea,askacademia_train,losing_paraphrase_gpt5nano,qwen,mistral,4,4 (The tone is
bab2f96a-9142-4b38-8168-9cf4a3e041ea,askacademia_train,losing_paraphrase_llama,qwen,mistral,4,4 (The comment is
bab2f96a-9142-4b38-8168-9cf4a3e041ea,askacademia_train,losing_paraphrase_mistral,qwen,mistral,3,"3

Explan"
bab2f96a-9142-4b38-8168-9cf4a3e041ea,askacademia_train,losing_paraphrase_qwen,qwen,mistral,3,"3

The comment"
0d2dcd56-8c40-49e3-81fc-d242a1234019,askacademia_train,winning_text,qwen,mistral,4,4 (The tone is
0d2dcd56-8c40-49e3-81fc-d242a1234019,askacademia_train,losing_text,qwen,mistral,4,4 (The tone is
0d2dcd56-8c40-49e3-81fc-d242a1234019,askacademia_train,losing_generate_claude,qwen,mistral,5,5
0d2dcd56-8c40-49e3-81fc-d242a1234019,askacademia_train,losing_generate_gemini,qwen,mistral,5,5 (The comment directly
0d2dcd56-8c40-49e3-81fc-d242a1234019,askacademia_train,losing_generate_gpt4omini,qwen,mistral,5,5
0d2dcd56-8c40-49e3-81fc-d242a1234019,askacademia_train,losing_generate_gpt5nano,qwen,mistral,5,5
0d2dcd56-8c40-49e3-81fc-d242a1234019,askacademia_train,losing_generate_llama,qwen,mistral,5,5 (The comment directly
0d2dcd56-8c40-49e3-81fc-d242a1234019,askacademia_train,losing_generate_mistral,qwen,mistral,5,5
0d2dcd56-8c40-49e3-81fc-d242a1234019,askacademia_train,losing_generate_qwen,qwen,mistral,5,5
0d2dcd56-8c40-49e3-81fc-d242a1234019,askacademia_train,losing_improve_claude,qwen,mistral,5,5 (The comment directly
0d2dcd56-8c40-49e3-81fc-d242a1234019,askacademia_train,losing_improve_gemini,qwen,mistral,5,5
0d2dcd56-8c40-49e3-81fc-d242a1234019,askacademia_train,losing_improve_gpt4omini,qwen,mistral,5,5 (The comment directly
0d2dcd56-8c40-49e3-81fc-d242a1234019,askacademia_train,losing_improve_gpt5nano,qwen,mistral,5,5 (The comment directly
0d2dcd56-8c40-49e3-81fc-d242a1234019,askacademia_train,losing_improve_llama,qwen,mistral,4,4 (The comment is
0d2dcd56-8c40-49e3-81fc-d242a1234019,askacademia_train,losing_improve_mistral,qwen,mistral,5,5 (The comment directly
0d2dcd56-8c40-49e3-81fc-d242a1234019,askacademia_train,losing_improve_qwen,qwen,mistral,5,5 (The comment directly
0d2dcd56-8c40-49e3-81fc-d242a1234019,askacademia_train,losing_paraphrase_claude,qwen,mistral,5,5
0d2dcd56-8c40-49e3-81fc-d242a1234019,askacademia_train,losing_paraphrase_gemini,qwen,mistral,4,"4

Explan"
0d2dcd56-8c40-49e3-81fc-d242a1234019,askacademia_train,losing_paraphrase_gpt4omini,qwen,mistral,3,"3

The comment"
0d2dcd56-8c40-49e3-81fc-d242a1234019,askacademia_train,losing_paraphrase_gpt5nano,qwen,mistral,2,2
0d2dcd56-8c40-49e3-81fc-d242a1234019,askacademia_train,losing_paraphrase_llama,qwen,mistral,4,4 (The comment is
0d2dcd56-8c40-49e3-81fc-d242a1234019,askacademia_train,losing_paraphrase_mistral,qwen,mistral,3,"3

The comment"
0d2dcd56-8c40-49e3-81fc-d242a1234019,askacademia_train,losing_paraphrase_qwen,qwen,mistral,3,"3

The comment"
88a37316-58ed-4403-a25c-0571cab3f6fa,askacademia_train,winning_text,qwen,mistral,4,4 (The tone is
88a37316-58ed-4403-a25c-0571cab3f6fa,askacademia_train,losing_text,qwen,mistral,1,"1

The comment"
88a37316-58ed-4403-a25c-0571cab3f6fa,askacademia_train,losing_generate_claude,qwen,mistral,5,5
88a37316-58ed-4403-a25c-0571cab3f6fa,askacademia_train,losing_generate_gemini,qwen,mistral,5,5 (The comment directly
88a37316-58ed-4403-a25c-0571cab3f6fa,askacademia_train,losing_generate_gpt4omini,qwen,mistral,5,5
88a37316-58ed-4403-a25c-0571cab3f6fa,askacademia_train,losing_generate_gpt5nano,qwen,mistral,5,5 (The comment directly
88a37316-58ed-4403-a25c-0571cab3f6fa,askacademia_train,losing_generate_llama,qwen,mistral,5,5 (The comment directly
88a37316-58ed-4403-a25c-0571cab3f6fa,askacademia_train,losing_generate_mistral,qwen,mistral,5,5 (The comment directly
88a37316-58ed-4403-a25c-0571cab3f6fa,askacademia_train,losing_generate_qwen,qwen,mistral,5,5 (The comment directly
88a37316-58ed-4403-a25c-0571cab3f6fa,askacademia_train,losing_improve_claude,qwen,mistral,5,5 (The comment directly
88a37316-58ed-4403-a25c-0571cab3f6fa,askacademia_train,losing_improve_gemini,qwen,mistral,5,5 (The comment directly
88a37316-58ed-4403-a25c-0571cab3f6fa,askacademia_train,losing_improve_gpt4omini,qwen,mistral,5,5 (The comment directly
88a37316-58ed-4403-a25c-0571cab3f6fa,askacademia_train,losing_improve_gpt5nano,qwen,mistral,5,5
88a37316-58ed-4403-a25c-0571cab3f6fa,askacademia_train,losing_improve_llama,qwen,mistral,5,5 (The comment directly
88a37316-58ed-4403-a25c-0571cab3f6fa,askacademia_train,losing_improve_mistral,qwen,mistral,3,"3

Explan"
88a37316-58ed-4403-a25c-0571cab3f6fa,askacademia_train,losing_improve_qwen,qwen,mistral,5,5
88a37316-58ed-4403-a25c-0571cab3f6fa,askacademia_train,losing_paraphrase_claude,qwen,mistral,4,"4

(The"
88a37316-58ed-4403-a25c-0571cab3f6fa,askacademia_train,losing_paraphrase_gemini,qwen,mistral,4,"4

The comment"
88a37316-58ed-4403-a25c-0571cab3f6fa,askacademia_train,losing_paraphrase_gpt4omini,qwen,mistral,2,"2

(The"
88a37316-58ed-4403-a25c-0571cab3f6fa,askacademia_train,losing_paraphrase_gpt5nano,qwen,mistral,2,"2

The comment"
88a37316-58ed-4403-a25c-0571cab3f6fa,askacademia_train,losing_paraphrase_llama,qwen,mistral,5,5 (The comment directly
88a37316-58ed-4403-a25c-0571cab3f6fa,askacademia_train,losing_paraphrase_mistral,qwen,mistral,2,"2

(The"
88a37316-58ed-4403-a25c-0571cab3f6fa,askacademia_train,losing_paraphrase_qwen,qwen,mistral,3,"3

The comment"
339fd86c-fad2-4098-bee3-3344cd719af7,askacademia_train,winning_text,qwen,mistral,4,4 (The tone is
339fd86c-fad2-4098-bee3-3344cd719af7,askacademia_train,losing_text,qwen,mistral,5,5
339fd86c-fad2-4098-bee3-3344cd719af7,askacademia_train,losing_generate_claude,qwen,mistral,5,5
339fd86c-fad2-4098-bee3-3344cd719af7,askacademia_train,losing_generate_gemini,qwen,mistral,5,5 (The comment directly
339fd86c-fad2-4098-bee3-3344cd719af7,askacademia_train,losing_generate_gpt4omini,qwen,mistral,5,5
339fd86c-fad2-4098-bee3-3344cd719af7,askacademia_train,losing_generate_gpt5nano,qwen,mistral,5,5
339fd86c-fad2-4098-bee3-3344cd719af7,askacademia_train,losing_generate_llama,qwen,mistral,5,5 (The comment directly
339fd86c-fad2-4098-bee3-3344cd719af7,askacademia_train,losing_generate_mistral,qwen,mistral,5,5
339fd86c-fad2-4098-bee3-3344cd719af7,askacademia_train,losing_generate_qwen,qwen,mistral,5,5 (The comment directly
339fd86c-fad2-4098-bee3-3344cd719af7,askacademia_train,losing_improve_claude,qwen,mistral,5,5
339fd86c-fad2-4098-bee3-3344cd719af7,askacademia_train,losing_improve_gemini,qwen,mistral,5,5
339fd86c-fad2-4098-bee3-3344cd719af7,askacademia_train,losing_improve_gpt4omini,qwen,mistral,5,5
339fd86c-fad2-4098-bee3-3344cd719af7,askacademia_train,losing_improve_gpt5nano,qwen,mistral,5,5
339fd86c-fad2-4098-bee3-3344cd719af7,askacademia_train,losing_improve_llama,qwen,mistral,4,4 (The tone is
339fd86c-fad2-4098-bee3-3344cd719af7,askacademia_train,losing_improve_mistral,qwen,mistral,5,5
339fd86c-fad2-4098-bee3-3344cd719af7,askacademia_train,losing_improve_qwen,qwen,mistral,5,5
339fd86c-fad2-4098-bee3-3344cd719af7,askacademia_train,losing_paraphrase_claude,qwen,mistral,5,5 (The comment directly
339fd86c-fad2-4098-bee3-3344cd719af7,askacademia_train,losing_paraphrase_gemini,qwen,mistral,4,"4

The comment"
339fd86c-fad2-4098-bee3-3344cd719af7,askacademia_train,losing_paraphrase_gpt4omini,qwen,mistral,5,5
339fd86c-fad2-4098-bee3-3344cd719af7,askacademia_train,losing_paraphrase_gpt5nano,qwen,mistral,5,5 (The comment directly
339fd86c-fad2-4098-bee3-3344cd719af7,askacademia_train,losing_paraphrase_llama,qwen,mistral,4,4 (The tone is
339fd86c-fad2-4098-bee3-3344cd719af7,askacademia_train,losing_paraphrase_mistral,qwen,mistral,5,5
339fd86c-fad2-4098-bee3-3344cd719af7,askacademia_train,losing_paraphrase_qwen,qwen,mistral,5,5 (The comment directly
9dba669a-a94f-4f94-9a87-a9ca5f8108f3,askacademia_train,winning_text,qwen,mistral,2,"2

The comment"
9dba669a-a94f-4f94-9a87-a9ca5f8108f3,askacademia_train,losing_text,qwen,mistral,3,"3

Explan"
9dba669a-a94f-4f94-9a87-a9ca5f8108f3,askacademia_train,losing_generate_claude,qwen,mistral,5,5
9dba669a-a94f-4f94-9a87-a9ca5f8108f3,askacademia_train,losing_generate_gemini,qwen,mistral,5,5 (The comment directly
9dba669a-a94f-4f94-9a87-a9ca5f8108f3,askacademia_train,losing_generate_gpt4omini,qwen,mistral,5,5
9dba669a-a94f-4f94-9a87-a9ca5f8108f3,askacademia_train,losing_generate_gpt5nano,qwen,mistral,5,5
9dba669a-a94f-4f94-9a87-a9ca5f8108f3,askacademia_train,losing_generate_llama,qwen,mistral,5,5 (The comment directly
9dba669a-a94f-4f94-9a87-a9ca5f8108f3,askacademia_train,losing_generate_mistral,qwen,mistral,5,5
9dba669a-a94f-4f94-9a87-a9ca5f8108f3,askacademia_train,losing_generate_qwen,qwen,mistral,5,5
9dba669a-a94f-4f94-9a87-a9ca5f8108f3,askacademia_train,losing_improve_claude,qwen,mistral,5,5 (The comment directly
9dba669a-a94f-4f94-9a87-a9ca5f8108f3,askacademia_train,losing_improve_gemini,qwen,mistral,5,5 (The comment directly
9dba669a-a94f-4f94-9a87-a9ca5f8108f3,askacademia_train,losing_improve_gpt4omini,qwen,mistral,5,5
9dba669a-a94f-4f94-9a87-a9ca5f8108f3,askacademia_train,losing_improve_gpt5nano,qwen,mistral,5,5
9dba669a-a94f-4f94-9a87-a9ca5f8108f3,askacademia_train,losing_improve_llama,qwen,mistral,5,5 (The comment directly
9dba669a-a94f-4f94-9a87-a9ca5f8108f3,askacademia_train,losing_improve_mistral,qwen,mistral,5,5
9dba669a-a94f-4f94-9a87-a9ca5f8108f3,askacademia_train,losing_improve_qwen,qwen,mistral,3,"3

The comment"
9dba669a-a94f-4f94-9a87-a9ca5f8108f3,askacademia_train,losing_paraphrase_claude,qwen,mistral,4,4 (The tone is
9dba669a-a94f-4f94-9a87-a9ca5f8108f3,askacademia_train,losing_paraphrase_gemini,qwen,mistral,3,"3

Explan"
9dba669a-a94f-4f94-9a87-a9ca5f8108f3,askacademia_train,losing_paraphrase_gpt4omini,qwen,mistral,3,"3

The comment"
9dba669a-a94f-4f94-9a87-a9ca5f8108f3,askacademia_train,losing_paraphrase_gpt5nano,qwen,mistral,3,"3

Explan"
9dba669a-a94f-4f94-9a87-a9ca5f8108f3,askacademia_train,losing_paraphrase_llama,qwen,mistral,AMBIG,Based on the scoring rubric
9dba669a-a94f-4f94-9a87-a9ca5f8108f3,askacademia_train,losing_paraphrase_mistral,qwen,mistral,3,"3

Explan"
9dba669a-a94f-4f94-9a87-a9ca5f8108f3,askacademia_train,losing_paraphrase_qwen,qwen,mistral,3,"3

The comment"
3dbe3bd2-a538-439d-adc7-d61946765c4b,askacademia_train,winning_text,qwen,mistral,2,"2

The comment"
3dbe3bd2-a538-439d-adc7-d61946765c4b,askacademia_train,losing_text,qwen,mistral,3,"3

Explan"
3dbe3bd2-a538-439d-adc7-d61946765c4b,askacademia_train,losing_generate_claude,qwen,mistral,5,5
3dbe3bd2-a538-439d-adc7-d61946765c4b,askacademia_train,losing_generate_gemini,qwen,mistral,5,5
3dbe3bd2-a538-439d-adc7-d61946765c4b,askacademia_train,losing_generate_gpt4omini,qwen,mistral,5,5
3dbe3bd2-a538-439d-adc7-d61946765c4b,askacademia_train,losing_generate_gpt5nano,qwen,mistral,5,5 (The comment directly
3dbe3bd2-a538-439d-adc7-d61946765c4b,askacademia_train,losing_generate_llama,qwen,mistral,5,5 (The comment directly
3dbe3bd2-a538-439d-adc7-d61946765c4b,askacademia_train,losing_generate_mistral,qwen,mistral,5,5
3dbe3bd2-a538-439d-adc7-d61946765c4b,askacademia_train,losing_generate_qwen,qwen,mistral,5,5
3dbe3bd2-a538-439d-adc7-d61946765c4b,askacademia_train,losing_improve_claude,qwen,mistral,5,5 (The comment directly
3dbe3bd2-a538-439d-adc7-d61946765c4b,askacademia_train,losing_improve_gemini,qwen,mistral,5,5 (The comment directly
3dbe3bd2-a538-439d-adc7-d61946765c4b,askacademia_train,losing_improve_gpt4omini,qwen,mistral,5,5
3dbe3bd2-a538-439d-adc7-d61946765c4b,askacademia_train,losing_improve_gpt5nano,qwen,mistral,5,5 (The comment directly
3dbe3bd2-a538-439d-adc7-d61946765c4b,askacademia_train,losing_improve_llama,qwen,mistral,5,5
3dbe3bd2-a538-439d-adc7-d61946765c4b,askacademia_train,losing_improve_mistral,qwen,mistral,5,5 (The comment directly
3dbe3bd2-a538-439d-adc7-d61946765c4b,askacademia_train,losing_improve_qwen,qwen,mistral,5,5 (The comment directly
3dbe3bd2-a538-439d-adc7-d61946765c4b,askacademia_train,losing_paraphrase_claude,qwen,mistral,4,"4

Explan"
3dbe3bd2-a538-439d-adc7-d61946765c4b,askacademia_train,losing_paraphrase_gemini,qwen,mistral,3,"3

Explan"
3dbe3bd2-a538-439d-adc7-d61946765c4b,askacademia_train,losing_paraphrase_gpt4omini,qwen,mistral,2,"2

Explan"
3dbe3bd2-a538-439d-adc7-d61946765c4b,askacademia_train,losing_paraphrase_gpt5nano,qwen,mistral,2,"2

Explan"
3dbe3bd2-a538-439d-adc7-d61946765c4b,askacademia_train,losing_paraphrase_llama,qwen,mistral,2,"2

The comment"
3dbe3bd2-a538-439d-adc7-d61946765c4b,askacademia_train,losing_paraphrase_mistral,qwen,mistral,4,"4

The comment"
3dbe3bd2-a538-439d-adc7-d61946765c4b,askacademia_train,losing_paraphrase_qwen,qwen,mistral,2,"2

The comment"
330627be-087d-4a3a-94d8-75dfc601cf71,askacademia_train,winning_text,qwen,mistral,2,"2

The comment"
330627be-087d-4a3a-94d8-75dfc601cf71,askacademia_train,losing_text,qwen,mistral,3,"3

Explan"
330627be-087d-4a3a-94d8-75dfc601cf71,askacademia_train,losing_generate_claude,qwen,mistral,5,5
330627be-087d-4a3a-94d8-75dfc601cf71,askacademia_train,losing_generate_gemini,qwen,mistral,5,5
330627be-087d-4a3a-94d8-75dfc601cf71,askacademia_train,losing_generate_gpt4omini,qwen,mistral,5,5
330627be-087d-4a3a-94d8-75dfc601cf71,askacademia_train,losing_generate_gpt5nano,qwen,mistral,5,5 (The comment directly
330627be-087d-4a3a-94d8-75dfc601cf71,askacademia_train,losing_generate_llama,qwen,mistral,5,5 (The comment directly
330627be-087d-4a3a-94d8-75dfc601cf71,askacademia_train,losing_generate_mistral,qwen,mistral,5,5 (The comment directly
330627be-087d-4a3a-94d8-75dfc601cf71,askacademia_train,losing_generate_qwen,qwen,mistral,5,5 (The comment directly
330627be-087d-4a3a-94d8-75dfc601cf71,askacademia_train,losing_improve_claude,qwen,mistral,5,5 (The comment directly
330627be-087d-4a3a-94d8-75dfc601cf71,askacademia_train,losing_improve_gemini,qwen,mistral,5,5 (The comment directly
330627be-087d-4a3a-94d8-75dfc601cf71,askacademia_train,losing_improve_gpt4omini,qwen,mistral,5,5
330627be-087d-4a3a-94d8-75dfc601cf71,askacademia_train,losing_improve_gpt5nano,qwen,mistral,5,5 (The comment directly
330627be-087d-4a3a-94d8-75dfc601cf71,askacademia_train,losing_improve_llama,qwen,mistral,5,5
330627be-087d-4a3a-94d8-75dfc601cf71,askacademia_train,losing_improve_mistral,qwen,mistral,5,5 (The comment directly
330627be-087d-4a3a-94d8-75dfc601cf71,askacademia_train,losing_improve_qwen,qwen,mistral,5,5 (The comment directly
330627be-087d-4a3a-94d8-75dfc601cf71,askacademia_train,losing_paraphrase_claude,qwen,mistral,3,"3

The comment"
330627be-087d-4a3a-94d8-75dfc601cf71,askacademia_train,losing_paraphrase_gemini,qwen,mistral,4,"4

The comment"
330627be-087d-4a3a-94d8-75dfc601cf71,askacademia_train,losing_paraphrase_gpt4omini,qwen,mistral,2,"2

Explan"
330627be-087d-4a3a-94d8-75dfc601cf71,askacademia_train,losing_paraphrase_gpt5nano,qwen,mistral,2,"2

Explan"
330627be-087d-4a3a-94d8-75dfc601cf71,askacademia_train,losing_paraphrase_llama,qwen,mistral,2,"2

The comment"
330627be-087d-4a3a-94d8-75dfc601cf71,askacademia_train,losing_paraphrase_mistral,qwen,mistral,3,"3

The comment"
330627be-087d-4a3a-94d8-75dfc601cf71,askacademia_train,losing_paraphrase_qwen,qwen,mistral,2,"2

Explan"
b33dabd3-932b-4388-9339-3f44ffa6f1bb,askacademia_train,winning_text,qwen,mistral,2,"2

(The"
b33dabd3-932b-4388-9339-3f44ffa6f1bb,askacademia_train,losing_text,qwen,mistral,3,"3

Explan"
b33dabd3-932b-4388-9339-3f44ffa6f1bb,askacademia_train,losing_generate_claude,qwen,mistral,5,5
b33dabd3-932b-4388-9339-3f44ffa6f1bb,askacademia_train,losing_generate_gemini,qwen,mistral,5,5 (The comment directly
b33dabd3-932b-4388-9339-3f44ffa6f1bb,askacademia_train,losing_generate_gpt4omini,qwen,mistral,5,5
b33dabd3-932b-4388-9339-3f44ffa6f1bb,askacademia_train,losing_generate_gpt5nano,qwen,mistral,5,5
b33dabd3-932b-4388-9339-3f44ffa6f1bb,askacademia_train,losing_generate_llama,qwen,mistral,5,5
b33dabd3-932b-4388-9339-3f44ffa6f1bb,askacademia_train,losing_generate_mistral,qwen,mistral,5,5
b33dabd3-932b-4388-9339-3f44ffa6f1bb,askacademia_train,losing_generate_qwen,qwen,mistral,5,5 (The comment directly
b33dabd3-932b-4388-9339-3f44ffa6f1bb,askacademia_train,losing_improve_claude,qwen,mistral,5,5 (The comment directly
b33dabd3-932b-4388-9339-3f44ffa6f1bb,askacademia_train,losing_improve_gemini,qwen,mistral,5,5 (The comment directly
b33dabd3-932b-4388-9339-3f44ffa6f1bb,askacademia_train,losing_improve_gpt4omini,qwen,mistral,5,5 (The comment directly
b33dabd3-932b-4388-9339-3f44ffa6f1bb,askacademia_train,losing_improve_gpt5nano,qwen,mistral,5,5
b33dabd3-932b-4388-9339-3f44ffa6f1bb,askacademia_train,losing_improve_llama,qwen,mistral,5,5
b33dabd3-932b-4388-9339-3f44ffa6f1bb,askacademia_train,losing_improve_mistral,qwen,mistral,5,5 (The comment directly
b33dabd3-932b-4388-9339-3f44ffa6f1bb,askacademia_train,losing_improve_qwen,qwen,mistral,5,5 (The comment directly
b33dabd3-932b-4388-9339-3f44ffa6f1bb,askacademia_train,losing_paraphrase_claude,qwen,mistral,3,"3

The comment"
b33dabd3-932b-4388-9339-3f44ffa6f1bb,askacademia_train,losing_paraphrase_gemini,qwen,mistral,5,5
b33dabd3-932b-4388-9339-3f44ffa6f1bb,askacademia_train,losing_paraphrase_gpt4omini,qwen,mistral,2,"2

Explan"
b33dabd3-932b-4388-9339-3f44ffa6f1bb,askacademia_train,losing_paraphrase_gpt5nano,qwen,mistral,2,"2

The comment"
b33dabd3-932b-4388-9339-3f44ffa6f1bb,askacademia_train,losing_paraphrase_llama,qwen,mistral,2,"2

The comment"
b33dabd3-932b-4388-9339-3f44ffa6f1bb,askacademia_train,losing_paraphrase_mistral,qwen,mistral,3,"3

The comment"
b33dabd3-932b-4388-9339-3f44ffa6f1bb,askacademia_train,losing_paraphrase_qwen,qwen,mistral,2,"2

Explan"
1e772bc6-525d-41c0-91b8-9bf8159f3a41,askacademia_train,winning_text,qwen,mistral,2,"2

Explan"
1e772bc6-525d-41c0-91b8-9bf8159f3a41,askacademia_train,losing_text,qwen,mistral,3,"3

Explan"
1e772bc6-525d-41c0-91b8-9bf8159f3a41,askacademia_train,losing_generate_claude,qwen,mistral,5,5
1e772bc6-525d-41c0-91b8-9bf8159f3a41,askacademia_train,losing_generate_gemini,qwen,mistral,5,5
1e772bc6-525d-41c0-91b8-9bf8159f3a41,askacademia_train,losing_generate_gpt4omini,qwen,mistral,5,5
1e772bc6-525d-41c0-91b8-9bf8159f3a41,askacademia_train,losing_generate_gpt5nano,qwen,mistral,5,5
1e772bc6-525d-41c0-91b8-9bf8159f3a41,askacademia_train,losing_generate_llama,qwen,mistral,5,5 (The comment directly
1e772bc6-525d-41c0-91b8-9bf8159f3a41,askacademia_train,losing_generate_mistral,qwen,mistral,5,5
1e772bc6-525d-41c0-91b8-9bf8159f3a41,askacademia_train,losing_generate_qwen,qwen,mistral,5,5
1e772bc6-525d-41c0-91b8-9bf8159f3a41,askacademia_train,losing_improve_claude,qwen,mistral,5,5 (The comment directly
1e772bc6-525d-41c0-91b8-9bf8159f3a41,askacademia_train,losing_improve_gemini,qwen,mistral,5,5
1e772bc6-525d-41c0-91b8-9bf8159f3a41,askacademia_train,losing_improve_gpt4omini,qwen,mistral,5,5 (The comment directly
1e772bc6-525d-41c0-91b8-9bf8159f3a41,askacademia_train,losing_improve_gpt5nano,qwen,mistral,5,5 (The comment directly
1e772bc6-525d-41c0-91b8-9bf8159f3a41,askacademia_train,losing_improve_llama,qwen,mistral,5,5
1e772bc6-525d-41c0-91b8-9bf8159f3a41,askacademia_train,losing_improve_mistral,qwen,mistral,5,5 (The comment directly
1e772bc6-525d-41c0-91b8-9bf8159f3a41,askacademia_train,losing_improve_qwen,qwen,mistral,5,5 (The comment directly
1e772bc6-525d-41c0-91b8-9bf8159f3a41,askacademia_train,losing_paraphrase_claude,qwen,mistral,3,"3

The comment"
1e772bc6-525d-41c0-91b8-9bf8159f3a41,askacademia_train,losing_paraphrase_gemini,qwen,mistral,5,5
1e772bc6-525d-41c0-91b8-9bf8159f3a41,askacademia_train,losing_paraphrase_gpt4omini,qwen,mistral,2,"2

The comment"
1e772bc6-525d-41c0-91b8-9bf8159f3a41,askacademia_train,losing_paraphrase_gpt5nano,qwen,mistral,2,"2

The comment"
1e772bc6-525d-41c0-91b8-9bf8159f3a41,askacademia_train,losing_paraphrase_llama,qwen,mistral,2,"2

The comment"
1e772bc6-525d-41c0-91b8-9bf8159f3a41,askacademia_train,losing_paraphrase_mistral,qwen,mistral,3,"3

The comment"
1e772bc6-525d-41c0-91b8-9bf8159f3a41,askacademia_train,losing_paraphrase_qwen,qwen,mistral,2,"2

Explan"
4c3aa170-60df-4402-984f-ee3c07815bdb,askacademia_train,winning_text,qwen,mistral,2,"2

The comment"
4c3aa170-60df-4402-984f-ee3c07815bdb,askacademia_train,losing_text,qwen,mistral,2,"2

The comment"
4c3aa170-60df-4402-984f-ee3c07815bdb,askacademia_train,losing_generate_claude,qwen,mistral,5,5
4c3aa170-60df-4402-984f-ee3c07815bdb,askacademia_train,losing_generate_gemini,qwen,mistral,5,5
4c3aa170-60df-4402-984f-ee3c07815bdb,askacademia_train,losing_generate_gpt4omini,qwen,mistral,5,5
4c3aa170-60df-4402-984f-ee3c07815bdb,askacademia_train,losing_generate_gpt5nano,qwen,mistral,5,5
4c3aa170-60df-4402-984f-ee3c07815bdb,askacademia_train,losing_generate_llama,qwen,mistral,5,5 (The comment directly
4c3aa170-60df-4402-984f-ee3c07815bdb,askacademia_train,losing_generate_mistral,qwen,mistral,5,5
4c3aa170-60df-4402-984f-ee3c07815bdb,askacademia_train,losing_generate_qwen,qwen,mistral,5,5 (The comment directly
4c3aa170-60df-4402-984f-ee3c07815bdb,askacademia_train,losing_improve_claude,qwen,mistral,3,"3

Explan"
4c3aa170-60df-4402-984f-ee3c07815bdb,askacademia_train,losing_improve_gemini,qwen,mistral,3,"3

Explan"
4c3aa170-60df-4402-984f-ee3c07815bdb,askacademia_train,losing_improve_gpt4omini,qwen,mistral,4,"4

The comment"
4c3aa170-60df-4402-984f-ee3c07815bdb,askacademia_train,losing_improve_gpt5nano,qwen,mistral,5,5 (The comment directly
4c3aa170-60df-4402-984f-ee3c07815bdb,askacademia_train,losing_improve_llama,qwen,mistral,5,5 (The comment directly
4c3aa170-60df-4402-984f-ee3c07815bdb,askacademia_train,losing_improve_mistral,qwen,mistral,2,"2

The comment"
4c3aa170-60df-4402-984f-ee3c07815bdb,askacademia_train,losing_improve_qwen,qwen,mistral,3,"3

The comment"
4c3aa170-60df-4402-984f-ee3c07815bdb,askacademia_train,losing_paraphrase_claude,qwen,mistral,AMBIG,The score for this forum comment
4c3aa170-60df-4402-984f-ee3c07815bdb,askacademia_train,losing_paraphrase_gemini,qwen,mistral,5,5 (The comment directly
4c3aa170-60df-4402-984f-ee3c07815bdb,askacademia_train,losing_paraphrase_gpt4omini,qwen,mistral,2,"2

The comment"
4c3aa170-60df-4402-984f-ee3c07815bdb,askacademia_train,losing_paraphrase_gpt5nano,qwen,mistral,2,"2

The comment"
4c3aa170-60df-4402-984f-ee3c07815bdb,askacademia_train,losing_paraphrase_llama,qwen,mistral,2,"2

The comment"
4c3aa170-60df-4402-984f-ee3c07815bdb,askacademia_train,losing_paraphrase_mistral,qwen,mistral,2,"2

(The"
4c3aa170-60df-4402-984f-ee3c07815bdb,askacademia_train,losing_paraphrase_qwen,qwen,mistral,2,"2

The comment"
f22703a8-bc88-4735-aa93-f7c0c511effd,askacademia_train,winning_text,qwen,mistral,2,"2

(The"
f22703a8-bc88-4735-aa93-f7c0c511effd,askacademia_train,losing_text,qwen,mistral,2,"2

The comment"
f22703a8-bc88-4735-aa93-f7c0c511effd,askacademia_train,losing_generate_claude,qwen,mistral,5,5
f22703a8-bc88-4735-aa93-f7c0c511effd,askacademia_train,losing_generate_gemini,qwen,mistral,5,5
f22703a8-bc88-4735-aa93-f7c0c511effd,askacademia_train,losing_generate_gpt4omini,qwen,mistral,5,5
f22703a8-bc88-4735-aa93-f7c0c511effd,askacademia_train,losing_generate_gpt5nano,qwen,mistral,5,5 (The comment directly
f22703a8-bc88-4735-aa93-f7c0c511effd,askacademia_train,losing_generate_llama,qwen,mistral,5,5 (The comment directly
f22703a8-bc88-4735-aa93-f7c0c511effd,askacademia_train,losing_generate_mistral,qwen,mistral,5,5
f22703a8-bc88-4735-aa93-f7c0c511effd,askacademia_train,losing_generate_qwen,qwen,mistral,5,5
f22703a8-bc88-4735-aa93-f7c0c511effd,askacademia_train,losing_improve_claude,qwen,mistral,3,"3

Explan"
f22703a8-bc88-4735-aa93-f7c0c511effd,askacademia_train,losing_improve_gemini,qwen,mistral,3,"3

Explan"
f22703a8-bc88-4735-aa93-f7c0c511effd,askacademia_train,losing_improve_gpt4omini,qwen,mistral,5,5
f22703a8-bc88-4735-aa93-f7c0c511effd,askacademia_train,losing_improve_gpt5nano,qwen,mistral,5,5
f22703a8-bc88-4735-aa93-f7c0c511effd,askacademia_train,losing_improve_llama,qwen,mistral,5,5 (The comment directly
f22703a8-bc88-4735-aa93-f7c0c511effd,askacademia_train,losing_improve_mistral,qwen,mistral,2,"2

The comment"
f22703a8-bc88-4735-aa93-f7c0c511effd,askacademia_train,losing_improve_qwen,qwen,mistral,3,"3

The comment"
f22703a8-bc88-4735-aa93-f7c0c511effd,askacademia_train,losing_paraphrase_claude,qwen,mistral,2,"2

The comment"
f22703a8-bc88-4735-aa93-f7c0c511effd,askacademia_train,losing_paraphrase_gemini,qwen,mistral,5,5 (The comment directly
f22703a8-bc88-4735-aa93-f7c0c511effd,askacademia_train,losing_paraphrase_gpt4omini,qwen,mistral,2,"2

(The"
f22703a8-bc88-4735-aa93-f7c0c511effd,askacademia_train,losing_paraphrase_gpt5nano,qwen,mistral,2,"2

(The"
f22703a8-bc88-4735-aa93-f7c0c511effd,askacademia_train,losing_paraphrase_llama,qwen,mistral,2,"2

The comment"
f22703a8-bc88-4735-aa93-f7c0c511effd,askacademia_train,losing_paraphrase_mistral,qwen,mistral,2,"2

The comment"
f22703a8-bc88-4735-aa93-f7c0c511effd,askacademia_train,losing_paraphrase_qwen,qwen,mistral,2,"2

The comment"
39893cb4-6c35-4d03-b2da-1e6a54772de3,askacademia_train,winning_text,qwen,mistral,2,"2

Explan"
39893cb4-6c35-4d03-b2da-1e6a54772de3,askacademia_train,losing_text,qwen,mistral,2,"2

The comment"
39893cb4-6c35-4d03-b2da-1e6a54772de3,askacademia_train,losing_generate_claude,qwen,mistral,5,5
39893cb4-6c35-4d03-b2da-1e6a54772de3,askacademia_train,losing_generate_gemini,qwen,mistral,5,5
39893cb4-6c35-4d03-b2da-1e6a54772de3,askacademia_train,losing_generate_gpt4omini,qwen,mistral,5,5
39893cb4-6c35-4d03-b2da-1e6a54772de3,askacademia_train,losing_generate_gpt5nano,qwen,mistral,5,5 (The comment directly
39893cb4-6c35-4d03-b2da-1e6a54772de3,askacademia_train,losing_generate_llama,qwen,mistral,5,5 (The comment directly
39893cb4-6c35-4d03-b2da-1e6a54772de3,askacademia_train,losing_generate_mistral,qwen,mistral,5,5
39893cb4-6c35-4d03-b2da-1e6a54772de3,askacademia_train,losing_generate_qwen,qwen,mistral,5,5
39893cb4-6c35-4d03-b2da-1e6a54772de3,askacademia_train,losing_improve_claude,qwen,mistral,3,"3

Explan"
39893cb4-6c35-4d03-b2da-1e6a54772de3,askacademia_train,losing_improve_gemini,qwen,mistral,AMBIG,The score for this forum comment
39893cb4-6c35-4d03-b2da-1e6a54772de3,askacademia_train,losing_improve_gpt4omini,qwen,mistral,4,"4

The comment"
39893cb4-6c35-4d03-b2da-1e6a54772de3,askacademia_train,losing_improve_gpt5nano,qwen,mistral,5,5 (The comment directly
39893cb4-6c35-4d03-b2da-1e6a54772de3,askacademia_train,losing_improve_llama,qwen,mistral,5,5 (The comment directly
39893cb4-6c35-4d03-b2da-1e6a54772de3,askacademia_train,losing_improve_mistral,qwen,mistral,2,"2

The comment"
39893cb4-6c35-4d03-b2da-1e6a54772de3,askacademia_train,losing_improve_qwen,qwen,mistral,3,"3

The comment"
39893cb4-6c35-4d03-b2da-1e6a54772de3,askacademia_train,losing_paraphrase_claude,qwen,mistral,2,"2

The comment"
39893cb4-6c35-4d03-b2da-1e6a54772de3,askacademia_train,losing_paraphrase_gemini,qwen,mistral,5,5 (The comment directly
39893cb4-6c35-4d03-b2da-1e6a54772de3,askacademia_train,losing_paraphrase_gpt4omini,qwen,mistral,2,"2

The comment"
39893cb4-6c35-4d03-b2da-1e6a54772de3,askacademia_train,losing_paraphrase_gpt5nano,qwen,mistral,2,"2

(The"
39893cb4-6c35-4d03-b2da-1e6a54772de3,askacademia_train,losing_paraphrase_llama,qwen,mistral,2,"2

The comment"
39893cb4-6c35-4d03-b2da-1e6a54772de3,askacademia_train,losing_paraphrase_mistral,qwen,mistral,2,"2

(The"
39893cb4-6c35-4d03-b2da-1e6a54772de3,askacademia_train,losing_paraphrase_qwen,qwen,mistral,2,"2

The comment"
f940a1ac-6630-4c4f-8ffd-a79d4c6d292d,askacademia_train,winning_text,qwen,mistral,2,"2

(The"
f940a1ac-6630-4c4f-8ffd-a79d4c6d292d,askacademia_train,losing_text,qwen,mistral,2,"2

The comment"
f940a1ac-6630-4c4f-8ffd-a79d4c6d292d,askacademia_train,losing_generate_claude,qwen,mistral,5,5
f940a1ac-6630-4c4f-8ffd-a79d4c6d292d,askacademia_train,losing_generate_gemini,qwen,mistral,5,5
f940a1ac-6630-4c4f-8ffd-a79d4c6d292d,askacademia_train,losing_generate_gpt4omini,qwen,mistral,5,5
f940a1ac-6630-4c4f-8ffd-a79d4c6d292d,askacademia_train,losing_generate_gpt5nano,qwen,mistral,5,5
f940a1ac-6630-4c4f-8ffd-a79d4c6d292d,askacademia_train,losing_generate_llama,qwen,mistral,5,5 (The comment directly
f940a1ac-6630-4c4f-8ffd-a79d4c6d292d,askacademia_train,losing_generate_mistral,qwen,mistral,5,5 (The comment directly
f940a1ac-6630-4c4f-8ffd-a79d4c6d292d,askacademia_train,losing_generate_qwen,qwen,mistral,5,5 (The comment directly
f940a1ac-6630-4c4f-8ffd-a79d4c6d292d,askacademia_train,losing_improve_claude,qwen,mistral,5,5 (The comment directly
f940a1ac-6630-4c4f-8ffd-a79d4c6d292d,askacademia_train,losing_improve_gemini,qwen,mistral,3,"3

Explan"
f940a1ac-6630-4c4f-8ffd-a79d4c6d292d,askacademia_train,losing_improve_gpt4omini,qwen,mistral,AMBIG,I would give this forum comment
f940a1ac-6630-4c4f-8ffd-a79d4c6d292d,askacademia_train,losing_improve_gpt5nano,qwen,mistral,5,5
f940a1ac-6630-4c4f-8ffd-a79d4c6d292d,askacademia_train,losing_improve_llama,qwen,mistral,4,4 (The tone is
f940a1ac-6630-4c4f-8ffd-a79d4c6d292d,askacademia_train,losing_improve_mistral,qwen,mistral,2,"2

The comment"
f940a1ac-6630-4c4f-8ffd-a79d4c6d292d,askacademia_train,losing_improve_qwen,qwen,mistral,5,5 (The comment directly
f940a1ac-6630-4c4f-8ffd-a79d4c6d292d,askacademia_train,losing_paraphrase_claude,qwen,mistral,2,"2

(The"
f940a1ac-6630-4c4f-8ffd-a79d4c6d292d,askacademia_train,losing_paraphrase_gemini,qwen,mistral,5,5
f940a1ac-6630-4c4f-8ffd-a79d4c6d292d,askacademia_train,losing_paraphrase_gpt4omini,qwen,mistral,2,"2

(The"
f940a1ac-6630-4c4f-8ffd-a79d4c6d292d,askacademia_train,losing_paraphrase_gpt5nano,qwen,mistral,2,"2

The comment"
f940a1ac-6630-4c4f-8ffd-a79d4c6d292d,askacademia_train,losing_paraphrase_llama,qwen,mistral,2,"2

(The"
f940a1ac-6630-4c4f-8ffd-a79d4c6d292d,askacademia_train,losing_paraphrase_mistral,qwen,mistral,2,"2

The comment"
f940a1ac-6630-4c4f-8ffd-a79d4c6d292d,askacademia_train,losing_paraphrase_qwen,qwen,mistral,2,"2

(The"
fab31d67-2a56-49d6-a76e-4be1baf119bd,askacademia_train,winning_text,qwen,mistral,2,"2

Explan"
fab31d67-2a56-49d6-a76e-4be1baf119bd,askacademia_train,losing_text,qwen,mistral,2,"2

The comment"
fab31d67-2a56-49d6-a76e-4be1baf119bd,askacademia_train,losing_generate_claude,qwen,mistral,5,5
fab31d67-2a56-49d6-a76e-4be1baf119bd,askacademia_train,losing_generate_gemini,qwen,mistral,5,5
fab31d67-2a56-49d6-a76e-4be1baf119bd,askacademia_train,losing_generate_gpt4omini,qwen,mistral,5,5
fab31d67-2a56-49d6-a76e-4be1baf119bd,askacademia_train,losing_generate_gpt5nano,qwen,mistral,5,5
fab31d67-2a56-49d6-a76e-4be1baf119bd,askacademia_train,losing_generate_llama,qwen,mistral,5,5 (The comment directly
fab31d67-2a56-49d6-a76e-4be1baf119bd,askacademia_train,losing_generate_mistral,qwen,mistral,5,5 (The comment directly
fab31d67-2a56-49d6-a76e-4be1baf119bd,askacademia_train,losing_generate_qwen,qwen,mistral,5,5 (The comment directly
fab31d67-2a56-49d6-a76e-4be1baf119bd,askacademia_train,losing_improve_claude,qwen,mistral,2,"2

The comment"
fab31d67-2a56-49d6-a76e-4be1baf119bd,askacademia_train,losing_improve_gemini,qwen,mistral,3,"3

The comment"
fab31d67-2a56-49d6-a76e-4be1baf119bd,askacademia_train,losing_improve_gpt4omini,qwen,mistral,AMBIG,The score for this forum comment
fab31d67-2a56-49d6-a76e-4be1baf119bd,askacademia_train,losing_improve_gpt5nano,qwen,mistral,5,5 (The comment directly
fab31d67-2a56-49d6-a76e-4be1baf119bd,askacademia_train,losing_improve_llama,qwen,mistral,4,4 (The tone is
fab31d67-2a56-49d6-a76e-4be1baf119bd,askacademia_train,losing_improve_mistral,qwen,mistral,2,"2

The comment"
fab31d67-2a56-49d6-a76e-4be1baf119bd,askacademia_train,losing_improve_qwen,qwen,mistral,5,5 (The comment directly
fab31d67-2a56-49d6-a76e-4be1baf119bd,askacademia_train,losing_paraphrase_claude,qwen,mistral,2,"2

(The"
fab31d67-2a56-49d6-a76e-4be1baf119bd,askacademia_train,losing_paraphrase_gemini,qwen,mistral,5,5
fab31d67-2a56-49d6-a76e-4be1baf119bd,askacademia_train,losing_paraphrase_gpt4omini,qwen,mistral,2,"2

(The"
fab31d67-2a56-49d6-a76e-4be1baf119bd,askacademia_train,losing_paraphrase_gpt5nano,qwen,mistral,2,"2

The comment"
fab31d67-2a56-49d6-a76e-4be1baf119bd,askacademia_train,losing_paraphrase_llama,qwen,mistral,2,"2

(The"
fab31d67-2a56-49d6-a76e-4be1baf119bd,askacademia_train,losing_paraphrase_mistral,qwen,mistral,2,"2

The comment"
fab31d67-2a56-49d6-a76e-4be1baf119bd,askacademia_train,losing_paraphrase_qwen,qwen,mistral,2,"2

(The"
3ba8d33d-6b79-4aab-91a8-937348b21a94,askacademia_train,winning_text,qwen,mistral,2,"2

(The"
3ba8d33d-6b79-4aab-91a8-937348b21a94,askacademia_train,losing_text,qwen,mistral,3,"3

Explan"
3ba8d33d-6b79-4aab-91a8-937348b21a94,askacademia_train,losing_generate_claude,qwen,mistral,5,5
3ba8d33d-6b79-4aab-91a8-937348b21a94,askacademia_train,losing_generate_gemini,qwen,mistral,5,5 (The comment directly
3ba8d33d-6b79-4aab-91a8-937348b21a94,askacademia_train,losing_generate_gpt4omini,qwen,mistral,5,5
3ba8d33d-6b79-4aab-91a8-937348b21a94,askacademia_train,losing_generate_gpt5nano,qwen,mistral,5,5 (The comment directly
3ba8d33d-6b79-4aab-91a8-937348b21a94,askacademia_train,losing_generate_llama,qwen,mistral,5,5 (The comment directly
3ba8d33d-6b79-4aab-91a8-937348b21a94,askacademia_train,losing_generate_mistral,qwen,mistral,5,5 (The comment directly
3ba8d33d-6b79-4aab-91a8-937348b21a94,askacademia_train,losing_generate_qwen,qwen,mistral,5,5 (The comment directly
3ba8d33d-6b79-4aab-91a8-937348b21a94,askacademia_train,losing_improve_claude,qwen,mistral,3,"3

The comment"
3ba8d33d-6b79-4aab-91a8-937348b21a94,askacademia_train,losing_improve_gemini,qwen,mistral,3,"3

The comment"
3ba8d33d-6b79-4aab-91a8-937348b21a94,askacademia_train,losing_improve_gpt4omini,qwen,mistral,5,5 (The comment directly
3ba8d33d-6b79-4aab-91a8-937348b21a94,askacademia_train,losing_improve_gpt5nano,qwen,mistral,5,5 (The comment directly
3ba8d33d-6b79-4aab-91a8-937348b21a94,askacademia_train,losing_improve_llama,qwen,mistral,5,5 (The comment directly
3ba8d33d-6b79-4aab-91a8-937348b21a94,askacademia_train,losing_improve_mistral,qwen,mistral,5,5
3ba8d33d-6b79-4aab-91a8-937348b21a94,askacademia_train,losing_improve_qwen,qwen,mistral,5,5
3ba8d33d-6b79-4aab-91a8-937348b21a94,askacademia_train,losing_paraphrase_claude,qwen,mistral,2,"2

The comment"
3ba8d33d-6b79-4aab-91a8-937348b21a94,askacademia_train,losing_paraphrase_gemini,qwen,mistral,5,5 (The comment directly
3ba8d33d-6b79-4aab-91a8-937348b21a94,askacademia_train,losing_paraphrase_gpt4omini,qwen,mistral,2,"2

The comment"
3ba8d33d-6b79-4aab-91a8-937348b21a94,askacademia_train,losing_paraphrase_gpt5nano,qwen,mistral,3,"3

Explan"
3ba8d33d-6b79-4aab-91a8-937348b21a94,askacademia_train,losing_paraphrase_llama,qwen,mistral,3,"3

The comment"
3ba8d33d-6b79-4aab-91a8-937348b21a94,askacademia_train,losing_paraphrase_mistral,qwen,mistral,3,"3

Explan"
3ba8d33d-6b79-4aab-91a8-937348b21a94,askacademia_train,losing_paraphrase_qwen,qwen,mistral,5,5 (The comment directly
bea0e60a-0685-4d09-a541-4cbd34b4cc70,askacademia_train,winning_text,qwen,mistral,2,"2

Explan"
bea0e60a-0685-4d09-a541-4cbd34b4cc70,askacademia_train,losing_text,qwen,mistral,3,"3

Explan"
bea0e60a-0685-4d09-a541-4cbd34b4cc70,askacademia_train,losing_generate_claude,qwen,mistral,5,5
bea0e60a-0685-4d09-a541-4cbd34b4cc70,askacademia_train,losing_generate_gemini,qwen,mistral,5,5
bea0e60a-0685-4d09-a541-4cbd34b4cc70,askacademia_train,losing_generate_gpt4omini,qwen,mistral,5,5
bea0e60a-0685-4d09-a541-4cbd34b4cc70,askacademia_train,losing_generate_gpt5nano,qwen,mistral,5,5
bea0e60a-0685-4d09-a541-4cbd34b4cc70,askacademia_train,losing_generate_llama,qwen,mistral,5,5 (The comment directly
bea0e60a-0685-4d09-a541-4cbd34b4cc70,askacademia_train,losing_generate_mistral,qwen,mistral,5,5 (The comment directly
bea0e60a-0685-4d09-a541-4cbd34b4cc70,askacademia_train,losing_generate_qwen,qwen,mistral,5,5 (The comment directly
bea0e60a-0685-4d09-a541-4cbd34b4cc70,askacademia_train,losing_improve_claude,qwen,mistral,3,"3

The comment"
bea0e60a-0685-4d09-a541-4cbd34b4cc70,askacademia_train,losing_improve_gemini,qwen,mistral,3,"3

The comment"
bea0e60a-0685-4d09-a541-4cbd34b4cc70,askacademia_train,losing_improve_gpt4omini,qwen,mistral,5,5
bea0e60a-0685-4d09-a541-4cbd34b4cc70,askacademia_train,losing_improve_gpt5nano,qwen,mistral,5,5 (The comment directly
bea0e60a-0685-4d09-a541-4cbd34b4cc70,askacademia_train,losing_improve_llama,qwen,mistral,5,5 (The comment directly
bea0e60a-0685-4d09-a541-4cbd34b4cc70,askacademia_train,losing_improve_mistral,qwen,mistral,5,5
bea0e60a-0685-4d09-a541-4cbd34b4cc70,askacademia_train,losing_improve_qwen,qwen,mistral,5,5
bea0e60a-0685-4d09-a541-4cbd34b4cc70,askacademia_train,losing_paraphrase_claude,qwen,mistral,3,"3

The comment"
bea0e60a-0685-4d09-a541-4cbd34b4cc70,askacademia_train,losing_paraphrase_gemini,qwen,mistral,5,5 (The comment directly
bea0e60a-0685-4d09-a541-4cbd34b4cc70,askacademia_train,losing_paraphrase_gpt4omini,qwen,mistral,3,"3

Explan"
bea0e60a-0685-4d09-a541-4cbd34b4cc70,askacademia_train,losing_paraphrase_gpt5nano,qwen,mistral,3,"3

Explan"
bea0e60a-0685-4d09-a541-4cbd34b4cc70,askacademia_train,losing_paraphrase_llama,qwen,mistral,3,"3

The comment"
bea0e60a-0685-4d09-a541-4cbd34b4cc70,askacademia_train,losing_paraphrase_mistral,qwen,mistral,3,"3

Explan"
bea0e60a-0685-4d09-a541-4cbd34b4cc70,askacademia_train,losing_paraphrase_qwen,qwen,mistral,5,5 (The comment directly
0f81cb3d-79b9-4029-ad69-a74200d00b31,askacademia_train,winning_text,qwen,mistral,1,"1

The comment"
0f81cb3d-79b9-4029-ad69-a74200d00b31,askacademia_train,losing_text,qwen,mistral,3,"3

Explan"
0f81cb3d-79b9-4029-ad69-a74200d00b31,askacademia_train,losing_generate_claude,qwen,mistral,5,5
0f81cb3d-79b9-4029-ad69-a74200d00b31,askacademia_train,losing_generate_gemini,qwen,mistral,5,5
0f81cb3d-79b9-4029-ad69-a74200d00b31,askacademia_train,losing_generate_gpt4omini,qwen,mistral,5,5
0f81cb3d-79b9-4029-ad69-a74200d00b31,askacademia_train,losing_generate_gpt5nano,qwen,mistral,5,5
0f81cb3d-79b9-4029-ad69-a74200d00b31,askacademia_train,losing_generate_llama,qwen,mistral,5,5 (The comment directly
0f81cb3d-79b9-4029-ad69-a74200d00b31,askacademia_train,losing_generate_mistral,qwen,mistral,5,5
0f81cb3d-79b9-4029-ad69-a74200d00b31,askacademia_train,losing_generate_qwen,qwen,mistral,5,5
0f81cb3d-79b9-4029-ad69-a74200d00b31,askacademia_train,losing_improve_claude,qwen,mistral,3,"3

The comment"
0f81cb3d-79b9-4029-ad69-a74200d00b31,askacademia_train,losing_improve_gemini,qwen,mistral,3,"3

The comment"
0f81cb3d-79b9-4029-ad69-a74200d00b31,askacademia_train,losing_improve_gpt4omini,qwen,mistral,5,5
0f81cb3d-79b9-4029-ad69-a74200d00b31,askacademia_train,losing_improve_gpt5nano,qwen,mistral,5,5
0f81cb3d-79b9-4029-ad69-a74200d00b31,askacademia_train,losing_improve_llama,qwen,mistral,5,5 (The comment directly
0f81cb3d-79b9-4029-ad69-a74200d00b31,askacademia_train,losing_improve_mistral,qwen,mistral,5,5
0f81cb3d-79b9-4029-ad69-a74200d00b31,askacademia_train,losing_improve_qwen,qwen,mistral,5,5 (The comment directly
0f81cb3d-79b9-4029-ad69-a74200d00b31,askacademia_train,losing_paraphrase_claude,qwen,mistral,3,"3

Explan"
0f81cb3d-79b9-4029-ad69-a74200d00b31,askacademia_train,losing_paraphrase_gemini,qwen,mistral,5,5 (The comment directly
0f81cb3d-79b9-4029-ad69-a74200d00b31,askacademia_train,losing_paraphrase_gpt4omini,qwen,mistral,2,"2

The comment"
0f81cb3d-79b9-4029-ad69-a74200d00b31,askacademia_train,losing_paraphrase_gpt5nano,qwen,mistral,2,"2

The comment"
0f81cb3d-79b9-4029-ad69-a74200d00b31,askacademia_train,losing_paraphrase_llama,qwen,mistral,3,"3

The comment"
0f81cb3d-79b9-4029-ad69-a74200d00b31,askacademia_train,losing_paraphrase_mistral,qwen,mistral,3,"3

Explan"
0f81cb3d-79b9-4029-ad69-a74200d00b31,askacademia_train,losing_paraphrase_qwen,qwen,mistral,5,5 (The comment directly
a7170204-5866-4a08-8699-1b12666f09e3,askacademia_train,winning_text,qwen,mistral,2,"2

Explan"
a7170204-5866-4a08-8699-1b12666f09e3,askacademia_train,losing_text,qwen,mistral,2,"2

(The"
a7170204-5866-4a08-8699-1b12666f09e3,askacademia_train,losing_generate_claude,qwen,mistral,5,5
a7170204-5866-4a08-8699-1b12666f09e3,askacademia_train,losing_generate_gemini,qwen,mistral,5,5 (The comment directly
a7170204-5866-4a08-8699-1b12666f09e3,askacademia_train,losing_generate_gpt4omini,qwen,mistral,5,5
a7170204-5866-4a08-8699-1b12666f09e3,askacademia_train,losing_generate_gpt5nano,qwen,mistral,5,5
a7170204-5866-4a08-8699-1b12666f09e3,askacademia_train,losing_generate_llama,qwen,mistral,5,5 (The comment directly
a7170204-5866-4a08-8699-1b12666f09e3,askacademia_train,losing_generate_mistral,qwen,mistral,5,5
a7170204-5866-4a08-8699-1b12666f09e3,askacademia_train,losing_generate_qwen,qwen,mistral,5,5
a7170204-5866-4a08-8699-1b12666f09e3,askacademia_train,losing_improve_claude,qwen,mistral,2,2 (Comment is clear
a7170204-5866-4a08-8699-1b12666f09e3,askacademia_train,losing_improve_gemini,qwen,mistral,2,"2

(The"
a7170204-5866-4a08-8699-1b12666f09e3,askacademia_train,losing_improve_gpt4omini,qwen,mistral,5,5 (The comment directly
a7170204-5866-4a08-8699-1b12666f09e3,askacademia_train,losing_improve_gpt5nano,qwen,mistral,5,5 (The comment directly
a7170204-5866-4a08-8699-1b12666f09e3,askacademia_train,losing_improve_llama,qwen,mistral,5,5 (The comment directly
a7170204-5866-4a08-8699-1b12666f09e3,askacademia_train,losing_improve_mistral,qwen,mistral,2,"2

---"
a7170204-5866-4a08-8699-1b12666f09e3,askacademia_train,losing_improve_qwen,qwen,mistral,4,4 (Addresses the
a7170204-5866-4a08-8699-1b12666f09e3,askacademia_train,losing_paraphrase_claude,qwen,mistral,2,"2

The comment"
a7170204-5866-4a08-8699-1b12666f09e3,askacademia_train,losing_paraphrase_gemini,qwen,mistral,AMBIG,Based on the scoring rubric
a7170204-5866-4a08-8699-1b12666f09e3,askacademia_train,losing_paraphrase_gpt4omini,qwen,mistral,2,"2

The comment"
a7170204-5866-4a08-8699-1b12666f09e3,askacademia_train,losing_paraphrase_gpt5nano,qwen,mistral,2,"2

(The"
a7170204-5866-4a08-8699-1b12666f09e3,askacademia_train,losing_paraphrase_llama,qwen,mistral,5,5 (The comment directly
a7170204-5866-4a08-8699-1b12666f09e3,askacademia_train,losing_paraphrase_mistral,qwen,mistral,2,"2

(The"
a7170204-5866-4a08-8699-1b12666f09e3,askacademia_train,losing_paraphrase_qwen,qwen,mistral,2,"2

(The"
2e5d903b-e25b-4e6f-9a8d-d0150aea538c,askacademia_train,winning_text,qwen,mistral,2,"2

Explan"
2e5d903b-e25b-4e6f-9a8d-d0150aea538c,askacademia_train,losing_text,qwen,mistral,5,5 (The comment directly
2e5d903b-e25b-4e6f-9a8d-d0150aea538c,askacademia_train,losing_generate_claude,qwen,mistral,5,5
2e5d903b-e25b-4e6f-9a8d-d0150aea538c,askacademia_train,losing_generate_gemini,qwen,mistral,5,5 (The comment directly
2e5d903b-e25b-4e6f-9a8d-d0150aea538c,askacademia_train,losing_generate_gpt4omini,qwen,mistral,5,5
2e5d903b-e25b-4e6f-9a8d-d0150aea538c,askacademia_train,losing_generate_gpt5nano,qwen,mistral,5,5
2e5d903b-e25b-4e6f-9a8d-d0150aea538c,askacademia_train,losing_generate_llama,qwen,mistral,5,5 (The comment directly
2e5d903b-e25b-4e6f-9a8d-d0150aea538c,askacademia_train,losing_generate_mistral,qwen,mistral,5,5 (The comment directly
2e5d903b-e25b-4e6f-9a8d-d0150aea538c,askacademia_train,losing_generate_qwen,qwen,mistral,5,5 (The comment directly
2e5d903b-e25b-4e6f-9a8d-d0150aea538c,askacademia_train,losing_improve_claude,qwen,mistral,5,5
2e5d903b-e25b-4e6f-9a8d-d0150aea538c,askacademia_train,losing_improve_gemini,qwen,mistral,5,5
2e5d903b-e25b-4e6f-9a8d-d0150aea538c,askacademia_train,losing_improve_gpt4omini,qwen,mistral,5,5 (The comment directly
2e5d903b-e25b-4e6f-9a8d-d0150aea538c,askacademia_train,losing_improve_gpt5nano,qwen,mistral,5,5
2e5d903b-e25b-4e6f-9a8d-d0150aea538c,askacademia_train,losing_improve_llama,qwen,mistral,5,5
2e5d903b-e25b-4e6f-9a8d-d0150aea538c,askacademia_train,losing_improve_mistral,qwen,mistral,5,5
2e5d903b-e25b-4e6f-9a8d-d0150aea538c,askacademia_train,losing_improve_qwen,qwen,mistral,5,5
2e5d903b-e25b-4e6f-9a8d-d0150aea538c,askacademia_train,losing_paraphrase_claude,qwen,mistral,5,5 (The comment directly
2e5d903b-e25b-4e6f-9a8d-d0150aea538c,askacademia_train,losing_paraphrase_gemini,qwen,mistral,AMBIG,Based on the scoring rubric
2e5d903b-e25b-4e6f-9a8d-d0150aea538c,askacademia_train,losing_paraphrase_gpt4omini,qwen,mistral,5,5
2e5d903b-e25b-4e6f-9a8d-d0150aea538c,askacademia_train,losing_paraphrase_gpt5nano,qwen,mistral,5,5
2e5d903b-e25b-4e6f-9a8d-d0150aea538c,askacademia_train,losing_paraphrase_llama,qwen,mistral,5,5 (The comment directly
2e5d903b-e25b-4e6f-9a8d-d0150aea538c,askacademia_train,losing_paraphrase_mistral,qwen,mistral,5,5 (The comment directly
2e5d903b-e25b-4e6f-9a8d-d0150aea538c,askacademia_train,losing_paraphrase_qwen,qwen,mistral,5,5 (The comment directly
18d541ba-c96a-47ad-8ce4-0d550961262f,askacademia_train,winning_text,qwen,mistral,1,"1

The comment"
18d541ba-c96a-47ad-8ce4-0d550961262f,askacademia_train,losing_text,qwen,mistral,5,5 (The comment directly
18d541ba-c96a-47ad-8ce4-0d550961262f,askacademia_train,losing_generate_claude,qwen,mistral,5,5
18d541ba-c96a-47ad-8ce4-0d550961262f,askacademia_train,losing_generate_gemini,qwen,mistral,5,5 (The comment directly
18d541ba-c96a-47ad-8ce4-0d550961262f,askacademia_train,losing_generate_gpt4omini,qwen,mistral,5,5
18d541ba-c96a-47ad-8ce4-0d550961262f,askacademia_train,losing_generate_gpt5nano,qwen,mistral,5,5
18d541ba-c96a-47ad-8ce4-0d550961262f,askacademia_train,losing_generate_llama,qwen,mistral,5,5 (The comment directly
18d541ba-c96a-47ad-8ce4-0d550961262f,askacademia_train,losing_generate_mistral,qwen,mistral,5,5
18d541ba-c96a-47ad-8ce4-0d550961262f,askacademia_train,losing_generate_qwen,qwen,mistral,5,5
18d541ba-c96a-47ad-8ce4-0d550961262f,askacademia_train,losing_improve_claude,qwen,mistral,5,5
18d541ba-c96a-47ad-8ce4-0d550961262f,askacademia_train,losing_improve_gemini,qwen,mistral,5,5
18d541ba-c96a-47ad-8ce4-0d550961262f,askacademia_train,losing_improve_gpt4omini,qwen,mistral,5,5 (The comment directly
18d541ba-c96a-47ad-8ce4-0d550961262f,askacademia_train,losing_improve_gpt5nano,qwen,mistral,5,5
18d541ba-c96a-47ad-8ce4-0d550961262f,askacademia_train,losing_improve_llama,qwen,mistral,5,5
18d541ba-c96a-47ad-8ce4-0d550961262f,askacademia_train,losing_improve_mistral,qwen,mistral,5,5
18d541ba-c96a-47ad-8ce4-0d550961262f,askacademia_train,losing_improve_qwen,qwen,mistral,5,5
18d541ba-c96a-47ad-8ce4-0d550961262f,askacademia_train,losing_paraphrase_claude,qwen,mistral,5,5
18d541ba-c96a-47ad-8ce4-0d550961262f,askacademia_train,losing_paraphrase_gemini,qwen,mistral,2,"2

(The"
18d541ba-c96a-47ad-8ce4-0d550961262f,askacademia_train,losing_paraphrase_gpt4omini,qwen,mistral,5,5
18d541ba-c96a-47ad-8ce4-0d550961262f,askacademia_train,losing_paraphrase_gpt5nano,qwen,mistral,5,5
18d541ba-c96a-47ad-8ce4-0d550961262f,askacademia_train,losing_paraphrase_llama,qwen,mistral,5,5 (The comment directly
18d541ba-c96a-47ad-8ce4-0d550961262f,askacademia_train,losing_paraphrase_mistral,qwen,mistral,5,5 (The comment directly
18d541ba-c96a-47ad-8ce4-0d550961262f,askacademia_train,losing_paraphrase_qwen,qwen,mistral,5,5 (The comment directly
fa2da8ca-e819-487a-b16f-335736ebc47a,askacademia_train,winning_text,qwen,mistral,2,"2

The comment"
fa2da8ca-e819-487a-b16f-335736ebc47a,askacademia_train,losing_text,qwen,mistral,5,5 (The comment directly
fa2da8ca-e819-487a-b16f-335736ebc47a,askacademia_train,losing_generate_claude,qwen,mistral,5,5
fa2da8ca-e819-487a-b16f-335736ebc47a,askacademia_train,losing_generate_gemini,qwen,mistral,5,5
fa2da8ca-e819-487a-b16f-335736ebc47a,askacademia_train,losing_generate_gpt4omini,qwen,mistral,5,5
fa2da8ca-e819-487a-b16f-335736ebc47a,askacademia_train,losing_generate_gpt5nano,qwen,mistral,5,5
fa2da8ca-e819-487a-b16f-335736ebc47a,askacademia_train,losing_generate_llama,qwen,mistral,5,5 (The comment directly
fa2da8ca-e819-487a-b16f-335736ebc47a,askacademia_train,losing_generate_mistral,qwen,mistral,5,5
fa2da8ca-e819-487a-b16f-335736ebc47a,askacademia_train,losing_generate_qwen,qwen,mistral,5,5
fa2da8ca-e819-487a-b16f-335736ebc47a,askacademia_train,losing_improve_claude,qwen,mistral,5,5 (The comment directly
fa2da8ca-e819-487a-b16f-335736ebc47a,askacademia_train,losing_improve_gemini,qwen,mistral,5,5
fa2da8ca-e819-487a-b16f-335736ebc47a,askacademia_train,losing_improve_gpt4omini,qwen,mistral,5,5 (The comment directly
fa2da8ca-e819-487a-b16f-335736ebc47a,askacademia_train,losing_improve_gpt5nano,qwen,mistral,5,5
fa2da8ca-e819-487a-b16f-335736ebc47a,askacademia_train,losing_improve_llama,qwen,mistral,5,5
fa2da8ca-e819-487a-b16f-335736ebc47a,askacademia_train,losing_improve_mistral,qwen,mistral,5,5
fa2da8ca-e819-487a-b16f-335736ebc47a,askacademia_train,losing_improve_qwen,qwen,mistral,5,5
fa2da8ca-e819-487a-b16f-335736ebc47a,askacademia_train,losing_paraphrase_claude,qwen,mistral,5,5
fa2da8ca-e819-487a-b16f-335736ebc47a,askacademia_train,losing_paraphrase_gemini,qwen,mistral,5,5 (The comment directly
fa2da8ca-e819-487a-b16f-335736ebc47a,askacademia_train,losing_paraphrase_gpt4omini,qwen,mistral,5,5
fa2da8ca-e819-487a-b16f-335736ebc47a,askacademia_train,losing_paraphrase_gpt5nano,qwen,mistral,5,5 (The comment directly
fa2da8ca-e819-487a-b16f-335736ebc47a,askacademia_train,losing_paraphrase_llama,qwen,mistral,5,5 (The comment directly
fa2da8ca-e819-487a-b16f-335736ebc47a,askacademia_train,losing_paraphrase_mistral,qwen,mistral,5,5 (The comment directly
fa2da8ca-e819-487a-b16f-335736ebc47a,askacademia_train,losing_paraphrase_qwen,qwen,mistral,5,5 (The comment directly
e958443e-fd36-40e0-8fad-124bfc0baa3c,askacademia_train,winning_text,qwen,mistral,2,"2

The comment"
e958443e-fd36-40e0-8fad-124bfc0baa3c,askacademia_train,losing_text,qwen,mistral,3,"3

Explan"
e958443e-fd36-40e0-8fad-124bfc0baa3c,askacademia_train,losing_generate_claude,qwen,mistral,5,5
e958443e-fd36-40e0-8fad-124bfc0baa3c,askacademia_train,losing_generate_gemini,qwen,mistral,5,5 (The comment directly
e958443e-fd36-40e0-8fad-124bfc0baa3c,askacademia_train,losing_generate_gpt4omini,qwen,mistral,5,5
e958443e-fd36-40e0-8fad-124bfc0baa3c,askacademia_train,losing_generate_gpt5nano,qwen,mistral,5,5
e958443e-fd36-40e0-8fad-124bfc0baa3c,askacademia_train,losing_generate_llama,qwen,mistral,5,5 (The comment directly
e958443e-fd36-40e0-8fad-124bfc0baa3c,askacademia_train,losing_generate_mistral,qwen,mistral,5,5
e958443e-fd36-40e0-8fad-124bfc0baa3c,askacademia_train,losing_generate_qwen,qwen,mistral,5,5
e958443e-fd36-40e0-8fad-124bfc0baa3c,askacademia_train,losing_improve_claude,qwen,mistral,5,5
e958443e-fd36-40e0-8fad-124bfc0baa3c,askacademia_train,losing_improve_gemini,qwen,mistral,5,5 (The comment directly
e958443e-fd36-40e0-8fad-124bfc0baa3c,askacademia_train,losing_improve_gpt4omini,qwen,mistral,5,5
e958443e-fd36-40e0-8fad-124bfc0baa3c,askacademia_train,losing_improve_gpt5nano,qwen,mistral,5,5
e958443e-fd36-40e0-8fad-124bfc0baa3c,askacademia_train,losing_improve_llama,qwen,mistral,5,"5

The comment"
e958443e-fd36-40e0-8fad-124bfc0baa3c,askacademia_train,losing_improve_mistral,qwen,mistral,3,"3

Explan"
e958443e-fd36-40e0-8fad-124bfc0baa3c,askacademia_train,losing_improve_qwen,qwen,mistral,4,4 (The comment is
e958443e-fd36-40e0-8fad-124bfc0baa3c,askacademia_train,losing_paraphrase_claude,qwen,mistral,3,"3

Explan"
e958443e-fd36-40e0-8fad-124bfc0baa3c,askacademia_train,losing_paraphrase_gemini,qwen,mistral,5,5 (The comment directly
e958443e-fd36-40e0-8fad-124bfc0baa3c,askacademia_train,losing_paraphrase_gpt4omini,qwen,mistral,3,3
e958443e-fd36-40e0-8fad-124bfc0baa3c,askacademia_train,losing_paraphrase_gpt5nano,qwen,mistral,3,"3

Explan"
e958443e-fd36-40e0-8fad-124bfc0baa3c,askacademia_train,losing_paraphrase_llama,qwen,mistral,3,"3

Explan"
e958443e-fd36-40e0-8fad-124bfc0baa3c,askacademia_train,losing_paraphrase_mistral,qwen,mistral,3,"3

Explan"
e958443e-fd36-40e0-8fad-124bfc0baa3c,askacademia_train,losing_paraphrase_qwen,qwen,mistral,3,"3

Explan"
b7d7db3e-78ac-48ad-aeb8-8eee7f44834f,askacademia_train,winning_text,qwen,mistral,1,"1

The comment"
b7d7db3e-78ac-48ad-aeb8-8eee7f44834f,askacademia_train,losing_text,qwen,mistral,3,"3

Explan"
b7d7db3e-78ac-48ad-aeb8-8eee7f44834f,askacademia_train,losing_generate_claude,qwen,mistral,5,5
b7d7db3e-78ac-48ad-aeb8-8eee7f44834f,askacademia_train,losing_generate_gemini,qwen,mistral,5,5
b7d7db3e-78ac-48ad-aeb8-8eee7f44834f,askacademia_train,losing_generate_gpt4omini,qwen,mistral,5,5
b7d7db3e-78ac-48ad-aeb8-8eee7f44834f,askacademia_train,losing_generate_gpt5nano,qwen,mistral,5,5 (The comment directly
b7d7db3e-78ac-48ad-aeb8-8eee7f44834f,askacademia_train,losing_generate_llama,qwen,mistral,5,5 (The comment directly
b7d7db3e-78ac-48ad-aeb8-8eee7f44834f,askacademia_train,losing_generate_mistral,qwen,mistral,5,5 (The comment directly
b7d7db3e-78ac-48ad-aeb8-8eee7f44834f,askacademia_train,losing_generate_qwen,qwen,mistral,5,5
b7d7db3e-78ac-48ad-aeb8-8eee7f44834f,askacademia_train,losing_improve_claude,qwen,mistral,5,5
b7d7db3e-78ac-48ad-aeb8-8eee7f44834f,askacademia_train,losing_improve_gemini,qwen,mistral,5,5 (The comment directly
b7d7db3e-78ac-48ad-aeb8-8eee7f44834f,askacademia_train,losing_improve_gpt4omini,qwen,mistral,5,5
b7d7db3e-78ac-48ad-aeb8-8eee7f44834f,askacademia_train,losing_improve_gpt5nano,qwen,mistral,5,5
b7d7db3e-78ac-48ad-aeb8-8eee7f44834f,askacademia_train,losing_improve_llama,qwen,mistral,4,"4

The comment"
b7d7db3e-78ac-48ad-aeb8-8eee7f44834f,askacademia_train,losing_improve_mistral,qwen,mistral,3,"3

Explan"
b7d7db3e-78ac-48ad-aeb8-8eee7f44834f,askacademia_train,losing_improve_qwen,qwen,mistral,4,4 (The comment is
b7d7db3e-78ac-48ad-aeb8-8eee7f44834f,askacademia_train,losing_paraphrase_claude,qwen,mistral,3,"3

Explan"
b7d7db3e-78ac-48ad-aeb8-8eee7f44834f,askacademia_train,losing_paraphrase_gemini,qwen,mistral,5,5 (The comment directly
b7d7db3e-78ac-48ad-aeb8-8eee7f44834f,askacademia_train,losing_paraphrase_gpt4omini,qwen,mistral,3,3
b7d7db3e-78ac-48ad-aeb8-8eee7f44834f,askacademia_train,losing_paraphrase_gpt5nano,qwen,mistral,3,"3

Explan"
b7d7db3e-78ac-48ad-aeb8-8eee7f44834f,askacademia_train,losing_paraphrase_llama,qwen,mistral,3,"3
The comment is"
b7d7db3e-78ac-48ad-aeb8-8eee7f44834f,askacademia_train,losing_paraphrase_mistral,qwen,mistral,3,"3

Explan"
b7d7db3e-78ac-48ad-aeb8-8eee7f44834f,askacademia_train,losing_paraphrase_qwen,qwen,mistral,3,"3

Explan"
9a8ab3db-646a-43b2-9d47-8b4e139ebe1e,askacademia_train,winning_text,qwen,mistral,2,"2

---"
9a8ab3db-646a-43b2-9d47-8b4e139ebe1e,askacademia_train,losing_text,qwen,mistral,3,"3

Explan"
9a8ab3db-646a-43b2-9d47-8b4e139ebe1e,askacademia_train,losing_generate_claude,qwen,mistral,5,5
9a8ab3db-646a-43b2-9d47-8b4e139ebe1e,askacademia_train,losing_generate_gemini,qwen,mistral,5,5
9a8ab3db-646a-43b2-9d47-8b4e139ebe1e,askacademia_train,losing_generate_gpt4omini,qwen,mistral,5,5
9a8ab3db-646a-43b2-9d47-8b4e139ebe1e,askacademia_train,losing_generate_gpt5nano,qwen,mistral,5,5
9a8ab3db-646a-43b2-9d47-8b4e139ebe1e,askacademia_train,losing_generate_llama,qwen,mistral,5,5 (The comment directly
9a8ab3db-646a-43b2-9d47-8b4e139ebe1e,askacademia_train,losing_generate_mistral,qwen,mistral,5,5
9a8ab3db-646a-43b2-9d47-8b4e139ebe1e,askacademia_train,losing_generate_qwen,qwen,mistral,5,5
9a8ab3db-646a-43b2-9d47-8b4e139ebe1e,askacademia_train,losing_improve_claude,qwen,mistral,5,5
9a8ab3db-646a-43b2-9d47-8b4e139ebe1e,askacademia_train,losing_improve_gemini,qwen,mistral,5,5 (The comment directly
9a8ab3db-646a-43b2-9d47-8b4e139ebe1e,askacademia_train,losing_improve_gpt4omini,qwen,mistral,5,5
9a8ab3db-646a-43b2-9d47-8b4e139ebe1e,askacademia_train,losing_improve_gpt5nano,qwen,mistral,5,5
9a8ab3db-646a-43b2-9d47-8b4e139ebe1e,askacademia_train,losing_improve_llama,qwen,mistral,4,"4

The comment"
9a8ab3db-646a-43b2-9d47-8b4e139ebe1e,askacademia_train,losing_improve_mistral,qwen,mistral,3,"3

Explan"
9a8ab3db-646a-43b2-9d47-8b4e139ebe1e,askacademia_train,losing_improve_qwen,qwen,mistral,4,4 (The comment is
9a8ab3db-646a-43b2-9d47-8b4e139ebe1e,askacademia_train,losing_paraphrase_claude,qwen,mistral,3,"3

Explan"
9a8ab3db-646a-43b2-9d47-8b4e139ebe1e,askacademia_train,losing_paraphrase_gemini,qwen,mistral,5,5 (The comment directly
9a8ab3db-646a-43b2-9d47-8b4e139ebe1e,askacademia_train,losing_paraphrase_gpt4omini,qwen,mistral,3,"3

Explan"
9a8ab3db-646a-43b2-9d47-8b4e139ebe1e,askacademia_train,losing_paraphrase_gpt5nano,qwen,mistral,3,"3

Explan"
9a8ab3db-646a-43b2-9d47-8b4e139ebe1e,askacademia_train,losing_paraphrase_llama,qwen,mistral,3,"3
The comment is"
9a8ab3db-646a-43b2-9d47-8b4e139ebe1e,askacademia_train,losing_paraphrase_mistral,qwen,mistral,3,"3

Explan"
9a8ab3db-646a-43b2-9d47-8b4e139ebe1e,askacademia_train,losing_paraphrase_qwen,qwen,mistral,3,"3

Explan"
4923804c-d23f-48af-936f-5521521f271f,askacademia_train,winning_text,qwen,mistral,2,"2

(The"
4923804c-d23f-48af-936f-5521521f271f,askacademia_train,losing_text,qwen,mistral,3,"3

Explan"
4923804c-d23f-48af-936f-5521521f271f,askacademia_train,losing_generate_claude,qwen,mistral,5,5
4923804c-d23f-48af-936f-5521521f271f,askacademia_train,losing_generate_gemini,qwen,mistral,5,5 (The comment directly
4923804c-d23f-48af-936f-5521521f271f,askacademia_train,losing_generate_gpt4omini,qwen,mistral,5,5
4923804c-d23f-48af-936f-5521521f271f,askacademia_train,losing_generate_gpt5nano,qwen,mistral,5,5
4923804c-d23f-48af-936f-5521521f271f,askacademia_train,losing_generate_llama,qwen,mistral,5,5 (The comment directly
4923804c-d23f-48af-936f-5521521f271f,askacademia_train,losing_generate_mistral,qwen,mistral,5,5 (The comment directly
4923804c-d23f-48af-936f-5521521f271f,askacademia_train,losing_generate_qwen,qwen,mistral,5,5 (The comment directly
4923804c-d23f-48af-936f-5521521f271f,askacademia_train,losing_improve_claude,qwen,mistral,5,5
4923804c-d23f-48af-936f-5521521f271f,askacademia_train,losing_improve_gemini,qwen,mistral,5,5 (The comment directly
4923804c-d23f-48af-936f-5521521f271f,askacademia_train,losing_improve_gpt4omini,qwen,mistral,5,5
4923804c-d23f-48af-936f-5521521f271f,askacademia_train,losing_improve_gpt5nano,qwen,mistral,5,5
4923804c-d23f-48af-936f-5521521f271f,askacademia_train,losing_improve_llama,qwen,mistral,4,"4

The comment"
4923804c-d23f-48af-936f-5521521f271f,askacademia_train,losing_improve_mistral,qwen,mistral,3,"3

Explan"
4923804c-d23f-48af-936f-5521521f271f,askacademia_train,losing_improve_qwen,qwen,mistral,4,4 (The comment is
4923804c-d23f-48af-936f-5521521f271f,askacademia_train,losing_paraphrase_claude,qwen,mistral,4,"4

The comment"
4923804c-d23f-48af-936f-5521521f271f,askacademia_train,losing_paraphrase_gemini,qwen,mistral,5,5 (The comment directly
4923804c-d23f-48af-936f-5521521f271f,askacademia_train,losing_paraphrase_gpt4omini,qwen,mistral,3,3
4923804c-d23f-48af-936f-5521521f271f,askacademia_train,losing_paraphrase_gpt5nano,qwen,mistral,3,"3

Explan"
4923804c-d23f-48af-936f-5521521f271f,askacademia_train,losing_paraphrase_llama,qwen,mistral,3,"3
The comment is"
4923804c-d23f-48af-936f-5521521f271f,askacademia_train,losing_paraphrase_mistral,qwen,mistral,3,"3

Explan"
4923804c-d23f-48af-936f-5521521f271f,askacademia_train,losing_paraphrase_qwen,qwen,mistral,3,"3

Explan"
0407aee2-00f8-41cb-9423-fc52bdaf3e70,askacademia_train,winning_text,qwen,mistral,2,"2

The comment"
0407aee2-00f8-41cb-9423-fc52bdaf3e70,askacademia_train,losing_text,qwen,mistral,3,"3

Explan"
0407aee2-00f8-41cb-9423-fc52bdaf3e70,askacademia_train,losing_generate_claude,qwen,mistral,5,5
0407aee2-00f8-41cb-9423-fc52bdaf3e70,askacademia_train,losing_generate_gemini,qwen,mistral,5,5 (The comment directly
0407aee2-00f8-41cb-9423-fc52bdaf3e70,askacademia_train,losing_generate_gpt4omini,qwen,mistral,5,5
0407aee2-00f8-41cb-9423-fc52bdaf3e70,askacademia_train,losing_generate_gpt5nano,qwen,mistral,5,5
0407aee2-00f8-41cb-9423-fc52bdaf3e70,askacademia_train,losing_generate_llama,qwen,mistral,5,5 (The comment directly
0407aee2-00f8-41cb-9423-fc52bdaf3e70,askacademia_train,losing_generate_mistral,qwen,mistral,5,5 (The comment directly
0407aee2-00f8-41cb-9423-fc52bdaf3e70,askacademia_train,losing_generate_qwen,qwen,mistral,5,5
0407aee2-00f8-41cb-9423-fc52bdaf3e70,askacademia_train,losing_improve_claude,qwen,mistral,5,5
0407aee2-00f8-41cb-9423-fc52bdaf3e70,askacademia_train,losing_improve_gemini,qwen,mistral,5,5 (The comment directly
0407aee2-00f8-41cb-9423-fc52bdaf3e70,askacademia_train,losing_improve_gpt4omini,qwen,mistral,5,5
0407aee2-00f8-41cb-9423-fc52bdaf3e70,askacademia_train,losing_improve_gpt5nano,qwen,mistral,5,5
0407aee2-00f8-41cb-9423-fc52bdaf3e70,askacademia_train,losing_improve_llama,qwen,mistral,5,"5

The comment"
0407aee2-00f8-41cb-9423-fc52bdaf3e70,askacademia_train,losing_improve_mistral,qwen,mistral,3,"3

Explan"
0407aee2-00f8-41cb-9423-fc52bdaf3e70,askacademia_train,losing_improve_qwen,qwen,mistral,3,"3

Explan"
0407aee2-00f8-41cb-9423-fc52bdaf3e70,askacademia_train,losing_paraphrase_claude,qwen,mistral,3,"3

Explan"
0407aee2-00f8-41cb-9423-fc52bdaf3e70,askacademia_train,losing_paraphrase_gemini,qwen,mistral,5,5
0407aee2-00f8-41cb-9423-fc52bdaf3e70,askacademia_train,losing_paraphrase_gpt4omini,qwen,mistral,3,"3

Explan"
0407aee2-00f8-41cb-9423-fc52bdaf3e70,askacademia_train,losing_paraphrase_gpt5nano,qwen,mistral,3,"3

Explan"
0407aee2-00f8-41cb-9423-fc52bdaf3e70,askacademia_train,losing_paraphrase_llama,qwen,mistral,3,"3

Explan"
0407aee2-00f8-41cb-9423-fc52bdaf3e70,askacademia_train,losing_paraphrase_mistral,qwen,mistral,3,"3

Explan"
0407aee2-00f8-41cb-9423-fc52bdaf3e70,askacademia_train,losing_paraphrase_qwen,qwen,mistral,3,"3

Explan"
61533577-d6c3-4b4c-9ffa-5e7a8242b82f,askacademia_train,winning_text,qwen,mistral,2,"2

The comment"
61533577-d6c3-4b4c-9ffa-5e7a8242b82f,askacademia_train,losing_text,qwen,mistral,4,4. The tone of
61533577-d6c3-4b4c-9ffa-5e7a8242b82f,askacademia_train,losing_generate_claude,qwen,mistral,5,5
61533577-d6c3-4b4c-9ffa-5e7a8242b82f,askacademia_train,losing_generate_gemini,qwen,mistral,5,5
61533577-d6c3-4b4c-9ffa-5e7a8242b82f,askacademia_train,losing_generate_gpt4omini,qwen,mistral,5,5
61533577-d6c3-4b4c-9ffa-5e7a8242b82f,askacademia_train,losing_generate_gpt5nano,qwen,mistral,5,5
61533577-d6c3-4b4c-9ffa-5e7a8242b82f,askacademia_train,losing_generate_llama,qwen,mistral,5,5
61533577-d6c3-4b4c-9ffa-5e7a8242b82f,askacademia_train,losing_generate_mistral,qwen,mistral,5,5
61533577-d6c3-4b4c-9ffa-5e7a8242b82f,askacademia_train,losing_generate_qwen,qwen,mistral,5,5
61533577-d6c3-4b4c-9ffa-5e7a8242b82f,askacademia_train,losing_improve_claude,qwen,mistral,5,5 (The comment directly
61533577-d6c3-4b4c-9ffa-5e7a8242b82f,askacademia_train,losing_improve_gemini,qwen,mistral,5,5
61533577-d6c3-4b4c-9ffa-5e7a8242b82f,askacademia_train,losing_improve_gpt4omini,qwen,mistral,4,"4

The comment"
61533577-d6c3-4b4c-9ffa-5e7a8242b82f,askacademia_train,losing_improve_gpt5nano,qwen,mistral,5,5
61533577-d6c3-4b4c-9ffa-5e7a8242b82f,askacademia_train,losing_improve_llama,qwen,mistral,2,"2
The comment is"
61533577-d6c3-4b4c-9ffa-5e7a8242b82f,askacademia_train,losing_improve_mistral,qwen,mistral,5,5 (The comment directly
61533577-d6c3-4b4c-9ffa-5e7a8242b82f,askacademia_train,losing_improve_qwen,qwen,mistral,4,"4

(The"
61533577-d6c3-4b4c-9ffa-5e7a8242b82f,askacademia_train,losing_paraphrase_claude,qwen,mistral,5,5 (The comment directly
61533577-d6c3-4b4c-9ffa-5e7a8242b82f,askacademia_train,losing_paraphrase_gemini,qwen,mistral,3,"3

The comment"
61533577-d6c3-4b4c-9ffa-5e7a8242b82f,askacademia_train,losing_paraphrase_gpt4omini,qwen,mistral,5,5
61533577-d6c3-4b4c-9ffa-5e7a8242b82f,askacademia_train,losing_paraphrase_gpt5nano,qwen,mistral,5,5
61533577-d6c3-4b4c-9ffa-5e7a8242b82f,askacademia_train,losing_paraphrase_llama,qwen,mistral,3,"3

Explan"
61533577-d6c3-4b4c-9ffa-5e7a8242b82f,askacademia_train,losing_paraphrase_mistral,qwen,mistral,5,5
61533577-d6c3-4b4c-9ffa-5e7a8242b82f,askacademia_train,losing_paraphrase_qwen,qwen,mistral,5,5 (The comment directly
3f75fa1c-9694-484d-adac-f8cf0ad93f10,askacademia_train,winning_text,qwen,mistral,1,"1

The comment"
3f75fa1c-9694-484d-adac-f8cf0ad93f10,askacademia_train,losing_text,qwen,mistral,4,4. The tone of
3f75fa1c-9694-484d-adac-f8cf0ad93f10,askacademia_train,losing_generate_claude,qwen,mistral,5,5
3f75fa1c-9694-484d-adac-f8cf0ad93f10,askacademia_train,losing_generate_gemini,qwen,mistral,5,5 (The comment directly
3f75fa1c-9694-484d-adac-f8cf0ad93f10,askacademia_train,losing_generate_gpt4omini,qwen,mistral,5,5
3f75fa1c-9694-484d-adac-f8cf0ad93f10,askacademia_train,losing_generate_gpt5nano,qwen,mistral,5,5
3f75fa1c-9694-484d-adac-f8cf0ad93f10,askacademia_train,losing_generate_llama,qwen,mistral,5,5 (The comment directly
3f75fa1c-9694-484d-adac-f8cf0ad93f10,askacademia_train,losing_generate_mistral,qwen,mistral,5,5
3f75fa1c-9694-484d-adac-f8cf0ad93f10,askacademia_train,losing_generate_qwen,qwen,mistral,5,5 (The comment directly
3f75fa1c-9694-484d-adac-f8cf0ad93f10,askacademia_train,losing_improve_claude,qwen,mistral,5,5 (The comment directly
3f75fa1c-9694-484d-adac-f8cf0ad93f10,askacademia_train,losing_improve_gemini,qwen,mistral,5,5
3f75fa1c-9694-484d-adac-f8cf0ad93f10,askacademia_train,losing_improve_gpt4omini,qwen,mistral,5,5 (The comment directly
3f75fa1c-9694-484d-adac-f8cf0ad93f10,askacademia_train,losing_improve_gpt5nano,qwen,mistral,5,5
3f75fa1c-9694-484d-adac-f8cf0ad93f10,askacademia_train,losing_improve_llama,qwen,mistral,2,"2

The comment"
3f75fa1c-9694-484d-adac-f8cf0ad93f10,askacademia_train,losing_improve_mistral,qwen,mistral,5,5 (The comment directly
3f75fa1c-9694-484d-adac-f8cf0ad93f10,askacademia_train,losing_improve_qwen,qwen,mistral,4,"4

The response"
3f75fa1c-9694-484d-adac-f8cf0ad93f10,askacademia_train,losing_paraphrase_claude,qwen,mistral,5,5 (The comment directly
3f75fa1c-9694-484d-adac-f8cf0ad93f10,askacademia_train,losing_paraphrase_gemini,qwen,mistral,3,"3

The comment"
3f75fa1c-9694-484d-adac-f8cf0ad93f10,askacademia_train,losing_paraphrase_gpt4omini,qwen,mistral,5,5 (The comment directly
3f75fa1c-9694-484d-adac-f8cf0ad93f10,askacademia_train,losing_paraphrase_gpt5nano,qwen,mistral,5,5
3f75fa1c-9694-484d-adac-f8cf0ad93f10,askacademia_train,losing_paraphrase_llama,qwen,mistral,3,"3

Explan"
3f75fa1c-9694-484d-adac-f8cf0ad93f10,askacademia_train,losing_paraphrase_mistral,qwen,mistral,4,"4

The comment"
3f75fa1c-9694-484d-adac-f8cf0ad93f10,askacademia_train,losing_paraphrase_qwen,qwen,mistral,5,5
3b679ead-6b5e-4121-ad59-976b2ff2750f,askacademia_train,winning_text,qwen,mistral,2,"2

The comment"
3b679ead-6b5e-4121-ad59-976b2ff2750f,askacademia_train,losing_text,qwen,mistral,4,4. The tone of
3b679ead-6b5e-4121-ad59-976b2ff2750f,askacademia_train,losing_generate_claude,qwen,mistral,5,5
3b679ead-6b5e-4121-ad59-976b2ff2750f,askacademia_train,losing_generate_gemini,qwen,mistral,5,5 (The comment directly
3b679ead-6b5e-4121-ad59-976b2ff2750f,askacademia_train,losing_generate_gpt4omini,qwen,mistral,5,5
3b679ead-6b5e-4121-ad59-976b2ff2750f,askacademia_train,losing_generate_gpt5nano,qwen,mistral,5,5
3b679ead-6b5e-4121-ad59-976b2ff2750f,askacademia_train,losing_generate_llama,qwen,mistral,5,5 (The comment directly
3b679ead-6b5e-4121-ad59-976b2ff2750f,askacademia_train,losing_generate_mistral,qwen,mistral,5,5
3b679ead-6b5e-4121-ad59-976b2ff2750f,askacademia_train,losing_generate_qwen,qwen,mistral,5,5 (The comment directly
3b679ead-6b5e-4121-ad59-976b2ff2750f,askacademia_train,losing_improve_claude,qwen,mistral,5,5
3b679ead-6b5e-4121-ad59-976b2ff2750f,askacademia_train,losing_improve_gemini,qwen,mistral,5,5
3b679ead-6b5e-4121-ad59-976b2ff2750f,askacademia_train,losing_improve_gpt4omini,qwen,mistral,5,5 (The comment directly
3b679ead-6b5e-4121-ad59-976b2ff2750f,askacademia_train,losing_improve_gpt5nano,qwen,mistral,5,5
3b679ead-6b5e-4121-ad59-976b2ff2750f,askacademia_train,losing_improve_llama,qwen,mistral,2,"2
The comment is"
3b679ead-6b5e-4121-ad59-976b2ff2750f,askacademia_train,losing_improve_mistral,qwen,mistral,5,5 (The comment directly
3b679ead-6b5e-4121-ad59-976b2ff2750f,askacademia_train,losing_improve_qwen,qwen,mistral,4,"4

The comment"
3b679ead-6b5e-4121-ad59-976b2ff2750f,askacademia_train,losing_paraphrase_claude,qwen,mistral,5,5 (The comment directly
3b679ead-6b5e-4121-ad59-976b2ff2750f,askacademia_train,losing_paraphrase_gemini,qwen,mistral,AMBIG,The comment receives a score of
3b679ead-6b5e-4121-ad59-976b2ff2750f,askacademia_train,losing_paraphrase_gpt4omini,qwen,mistral,5,5 (The comment directly
3b679ead-6b5e-4121-ad59-976b2ff2750f,askacademia_train,losing_paraphrase_gpt5nano,qwen,mistral,5,5
3b679ead-6b5e-4121-ad59-976b2ff2750f,askacademia_train,losing_paraphrase_llama,qwen,mistral,3,"3

Explan"
3b679ead-6b5e-4121-ad59-976b2ff2750f,askacademia_train,losing_paraphrase_mistral,qwen,mistral,5,5
3b679ead-6b5e-4121-ad59-976b2ff2750f,askacademia_train,losing_paraphrase_qwen,qwen,mistral,5,5
de5452ab-ed8b-4160-a37d-28ceb7d23f34,askacademia_train,winning_text,qwen,mistral,2,"2

(The"
de5452ab-ed8b-4160-a37d-28ceb7d23f34,askacademia_train,losing_text,qwen,mistral,4,4. The tone of
de5452ab-ed8b-4160-a37d-28ceb7d23f34,askacademia_train,losing_generate_claude,qwen,mistral,5,5
de5452ab-ed8b-4160-a37d-28ceb7d23f34,askacademia_train,losing_generate_gemini,qwen,mistral,5,5
de5452ab-ed8b-4160-a37d-28ceb7d23f34,askacademia_train,losing_generate_gpt4omini,qwen,mistral,5,5
de5452ab-ed8b-4160-a37d-28ceb7d23f34,askacademia_train,losing_generate_gpt5nano,qwen,mistral,5,5 (The comment directly
de5452ab-ed8b-4160-a37d-28ceb7d23f34,askacademia_train,losing_generate_llama,qwen,mistral,5,5 (The comment directly
de5452ab-ed8b-4160-a37d-28ceb7d23f34,askacademia_train,losing_generate_mistral,qwen,mistral,5,5
de5452ab-ed8b-4160-a37d-28ceb7d23f34,askacademia_train,losing_generate_qwen,qwen,mistral,5,5
de5452ab-ed8b-4160-a37d-28ceb7d23f34,askacademia_train,losing_improve_claude,qwen,mistral,5,5 (The comment directly
de5452ab-ed8b-4160-a37d-28ceb7d23f34,askacademia_train,losing_improve_gemini,qwen,mistral,5,5
de5452ab-ed8b-4160-a37d-28ceb7d23f34,askacademia_train,losing_improve_gpt4omini,qwen,mistral,5,5 (The comment directly
de5452ab-ed8b-4160-a37d-28ceb7d23f34,askacademia_train,losing_improve_gpt5nano,qwen,mistral,5,5 (The comment directly
de5452ab-ed8b-4160-a37d-28ceb7d23f34,askacademia_train,losing_improve_llama,qwen,mistral,2,"2
The comment is"
de5452ab-ed8b-4160-a37d-28ceb7d23f34,askacademia_train,losing_improve_mistral,qwen,mistral,5,5 (The comment directly
de5452ab-ed8b-4160-a37d-28ceb7d23f34,askacademia_train,losing_improve_qwen,qwen,mistral,5,5 (The comment directly
de5452ab-ed8b-4160-a37d-28ceb7d23f34,askacademia_train,losing_paraphrase_claude,qwen,mistral,5,5 (The comment directly
de5452ab-ed8b-4160-a37d-28ceb7d23f34,askacademia_train,losing_paraphrase_gemini,qwen,mistral,2,"2

(The"
de5452ab-ed8b-4160-a37d-28ceb7d23f34,askacademia_train,losing_paraphrase_gpt4omini,qwen,mistral,5,5 (The comment directly
de5452ab-ed8b-4160-a37d-28ceb7d23f34,askacademia_train,losing_paraphrase_gpt5nano,qwen,mistral,5,5
de5452ab-ed8b-4160-a37d-28ceb7d23f34,askacademia_train,losing_paraphrase_llama,qwen,mistral,3,"3

Explan"
de5452ab-ed8b-4160-a37d-28ceb7d23f34,askacademia_train,losing_paraphrase_mistral,qwen,mistral,5,5
de5452ab-ed8b-4160-a37d-28ceb7d23f34,askacademia_train,losing_paraphrase_qwen,qwen,mistral,5,5 (The comment directly
be255f5a-bc30-4f59-b35b-ed15113d00b2,askacademia_train,winning_text,qwen,mistral,2,"2

The comment"
be255f5a-bc30-4f59-b35b-ed15113d00b2,askacademia_train,losing_text,qwen,mistral,4,4. The tone of
be255f5a-bc30-4f59-b35b-ed15113d00b2,askacademia_train,losing_generate_claude,qwen,mistral,5,5
be255f5a-bc30-4f59-b35b-ed15113d00b2,askacademia_train,losing_generate_gemini,qwen,mistral,5,5
be255f5a-bc30-4f59-b35b-ed15113d00b2,askacademia_train,losing_generate_gpt4omini,qwen,mistral,5,5
be255f5a-bc30-4f59-b35b-ed15113d00b2,askacademia_train,losing_generate_gpt5nano,qwen,mistral,5,5
be255f5a-bc30-4f59-b35b-ed15113d00b2,askacademia_train,losing_generate_llama,qwen,mistral,5,5 (The comment directly
be255f5a-bc30-4f59-b35b-ed15113d00b2,askacademia_train,losing_generate_mistral,qwen,mistral,5,5
be255f5a-bc30-4f59-b35b-ed15113d00b2,askacademia_train,losing_generate_qwen,qwen,mistral,5,5
be255f5a-bc30-4f59-b35b-ed15113d00b2,askacademia_train,losing_improve_claude,qwen,mistral,5,5 (The comment directly
be255f5a-bc30-4f59-b35b-ed15113d00b2,askacademia_train,losing_improve_gemini,qwen,mistral,5,5 (The comment directly
be255f5a-bc30-4f59-b35b-ed15113d00b2,askacademia_train,losing_improve_gpt4omini,qwen,mistral,5,5 (The comment directly
be255f5a-bc30-4f59-b35b-ed15113d00b2,askacademia_train,losing_improve_gpt5nano,qwen,mistral,5,5 (The comment directly
be255f5a-bc30-4f59-b35b-ed15113d00b2,askacademia_train,losing_improve_llama,qwen,mistral,2,"2

The comment"
be255f5a-bc30-4f59-b35b-ed15113d00b2,askacademia_train,losing_improve_mistral,qwen,mistral,5,5 (The comment directly
be255f5a-bc30-4f59-b35b-ed15113d00b2,askacademia_train,losing_improve_qwen,qwen,mistral,4,"4

The response"
be255f5a-bc30-4f59-b35b-ed15113d00b2,askacademia_train,losing_paraphrase_claude,qwen,mistral,5,5 (The comment directly
be255f5a-bc30-4f59-b35b-ed15113d00b2,askacademia_train,losing_paraphrase_gemini,qwen,mistral,2,"2

The tone"
be255f5a-bc30-4f59-b35b-ed15113d00b2,askacademia_train,losing_paraphrase_gpt4omini,qwen,mistral,5,5
be255f5a-bc30-4f59-b35b-ed15113d00b2,askacademia_train,losing_paraphrase_gpt5nano,qwen,mistral,5,5
be255f5a-bc30-4f59-b35b-ed15113d00b2,askacademia_train,losing_paraphrase_llama,qwen,mistral,3,"3

Explan"
be255f5a-bc30-4f59-b35b-ed15113d00b2,askacademia_train,losing_paraphrase_mistral,qwen,mistral,4,"4

The comment"
be255f5a-bc30-4f59-b35b-ed15113d00b2,askacademia_train,losing_paraphrase_qwen,qwen,mistral,5,5 (The comment directly
15740e09-95d5-4fdf-b4db-7ecc6d553184,askacademia_train,winning_text,qwen,mistral,2,"2

The comment"
15740e09-95d5-4fdf-b4db-7ecc6d553184,askacademia_train,losing_text,qwen,mistral,4,4. The tone of
15740e09-95d5-4fdf-b4db-7ecc6d553184,askacademia_train,losing_generate_claude,qwen,mistral,5,5
15740e09-95d5-4fdf-b4db-7ecc6d553184,askacademia_train,losing_generate_gemini,qwen,mistral,5,5 (The comment directly
15740e09-95d5-4fdf-b4db-7ecc6d553184,askacademia_train,losing_generate_gpt4omini,qwen,mistral,5,5
15740e09-95d5-4fdf-b4db-7ecc6d553184,askacademia_train,losing_generate_gpt5nano,qwen,mistral,5,5
15740e09-95d5-4fdf-b4db-7ecc6d553184,askacademia_train,losing_generate_llama,qwen,mistral,5,5 (The comment directly
15740e09-95d5-4fdf-b4db-7ecc6d553184,askacademia_train,losing_generate_mistral,qwen,mistral,5,5
15740e09-95d5-4fdf-b4db-7ecc6d553184,askacademia_train,losing_generate_qwen,qwen,mistral,5,5
15740e09-95d5-4fdf-b4db-7ecc6d553184,askacademia_train,losing_improve_claude,qwen,mistral,5,5 (The comment directly
15740e09-95d5-4fdf-b4db-7ecc6d553184,askacademia_train,losing_improve_gemini,qwen,mistral,5,5
15740e09-95d5-4fdf-b4db-7ecc6d553184,askacademia_train,losing_improve_gpt4omini,qwen,mistral,4,"4

The comment"
15740e09-95d5-4fdf-b4db-7ecc6d553184,askacademia_train,losing_improve_gpt5nano,qwen,mistral,5,5 (The comment directly
15740e09-95d5-4fdf-b4db-7ecc6d553184,askacademia_train,losing_improve_llama,qwen,mistral,2,"2

The comment"
15740e09-95d5-4fdf-b4db-7ecc6d553184,askacademia_train,losing_improve_mistral,qwen,mistral,5,5 (The comment directly
15740e09-95d5-4fdf-b4db-7ecc6d553184,askacademia_train,losing_improve_qwen,qwen,mistral,4,"4

(The"
15740e09-95d5-4fdf-b4db-7ecc6d553184,askacademia_train,losing_paraphrase_claude,qwen,mistral,5,5 (The comment directly
15740e09-95d5-4fdf-b4db-7ecc6d553184,askacademia_train,losing_paraphrase_gemini,qwen,mistral,4,"4

The comment"
15740e09-95d5-4fdf-b4db-7ecc6d553184,askacademia_train,losing_paraphrase_gpt4omini,qwen,mistral,5,5
15740e09-95d5-4fdf-b4db-7ecc6d553184,askacademia_train,losing_paraphrase_gpt5nano,qwen,mistral,5,5 (The comment directly
15740e09-95d5-4fdf-b4db-7ecc6d553184,askacademia_train,losing_paraphrase_llama,qwen,mistral,3,"3

Explan"
15740e09-95d5-4fdf-b4db-7ecc6d553184,askacademia_train,losing_paraphrase_mistral,qwen,mistral,4,"4

The comment"
15740e09-95d5-4fdf-b4db-7ecc6d553184,askacademia_train,losing_paraphrase_qwen,qwen,mistral,5,5 (The comment directly
2a700365-6ef5-4fb2-b9e2-42d1b0269ef0,askacademia_train,winning_text,qwen,mistral,2,"2

The comment"
2a700365-6ef5-4fb2-b9e2-42d1b0269ef0,askacademia_train,losing_text,qwen,mistral,4,4. The tone of
2a700365-6ef5-4fb2-b9e2-42d1b0269ef0,askacademia_train,losing_generate_claude,qwen,mistral,5,5
2a700365-6ef5-4fb2-b9e2-42d1b0269ef0,askacademia_train,losing_generate_gemini,qwen,mistral,5,5 (The comment directly
2a700365-6ef5-4fb2-b9e2-42d1b0269ef0,askacademia_train,losing_generate_gpt4omini,qwen,mistral,5,5
2a700365-6ef5-4fb2-b9e2-42d1b0269ef0,askacademia_train,losing_generate_gpt5nano,qwen,mistral,5,5
2a700365-6ef5-4fb2-b9e2-42d1b0269ef0,askacademia_train,losing_generate_llama,qwen,mistral,5,5 (The comment directly
2a700365-6ef5-4fb2-b9e2-42d1b0269ef0,askacademia_train,losing_generate_mistral,qwen,mistral,5,5
2a700365-6ef5-4fb2-b9e2-42d1b0269ef0,askacademia_train,losing_generate_qwen,qwen,mistral,5,5 (The comment directly
2a700365-6ef5-4fb2-b9e2-42d1b0269ef0,askacademia_train,losing_improve_claude,qwen,mistral,5,5 (The comment directly
2a700365-6ef5-4fb2-b9e2-42d1b0269ef0,askacademia_train,losing_improve_gemini,qwen,mistral,5,5
2a700365-6ef5-4fb2-b9e2-42d1b0269ef0,askacademia_train,losing_improve_gpt4omini,qwen,mistral,5,5 (The comment directly
2a700365-6ef5-4fb2-b9e2-42d1b0269ef0,askacademia_train,losing_improve_gpt5nano,qwen,mistral,5,5
2a700365-6ef5-4fb2-b9e2-42d1b0269ef0,askacademia_train,losing_improve_llama,qwen,mistral,2,"2

The comment"
2a700365-6ef5-4fb2-b9e2-42d1b0269ef0,askacademia_train,losing_improve_mistral,qwen,mistral,5,5 (The comment directly
2a700365-6ef5-4fb2-b9e2-42d1b0269ef0,askacademia_train,losing_improve_qwen,qwen,mistral,4,"4

The comment"
2a700365-6ef5-4fb2-b9e2-42d1b0269ef0,askacademia_train,losing_paraphrase_claude,qwen,mistral,5,5 (The comment directly
2a700365-6ef5-4fb2-b9e2-42d1b0269ef0,askacademia_train,losing_paraphrase_gemini,qwen,mistral,2,"2

The tone"
2a700365-6ef5-4fb2-b9e2-42d1b0269ef0,askacademia_train,losing_paraphrase_gpt4omini,qwen,mistral,5,5
2a700365-6ef5-4fb2-b9e2-42d1b0269ef0,askacademia_train,losing_paraphrase_gpt5nano,qwen,mistral,5,5 (The comment directly
2a700365-6ef5-4fb2-b9e2-42d1b0269ef0,askacademia_train,losing_paraphrase_llama,qwen,mistral,3,"3

Explan"
2a700365-6ef5-4fb2-b9e2-42d1b0269ef0,askacademia_train,losing_paraphrase_mistral,qwen,mistral,5,5
2a700365-6ef5-4fb2-b9e2-42d1b0269ef0,askacademia_train,losing_paraphrase_qwen,qwen,mistral,5,5 (The comment directly
d0600aa4-23a5-47fb-a38d-b6c72f15af92,askacademia_train,winning_text,qwen,mistral,2,2. While the comment
d0600aa4-23a5-47fb-a38d-b6c72f15af92,askacademia_train,losing_text,qwen,mistral,4,4. The tone of
d0600aa4-23a5-47fb-a38d-b6c72f15af92,askacademia_train,losing_generate_claude,qwen,mistral,5,5
d0600aa4-23a5-47fb-a38d-b6c72f15af92,askacademia_train,losing_generate_gemini,qwen,mistral,5,5 (The comment directly
d0600aa4-23a5-47fb-a38d-b6c72f15af92,askacademia_train,losing_generate_gpt4omini,qwen,mistral,5,5
d0600aa4-23a5-47fb-a38d-b6c72f15af92,askacademia_train,losing_generate_gpt5nano,qwen,mistral,5,5 (The comment directly
d0600aa4-23a5-47fb-a38d-b6c72f15af92,askacademia_train,losing_generate_llama,qwen,mistral,5,5 (The comment directly
d0600aa4-23a5-47fb-a38d-b6c72f15af92,askacademia_train,losing_generate_mistral,qwen,mistral,5,5
d0600aa4-23a5-47fb-a38d-b6c72f15af92,askacademia_train,losing_generate_qwen,qwen,mistral,5,5 (The comment directly
d0600aa4-23a5-47fb-a38d-b6c72f15af92,askacademia_train,losing_improve_claude,qwen,mistral,5,5 (The comment directly
d0600aa4-23a5-47fb-a38d-b6c72f15af92,askacademia_train,losing_improve_gemini,qwen,mistral,5,5
d0600aa4-23a5-47fb-a38d-b6c72f15af92,askacademia_train,losing_improve_gpt4omini,qwen,mistral,5,5 (The comment directly
d0600aa4-23a5-47fb-a38d-b6c72f15af92,askacademia_train,losing_improve_gpt5nano,qwen,mistral,5,5 (The comment directly
d0600aa4-23a5-47fb-a38d-b6c72f15af92,askacademia_train,losing_improve_llama,qwen,mistral,2,"2
The comment is"
d0600aa4-23a5-47fb-a38d-b6c72f15af92,askacademia_train,losing_improve_mistral,qwen,mistral,5,5
d0600aa4-23a5-47fb-a38d-b6c72f15af92,askacademia_train,losing_improve_qwen,qwen,mistral,5,5 (The comment directly
d0600aa4-23a5-47fb-a38d-b6c72f15af92,askacademia_train,losing_paraphrase_claude,qwen,mistral,5,5 (The comment directly
d0600aa4-23a5-47fb-a38d-b6c72f15af92,askacademia_train,losing_paraphrase_gemini,qwen,mistral,2,"2

The comment"
d0600aa4-23a5-47fb-a38d-b6c72f15af92,askacademia_train,losing_paraphrase_gpt4omini,qwen,mistral,5,5
d0600aa4-23a5-47fb-a38d-b6c72f15af92,askacademia_train,losing_paraphrase_gpt5nano,qwen,mistral,4,"4

Although"
d0600aa4-23a5-47fb-a38d-b6c72f15af92,askacademia_train,losing_paraphrase_llama,qwen,mistral,3,"3

Explan"
d0600aa4-23a5-47fb-a38d-b6c72f15af92,askacademia_train,losing_paraphrase_mistral,qwen,mistral,4,"4

The comment"
d0600aa4-23a5-47fb-a38d-b6c72f15af92,askacademia_train,losing_paraphrase_qwen,qwen,mistral,5,5 (The comment directly
f701811d-8ebc-4e8c-8337-c922fdfb6911,askacademia_train,winning_text,qwen,mistral,2,2 (Clarity)
f701811d-8ebc-4e8c-8337-c922fdfb6911,askacademia_train,losing_text,qwen,mistral,4,4. The tone of
f701811d-8ebc-4e8c-8337-c922fdfb6911,askacademia_train,losing_generate_claude,qwen,mistral,5,5
f701811d-8ebc-4e8c-8337-c922fdfb6911,askacademia_train,losing_generate_gemini,qwen,mistral,5,5
f701811d-8ebc-4e8c-8337-c922fdfb6911,askacademia_train,losing_generate_gpt4omini,qwen,mistral,5,5
f701811d-8ebc-4e8c-8337-c922fdfb6911,askacademia_train,losing_generate_gpt5nano,qwen,mistral,5,5
f701811d-8ebc-4e8c-8337-c922fdfb6911,askacademia_train,losing_generate_llama,qwen,mistral,5,5
f701811d-8ebc-4e8c-8337-c922fdfb6911,askacademia_train,losing_generate_mistral,qwen,mistral,5,5
f701811d-8ebc-4e8c-8337-c922fdfb6911,askacademia_train,losing_generate_qwen,qwen,mistral,5,5
f701811d-8ebc-4e8c-8337-c922fdfb6911,askacademia_train,losing_improve_claude,qwen,mistral,5,5 (The comment directly
f701811d-8ebc-4e8c-8337-c922fdfb6911,askacademia_train,losing_improve_gemini,qwen,mistral,5,5
f701811d-8ebc-4e8c-8337-c922fdfb6911,askacademia_train,losing_improve_gpt4omini,qwen,mistral,5,5 (The comment directly
f701811d-8ebc-4e8c-8337-c922fdfb6911,askacademia_train,losing_improve_gpt5nano,qwen,mistral,5,5
f701811d-8ebc-4e8c-8337-c922fdfb6911,askacademia_train,losing_improve_llama,qwen,mistral,2,"2
The comment is"
f701811d-8ebc-4e8c-8337-c922fdfb6911,askacademia_train,losing_improve_mistral,qwen,mistral,5,5 (The comment directly
f701811d-8ebc-4e8c-8337-c922fdfb6911,askacademia_train,losing_improve_qwen,qwen,mistral,4,"4

(The"
f701811d-8ebc-4e8c-8337-c922fdfb6911,askacademia_train,losing_paraphrase_claude,qwen,mistral,5,5
f701811d-8ebc-4e8c-8337-c922fdfb6911,askacademia_train,losing_paraphrase_gemini,qwen,mistral,2,"2

The comment"
f701811d-8ebc-4e8c-8337-c922fdfb6911,askacademia_train,losing_paraphrase_gpt4omini,qwen,mistral,5,5
f701811d-8ebc-4e8c-8337-c922fdfb6911,askacademia_train,losing_paraphrase_gpt5nano,qwen,mistral,5,5 (The comment directly
f701811d-8ebc-4e8c-8337-c922fdfb6911,askacademia_train,losing_paraphrase_llama,qwen,mistral,3,"3

Explan"
f701811d-8ebc-4e8c-8337-c922fdfb6911,askacademia_train,losing_paraphrase_mistral,qwen,mistral,4,"4

The comment"
f701811d-8ebc-4e8c-8337-c922fdfb6911,askacademia_train,losing_paraphrase_qwen,qwen,mistral,5,5 (The comment directly
9d4841c7-b34c-440b-a58b-4e9e16c4cf0f,askacademia_train,winning_text,qwen,mistral,1,"1

The comment"
9d4841c7-b34c-440b-a58b-4e9e16c4cf0f,askacademia_train,losing_text,qwen,mistral,2,"2

The comment"
9d4841c7-b34c-440b-a58b-4e9e16c4cf0f,askacademia_train,losing_generate_claude,qwen,mistral,5,5
9d4841c7-b34c-440b-a58b-4e9e16c4cf0f,askacademia_train,losing_generate_gemini,qwen,mistral,5,5 (The comment directly
9d4841c7-b34c-440b-a58b-4e9e16c4cf0f,askacademia_train,losing_generate_gpt4omini,qwen,mistral,5,5
9d4841c7-b34c-440b-a58b-4e9e16c4cf0f,askacademia_train,losing_generate_gpt5nano,qwen,mistral,5,5
9d4841c7-b34c-440b-a58b-4e9e16c4cf0f,askacademia_train,losing_generate_llama,qwen,mistral,5,5 (The comment directly
9d4841c7-b34c-440b-a58b-4e9e16c4cf0f,askacademia_train,losing_generate_mistral,qwen,mistral,5,5
9d4841c7-b34c-440b-a58b-4e9e16c4cf0f,askacademia_train,losing_generate_qwen,qwen,mistral,5,5
9d4841c7-b34c-440b-a58b-4e9e16c4cf0f,askacademia_train,losing_improve_claude,qwen,mistral,5,5 (The comment directly
9d4841c7-b34c-440b-a58b-4e9e16c4cf0f,askacademia_train,losing_improve_gemini,qwen,mistral,5,5 (The comment directly
9d4841c7-b34c-440b-a58b-4e9e16c4cf0f,askacademia_train,losing_improve_gpt4omini,qwen,mistral,5,5 (The comment directly
9d4841c7-b34c-440b-a58b-4e9e16c4cf0f,askacademia_train,losing_improve_gpt5nano,qwen,mistral,5,5
9d4841c7-b34c-440b-a58b-4e9e16c4cf0f,askacademia_train,losing_improve_llama,qwen,mistral,4,4 (The tone is
9d4841c7-b34c-440b-a58b-4e9e16c4cf0f,askacademia_train,losing_improve_mistral,qwen,mistral,4,4 (The comment is
9d4841c7-b34c-440b-a58b-4e9e16c4cf0f,askacademia_train,losing_improve_qwen,qwen,mistral,4,"4

The response"
9d4841c7-b34c-440b-a58b-4e9e16c4cf0f,askacademia_train,losing_paraphrase_claude,qwen,mistral,2,"2

The comment"
9d4841c7-b34c-440b-a58b-4e9e16c4cf0f,askacademia_train,losing_paraphrase_gemini,qwen,mistral,2,"2

(The"
9d4841c7-b34c-440b-a58b-4e9e16c4cf0f,askacademia_train,losing_paraphrase_gpt4omini,qwen,mistral,2,"2

The comment"
9d4841c7-b34c-440b-a58b-4e9e16c4cf0f,askacademia_train,losing_paraphrase_gpt5nano,qwen,mistral,2,"2

The comment"
9d4841c7-b34c-440b-a58b-4e9e16c4cf0f,askacademia_train,losing_paraphrase_llama,qwen,mistral,2,"2

The comment"
9d4841c7-b34c-440b-a58b-4e9e16c4cf0f,askacademia_train,losing_paraphrase_mistral,qwen,mistral,2,"2

The comment"
9d4841c7-b34c-440b-a58b-4e9e16c4cf0f,askacademia_train,losing_paraphrase_qwen,qwen,mistral,2,"2

The comment"
8b63169c-2889-4c01-808c-4006b5c9c986,askacademia_train,winning_text,qwen,mistral,2,"2

The comment"
8b63169c-2889-4c01-808c-4006b5c9c986,askacademia_train,losing_text,qwen,mistral,2,"2

The comment"
8b63169c-2889-4c01-808c-4006b5c9c986,askacademia_train,losing_generate_claude,qwen,mistral,5,5
8b63169c-2889-4c01-808c-4006b5c9c986,askacademia_train,losing_generate_gemini,qwen,mistral,5,5 (The comment directly
8b63169c-2889-4c01-808c-4006b5c9c986,askacademia_train,losing_generate_gpt4omini,qwen,mistral,5,5
8b63169c-2889-4c01-808c-4006b5c9c986,askacademia_train,losing_generate_gpt5nano,qwen,mistral,5,5 (The comment directly
8b63169c-2889-4c01-808c-4006b5c9c986,askacademia_train,losing_generate_llama,qwen,mistral,5,5 (The comment directly
8b63169c-2889-4c01-808c-4006b5c9c986,askacademia_train,losing_generate_mistral,qwen,mistral,5,5
8b63169c-2889-4c01-808c-4006b5c9c986,askacademia_train,losing_generate_qwen,qwen,mistral,5,5 (The comment directly
8b63169c-2889-4c01-808c-4006b5c9c986,askacademia_train,losing_improve_claude,qwen,mistral,5,5
8b63169c-2889-4c01-808c-4006b5c9c986,askacademia_train,losing_improve_gemini,qwen,mistral,5,5 (The comment directly
8b63169c-2889-4c01-808c-4006b5c9c986,askacademia_train,losing_improve_gpt4omini,qwen,mistral,5,5 (The comment directly
8b63169c-2889-4c01-808c-4006b5c9c986,askacademia_train,losing_improve_gpt5nano,qwen,mistral,5,5 (The comment directly
8b63169c-2889-4c01-808c-4006b5c9c986,askacademia_train,losing_improve_llama,qwen,mistral,4,4 (The tone is
8b63169c-2889-4c01-808c-4006b5c9c986,askacademia_train,losing_improve_mistral,qwen,mistral,4,4 (The comment is
8b63169c-2889-4c01-808c-4006b5c9c986,askacademia_train,losing_improve_qwen,qwen,mistral,4,"4

The response"
8b63169c-2889-4c01-808c-4006b5c9c986,askacademia_train,losing_paraphrase_claude,qwen,mistral,2,"2

The comment"
8b63169c-2889-4c01-808c-4006b5c9c986,askacademia_train,losing_paraphrase_gemini,qwen,mistral,2,"2

(The"
8b63169c-2889-4c01-808c-4006b5c9c986,askacademia_train,losing_paraphrase_gpt4omini,qwen,mistral,2,"2

The comment"
8b63169c-2889-4c01-808c-4006b5c9c986,askacademia_train,losing_paraphrase_gpt5nano,qwen,mistral,3,"3

The comment"
8b63169c-2889-4c01-808c-4006b5c9c986,askacademia_train,losing_paraphrase_llama,qwen,mistral,2,"2

The comment"
8b63169c-2889-4c01-808c-4006b5c9c986,askacademia_train,losing_paraphrase_mistral,qwen,mistral,2,"2

The comment"
8b63169c-2889-4c01-808c-4006b5c9c986,askacademia_train,losing_paraphrase_qwen,qwen,mistral,2,"2

The comment"
4157e6b0-d32b-4b68-85dd-bf06cb8df1ca,askacademia_train,winning_text,qwen,mistral,4,"4

Explan"
4157e6b0-d32b-4b68-85dd-bf06cb8df1ca,askacademia_train,losing_text,qwen,mistral,5,5
4157e6b0-d32b-4b68-85dd-bf06cb8df1ca,askacademia_train,losing_generate_claude,qwen,mistral,5,5
4157e6b0-d32b-4b68-85dd-bf06cb8df1ca,askacademia_train,losing_generate_gemini,qwen,mistral,5,5
4157e6b0-d32b-4b68-85dd-bf06cb8df1ca,askacademia_train,losing_generate_gpt4omini,qwen,mistral,5,5
4157e6b0-d32b-4b68-85dd-bf06cb8df1ca,askacademia_train,losing_generate_gpt5nano,qwen,mistral,5,5
4157e6b0-d32b-4b68-85dd-bf06cb8df1ca,askacademia_train,losing_generate_llama,qwen,mistral,5,5 (The comment directly
4157e6b0-d32b-4b68-85dd-bf06cb8df1ca,askacademia_train,losing_generate_mistral,qwen,mistral,5,5
4157e6b0-d32b-4b68-85dd-bf06cb8df1ca,askacademia_train,losing_generate_qwen,qwen,mistral,5,5 (The comment directly
4157e6b0-d32b-4b68-85dd-bf06cb8df1ca,askacademia_train,losing_improve_claude,qwen,mistral,5,5
4157e6b0-d32b-4b68-85dd-bf06cb8df1ca,askacademia_train,losing_improve_gemini,qwen,mistral,5,5
4157e6b0-d32b-4b68-85dd-bf06cb8df1ca,askacademia_train,losing_improve_gpt4omini,qwen,mistral,5,5
4157e6b0-d32b-4b68-85dd-bf06cb8df1ca,askacademia_train,losing_improve_gpt5nano,qwen,mistral,5,5 (The comment directly
4157e6b0-d32b-4b68-85dd-bf06cb8df1ca,askacademia_train,losing_improve_llama,qwen,mistral,4,4   (The comment
4157e6b0-d32b-4b68-85dd-bf06cb8df1ca,askacademia_train,losing_improve_mistral,qwen,mistral,5,5
4157e6b0-d32b-4b68-85dd-bf06cb8df1ca,askacademia_train,losing_improve_qwen,qwen,mistral,5,5 (The comment directly
4157e6b0-d32b-4b68-85dd-bf06cb8df1ca,askacademia_train,losing_paraphrase_claude,qwen,mistral,5,5
4157e6b0-d32b-4b68-85dd-bf06cb8df1ca,askacademia_train,losing_paraphrase_gemini,qwen,mistral,2,"2

(The"
4157e6b0-d32b-4b68-85dd-bf06cb8df1ca,askacademia_train,losing_paraphrase_gpt4omini,qwen,mistral,AMBIG,Based on the scoring rubric
4157e6b0-d32b-4b68-85dd-bf06cb8df1ca,askacademia_train,losing_paraphrase_gpt5nano,qwen,mistral,5,5 (The comment directly
4157e6b0-d32b-4b68-85dd-bf06cb8df1ca,askacademia_train,losing_paraphrase_llama,qwen,mistral,5,5 (The comment directly
4157e6b0-d32b-4b68-85dd-bf06cb8df1ca,askacademia_train,losing_paraphrase_mistral,qwen,mistral,5,5 (The comment directly
4157e6b0-d32b-4b68-85dd-bf06cb8df1ca,askacademia_train,losing_paraphrase_qwen,qwen,mistral,5,5
60ab52b3-4696-484b-9631-a3053571b485,askacademia_train,winning_text,qwen,mistral,4,4 (The comment is
60ab52b3-4696-484b-9631-a3053571b485,askacademia_train,losing_text,qwen,mistral,5,5
60ab52b3-4696-484b-9631-a3053571b485,askacademia_train,losing_generate_claude,qwen,mistral,5,5
60ab52b3-4696-484b-9631-a3053571b485,askacademia_train,losing_generate_gemini,qwen,mistral,5,5 (The comment directly
60ab52b3-4696-484b-9631-a3053571b485,askacademia_train,losing_generate_gpt4omini,qwen,mistral,5,5
60ab52b3-4696-484b-9631-a3053571b485,askacademia_train,losing_generate_gpt5nano,qwen,mistral,5,5
60ab52b3-4696-484b-9631-a3053571b485,askacademia_train,losing_generate_llama,qwen,mistral,5,5 (The comment directly
60ab52b3-4696-484b-9631-a3053571b485,askacademia_train,losing_generate_mistral,qwen,mistral,5,5
60ab52b3-4696-484b-9631-a3053571b485,askacademia_train,losing_generate_qwen,qwen,mistral,5,5 (The comment directly
60ab52b3-4696-484b-9631-a3053571b485,askacademia_train,losing_improve_claude,qwen,mistral,AMBIG,I would rate this forum comment
60ab52b3-4696-484b-9631-a3053571b485,askacademia_train,losing_improve_gemini,qwen,mistral,5,5
60ab52b3-4696-484b-9631-a3053571b485,askacademia_train,losing_improve_gpt4omini,qwen,mistral,5,5 (The comment directly
60ab52b3-4696-484b-9631-a3053571b485,askacademia_train,losing_improve_gpt5nano,qwen,mistral,5,5
60ab52b3-4696-484b-9631-a3053571b485,askacademia_train,losing_improve_llama,qwen,mistral,4,4   (The comment
60ab52b3-4696-484b-9631-a3053571b485,askacademia_train,losing_improve_mistral,qwen,mistral,5,5 (The comment directly
60ab52b3-4696-484b-9631-a3053571b485,askacademia_train,losing_improve_qwen,qwen,mistral,5,5 (The comment directly
60ab52b3-4696-484b-9631-a3053571b485,askacademia_train,losing_paraphrase_claude,qwen,mistral,5,5
60ab52b3-4696-484b-9631-a3053571b485,askacademia_train,losing_paraphrase_gemini,qwen,mistral,2,"2

The comment"
60ab52b3-4696-484b-9631-a3053571b485,askacademia_train,losing_paraphrase_gpt4omini,qwen,mistral,5,5 (The comment directly
60ab52b3-4696-484b-9631-a3053571b485,askacademia_train,losing_paraphrase_gpt5nano,qwen,mistral,5,5 (The comment directly
60ab52b3-4696-484b-9631-a3053571b485,askacademia_train,losing_paraphrase_llama,qwen,mistral,5,5 (The comment directly
60ab52b3-4696-484b-9631-a3053571b485,askacademia_train,losing_paraphrase_mistral,qwen,mistral,5,5 (The comment directly
60ab52b3-4696-484b-9631-a3053571b485,askacademia_train,losing_paraphrase_qwen,qwen,mistral,5,5
78de6c8e-e14c-40ab-a98c-f93257b8d459,askacademia_train,winning_text,qwen,mistral,2,"2

The comment"
78de6c8e-e14c-40ab-a98c-f93257b8d459,askacademia_train,losing_text,qwen,mistral,5,5
78de6c8e-e14c-40ab-a98c-f93257b8d459,askacademia_train,losing_generate_claude,qwen,mistral,5,5
78de6c8e-e14c-40ab-a98c-f93257b8d459,askacademia_train,losing_generate_gemini,qwen,mistral,5,5 (The comment directly
78de6c8e-e14c-40ab-a98c-f93257b8d459,askacademia_train,losing_generate_gpt4omini,qwen,mistral,5,5
78de6c8e-e14c-40ab-a98c-f93257b8d459,askacademia_train,losing_generate_gpt5nano,qwen,mistral,5,5
78de6c8e-e14c-40ab-a98c-f93257b8d459,askacademia_train,losing_generate_llama,qwen,mistral,5,5
78de6c8e-e14c-40ab-a98c-f93257b8d459,askacademia_train,losing_generate_mistral,qwen,mistral,5,5
78de6c8e-e14c-40ab-a98c-f93257b8d459,askacademia_train,losing_generate_qwen,qwen,mistral,5,5
78de6c8e-e14c-40ab-a98c-f93257b8d459,askacademia_train,losing_improve_claude,qwen,mistral,4,4 (The comment is
78de6c8e-e14c-40ab-a98c-f93257b8d459,askacademia_train,losing_improve_gemini,qwen,mistral,5,5
78de6c8e-e14c-40ab-a98c-f93257b8d459,askacademia_train,losing_improve_gpt4omini,qwen,mistral,5,5 (The comment directly
78de6c8e-e14c-40ab-a98c-f93257b8d459,askacademia_train,losing_improve_gpt5nano,qwen,mistral,5,5 (The comment directly
78de6c8e-e14c-40ab-a98c-f93257b8d459,askacademia_train,losing_improve_llama,qwen,mistral,4,"4

Although"
78de6c8e-e14c-40ab-a98c-f93257b8d459,askacademia_train,losing_improve_mistral,qwen,mistral,5,5
78de6c8e-e14c-40ab-a98c-f93257b8d459,askacademia_train,losing_improve_qwen,qwen,mistral,5,5
78de6c8e-e14c-40ab-a98c-f93257b8d459,askacademia_train,losing_paraphrase_claude,qwen,mistral,5,5
78de6c8e-e14c-40ab-a98c-f93257b8d459,askacademia_train,losing_paraphrase_gemini,qwen,mistral,2,"2

The comment"
78de6c8e-e14c-40ab-a98c-f93257b8d459,askacademia_train,losing_paraphrase_gpt4omini,qwen,mistral,5,5 (The comment directly
78de6c8e-e14c-40ab-a98c-f93257b8d459,askacademia_train,losing_paraphrase_gpt5nano,qwen,mistral,5,5
78de6c8e-e14c-40ab-a98c-f93257b8d459,askacademia_train,losing_paraphrase_llama,qwen,mistral,5,5 (The comment directly
78de6c8e-e14c-40ab-a98c-f93257b8d459,askacademia_train,losing_paraphrase_mistral,qwen,mistral,5,5
78de6c8e-e14c-40ab-a98c-f93257b8d459,askacademia_train,losing_paraphrase_qwen,qwen,mistral,5,5
a65f42a8-1bcd-4d32-b76b-9c460d0fba52,askacademia_train,winning_text,qwen,mistral,4,"4

The comment"
a65f42a8-1bcd-4d32-b76b-9c460d0fba52,askacademia_train,losing_text,qwen,mistral,5,5
a65f42a8-1bcd-4d32-b76b-9c460d0fba52,askacademia_train,losing_generate_claude,qwen,mistral,5,5
a65f42a8-1bcd-4d32-b76b-9c460d0fba52,askacademia_train,losing_generate_gemini,qwen,mistral,5,5 (The comment directly
a65f42a8-1bcd-4d32-b76b-9c460d0fba52,askacademia_train,losing_generate_gpt4omini,qwen,mistral,5,5
a65f42a8-1bcd-4d32-b76b-9c460d0fba52,askacademia_train,losing_generate_gpt5nano,qwen,mistral,5,5
a65f42a8-1bcd-4d32-b76b-9c460d0fba52,askacademia_train,losing_generate_llama,qwen,mistral,5,5
a65f42a8-1bcd-4d32-b76b-9c460d0fba52,askacademia_train,losing_generate_mistral,qwen,mistral,5,5
a65f42a8-1bcd-4d32-b76b-9c460d0fba52,askacademia_train,losing_generate_qwen,qwen,mistral,5,5 (The comment directly
a65f42a8-1bcd-4d32-b76b-9c460d0fba52,askacademia_train,losing_improve_claude,qwen,mistral,3,3. The comment is
a65f42a8-1bcd-4d32-b76b-9c460d0fba52,askacademia_train,losing_improve_gemini,qwen,mistral,5,5
a65f42a8-1bcd-4d32-b76b-9c460d0fba52,askacademia_train,losing_improve_gpt4omini,qwen,mistral,5,5 (The comment directly
a65f42a8-1bcd-4d32-b76b-9c460d0fba52,askacademia_train,losing_improve_gpt5nano,qwen,mistral,5,5
a65f42a8-1bcd-4d32-b76b-9c460d0fba52,askacademia_train,losing_improve_llama,qwen,mistral,4,"4

Although"
a65f42a8-1bcd-4d32-b76b-9c460d0fba52,askacademia_train,losing_improve_mistral,qwen,mistral,5,5 (The comment directly
a65f42a8-1bcd-4d32-b76b-9c460d0fba52,askacademia_train,losing_improve_qwen,qwen,mistral,5,5
a65f42a8-1bcd-4d32-b76b-9c460d0fba52,askacademia_train,losing_paraphrase_claude,qwen,mistral,5,5
a65f42a8-1bcd-4d32-b76b-9c460d0fba52,askacademia_train,losing_paraphrase_gemini,qwen,mistral,2,"2

The comment"
a65f42a8-1bcd-4d32-b76b-9c460d0fba52,askacademia_train,losing_paraphrase_gpt4omini,qwen,mistral,5,5 (The comment directly
a65f42a8-1bcd-4d32-b76b-9c460d0fba52,askacademia_train,losing_paraphrase_gpt5nano,qwen,mistral,5,5 (The comment directly
a65f42a8-1bcd-4d32-b76b-9c460d0fba52,askacademia_train,losing_paraphrase_llama,qwen,mistral,5,5 (The comment directly
a65f42a8-1bcd-4d32-b76b-9c460d0fba52,askacademia_train,losing_paraphrase_mistral,qwen,mistral,5,5 (The comment directly
a65f42a8-1bcd-4d32-b76b-9c460d0fba52,askacademia_train,losing_paraphrase_qwen,qwen,mistral,5,5
d4ca9d10-da34-4f21-b1b8-84ce3728f1ba,askacademia_train,winning_text,qwen,mistral,2,"2

The comment"
d4ca9d10-da34-4f21-b1b8-84ce3728f1ba,askacademia_train,losing_text,qwen,mistral,4,4 (The comment is
d4ca9d10-da34-4f21-b1b8-84ce3728f1ba,askacademia_train,losing_generate_claude,qwen,mistral,5,5
d4ca9d10-da34-4f21-b1b8-84ce3728f1ba,askacademia_train,losing_generate_gemini,qwen,mistral,5,5 (The comment directly
d4ca9d10-da34-4f21-b1b8-84ce3728f1ba,askacademia_train,losing_generate_gpt4omini,qwen,mistral,5,5
d4ca9d10-da34-4f21-b1b8-84ce3728f1ba,askacademia_train,losing_generate_gpt5nano,qwen,mistral,5,5
d4ca9d10-da34-4f21-b1b8-84ce3728f1ba,askacademia_train,losing_generate_llama,qwen,mistral,5,5 (The comment directly
d4ca9d10-da34-4f21-b1b8-84ce3728f1ba,askacademia_train,losing_generate_mistral,qwen,mistral,5,5
d4ca9d10-da34-4f21-b1b8-84ce3728f1ba,askacademia_train,losing_generate_qwen,qwen,mistral,5,5 (The comment directly
d4ca9d10-da34-4f21-b1b8-84ce3728f1ba,askacademia_train,losing_improve_claude,qwen,mistral,5,5 (The comment directly
d4ca9d10-da34-4f21-b1b8-84ce3728f1ba,askacademia_train,losing_improve_gemini,qwen,mistral,5,5
d4ca9d10-da34-4f21-b1b8-84ce3728f1ba,askacademia_train,losing_improve_gpt4omini,qwen,mistral,5,5 (The comment directly
d4ca9d10-da34-4f21-b1b8-84ce3728f1ba,askacademia_train,losing_improve_gpt5nano,qwen,mistral,5,5
d4ca9d10-da34-4f21-b1b8-84ce3728f1ba,askacademia_train,losing_improve_llama,qwen,mistral,4,"4

Explan"
d4ca9d10-da34-4f21-b1b8-84ce3728f1ba,askacademia_train,losing_improve_mistral,qwen,mistral,3,"3

The comment"
d4ca9d10-da34-4f21-b1b8-84ce3728f1ba,askacademia_train,losing_improve_qwen,qwen,mistral,3,"3

Explan"
d4ca9d10-da34-4f21-b1b8-84ce3728f1ba,askacademia_train,losing_paraphrase_claude,qwen,mistral,5,5
d4ca9d10-da34-4f21-b1b8-84ce3728f1ba,askacademia_train,losing_paraphrase_gemini,qwen,mistral,2,"2

The comment"
d4ca9d10-da34-4f21-b1b8-84ce3728f1ba,askacademia_train,losing_paraphrase_gpt4omini,qwen,mistral,5,5
d4ca9d10-da34-4f21-b1b8-84ce3728f1ba,askacademia_train,losing_paraphrase_gpt5nano,qwen,mistral,5,5 (The comment directly
d4ca9d10-da34-4f21-b1b8-84ce3728f1ba,askacademia_train,losing_paraphrase_llama,qwen,mistral,2,"2

(The"
d4ca9d10-da34-4f21-b1b8-84ce3728f1ba,askacademia_train,losing_paraphrase_mistral,qwen,mistral,5,5 (The comment directly
d4ca9d10-da34-4f21-b1b8-84ce3728f1ba,askacademia_train,losing_paraphrase_qwen,qwen,mistral,5,5 (The comment directly
82833031-4563-42a0-8c0a-25b7ad02f6eb,askacademia_train,winning_text,qwen,mistral,5,"5

The comment"
82833031-4563-42a0-8c0a-25b7ad02f6eb,askacademia_train,losing_text,qwen,mistral,2,"2

The comment"
82833031-4563-42a0-8c0a-25b7ad02f6eb,askacademia_train,losing_generate_claude,qwen,mistral,5,5
82833031-4563-42a0-8c0a-25b7ad02f6eb,askacademia_train,losing_generate_gemini,qwen,mistral,5,5 (The comment directly
82833031-4563-42a0-8c0a-25b7ad02f6eb,askacademia_train,losing_generate_gpt4omini,qwen,mistral,5,5
82833031-4563-42a0-8c0a-25b7ad02f6eb,askacademia_train,losing_generate_gpt5nano,qwen,mistral,5,5 (The comment directly
82833031-4563-42a0-8c0a-25b7ad02f6eb,askacademia_train,losing_generate_llama,qwen,mistral,5,5 (The comment directly
82833031-4563-42a0-8c0a-25b7ad02f6eb,askacademia_train,losing_generate_mistral,qwen,mistral,5,5 (The comment directly
82833031-4563-42a0-8c0a-25b7ad02f6eb,askacademia_train,losing_generate_qwen,qwen,mistral,5,5
82833031-4563-42a0-8c0a-25b7ad02f6eb,askacademia_train,losing_improve_claude,qwen,mistral,5,5
82833031-4563-42a0-8c0a-25b7ad02f6eb,askacademia_train,losing_improve_gemini,qwen,mistral,5,5 (The comment directly
82833031-4563-42a0-8c0a-25b7ad02f6eb,askacademia_train,losing_improve_gpt4omini,qwen,mistral,5,5
82833031-4563-42a0-8c0a-25b7ad02f6eb,askacademia_train,losing_improve_gpt5nano,qwen,mistral,5,5
82833031-4563-42a0-8c0a-25b7ad02f6eb,askacademia_train,losing_improve_llama,qwen,mistral,5,5
82833031-4563-42a0-8c0a-25b7ad02f6eb,askacademia_train,losing_improve_mistral,qwen,mistral,5,5 (The comment directly
82833031-4563-42a0-8c0a-25b7ad02f6eb,askacademia_train,losing_improve_qwen,qwen,mistral,5,5
82833031-4563-42a0-8c0a-25b7ad02f6eb,askacademia_train,losing_paraphrase_claude,qwen,mistral,5,5 (The comment directly
82833031-4563-42a0-8c0a-25b7ad02f6eb,askacademia_train,losing_paraphrase_gemini,qwen,mistral,2,"2

The comment"
82833031-4563-42a0-8c0a-25b7ad02f6eb,askacademia_train,losing_paraphrase_gpt4omini,qwen,mistral,AMBIG,The given forum comment will be
82833031-4563-42a0-8c0a-25b7ad02f6eb,askacademia_train,losing_paraphrase_gpt5nano,qwen,mistral,AMBIG,Based on the scoring rubric
82833031-4563-42a0-8c0a-25b7ad02f6eb,askacademia_train,losing_paraphrase_llama,qwen,mistral,3,"3

Explan"
82833031-4563-42a0-8c0a-25b7ad02f6eb,askacademia_train,losing_paraphrase_mistral,qwen,mistral,3,"3

Explan"
82833031-4563-42a0-8c0a-25b7ad02f6eb,askacademia_train,losing_paraphrase_qwen,qwen,mistral,5,5 (The comment directly
59968d3e-fb37-45f6-8642-f62917e85b4a,askacademia_train,winning_text,qwen,mistral,2,"2

The comment"
59968d3e-fb37-45f6-8642-f62917e85b4a,askacademia_train,losing_text,qwen,mistral,2,"2

The comment"
59968d3e-fb37-45f6-8642-f62917e85b4a,askacademia_train,losing_generate_claude,qwen,mistral,5,5
59968d3e-fb37-45f6-8642-f62917e85b4a,askacademia_train,losing_generate_gemini,qwen,mistral,5,5
59968d3e-fb37-45f6-8642-f62917e85b4a,askacademia_train,losing_generate_gpt4omini,qwen,mistral,5,5
59968d3e-fb37-45f6-8642-f62917e85b4a,askacademia_train,losing_generate_gpt5nano,qwen,mistral,5,5
59968d3e-fb37-45f6-8642-f62917e85b4a,askacademia_train,losing_generate_llama,qwen,mistral,5,5 (The comment directly
59968d3e-fb37-45f6-8642-f62917e85b4a,askacademia_train,losing_generate_mistral,qwen,mistral,5,5
59968d3e-fb37-45f6-8642-f62917e85b4a,askacademia_train,losing_generate_qwen,qwen,mistral,5,5 (The comment directly
59968d3e-fb37-45f6-8642-f62917e85b4a,askacademia_train,losing_improve_claude,qwen,mistral,5,5
59968d3e-fb37-45f6-8642-f62917e85b4a,askacademia_train,losing_improve_gemini,qwen,mistral,5,5 (The comment directly
59968d3e-fb37-45f6-8642-f62917e85b4a,askacademia_train,losing_improve_gpt4omini,qwen,mistral,5,5 (The comment directly
59968d3e-fb37-45f6-8642-f62917e85b4a,askacademia_train,losing_improve_gpt5nano,qwen,mistral,5,5
59968d3e-fb37-45f6-8642-f62917e85b4a,askacademia_train,losing_improve_llama,qwen,mistral,5,5
59968d3e-fb37-45f6-8642-f62917e85b4a,askacademia_train,losing_improve_mistral,qwen,mistral,5,5 (The comment directly
59968d3e-fb37-45f6-8642-f62917e85b4a,askacademia_train,losing_improve_qwen,qwen,mistral,5,5
59968d3e-fb37-45f6-8642-f62917e85b4a,askacademia_train,losing_paraphrase_claude,qwen,mistral,5,5
59968d3e-fb37-45f6-8642-f62917e85b4a,askacademia_train,losing_paraphrase_gemini,qwen,mistral,2,"2

The comment"
59968d3e-fb37-45f6-8642-f62917e85b4a,askacademia_train,losing_paraphrase_gpt4omini,qwen,mistral,AMBIG,The given forum comment will be
59968d3e-fb37-45f6-8642-f62917e85b4a,askacademia_train,losing_paraphrase_gpt5nano,qwen,mistral,5,5 (The comment directly
59968d3e-fb37-45f6-8642-f62917e85b4a,askacademia_train,losing_paraphrase_llama,qwen,mistral,3,"3

Explan"
59968d3e-fb37-45f6-8642-f62917e85b4a,askacademia_train,losing_paraphrase_mistral,qwen,mistral,3,"3

Explan"
59968d3e-fb37-45f6-8642-f62917e85b4a,askacademia_train,losing_paraphrase_qwen,qwen,mistral,5,5 (The comment directly
87b000ee-07bd-42ea-9133-5eb3a4f3ab15,askacademia_train,winning_text,qwen,mistral,4,"4

The comment"
87b000ee-07bd-42ea-9133-5eb3a4f3ab15,askacademia_train,losing_text,qwen,mistral,2,"2

The comment"
87b000ee-07bd-42ea-9133-5eb3a4f3ab15,askacademia_train,losing_generate_claude,qwen,mistral,5,5
87b000ee-07bd-42ea-9133-5eb3a4f3ab15,askacademia_train,losing_generate_gemini,qwen,mistral,5,5
87b000ee-07bd-42ea-9133-5eb3a4f3ab15,askacademia_train,losing_generate_gpt4omini,qwen,mistral,5,5
87b000ee-07bd-42ea-9133-5eb3a4f3ab15,askacademia_train,losing_generate_gpt5nano,qwen,mistral,5,5
87b000ee-07bd-42ea-9133-5eb3a4f3ab15,askacademia_train,losing_generate_llama,qwen,mistral,5,5 (The comment directly
87b000ee-07bd-42ea-9133-5eb3a4f3ab15,askacademia_train,losing_generate_mistral,qwen,mistral,5,5
87b000ee-07bd-42ea-9133-5eb3a4f3ab15,askacademia_train,losing_generate_qwen,qwen,mistral,5,5
87b000ee-07bd-42ea-9133-5eb3a4f3ab15,askacademia_train,losing_improve_claude,qwen,mistral,5,5
87b000ee-07bd-42ea-9133-5eb3a4f3ab15,askacademia_train,losing_improve_gemini,qwen,mistral,5,5 (The comment directly
87b000ee-07bd-42ea-9133-5eb3a4f3ab15,askacademia_train,losing_improve_gpt4omini,qwen,mistral,5,5
87b000ee-07bd-42ea-9133-5eb3a4f3ab15,askacademia_train,losing_improve_gpt5nano,qwen,mistral,5,5 (The comment directly
87b000ee-07bd-42ea-9133-5eb3a4f3ab15,askacademia_train,losing_improve_llama,qwen,mistral,5,5
87b000ee-07bd-42ea-9133-5eb3a4f3ab15,askacademia_train,losing_improve_mistral,qwen,mistral,5,5 (The comment directly
87b000ee-07bd-42ea-9133-5eb3a4f3ab15,askacademia_train,losing_improve_qwen,qwen,mistral,5,5
87b000ee-07bd-42ea-9133-5eb3a4f3ab15,askacademia_train,losing_paraphrase_claude,qwen,mistral,5,5 (The comment directly
87b000ee-07bd-42ea-9133-5eb3a4f3ab15,askacademia_train,losing_paraphrase_gemini,qwen,mistral,2,"2

The comment"
87b000ee-07bd-42ea-9133-5eb3a4f3ab15,askacademia_train,losing_paraphrase_gpt4omini,qwen,mistral,AMBIG,The given forum comment will be
87b000ee-07bd-42ea-9133-5eb3a4f3ab15,askacademia_train,losing_paraphrase_gpt5nano,qwen,mistral,3,3 (Relevance
87b000ee-07bd-42ea-9133-5eb3a4f3ab15,askacademia_train,losing_paraphrase_llama,qwen,mistral,3,"3

Explan"
87b000ee-07bd-42ea-9133-5eb3a4f3ab15,askacademia_train,losing_paraphrase_mistral,qwen,mistral,3,"3

Explan"
87b000ee-07bd-42ea-9133-5eb3a4f3ab15,askacademia_train,losing_paraphrase_qwen,qwen,mistral,5,5 (The comment directly
e6460c9c-100d-4d0c-b437-7cfd2ccd795c,askacademia_train,winning_text,qwen,mistral,5,5
e6460c9c-100d-4d0c-b437-7cfd2ccd795c,askacademia_train,losing_text,qwen,mistral,2,"2

The comment"
e6460c9c-100d-4d0c-b437-7cfd2ccd795c,askacademia_train,losing_generate_claude,qwen,mistral,5,5
e6460c9c-100d-4d0c-b437-7cfd2ccd795c,askacademia_train,losing_generate_gemini,qwen,mistral,5,5
e6460c9c-100d-4d0c-b437-7cfd2ccd795c,askacademia_train,losing_generate_gpt4omini,qwen,mistral,5,5
e6460c9c-100d-4d0c-b437-7cfd2ccd795c,askacademia_train,losing_generate_gpt5nano,qwen,mistral,5,5
e6460c9c-100d-4d0c-b437-7cfd2ccd795c,askacademia_train,losing_generate_llama,qwen,mistral,5,5
e6460c9c-100d-4d0c-b437-7cfd2ccd795c,askacademia_train,losing_generate_mistral,qwen,mistral,5,5
e6460c9c-100d-4d0c-b437-7cfd2ccd795c,askacademia_train,losing_generate_qwen,qwen,mistral,5,5
e6460c9c-100d-4d0c-b437-7cfd2ccd795c,askacademia_train,losing_improve_claude,qwen,mistral,5,5
e6460c9c-100d-4d0c-b437-7cfd2ccd795c,askacademia_train,losing_improve_gemini,qwen,mistral,5,5 (The comment directly
e6460c9c-100d-4d0c-b437-7cfd2ccd795c,askacademia_train,losing_improve_gpt4omini,qwen,mistral,5,5
e6460c9c-100d-4d0c-b437-7cfd2ccd795c,askacademia_train,losing_improve_gpt5nano,qwen,mistral,5,5
e6460c9c-100d-4d0c-b437-7cfd2ccd795c,askacademia_train,losing_improve_llama,qwen,mistral,5,5
e6460c9c-100d-4d0c-b437-7cfd2ccd795c,askacademia_train,losing_improve_mistral,qwen,mistral,5,5 (The comment directly
e6460c9c-100d-4d0c-b437-7cfd2ccd795c,askacademia_train,losing_improve_qwen,qwen,mistral,5,5 (The comment directly
e6460c9c-100d-4d0c-b437-7cfd2ccd795c,askacademia_train,losing_paraphrase_claude,qwen,mistral,5,5
e6460c9c-100d-4d0c-b437-7cfd2ccd795c,askacademia_train,losing_paraphrase_gemini,qwen,mistral,2,"2

(The"
e6460c9c-100d-4d0c-b437-7cfd2ccd795c,askacademia_train,losing_paraphrase_gpt4omini,qwen,mistral,AMBIG,The given forum comment will be
e6460c9c-100d-4d0c-b437-7cfd2ccd795c,askacademia_train,losing_paraphrase_gpt5nano,qwen,mistral,AMBIG,The given forum comment will be
e6460c9c-100d-4d0c-b437-7cfd2ccd795c,askacademia_train,losing_paraphrase_llama,qwen,mistral,3,"3

Explan"
e6460c9c-100d-4d0c-b437-7cfd2ccd795c,askacademia_train,losing_paraphrase_mistral,qwen,mistral,3,"3

Explan"
e6460c9c-100d-4d0c-b437-7cfd2ccd795c,askacademia_train,losing_paraphrase_qwen,qwen,mistral,5,5 (The comment directly
9151740b-6736-40be-9da1-4c9915a710ea,askacademia_train,winning_text,qwen,mistral,5,"5

The comment"
9151740b-6736-40be-9da1-4c9915a710ea,askacademia_train,losing_text,qwen,mistral,5,5
9151740b-6736-40be-9da1-4c9915a710ea,askacademia_train,losing_generate_claude,qwen,mistral,5,5
9151740b-6736-40be-9da1-4c9915a710ea,askacademia_train,losing_generate_gemini,qwen,mistral,5,5 (The comment directly
9151740b-6736-40be-9da1-4c9915a710ea,askacademia_train,losing_generate_gpt4omini,qwen,mistral,5,5
9151740b-6736-40be-9da1-4c9915a710ea,askacademia_train,losing_generate_gpt5nano,qwen,mistral,5,5
9151740b-6736-40be-9da1-4c9915a710ea,askacademia_train,losing_generate_llama,qwen,mistral,5,5 (The comment directly
9151740b-6736-40be-9da1-4c9915a710ea,askacademia_train,losing_generate_mistral,qwen,mistral,5,5
9151740b-6736-40be-9da1-4c9915a710ea,askacademia_train,losing_generate_qwen,qwen,mistral,5,5
9151740b-6736-40be-9da1-4c9915a710ea,askacademia_train,losing_improve_claude,qwen,mistral,5,5 (The comment directly
9151740b-6736-40be-9da1-4c9915a710ea,askacademia_train,losing_improve_gemini,qwen,mistral,5,5
9151740b-6736-40be-9da1-4c9915a710ea,askacademia_train,losing_improve_gpt4omini,qwen,mistral,5,5
9151740b-6736-40be-9da1-4c9915a710ea,askacademia_train,losing_improve_gpt5nano,qwen,mistral,5,5
9151740b-6736-40be-9da1-4c9915a710ea,askacademia_train,losing_improve_llama,qwen,mistral,5,5 (The comment directly
9151740b-6736-40be-9da1-4c9915a710ea,askacademia_train,losing_improve_mistral,qwen,mistral,5,5 (The comment directly
9151740b-6736-40be-9da1-4c9915a710ea,askacademia_train,losing_improve_qwen,qwen,mistral,5,5 (The comment directly
9151740b-6736-40be-9da1-4c9915a710ea,askacademia_train,losing_paraphrase_claude,qwen,mistral,5,5
9151740b-6736-40be-9da1-4c9915a710ea,askacademia_train,losing_paraphrase_gemini,qwen,mistral,2,"2

(The"
9151740b-6736-40be-9da1-4c9915a710ea,askacademia_train,losing_paraphrase_gpt4omini,qwen,mistral,5,5
9151740b-6736-40be-9da1-4c9915a710ea,askacademia_train,losing_paraphrase_gpt5nano,qwen,mistral,5,5 (The comment directly
9151740b-6736-40be-9da1-4c9915a710ea,askacademia_train,losing_paraphrase_llama,qwen,mistral,4,"4

The comment"
9151740b-6736-40be-9da1-4c9915a710ea,askacademia_train,losing_paraphrase_mistral,qwen,mistral,5,5 (The comment directly
9151740b-6736-40be-9da1-4c9915a710ea,askacademia_train,losing_paraphrase_qwen,qwen,mistral,5,5
dc8f888e-d18f-41e3-ba76-3935e377d9c1,askacademia_train,winning_text,qwen,mistral,3,"The score is 3,"
dc8f888e-d18f-41e3-ba76-3935e377d9c1,askacademia_train,losing_text,qwen,mistral,5,5
dc8f888e-d18f-41e3-ba76-3935e377d9c1,askacademia_train,losing_generate_claude,qwen,mistral,5,5
dc8f888e-d18f-41e3-ba76-3935e377d9c1,askacademia_train,losing_generate_gemini,qwen,mistral,5,5
dc8f888e-d18f-41e3-ba76-3935e377d9c1,askacademia_train,losing_generate_gpt4omini,qwen,mistral,5,5
dc8f888e-d18f-41e3-ba76-3935e377d9c1,askacademia_train,losing_generate_gpt5nano,qwen,mistral,5,5
dc8f888e-d18f-41e3-ba76-3935e377d9c1,askacademia_train,losing_generate_llama,qwen,mistral,5,5 (The comment directly
dc8f888e-d18f-41e3-ba76-3935e377d9c1,askacademia_train,losing_generate_mistral,qwen,mistral,5,5
dc8f888e-d18f-41e3-ba76-3935e377d9c1,askacademia_train,losing_generate_qwen,qwen,mistral,5,5
dc8f888e-d18f-41e3-ba76-3935e377d9c1,askacademia_train,losing_improve_claude,qwen,mistral,5,5
dc8f888e-d18f-41e3-ba76-3935e377d9c1,askacademia_train,losing_improve_gemini,qwen,mistral,5,5
dc8f888e-d18f-41e3-ba76-3935e377d9c1,askacademia_train,losing_improve_gpt4omini,qwen,mistral,5,5 (The comment directly
dc8f888e-d18f-41e3-ba76-3935e377d9c1,askacademia_train,losing_improve_gpt5nano,qwen,mistral,5,5
dc8f888e-d18f-41e3-ba76-3935e377d9c1,askacademia_train,losing_improve_llama,qwen,mistral,5,5 (The comment directly
dc8f888e-d18f-41e3-ba76-3935e377d9c1,askacademia_train,losing_improve_mistral,qwen,mistral,5,5
dc8f888e-d18f-41e3-ba76-3935e377d9c1,askacademia_train,losing_improve_qwen,qwen,mistral,5,5
dc8f888e-d18f-41e3-ba76-3935e377d9c1,askacademia_train,losing_paraphrase_claude,qwen,mistral,5,5 (The comment directly
dc8f888e-d18f-41e3-ba76-3935e377d9c1,askacademia_train,losing_paraphrase_gemini,qwen,mistral,2,"2

(The"
dc8f888e-d18f-41e3-ba76-3935e377d9c1,askacademia_train,losing_paraphrase_gpt4omini,qwen,mistral,5,5
dc8f888e-d18f-41e3-ba76-3935e377d9c1,askacademia_train,losing_paraphrase_gpt5nano,qwen,mistral,5,5
dc8f888e-d18f-41e3-ba76-3935e377d9c1,askacademia_train,losing_paraphrase_llama,qwen,mistral,4,"4

The comment"
dc8f888e-d18f-41e3-ba76-3935e377d9c1,askacademia_train,losing_paraphrase_mistral,qwen,mistral,5,5 (The comment directly
dc8f888e-d18f-41e3-ba76-3935e377d9c1,askacademia_train,losing_paraphrase_qwen,qwen,mistral,5,5
bf8c6f0c-db90-4930-bf49-ee4497e7213d,askacademia_train,winning_text,qwen,mistral,2,"2

The comment"
bf8c6f0c-db90-4930-bf49-ee4497e7213d,askacademia_train,losing_text,qwen,mistral,5,5
bf8c6f0c-db90-4930-bf49-ee4497e7213d,askacademia_train,losing_generate_claude,qwen,mistral,5,5
bf8c6f0c-db90-4930-bf49-ee4497e7213d,askacademia_train,losing_generate_gemini,qwen,mistral,5,5
bf8c6f0c-db90-4930-bf49-ee4497e7213d,askacademia_train,losing_generate_gpt4omini,qwen,mistral,5,5
bf8c6f0c-db90-4930-bf49-ee4497e7213d,askacademia_train,losing_generate_gpt5nano,qwen,mistral,5,5
bf8c6f0c-db90-4930-bf49-ee4497e7213d,askacademia_train,losing_generate_llama,qwen,mistral,5,5 (The comment directly
bf8c6f0c-db90-4930-bf49-ee4497e7213d,askacademia_train,losing_generate_mistral,qwen,mistral,5,5
bf8c6f0c-db90-4930-bf49-ee4497e7213d,askacademia_train,losing_generate_qwen,qwen,mistral,5,5 (The comment directly
bf8c6f0c-db90-4930-bf49-ee4497e7213d,askacademia_train,losing_improve_claude,qwen,mistral,4,4. The comment is
bf8c6f0c-db90-4930-bf49-ee4497e7213d,askacademia_train,losing_improve_gemini,qwen,mistral,5,5
bf8c6f0c-db90-4930-bf49-ee4497e7213d,askacademia_train,losing_improve_gpt4omini,qwen,mistral,5,5
bf8c6f0c-db90-4930-bf49-ee4497e7213d,askacademia_train,losing_improve_gpt5nano,qwen,mistral,5,5
bf8c6f0c-db90-4930-bf49-ee4497e7213d,askacademia_train,losing_improve_llama,qwen,mistral,5,5 (The comment directly
bf8c6f0c-db90-4930-bf49-ee4497e7213d,askacademia_train,losing_improve_mistral,qwen,mistral,5,5 (The comment directly
bf8c6f0c-db90-4930-bf49-ee4497e7213d,askacademia_train,losing_improve_qwen,qwen,mistral,5,5 (The comment directly
bf8c6f0c-db90-4930-bf49-ee4497e7213d,askacademia_train,losing_paraphrase_claude,qwen,mistral,5,5 (The comment directly
bf8c6f0c-db90-4930-bf49-ee4497e7213d,askacademia_train,losing_paraphrase_gemini,qwen,mistral,2,"2

(The"
bf8c6f0c-db90-4930-bf49-ee4497e7213d,askacademia_train,losing_paraphrase_gpt4omini,qwen,mistral,5,5
bf8c6f0c-db90-4930-bf49-ee4497e7213d,askacademia_train,losing_paraphrase_gpt5nano,qwen,mistral,5,5 (The comment directly
bf8c6f0c-db90-4930-bf49-ee4497e7213d,askacademia_train,losing_paraphrase_llama,qwen,mistral,4,"4

The comment"
bf8c6f0c-db90-4930-bf49-ee4497e7213d,askacademia_train,losing_paraphrase_mistral,qwen,mistral,5,5 (The comment directly
bf8c6f0c-db90-4930-bf49-ee4497e7213d,askacademia_train,losing_paraphrase_qwen,qwen,mistral,5,5
8238680b-c956-44c1-afc0-28e406bdf067,askacademia_train,winning_text,qwen,mistral,4,"4

The comment"
8238680b-c956-44c1-afc0-28e406bdf067,askacademia_train,losing_text,qwen,mistral,5,5
8238680b-c956-44c1-afc0-28e406bdf067,askacademia_train,losing_generate_claude,qwen,mistral,5,5
8238680b-c956-44c1-afc0-28e406bdf067,askacademia_train,losing_generate_gemini,qwen,mistral,5,5
8238680b-c956-44c1-afc0-28e406bdf067,askacademia_train,losing_generate_gpt4omini,qwen,mistral,5,5
8238680b-c956-44c1-afc0-28e406bdf067,askacademia_train,losing_generate_gpt5nano,qwen,mistral,5,5 (The comment directly
8238680b-c956-44c1-afc0-28e406bdf067,askacademia_train,losing_generate_llama,qwen,mistral,5,5 (The comment directly
8238680b-c956-44c1-afc0-28e406bdf067,askacademia_train,losing_generate_mistral,qwen,mistral,5,5
8238680b-c956-44c1-afc0-28e406bdf067,askacademia_train,losing_generate_qwen,qwen,mistral,5,5 (The comment directly
8238680b-c956-44c1-afc0-28e406bdf067,askacademia_train,losing_improve_claude,qwen,mistral,3,3 (Relevance
8238680b-c956-44c1-afc0-28e406bdf067,askacademia_train,losing_improve_gemini,qwen,mistral,5,5
8238680b-c956-44c1-afc0-28e406bdf067,askacademia_train,losing_improve_gpt4omini,qwen,mistral,5,5
8238680b-c956-44c1-afc0-28e406bdf067,askacademia_train,losing_improve_gpt5nano,qwen,mistral,5,5
8238680b-c956-44c1-afc0-28e406bdf067,askacademia_train,losing_improve_llama,qwen,mistral,5,5 (The comment directly
8238680b-c956-44c1-afc0-28e406bdf067,askacademia_train,losing_improve_mistral,qwen,mistral,5,5 (The comment directly
8238680b-c956-44c1-afc0-28e406bdf067,askacademia_train,losing_improve_qwen,qwen,mistral,5,5 (The comment directly
8238680b-c956-44c1-afc0-28e406bdf067,askacademia_train,losing_paraphrase_claude,qwen,mistral,5,5
8238680b-c956-44c1-afc0-28e406bdf067,askacademia_train,losing_paraphrase_gemini,qwen,mistral,2,"2

(The"
8238680b-c956-44c1-afc0-28e406bdf067,askacademia_train,losing_paraphrase_gpt4omini,qwen,mistral,5,5
8238680b-c956-44c1-afc0-28e406bdf067,askacademia_train,losing_paraphrase_gpt5nano,qwen,mistral,5,5 (The comment directly
8238680b-c956-44c1-afc0-28e406bdf067,askacademia_train,losing_paraphrase_llama,qwen,mistral,4,"4

The comment"
8238680b-c956-44c1-afc0-28e406bdf067,askacademia_train,losing_paraphrase_mistral,qwen,mistral,5,5 (The comment directly
8238680b-c956-44c1-afc0-28e406bdf067,askacademia_train,losing_paraphrase_qwen,qwen,mistral,5,5 (The comment directly
f728b435-8868-488c-8929-eec0de38aaf8,askacademia_train,winning_text,qwen,mistral,5,5
f728b435-8868-488c-8929-eec0de38aaf8,askacademia_train,losing_text,qwen,mistral,5,5
f728b435-8868-488c-8929-eec0de38aaf8,askacademia_train,losing_generate_claude,qwen,mistral,5,5
f728b435-8868-488c-8929-eec0de38aaf8,askacademia_train,losing_generate_gemini,qwen,mistral,5,5
f728b435-8868-488c-8929-eec0de38aaf8,askacademia_train,losing_generate_gpt4omini,qwen,mistral,5,5
f728b435-8868-488c-8929-eec0de38aaf8,askacademia_train,losing_generate_gpt5nano,qwen,mistral,5,5
f728b435-8868-488c-8929-eec0de38aaf8,askacademia_train,losing_generate_llama,qwen,mistral,5,5 (The comment directly
f728b435-8868-488c-8929-eec0de38aaf8,askacademia_train,losing_generate_mistral,qwen,mistral,5,5
f728b435-8868-488c-8929-eec0de38aaf8,askacademia_train,losing_generate_qwen,qwen,mistral,5,5 (The comment directly
f728b435-8868-488c-8929-eec0de38aaf8,askacademia_train,losing_improve_claude,qwen,mistral,5,5 (The comment directly
f728b435-8868-488c-8929-eec0de38aaf8,askacademia_train,losing_improve_gemini,qwen,mistral,5,5
f728b435-8868-488c-8929-eec0de38aaf8,askacademia_train,losing_improve_gpt4omini,qwen,mistral,5,5
f728b435-8868-488c-8929-eec0de38aaf8,askacademia_train,losing_improve_gpt5nano,qwen,mistral,5,5 (The comment directly
f728b435-8868-488c-8929-eec0de38aaf8,askacademia_train,losing_improve_llama,qwen,mistral,5,5 (The comment directly
f728b435-8868-488c-8929-eec0de38aaf8,askacademia_train,losing_improve_mistral,qwen,mistral,5,5
f728b435-8868-488c-8929-eec0de38aaf8,askacademia_train,losing_improve_qwen,qwen,mistral,5,5 (The comment directly
f728b435-8868-488c-8929-eec0de38aaf8,askacademia_train,losing_paraphrase_claude,qwen,mistral,5,5 (The comment directly
f728b435-8868-488c-8929-eec0de38aaf8,askacademia_train,losing_paraphrase_gemini,qwen,mistral,2,"2

(The"
f728b435-8868-488c-8929-eec0de38aaf8,askacademia_train,losing_paraphrase_gpt4omini,qwen,mistral,5,5
f728b435-8868-488c-8929-eec0de38aaf8,askacademia_train,losing_paraphrase_gpt5nano,qwen,mistral,5,5 (The comment directly
f728b435-8868-488c-8929-eec0de38aaf8,askacademia_train,losing_paraphrase_llama,qwen,mistral,4,"4

The comment"
f728b435-8868-488c-8929-eec0de38aaf8,askacademia_train,losing_paraphrase_mistral,qwen,mistral,5,5 (The comment directly
f728b435-8868-488c-8929-eec0de38aaf8,askacademia_train,losing_paraphrase_qwen,qwen,mistral,5,5
43dba9c4-5d97-4f57-a5f6-012a2f0ac91a,askacademia_train,winning_text,qwen,mistral,5,"5

The comment"
43dba9c4-5d97-4f57-a5f6-012a2f0ac91a,askacademia_train,losing_text,qwen,mistral,2,"2

Explan"
43dba9c4-5d97-4f57-a5f6-012a2f0ac91a,askacademia_train,losing_generate_claude,qwen,mistral,5,5
43dba9c4-5d97-4f57-a5f6-012a2f0ac91a,askacademia_train,losing_generate_gemini,qwen,mistral,5,5 (The comment directly
43dba9c4-5d97-4f57-a5f6-012a2f0ac91a,askacademia_train,losing_generate_gpt4omini,qwen,mistral,5,5
43dba9c4-5d97-4f57-a5f6-012a2f0ac91a,askacademia_train,losing_generate_gpt5nano,qwen,mistral,5,5
43dba9c4-5d97-4f57-a5f6-012a2f0ac91a,askacademia_train,losing_generate_llama,qwen,mistral,5,5 (The comment directly
43dba9c4-5d97-4f57-a5f6-012a2f0ac91a,askacademia_train,losing_generate_mistral,qwen,mistral,5,5
43dba9c4-5d97-4f57-a5f6-012a2f0ac91a,askacademia_train,losing_generate_qwen,qwen,mistral,5,5
43dba9c4-5d97-4f57-a5f6-012a2f0ac91a,askacademia_train,losing_improve_claude,qwen,mistral,5,5
43dba9c4-5d97-4f57-a5f6-012a2f0ac91a,askacademia_train,losing_improve_gemini,qwen,mistral,5,5 (The comment directly
43dba9c4-5d97-4f57-a5f6-012a2f0ac91a,askacademia_train,losing_improve_gpt4omini,qwen,mistral,5,5
43dba9c4-5d97-4f57-a5f6-012a2f0ac91a,askacademia_train,losing_improve_gpt5nano,qwen,mistral,5,5 (The comment directly
43dba9c4-5d97-4f57-a5f6-012a2f0ac91a,askacademia_train,losing_improve_llama,qwen,mistral,5,5 (The comment directly
43dba9c4-5d97-4f57-a5f6-012a2f0ac91a,askacademia_train,losing_improve_mistral,qwen,mistral,5,5 (The comment directly
43dba9c4-5d97-4f57-a5f6-012a2f0ac91a,askacademia_train,losing_improve_qwen,qwen,mistral,5,5
43dba9c4-5d97-4f57-a5f6-012a2f0ac91a,askacademia_train,losing_paraphrase_claude,qwen,mistral,3,"3

Explan"
43dba9c4-5d97-4f57-a5f6-012a2f0ac91a,askacademia_train,losing_paraphrase_gemini,qwen,mistral,2,"2

The comment"
43dba9c4-5d97-4f57-a5f6-012a2f0ac91a,askacademia_train,losing_paraphrase_gpt4omini,qwen,mistral,2,"2

The comment"
43dba9c4-5d97-4f57-a5f6-012a2f0ac91a,askacademia_train,losing_paraphrase_gpt5nano,qwen,mistral,2,"2

The comment"
43dba9c4-5d97-4f57-a5f6-012a2f0ac91a,askacademia_train,losing_paraphrase_llama,qwen,mistral,3,"3

Explan"
43dba9c4-5d97-4f57-a5f6-012a2f0ac91a,askacademia_train,losing_paraphrase_mistral,qwen,mistral,2,"2

The comment"
43dba9c4-5d97-4f57-a5f6-012a2f0ac91a,askacademia_train,losing_paraphrase_qwen,qwen,mistral,3,"3

Explan"
b2f6dc5b-8064-4f89-881e-dc49a70488ab,askacademia_train,winning_text,qwen,mistral,2,"2

The comment"
b2f6dc5b-8064-4f89-881e-dc49a70488ab,askacademia_train,losing_text,qwen,mistral,5,"5

The comment"
b2f6dc5b-8064-4f89-881e-dc49a70488ab,askacademia_train,losing_generate_claude,qwen,mistral,5,5
b2f6dc5b-8064-4f89-881e-dc49a70488ab,askacademia_train,losing_generate_gemini,qwen,mistral,5,5 (The comment directly
b2f6dc5b-8064-4f89-881e-dc49a70488ab,askacademia_train,losing_generate_gpt4omini,qwen,mistral,5,5
b2f6dc5b-8064-4f89-881e-dc49a70488ab,askacademia_train,losing_generate_gpt5nano,qwen,mistral,5,5
b2f6dc5b-8064-4f89-881e-dc49a70488ab,askacademia_train,losing_generate_llama,qwen,mistral,5,5 (The comment directly
b2f6dc5b-8064-4f89-881e-dc49a70488ab,askacademia_train,losing_generate_mistral,qwen,mistral,5,5
b2f6dc5b-8064-4f89-881e-dc49a70488ab,askacademia_train,losing_generate_qwen,qwen,mistral,5,5
b2f6dc5b-8064-4f89-881e-dc49a70488ab,askacademia_train,losing_improve_claude,qwen,mistral,5,5
b2f6dc5b-8064-4f89-881e-dc49a70488ab,askacademia_train,losing_improve_gemini,qwen,mistral,5,5
b2f6dc5b-8064-4f89-881e-dc49a70488ab,askacademia_train,losing_improve_gpt4omini,qwen,mistral,5,5 (The comment directly
b2f6dc5b-8064-4f89-881e-dc49a70488ab,askacademia_train,losing_improve_gpt5nano,qwen,mistral,5,5
b2f6dc5b-8064-4f89-881e-dc49a70488ab,askacademia_train,losing_improve_llama,qwen,mistral,5,"5

The comment"
b2f6dc5b-8064-4f89-881e-dc49a70488ab,askacademia_train,losing_improve_mistral,qwen,mistral,5,"5

The comment"
b2f6dc5b-8064-4f89-881e-dc49a70488ab,askacademia_train,losing_improve_qwen,qwen,mistral,5,"5

The comment"
b2f6dc5b-8064-4f89-881e-dc49a70488ab,askacademia_train,losing_paraphrase_claude,qwen,mistral,5,"5

The comment"
b2f6dc5b-8064-4f89-881e-dc49a70488ab,askacademia_train,losing_paraphrase_gemini,qwen,mistral,2,"2

The comment"
b2f6dc5b-8064-4f89-881e-dc49a70488ab,askacademia_train,losing_paraphrase_gpt4omini,qwen,mistral,5,5 (The comment directly
b2f6dc5b-8064-4f89-881e-dc49a70488ab,askacademia_train,losing_paraphrase_gpt5nano,qwen,mistral,5,"5

The comment"
b2f6dc5b-8064-4f89-881e-dc49a70488ab,askacademia_train,losing_paraphrase_llama,qwen,mistral,5,5
b2f6dc5b-8064-4f89-881e-dc49a70488ab,askacademia_train,losing_paraphrase_mistral,qwen,mistral,5,"5

The comment"
b2f6dc5b-8064-4f89-881e-dc49a70488ab,askacademia_train,losing_paraphrase_qwen,qwen,mistral,5,"5

The comment"
a94d0010-1f2b-4ec6-abf2-848480028d0f,askacademia_train,winning_text,qwen,mistral,4,"4

The comment"
a94d0010-1f2b-4ec6-abf2-848480028d0f,askacademia_train,losing_text,qwen,mistral,5,"5

The comment"
a94d0010-1f2b-4ec6-abf2-848480028d0f,askacademia_train,losing_generate_claude,qwen,mistral,5,5
a94d0010-1f2b-4ec6-abf2-848480028d0f,askacademia_train,losing_generate_gemini,qwen,mistral,5,5 (The comment directly
a94d0010-1f2b-4ec6-abf2-848480028d0f,askacademia_train,losing_generate_gpt4omini,qwen,mistral,5,5
a94d0010-1f2b-4ec6-abf2-848480028d0f,askacademia_train,losing_generate_gpt5nano,qwen,mistral,5,5
a94d0010-1f2b-4ec6-abf2-848480028d0f,askacademia_train,losing_generate_llama,qwen,mistral,5,5 (The comment directly
a94d0010-1f2b-4ec6-abf2-848480028d0f,askacademia_train,losing_generate_mistral,qwen,mistral,5,5
a94d0010-1f2b-4ec6-abf2-848480028d0f,askacademia_train,losing_generate_qwen,qwen,mistral,5,5 (The comment directly
a94d0010-1f2b-4ec6-abf2-848480028d0f,askacademia_train,losing_improve_claude,qwen,mistral,5,5
a94d0010-1f2b-4ec6-abf2-848480028d0f,askacademia_train,losing_improve_gemini,qwen,mistral,5,5
a94d0010-1f2b-4ec6-abf2-848480028d0f,askacademia_train,losing_improve_gpt4omini,qwen,mistral,5,5 (The comment directly
a94d0010-1f2b-4ec6-abf2-848480028d0f,askacademia_train,losing_improve_gpt5nano,qwen,mistral,5,5
a94d0010-1f2b-4ec6-abf2-848480028d0f,askacademia_train,losing_improve_llama,qwen,mistral,5,"5

The comment"
a94d0010-1f2b-4ec6-abf2-848480028d0f,askacademia_train,losing_improve_mistral,qwen,mistral,5,"5

The comment"
a94d0010-1f2b-4ec6-abf2-848480028d0f,askacademia_train,losing_improve_qwen,qwen,mistral,5,"5

The comment"
a94d0010-1f2b-4ec6-abf2-848480028d0f,askacademia_train,losing_paraphrase_claude,qwen,mistral,5,"5

The comment"
a94d0010-1f2b-4ec6-abf2-848480028d0f,askacademia_train,losing_paraphrase_gemini,qwen,mistral,2,"2

(The"
a94d0010-1f2b-4ec6-abf2-848480028d0f,askacademia_train,losing_paraphrase_gpt4omini,qwen,mistral,5,5
a94d0010-1f2b-4ec6-abf2-848480028d0f,askacademia_train,losing_paraphrase_gpt5nano,qwen,mistral,5,5
a94d0010-1f2b-4ec6-abf2-848480028d0f,askacademia_train,losing_paraphrase_llama,qwen,mistral,5,5
a94d0010-1f2b-4ec6-abf2-848480028d0f,askacademia_train,losing_paraphrase_mistral,qwen,mistral,5,5
a94d0010-1f2b-4ec6-abf2-848480028d0f,askacademia_train,losing_paraphrase_qwen,qwen,mistral,5,"5

The comment"
125f5814-a3da-42cf-a416-cfbeab02d3e3,askacademia_train,winning_text,qwen,mistral,3,"The score is 3,"
125f5814-a3da-42cf-a416-cfbeab02d3e3,askacademia_train,losing_text,qwen,mistral,2,"2

Explan"
125f5814-a3da-42cf-a416-cfbeab02d3e3,askacademia_train,losing_generate_claude,qwen,mistral,5,5
125f5814-a3da-42cf-a416-cfbeab02d3e3,askacademia_train,losing_generate_gemini,qwen,mistral,5,5 (The comment directly
125f5814-a3da-42cf-a416-cfbeab02d3e3,askacademia_train,losing_generate_gpt4omini,qwen,mistral,5,5
125f5814-a3da-42cf-a416-cfbeab02d3e3,askacademia_train,losing_generate_gpt5nano,qwen,mistral,5,5
125f5814-a3da-42cf-a416-cfbeab02d3e3,askacademia_train,losing_generate_llama,qwen,mistral,5,5 (The comment directly
125f5814-a3da-42cf-a416-cfbeab02d3e3,askacademia_train,losing_generate_mistral,qwen,mistral,5,5 (The comment directly
125f5814-a3da-42cf-a416-cfbeab02d3e3,askacademia_train,losing_generate_qwen,qwen,mistral,5,5 (The comment directly
125f5814-a3da-42cf-a416-cfbeab02d3e3,askacademia_train,losing_improve_claude,qwen,mistral,5,5
125f5814-a3da-42cf-a416-cfbeab02d3e3,askacademia_train,losing_improve_gemini,qwen,mistral,5,5 (The comment directly
125f5814-a3da-42cf-a416-cfbeab02d3e3,askacademia_train,losing_improve_gpt4omini,qwen,mistral,5,5
125f5814-a3da-42cf-a416-cfbeab02d3e3,askacademia_train,losing_improve_gpt5nano,qwen,mistral,5,5
125f5814-a3da-42cf-a416-cfbeab02d3e3,askacademia_train,losing_improve_llama,qwen,mistral,5,5 (The comment directly
125f5814-a3da-42cf-a416-cfbeab02d3e3,askacademia_train,losing_improve_mistral,qwen,mistral,5,5 (The comment directly
125f5814-a3da-42cf-a416-cfbeab02d3e3,askacademia_train,losing_improve_qwen,qwen,mistral,5,5
125f5814-a3da-42cf-a416-cfbeab02d3e3,askacademia_train,losing_paraphrase_claude,qwen,mistral,3,"3

Explan"
125f5814-a3da-42cf-a416-cfbeab02d3e3,askacademia_train,losing_paraphrase_gemini,qwen,mistral,2,"2

The comment"
125f5814-a3da-42cf-a416-cfbeab02d3e3,askacademia_train,losing_paraphrase_gpt4omini,qwen,mistral,2,"2

The comment"
125f5814-a3da-42cf-a416-cfbeab02d3e3,askacademia_train,losing_paraphrase_gpt5nano,qwen,mistral,2,"2

The comment"
125f5814-a3da-42cf-a416-cfbeab02d3e3,askacademia_train,losing_paraphrase_llama,qwen,mistral,3,3 (Relevance
125f5814-a3da-42cf-a416-cfbeab02d3e3,askacademia_train,losing_paraphrase_mistral,qwen,mistral,3,"3

Explan"
125f5814-a3da-42cf-a416-cfbeab02d3e3,askacademia_train,losing_paraphrase_qwen,qwen,mistral,3,"3

Explan"
adf8b4af-b128-4f39-800b-f0dacd8befb1,askacademia_train,winning_text,qwen,mistral,2,"2

The comment"
adf8b4af-b128-4f39-800b-f0dacd8befb1,askacademia_train,losing_text,qwen,mistral,2,"2

Explan"
adf8b4af-b128-4f39-800b-f0dacd8befb1,askacademia_train,losing_generate_claude,qwen,mistral,5,5
adf8b4af-b128-4f39-800b-f0dacd8befb1,askacademia_train,losing_generate_gemini,qwen,mistral,5,5 (The comment directly
adf8b4af-b128-4f39-800b-f0dacd8befb1,askacademia_train,losing_generate_gpt4omini,qwen,mistral,5,5
adf8b4af-b128-4f39-800b-f0dacd8befb1,askacademia_train,losing_generate_gpt5nano,qwen,mistral,5,5
adf8b4af-b128-4f39-800b-f0dacd8befb1,askacademia_train,losing_generate_llama,qwen,mistral,5,5 (The comment directly
adf8b4af-b128-4f39-800b-f0dacd8befb1,askacademia_train,losing_generate_mistral,qwen,mistral,5,5 (The comment directly
adf8b4af-b128-4f39-800b-f0dacd8befb1,askacademia_train,losing_generate_qwen,qwen,mistral,5,5
adf8b4af-b128-4f39-800b-f0dacd8befb1,askacademia_train,losing_improve_claude,qwen,mistral,5,5
adf8b4af-b128-4f39-800b-f0dacd8befb1,askacademia_train,losing_improve_gemini,qwen,mistral,5,5 (The comment directly
adf8b4af-b128-4f39-800b-f0dacd8befb1,askacademia_train,losing_improve_gpt4omini,qwen,mistral,5,5 (The comment directly
adf8b4af-b128-4f39-800b-f0dacd8befb1,askacademia_train,losing_improve_gpt5nano,qwen,mistral,5,5 (The comment directly
adf8b4af-b128-4f39-800b-f0dacd8befb1,askacademia_train,losing_improve_llama,qwen,mistral,5,5 (The comment directly
adf8b4af-b128-4f39-800b-f0dacd8befb1,askacademia_train,losing_improve_mistral,qwen,mistral,4,4 (The comment has
adf8b4af-b128-4f39-800b-f0dacd8befb1,askacademia_train,losing_improve_qwen,qwen,mistral,5,5
adf8b4af-b128-4f39-800b-f0dacd8befb1,askacademia_train,losing_paraphrase_claude,qwen,mistral,3,"3

Explan"
adf8b4af-b128-4f39-800b-f0dacd8befb1,askacademia_train,losing_paraphrase_gemini,qwen,mistral,2,"2

Explan"
adf8b4af-b128-4f39-800b-f0dacd8befb1,askacademia_train,losing_paraphrase_gpt4omini,qwen,mistral,2,"2

The comment"
adf8b4af-b128-4f39-800b-f0dacd8befb1,askacademia_train,losing_paraphrase_gpt5nano,qwen,mistral,2,2
adf8b4af-b128-4f39-800b-f0dacd8befb1,askacademia_train,losing_paraphrase_llama,qwen,mistral,3,"3

Explan"
adf8b4af-b128-4f39-800b-f0dacd8befb1,askacademia_train,losing_paraphrase_mistral,qwen,mistral,3,"3

Explan"
adf8b4af-b128-4f39-800b-f0dacd8befb1,askacademia_train,losing_paraphrase_qwen,qwen,mistral,3,"3

Explan"
0a899356-df5d-4685-b9ec-436df6e82b95,askacademia_train,winning_text,qwen,mistral,4,"4

The comment"
0a899356-df5d-4685-b9ec-436df6e82b95,askacademia_train,losing_text,qwen,mistral,2,"2

Explan"
0a899356-df5d-4685-b9ec-436df6e82b95,askacademia_train,losing_generate_claude,qwen,mistral,5,5
0a899356-df5d-4685-b9ec-436df6e82b95,askacademia_train,losing_generate_gemini,qwen,mistral,5,5 (The comment directly
0a899356-df5d-4685-b9ec-436df6e82b95,askacademia_train,losing_generate_gpt4omini,qwen,mistral,5,5
0a899356-df5d-4685-b9ec-436df6e82b95,askacademia_train,losing_generate_gpt5nano,qwen,mistral,5,5
0a899356-df5d-4685-b9ec-436df6e82b95,askacademia_train,losing_generate_llama,qwen,mistral,5,5 (The comment directly
0a899356-df5d-4685-b9ec-436df6e82b95,askacademia_train,losing_generate_mistral,qwen,mistral,5,5
0a899356-df5d-4685-b9ec-436df6e82b95,askacademia_train,losing_generate_qwen,qwen,mistral,5,5
0a899356-df5d-4685-b9ec-436df6e82b95,askacademia_train,losing_improve_claude,qwen,mistral,5,5
0a899356-df5d-4685-b9ec-436df6e82b95,askacademia_train,losing_improve_gemini,qwen,mistral,5,5 (The comment directly
0a899356-df5d-4685-b9ec-436df6e82b95,askacademia_train,losing_improve_gpt4omini,qwen,mistral,5,5 (The comment directly
0a899356-df5d-4685-b9ec-436df6e82b95,askacademia_train,losing_improve_gpt5nano,qwen,mistral,5,5
0a899356-df5d-4685-b9ec-436df6e82b95,askacademia_train,losing_improve_llama,qwen,mistral,5,5 (The comment directly
0a899356-df5d-4685-b9ec-436df6e82b95,askacademia_train,losing_improve_mistral,qwen,mistral,4,4 (The comment is
0a899356-df5d-4685-b9ec-436df6e82b95,askacademia_train,losing_improve_qwen,qwen,mistral,5,5
0a899356-df5d-4685-b9ec-436df6e82b95,askacademia_train,losing_paraphrase_claude,qwen,mistral,3,"3

Explan"
0a899356-df5d-4685-b9ec-436df6e82b95,askacademia_train,losing_paraphrase_gemini,qwen,mistral,2,"2

(The"
0a899356-df5d-4685-b9ec-436df6e82b95,askacademia_train,losing_paraphrase_gpt4omini,qwen,mistral,2,"2

The comment"
0a899356-df5d-4685-b9ec-436df6e82b95,askacademia_train,losing_paraphrase_gpt5nano,qwen,mistral,2,"2

The comment"
0a899356-df5d-4685-b9ec-436df6e82b95,askacademia_train,losing_paraphrase_llama,qwen,mistral,3,"3

Explan"
0a899356-df5d-4685-b9ec-436df6e82b95,askacademia_train,losing_paraphrase_mistral,qwen,mistral,3,"3

Explan"
0a899356-df5d-4685-b9ec-436df6e82b95,askacademia_train,losing_paraphrase_qwen,qwen,mistral,3,"3

Explan"
e71c795b-f36d-4de7-a7ca-c03e8b78d594,askacademia_train,winning_text,qwen,mistral,5,5
e71c795b-f36d-4de7-a7ca-c03e8b78d594,askacademia_train,losing_text,qwen,mistral,2,"2

Explan"
e71c795b-f36d-4de7-a7ca-c03e8b78d594,askacademia_train,losing_generate_claude,qwen,mistral,5,5
e71c795b-f36d-4de7-a7ca-c03e8b78d594,askacademia_train,losing_generate_gemini,qwen,mistral,5,5 (The comment directly
e71c795b-f36d-4de7-a7ca-c03e8b78d594,askacademia_train,losing_generate_gpt4omini,qwen,mistral,5,5
e71c795b-f36d-4de7-a7ca-c03e8b78d594,askacademia_train,losing_generate_gpt5nano,qwen,mistral,5,5 (The comment directly
e71c795b-f36d-4de7-a7ca-c03e8b78d594,askacademia_train,losing_generate_llama,qwen,mistral,5,5 (The comment directly
e71c795b-f36d-4de7-a7ca-c03e8b78d594,askacademia_train,losing_generate_mistral,qwen,mistral,5,5
e71c795b-f36d-4de7-a7ca-c03e8b78d594,askacademia_train,losing_generate_qwen,qwen,mistral,5,5 (The comment directly
e71c795b-f36d-4de7-a7ca-c03e8b78d594,askacademia_train,losing_improve_claude,qwen,mistral,5,5
e71c795b-f36d-4de7-a7ca-c03e8b78d594,askacademia_train,losing_improve_gemini,qwen,mistral,5,5 (The comment directly
e71c795b-f36d-4de7-a7ca-c03e8b78d594,askacademia_train,losing_improve_gpt4omini,qwen,mistral,5,5
e71c795b-f36d-4de7-a7ca-c03e8b78d594,askacademia_train,losing_improve_gpt5nano,qwen,mistral,5,5
e71c795b-f36d-4de7-a7ca-c03e8b78d594,askacademia_train,losing_improve_llama,qwen,mistral,5,5 (The comment directly
e71c795b-f36d-4de7-a7ca-c03e8b78d594,askacademia_train,losing_improve_mistral,qwen,mistral,4,4 (The comment has
e71c795b-f36d-4de7-a7ca-c03e8b78d594,askacademia_train,losing_improve_qwen,qwen,mistral,5,5
e71c795b-f36d-4de7-a7ca-c03e8b78d594,askacademia_train,losing_paraphrase_claude,qwen,mistral,3,"3

Explan"
e71c795b-f36d-4de7-a7ca-c03e8b78d594,askacademia_train,losing_paraphrase_gemini,qwen,mistral,2,"2

(The"
e71c795b-f36d-4de7-a7ca-c03e8b78d594,askacademia_train,losing_paraphrase_gpt4omini,qwen,mistral,2,"2

The comment"
e71c795b-f36d-4de7-a7ca-c03e8b78d594,askacademia_train,losing_paraphrase_gpt5nano,qwen,mistral,2,"2

The comment"
e71c795b-f36d-4de7-a7ca-c03e8b78d594,askacademia_train,losing_paraphrase_llama,qwen,mistral,3,"3

Explan"
e71c795b-f36d-4de7-a7ca-c03e8b78d594,askacademia_train,losing_paraphrase_mistral,qwen,mistral,2,"2

The comment"
e71c795b-f36d-4de7-a7ca-c03e8b78d594,askacademia_train,losing_paraphrase_qwen,qwen,mistral,3,"3

Explan"
eb750120-bf5d-4b6d-90ad-7349feec9899,askacademia_train,winning_text,qwen,mistral,AMBIG,The score for this forum comment
eb750120-bf5d-4b6d-90ad-7349feec9899,askacademia_train,losing_text,qwen,mistral,5,5 (The comment directly
eb750120-bf5d-4b6d-90ad-7349feec9899,askacademia_train,losing_generate_claude,qwen,mistral,5,5
eb750120-bf5d-4b6d-90ad-7349feec9899,askacademia_train,losing_generate_gemini,qwen,mistral,5,5
eb750120-bf5d-4b6d-90ad-7349feec9899,askacademia_train,losing_generate_gpt4omini,qwen,mistral,5,5
eb750120-bf5d-4b6d-90ad-7349feec9899,askacademia_train,losing_generate_gpt5nano,qwen,mistral,5,5 (The comment directly
eb750120-bf5d-4b6d-90ad-7349feec9899,askacademia_train,losing_generate_llama,qwen,mistral,5,5 (The comment directly
eb750120-bf5d-4b6d-90ad-7349feec9899,askacademia_train,losing_generate_mistral,qwen,mistral,5,5 (The comment directly
eb750120-bf5d-4b6d-90ad-7349feec9899,askacademia_train,losing_generate_qwen,qwen,mistral,5,5
eb750120-bf5d-4b6d-90ad-7349feec9899,askacademia_train,losing_improve_claude,qwen,mistral,4,"4

The comment"
eb750120-bf5d-4b6d-90ad-7349feec9899,askacademia_train,losing_improve_gemini,qwen,mistral,5,5
eb750120-bf5d-4b6d-90ad-7349feec9899,askacademia_train,losing_improve_gpt4omini,qwen,mistral,5,5
eb750120-bf5d-4b6d-90ad-7349feec9899,askacademia_train,losing_improve_gpt5nano,qwen,mistral,5,5
eb750120-bf5d-4b6d-90ad-7349feec9899,askacademia_train,losing_improve_llama,qwen,mistral,5,5 (The comment directly
eb750120-bf5d-4b6d-90ad-7349feec9899,askacademia_train,losing_improve_mistral,qwen,mistral,5,5
eb750120-bf5d-4b6d-90ad-7349feec9899,askacademia_train,losing_improve_qwen,qwen,mistral,5,5
eb750120-bf5d-4b6d-90ad-7349feec9899,askacademia_train,losing_paraphrase_claude,qwen,mistral,5,5 (The comment directly
eb750120-bf5d-4b6d-90ad-7349feec9899,askacademia_train,losing_paraphrase_gemini,qwen,mistral,2,"2

(The"
eb750120-bf5d-4b6d-90ad-7349feec9899,askacademia_train,losing_paraphrase_gpt4omini,qwen,mistral,5,5
eb750120-bf5d-4b6d-90ad-7349feec9899,askacademia_train,losing_paraphrase_gpt5nano,qwen,mistral,5,5 (The comment directly
eb750120-bf5d-4b6d-90ad-7349feec9899,askacademia_train,losing_paraphrase_llama,qwen,mistral,4,4 (The comment has
eb750120-bf5d-4b6d-90ad-7349feec9899,askacademia_train,losing_paraphrase_mistral,qwen,mistral,5,5 (The comment directly
eb750120-bf5d-4b6d-90ad-7349feec9899,askacademia_train,losing_paraphrase_qwen,qwen,mistral,5,5 (The comment directly
53c53304-2d42-4722-816f-634cf9e2e1fa,askacademia_train,winning_text,qwen,mistral,2,"2

The comment"
53c53304-2d42-4722-816f-634cf9e2e1fa,askacademia_train,losing_text,qwen,mistral,5,5 (The comment directly
53c53304-2d42-4722-816f-634cf9e2e1fa,askacademia_train,losing_generate_claude,qwen,mistral,5,5
53c53304-2d42-4722-816f-634cf9e2e1fa,askacademia_train,losing_generate_gemini,qwen,mistral,5,5 (The comment directly
53c53304-2d42-4722-816f-634cf9e2e1fa,askacademia_train,losing_generate_gpt4omini,qwen,mistral,5,5
53c53304-2d42-4722-816f-634cf9e2e1fa,askacademia_train,losing_generate_gpt5nano,qwen,mistral,5,5
53c53304-2d42-4722-816f-634cf9e2e1fa,askacademia_train,losing_generate_llama,qwen,mistral,5,5 (The comment directly
53c53304-2d42-4722-816f-634cf9e2e1fa,askacademia_train,losing_generate_mistral,qwen,mistral,5,5 (The comment directly
53c53304-2d42-4722-816f-634cf9e2e1fa,askacademia_train,losing_generate_qwen,qwen,mistral,5,5
53c53304-2d42-4722-816f-634cf9e2e1fa,askacademia_train,losing_improve_claude,qwen,mistral,4,4 (The response is
53c53304-2d42-4722-816f-634cf9e2e1fa,askacademia_train,losing_improve_gemini,qwen,mistral,5,5
53c53304-2d42-4722-816f-634cf9e2e1fa,askacademia_train,losing_improve_gpt4omini,qwen,mistral,5,5 (The comment directly
53c53304-2d42-4722-816f-634cf9e2e1fa,askacademia_train,losing_improve_gpt5nano,qwen,mistral,5,5 (The comment directly
53c53304-2d42-4722-816f-634cf9e2e1fa,askacademia_train,losing_improve_llama,qwen,mistral,5,5 (The comment directly
53c53304-2d42-4722-816f-634cf9e2e1fa,askacademia_train,losing_improve_mistral,qwen,mistral,5,5
53c53304-2d42-4722-816f-634cf9e2e1fa,askacademia_train,losing_improve_qwen,qwen,mistral,5,5
53c53304-2d42-4722-816f-634cf9e2e1fa,askacademia_train,losing_paraphrase_claude,qwen,mistral,5,5 (The comment directly
53c53304-2d42-4722-816f-634cf9e2e1fa,askacademia_train,losing_paraphrase_gemini,qwen,mistral,3,"3

Explan"
53c53304-2d42-4722-816f-634cf9e2e1fa,askacademia_train,losing_paraphrase_gpt4omini,qwen,mistral,5,5
53c53304-2d42-4722-816f-634cf9e2e1fa,askacademia_train,losing_paraphrase_gpt5nano,qwen,mistral,5,5
53c53304-2d42-4722-816f-634cf9e2e1fa,askacademia_train,losing_paraphrase_llama,qwen,mistral,4,4 (The comment has
53c53304-2d42-4722-816f-634cf9e2e1fa,askacademia_train,losing_paraphrase_mistral,qwen,mistral,5,5
53c53304-2d42-4722-816f-634cf9e2e1fa,askacademia_train,losing_paraphrase_qwen,qwen,mistral,5,5 (The comment directly
8bac78b4-6aa9-4396-bc10-21820cb76765,askacademia_train,winning_text,qwen,mistral,4,"4

The comment"
8bac78b4-6aa9-4396-bc10-21820cb76765,askacademia_train,losing_text,qwen,mistral,5,5 (The comment directly
8bac78b4-6aa9-4396-bc10-21820cb76765,askacademia_train,losing_generate_claude,qwen,mistral,5,5
8bac78b4-6aa9-4396-bc10-21820cb76765,askacademia_train,losing_generate_gemini,qwen,mistral,5,5
8bac78b4-6aa9-4396-bc10-21820cb76765,askacademia_train,losing_generate_gpt4omini,qwen,mistral,5,5
8bac78b4-6aa9-4396-bc10-21820cb76765,askacademia_train,losing_generate_gpt5nano,qwen,mistral,5,5
8bac78b4-6aa9-4396-bc10-21820cb76765,askacademia_train,losing_generate_llama,qwen,mistral,5,5 (The comment directly
8bac78b4-6aa9-4396-bc10-21820cb76765,askacademia_train,losing_generate_mistral,qwen,mistral,5,5 (The comment directly
8bac78b4-6aa9-4396-bc10-21820cb76765,askacademia_train,losing_generate_qwen,qwen,mistral,5,5
8bac78b4-6aa9-4396-bc10-21820cb76765,askacademia_train,losing_improve_claude,qwen,mistral,4,"4, as the response"
8bac78b4-6aa9-4396-bc10-21820cb76765,askacademia_train,losing_improve_gemini,qwen,mistral,5,5
8bac78b4-6aa9-4396-bc10-21820cb76765,askacademia_train,losing_improve_gpt4omini,qwen,mistral,5,5 (The comment directly
8bac78b4-6aa9-4396-bc10-21820cb76765,askacademia_train,losing_improve_gpt5nano,qwen,mistral,5,5
8bac78b4-6aa9-4396-bc10-21820cb76765,askacademia_train,losing_improve_llama,qwen,mistral,5,5 (The comment directly
8bac78b4-6aa9-4396-bc10-21820cb76765,askacademia_train,losing_improve_mistral,qwen,mistral,5,5 (The comment directly
8bac78b4-6aa9-4396-bc10-21820cb76765,askacademia_train,losing_improve_qwen,qwen,mistral,5,5 (The comment directly
8bac78b4-6aa9-4396-bc10-21820cb76765,askacademia_train,losing_paraphrase_claude,qwen,mistral,5,5 (The comment directly
8bac78b4-6aa9-4396-bc10-21820cb76765,askacademia_train,losing_paraphrase_gemini,qwen,mistral,3,"3

Explan"
8bac78b4-6aa9-4396-bc10-21820cb76765,askacademia_train,losing_paraphrase_gpt4omini,qwen,mistral,5,5
8bac78b4-6aa9-4396-bc10-21820cb76765,askacademia_train,losing_paraphrase_gpt5nano,qwen,mistral,5,5 (The comment directly
8bac78b4-6aa9-4396-bc10-21820cb76765,askacademia_train,losing_paraphrase_llama,qwen,mistral,4,4 (The comment has
8bac78b4-6aa9-4396-bc10-21820cb76765,askacademia_train,losing_paraphrase_mistral,qwen,mistral,5,5 (The comment directly
8bac78b4-6aa9-4396-bc10-21820cb76765,askacademia_train,losing_paraphrase_qwen,qwen,mistral,5,5 (The comment directly
d355d0c0-315b-47dc-8710-6797dfa968c6,askacademia_train,winning_text,qwen,mistral,5,5
d355d0c0-315b-47dc-8710-6797dfa968c6,askacademia_train,losing_text,qwen,mistral,5,5 (The comment directly
d355d0c0-315b-47dc-8710-6797dfa968c6,askacademia_train,losing_generate_claude,qwen,mistral,5,5
d355d0c0-315b-47dc-8710-6797dfa968c6,askacademia_train,losing_generate_gemini,qwen,mistral,5,5
d355d0c0-315b-47dc-8710-6797dfa968c6,askacademia_train,losing_generate_gpt4omini,qwen,mistral,5,5
d355d0c0-315b-47dc-8710-6797dfa968c6,askacademia_train,losing_generate_gpt5nano,qwen,mistral,5,5
d355d0c0-315b-47dc-8710-6797dfa968c6,askacademia_train,losing_generate_llama,qwen,mistral,5,5 (The comment directly
d355d0c0-315b-47dc-8710-6797dfa968c6,askacademia_train,losing_generate_mistral,qwen,mistral,5,5
d355d0c0-315b-47dc-8710-6797dfa968c6,askacademia_train,losing_generate_qwen,qwen,mistral,5,5 (The comment directly
d355d0c0-315b-47dc-8710-6797dfa968c6,askacademia_train,losing_improve_claude,qwen,mistral,4,4 (The response is
d355d0c0-315b-47dc-8710-6797dfa968c6,askacademia_train,losing_improve_gemini,qwen,mistral,5,5
d355d0c0-315b-47dc-8710-6797dfa968c6,askacademia_train,losing_improve_gpt4omini,qwen,mistral,5,5
d355d0c0-315b-47dc-8710-6797dfa968c6,askacademia_train,losing_improve_gpt5nano,qwen,mistral,5,5
d355d0c0-315b-47dc-8710-6797dfa968c6,askacademia_train,losing_improve_llama,qwen,mistral,5,5 (The comment directly
d355d0c0-315b-47dc-8710-6797dfa968c6,askacademia_train,losing_improve_mistral,qwen,mistral,5,5 (The comment directly
d355d0c0-315b-47dc-8710-6797dfa968c6,askacademia_train,losing_improve_qwen,qwen,mistral,5,5 (The comment directly
d355d0c0-315b-47dc-8710-6797dfa968c6,askacademia_train,losing_paraphrase_claude,qwen,mistral,5,5 (The comment directly
d355d0c0-315b-47dc-8710-6797dfa968c6,askacademia_train,losing_paraphrase_gemini,qwen,mistral,2,"2

The comment"
d355d0c0-315b-47dc-8710-6797dfa968c6,askacademia_train,losing_paraphrase_gpt4omini,qwen,mistral,5,5
d355d0c0-315b-47dc-8710-6797dfa968c6,askacademia_train,losing_paraphrase_gpt5nano,qwen,mistral,5,5 (The comment directly
d355d0c0-315b-47dc-8710-6797dfa968c6,askacademia_train,losing_paraphrase_llama,qwen,mistral,4,4 (The comment has
d355d0c0-315b-47dc-8710-6797dfa968c6,askacademia_train,losing_paraphrase_mistral,qwen,mistral,5,5 (The comment directly
d355d0c0-315b-47dc-8710-6797dfa968c6,askacademia_train,losing_paraphrase_qwen,qwen,mistral,5,5 (The comment directly
8f5e20a5-b56e-4d75-a6f4-8230ff48d908,askacademia_train,winning_text,qwen,mistral,2,"2

The comment"
8f5e20a5-b56e-4d75-a6f4-8230ff48d908,askacademia_train,losing_text,qwen,mistral,3,"The score is 3,"
8f5e20a5-b56e-4d75-a6f4-8230ff48d908,askacademia_train,losing_generate_claude,qwen,mistral,5,5
8f5e20a5-b56e-4d75-a6f4-8230ff48d908,askacademia_train,losing_generate_gemini,qwen,mistral,5,5
8f5e20a5-b56e-4d75-a6f4-8230ff48d908,askacademia_train,losing_generate_gpt4omini,qwen,mistral,5,5
8f5e20a5-b56e-4d75-a6f4-8230ff48d908,askacademia_train,losing_generate_gpt5nano,qwen,mistral,5,5
8f5e20a5-b56e-4d75-a6f4-8230ff48d908,askacademia_train,losing_generate_llama,qwen,mistral,5,5 (The comment directly
8f5e20a5-b56e-4d75-a6f4-8230ff48d908,askacademia_train,losing_generate_mistral,qwen,mistral,5,5
8f5e20a5-b56e-4d75-a6f4-8230ff48d908,askacademia_train,losing_generate_qwen,qwen,mistral,5,5
8f5e20a5-b56e-4d75-a6f4-8230ff48d908,askacademia_train,losing_improve_claude,qwen,mistral,5,5 (The comment directly
8f5e20a5-b56e-4d75-a6f4-8230ff48d908,askacademia_train,losing_improve_gemini,qwen,mistral,5,5 (The comment directly
8f5e20a5-b56e-4d75-a6f4-8230ff48d908,askacademia_train,losing_improve_gpt4omini,qwen,mistral,5,5
8f5e20a5-b56e-4d75-a6f4-8230ff48d908,askacademia_train,losing_improve_gpt5nano,qwen,mistral,5,5 (The comment directly
8f5e20a5-b56e-4d75-a6f4-8230ff48d908,askacademia_train,losing_improve_llama,qwen,mistral,5,5 (The comment directly
8f5e20a5-b56e-4d75-a6f4-8230ff48d908,askacademia_train,losing_improve_mistral,qwen,mistral,5,5 (The comment directly
8f5e20a5-b56e-4d75-a6f4-8230ff48d908,askacademia_train,losing_improve_qwen,qwen,mistral,5,5 (The comment directly
8f5e20a5-b56e-4d75-a6f4-8230ff48d908,askacademia_train,losing_paraphrase_claude,qwen,mistral,5,5
8f5e20a5-b56e-4d75-a6f4-8230ff48d908,askacademia_train,losing_paraphrase_gemini,qwen,mistral,2,"2

The comment"
8f5e20a5-b56e-4d75-a6f4-8230ff48d908,askacademia_train,losing_paraphrase_gpt4omini,qwen,mistral,5,5 (The comment directly
8f5e20a5-b56e-4d75-a6f4-8230ff48d908,askacademia_train,losing_paraphrase_gpt5nano,qwen,mistral,5,5 (The comment directly
8f5e20a5-b56e-4d75-a6f4-8230ff48d908,askacademia_train,losing_paraphrase_llama,qwen,mistral,5,5 (The comment directly
8f5e20a5-b56e-4d75-a6f4-8230ff48d908,askacademia_train,losing_paraphrase_mistral,qwen,mistral,5,5 (The comment directly
8f5e20a5-b56e-4d75-a6f4-8230ff48d908,askacademia_train,losing_paraphrase_qwen,qwen,mistral,5,5 (The comment directly
45f0e9d0-08a6-4094-bc21-5f4201220253,askacademia_train,winning_text,qwen,mistral,4,"4

The comment"
45f0e9d0-08a6-4094-bc21-5f4201220253,askacademia_train,losing_text,qwen,mistral,3,"The score is 3,"
45f0e9d0-08a6-4094-bc21-5f4201220253,askacademia_train,losing_generate_claude,qwen,mistral,5,5
45f0e9d0-08a6-4094-bc21-5f4201220253,askacademia_train,losing_generate_gemini,qwen,mistral,5,5
45f0e9d0-08a6-4094-bc21-5f4201220253,askacademia_train,losing_generate_gpt4omini,qwen,mistral,5,5
45f0e9d0-08a6-4094-bc21-5f4201220253,askacademia_train,losing_generate_gpt5nano,qwen,mistral,5,5
45f0e9d0-08a6-4094-bc21-5f4201220253,askacademia_train,losing_generate_llama,qwen,mistral,5,5
45f0e9d0-08a6-4094-bc21-5f4201220253,askacademia_train,losing_generate_mistral,qwen,mistral,5,5
45f0e9d0-08a6-4094-bc21-5f4201220253,askacademia_train,losing_generate_qwen,qwen,mistral,5,5 (The comment directly
45f0e9d0-08a6-4094-bc21-5f4201220253,askacademia_train,losing_improve_claude,qwen,mistral,5,5 (The comment directly
45f0e9d0-08a6-4094-bc21-5f4201220253,askacademia_train,losing_improve_gemini,qwen,mistral,5,5 (The comment directly
45f0e9d0-08a6-4094-bc21-5f4201220253,askacademia_train,losing_improve_gpt4omini,qwen,mistral,5,5 (The comment directly
45f0e9d0-08a6-4094-bc21-5f4201220253,askacademia_train,losing_improve_gpt5nano,qwen,mistral,5,5 (The comment directly
45f0e9d0-08a6-4094-bc21-5f4201220253,askacademia_train,losing_improve_llama,qwen,mistral,5,5 (The comment directly
45f0e9d0-08a6-4094-bc21-5f4201220253,askacademia_train,losing_improve_mistral,qwen,mistral,5,5 (The comment directly
45f0e9d0-08a6-4094-bc21-5f4201220253,askacademia_train,losing_improve_qwen,qwen,mistral,5,5 (The comment directly
45f0e9d0-08a6-4094-bc21-5f4201220253,askacademia_train,losing_paraphrase_claude,qwen,mistral,5,5
45f0e9d0-08a6-4094-bc21-5f4201220253,askacademia_train,losing_paraphrase_gemini,qwen,mistral,3,"3

Although"
45f0e9d0-08a6-4094-bc21-5f4201220253,askacademia_train,losing_paraphrase_gpt4omini,qwen,mistral,5,5
45f0e9d0-08a6-4094-bc21-5f4201220253,askacademia_train,losing_paraphrase_gpt5nano,qwen,mistral,5,5 (The comment directly
45f0e9d0-08a6-4094-bc21-5f4201220253,askacademia_train,losing_paraphrase_llama,qwen,mistral,5,5 (The comment directly
45f0e9d0-08a6-4094-bc21-5f4201220253,askacademia_train,losing_paraphrase_mistral,qwen,mistral,5,5 (The comment directly
45f0e9d0-08a6-4094-bc21-5f4201220253,askacademia_train,losing_paraphrase_qwen,qwen,mistral,5,5 (The comment directly
e0b7c93a-6f26-4456-91cd-e1ce7d0e3d8d,askacademia_train,winning_text,qwen,mistral,5,5
e0b7c93a-6f26-4456-91cd-e1ce7d0e3d8d,askacademia_train,losing_text,qwen,mistral,3,"The score is 3,"
e0b7c93a-6f26-4456-91cd-e1ce7d0e3d8d,askacademia_train,losing_generate_claude,qwen,mistral,5,5
e0b7c93a-6f26-4456-91cd-e1ce7d0e3d8d,askacademia_train,losing_generate_gemini,qwen,mistral,5,5
e0b7c93a-6f26-4456-91cd-e1ce7d0e3d8d,askacademia_train,losing_generate_gpt4omini,qwen,mistral,5,5
e0b7c93a-6f26-4456-91cd-e1ce7d0e3d8d,askacademia_train,losing_generate_gpt5nano,qwen,mistral,5,5
e0b7c93a-6f26-4456-91cd-e1ce7d0e3d8d,askacademia_train,losing_generate_llama,qwen,mistral,5,5 (The comment directly
e0b7c93a-6f26-4456-91cd-e1ce7d0e3d8d,askacademia_train,losing_generate_mistral,qwen,mistral,5,5
e0b7c93a-6f26-4456-91cd-e1ce7d0e3d8d,askacademia_train,losing_generate_qwen,qwen,mistral,5,5 (The comment directly
e0b7c93a-6f26-4456-91cd-e1ce7d0e3d8d,askacademia_train,losing_improve_claude,qwen,mistral,5,5 (The comment directly
e0b7c93a-6f26-4456-91cd-e1ce7d0e3d8d,askacademia_train,losing_improve_gemini,qwen,mistral,5,5 (The comment directly
e0b7c93a-6f26-4456-91cd-e1ce7d0e3d8d,askacademia_train,losing_improve_gpt4omini,qwen,mistral,5,5
e0b7c93a-6f26-4456-91cd-e1ce7d0e3d8d,askacademia_train,losing_improve_gpt5nano,qwen,mistral,5,5
e0b7c93a-6f26-4456-91cd-e1ce7d0e3d8d,askacademia_train,losing_improve_llama,qwen,mistral,5,5 (The comment directly
e0b7c93a-6f26-4456-91cd-e1ce7d0e3d8d,askacademia_train,losing_improve_mistral,qwen,mistral,5,5 (The comment directly
e0b7c93a-6f26-4456-91cd-e1ce7d0e3d8d,askacademia_train,losing_improve_qwen,qwen,mistral,5,5 (The comment directly
e0b7c93a-6f26-4456-91cd-e1ce7d0e3d8d,askacademia_train,losing_paraphrase_claude,qwen,mistral,5,5
e0b7c93a-6f26-4456-91cd-e1ce7d0e3d8d,askacademia_train,losing_paraphrase_gemini,qwen,mistral,3,"3

Explan"
e0b7c93a-6f26-4456-91cd-e1ce7d0e3d8d,askacademia_train,losing_paraphrase_gpt4omini,qwen,mistral,5,5
e0b7c93a-6f26-4456-91cd-e1ce7d0e3d8d,askacademia_train,losing_paraphrase_gpt5nano,qwen,mistral,5,5 (The comment directly
e0b7c93a-6f26-4456-91cd-e1ce7d0e3d8d,askacademia_train,losing_paraphrase_llama,qwen,mistral,5,5 (The comment directly
e0b7c93a-6f26-4456-91cd-e1ce7d0e3d8d,askacademia_train,losing_paraphrase_mistral,qwen,mistral,5,5 (The comment directly
e0b7c93a-6f26-4456-91cd-e1ce7d0e3d8d,askacademia_train,losing_paraphrase_qwen,qwen,mistral,5,5 (The comment directly
387d70cf-d6df-4493-9dab-182e690ae7dd,askacademia_train,winning_text,qwen,mistral,3,"3

Explan"
387d70cf-d6df-4493-9dab-182e690ae7dd,askacademia_train,losing_text,qwen,mistral,3,"3

Explan"
387d70cf-d6df-4493-9dab-182e690ae7dd,askacademia_train,losing_generate_claude,qwen,mistral,5,5
387d70cf-d6df-4493-9dab-182e690ae7dd,askacademia_train,losing_generate_gemini,qwen,mistral,5,5
387d70cf-d6df-4493-9dab-182e690ae7dd,askacademia_train,losing_generate_gpt4omini,qwen,mistral,5,5
387d70cf-d6df-4493-9dab-182e690ae7dd,askacademia_train,losing_generate_gpt5nano,qwen,mistral,5,5
387d70cf-d6df-4493-9dab-182e690ae7dd,askacademia_train,losing_generate_llama,qwen,mistral,5,5 (The comment directly
387d70cf-d6df-4493-9dab-182e690ae7dd,askacademia_train,losing_generate_mistral,qwen,mistral,5,5
387d70cf-d6df-4493-9dab-182e690ae7dd,askacademia_train,losing_generate_qwen,qwen,mistral,5,5
387d70cf-d6df-4493-9dab-182e690ae7dd,askacademia_train,losing_improve_claude,qwen,mistral,5,5
387d70cf-d6df-4493-9dab-182e690ae7dd,askacademia_train,losing_improve_gemini,qwen,mistral,5,5 (The comment directly
387d70cf-d6df-4493-9dab-182e690ae7dd,askacademia_train,losing_improve_gpt4omini,qwen,mistral,5,5
387d70cf-d6df-4493-9dab-182e690ae7dd,askacademia_train,losing_improve_gpt5nano,qwen,mistral,5,5
387d70cf-d6df-4493-9dab-182e690ae7dd,askacademia_train,losing_improve_llama,qwen,mistral,5,5
387d70cf-d6df-4493-9dab-182e690ae7dd,askacademia_train,losing_improve_mistral,qwen,mistral,5,5 (The comment directly
387d70cf-d6df-4493-9dab-182e690ae7dd,askacademia_train,losing_improve_qwen,qwen,mistral,5,5
387d70cf-d6df-4493-9dab-182e690ae7dd,askacademia_train,losing_paraphrase_claude,qwen,mistral,5,5 (The comment directly
387d70cf-d6df-4493-9dab-182e690ae7dd,askacademia_train,losing_paraphrase_gemini,qwen,mistral,2,"2

The comment"
387d70cf-d6df-4493-9dab-182e690ae7dd,askacademia_train,losing_paraphrase_gpt4omini,qwen,mistral,3,"3

Explan"
387d70cf-d6df-4493-9dab-182e690ae7dd,askacademia_train,losing_paraphrase_gpt5nano,qwen,mistral,3,"3

Explan"
387d70cf-d6df-4493-9dab-182e690ae7dd,askacademia_train,losing_paraphrase_llama,qwen,mistral,3,"3

The comment"
387d70cf-d6df-4493-9dab-182e690ae7dd,askacademia_train,losing_paraphrase_mistral,qwen,mistral,3,"3

Explan"
387d70cf-d6df-4493-9dab-182e690ae7dd,askacademia_train,losing_paraphrase_qwen,qwen,mistral,3,"3

Explan"
a7c3c193-bf3c-4856-bef8-fdb5b01e3e85,askacademia_train,winning_text,qwen,mistral,3,"3

Explan"
a7c3c193-bf3c-4856-bef8-fdb5b01e3e85,askacademia_train,losing_text,qwen,mistral,3,"3

Explan"
a7c3c193-bf3c-4856-bef8-fdb5b01e3e85,askacademia_train,losing_generate_claude,qwen,mistral,5,5
a7c3c193-bf3c-4856-bef8-fdb5b01e3e85,askacademia_train,losing_generate_gemini,qwen,mistral,5,5
a7c3c193-bf3c-4856-bef8-fdb5b01e3e85,askacademia_train,losing_generate_gpt4omini,qwen,mistral,5,5
a7c3c193-bf3c-4856-bef8-fdb5b01e3e85,askacademia_train,losing_generate_gpt5nano,qwen,mistral,5,5
a7c3c193-bf3c-4856-bef8-fdb5b01e3e85,askacademia_train,losing_generate_llama,qwen,mistral,5,5
a7c3c193-bf3c-4856-bef8-fdb5b01e3e85,askacademia_train,losing_generate_mistral,qwen,mistral,5,5 (The comment directly
a7c3c193-bf3c-4856-bef8-fdb5b01e3e85,askacademia_train,losing_generate_qwen,qwen,mistral,5,5 (The comment directly
a7c3c193-bf3c-4856-bef8-fdb5b01e3e85,askacademia_train,losing_improve_claude,qwen,mistral,5,"5  
(The"
a7c3c193-bf3c-4856-bef8-fdb5b01e3e85,askacademia_train,losing_improve_gemini,qwen,mistral,5,5 (The comment directly
a7c3c193-bf3c-4856-bef8-fdb5b01e3e85,askacademia_train,losing_improve_gpt4omini,qwen,mistral,5,5 (The comment directly
a7c3c193-bf3c-4856-bef8-fdb5b01e3e85,askacademia_train,losing_improve_gpt5nano,qwen,mistral,5,5 (The comment directly
a7c3c193-bf3c-4856-bef8-fdb5b01e3e85,askacademia_train,losing_improve_llama,qwen,mistral,5,5 (The comment directly
a7c3c193-bf3c-4856-bef8-fdb5b01e3e85,askacademia_train,losing_improve_mistral,qwen,mistral,5,"5

The comment"
a7c3c193-bf3c-4856-bef8-fdb5b01e3e85,askacademia_train,losing_improve_qwen,qwen,mistral,5,"5
Explanation"
a7c3c193-bf3c-4856-bef8-fdb5b01e3e85,askacademia_train,losing_paraphrase_claude,qwen,mistral,4,"4

Explan"
a7c3c193-bf3c-4856-bef8-fdb5b01e3e85,askacademia_train,losing_paraphrase_gemini,qwen,mistral,2,"2

The comment"
a7c3c193-bf3c-4856-bef8-fdb5b01e3e85,askacademia_train,losing_paraphrase_gpt4omini,qwen,mistral,4,"4

Explan"
a7c3c193-bf3c-4856-bef8-fdb5b01e3e85,askacademia_train,losing_paraphrase_gpt5nano,qwen,mistral,4,"4

The comment"
a7c3c193-bf3c-4856-bef8-fdb5b01e3e85,askacademia_train,losing_paraphrase_llama,qwen,mistral,3,"3

Explan"
a7c3c193-bf3c-4856-bef8-fdb5b01e3e85,askacademia_train,losing_paraphrase_mistral,qwen,mistral,3,"3

Explan"
a7c3c193-bf3c-4856-bef8-fdb5b01e3e85,askacademia_train,losing_paraphrase_qwen,qwen,mistral,4,"4

Explan"
08ac41ca-f430-44f8-bfda-0449527cdfc7,askacademia_train,winning_text,qwen,mistral,2,"2

The comment"
08ac41ca-f430-44f8-bfda-0449527cdfc7,askacademia_train,losing_text,qwen,mistral,3,"3

Explan"
08ac41ca-f430-44f8-bfda-0449527cdfc7,askacademia_train,losing_generate_claude,qwen,mistral,5,5
08ac41ca-f430-44f8-bfda-0449527cdfc7,askacademia_train,losing_generate_gemini,qwen,mistral,5,5 (The comment directly
08ac41ca-f430-44f8-bfda-0449527cdfc7,askacademia_train,losing_generate_gpt4omini,qwen,mistral,5,5
08ac41ca-f430-44f8-bfda-0449527cdfc7,askacademia_train,losing_generate_gpt5nano,qwen,mistral,5,5 (The comment directly
08ac41ca-f430-44f8-bfda-0449527cdfc7,askacademia_train,losing_generate_llama,qwen,mistral,5,5 (The comment directly
08ac41ca-f430-44f8-bfda-0449527cdfc7,askacademia_train,losing_generate_mistral,qwen,mistral,5,5
08ac41ca-f430-44f8-bfda-0449527cdfc7,askacademia_train,losing_generate_qwen,qwen,mistral,5,5 (The comment directly
08ac41ca-f430-44f8-bfda-0449527cdfc7,askacademia_train,losing_improve_claude,qwen,mistral,5,"5  
(The"
08ac41ca-f430-44f8-bfda-0449527cdfc7,askacademia_train,losing_improve_gemini,qwen,mistral,5,5 (The comment directly
08ac41ca-f430-44f8-bfda-0449527cdfc7,askacademia_train,losing_improve_gpt4omini,qwen,mistral,5,5 (The comment directly
08ac41ca-f430-44f8-bfda-0449527cdfc7,askacademia_train,losing_improve_gpt5nano,qwen,mistral,5,"5

The comment"
08ac41ca-f430-44f8-bfda-0449527cdfc7,askacademia_train,losing_improve_llama,qwen,mistral,5,5 (The comment directly
08ac41ca-f430-44f8-bfda-0449527cdfc7,askacademia_train,losing_improve_mistral,qwen,mistral,5,5
08ac41ca-f430-44f8-bfda-0449527cdfc7,askacademia_train,losing_improve_qwen,qwen,mistral,5,"5
Explanation"
08ac41ca-f430-44f8-bfda-0449527cdfc7,askacademia_train,losing_paraphrase_claude,qwen,mistral,4,"4

Explan"
08ac41ca-f430-44f8-bfda-0449527cdfc7,askacademia_train,losing_paraphrase_gemini,qwen,mistral,2,"2

The comment"
08ac41ca-f430-44f8-bfda-0449527cdfc7,askacademia_train,losing_paraphrase_gpt4omini,qwen,mistral,4,"4

Explan"
08ac41ca-f430-44f8-bfda-0449527cdfc7,askacademia_train,losing_paraphrase_gpt5nano,qwen,mistral,3,"3

Explan"
08ac41ca-f430-44f8-bfda-0449527cdfc7,askacademia_train,losing_paraphrase_llama,qwen,mistral,3,"3

Explan"
08ac41ca-f430-44f8-bfda-0449527cdfc7,askacademia_train,losing_paraphrase_mistral,qwen,mistral,3,"3

Explan"
08ac41ca-f430-44f8-bfda-0449527cdfc7,askacademia_train,losing_paraphrase_qwen,qwen,mistral,4,"4

Explan"
a57209f0-74e8-4328-a97f-70c3eea82bae,askacademia_train,winning_text,qwen,mistral,2,"2

The comment"
a57209f0-74e8-4328-a97f-70c3eea82bae,askacademia_train,losing_text,qwen,mistral,3,"3

Explan"
a57209f0-74e8-4328-a97f-70c3eea82bae,askacademia_train,losing_generate_claude,qwen,mistral,5,5
a57209f0-74e8-4328-a97f-70c3eea82bae,askacademia_train,losing_generate_gemini,qwen,mistral,5,5
a57209f0-74e8-4328-a97f-70c3eea82bae,askacademia_train,losing_generate_gpt4omini,qwen,mistral,5,5
a57209f0-74e8-4328-a97f-70c3eea82bae,askacademia_train,losing_generate_gpt5nano,qwen,mistral,5,5 (The comment directly
a57209f0-74e8-4328-a97f-70c3eea82bae,askacademia_train,losing_generate_llama,qwen,mistral,5,5 (The comment directly
a57209f0-74e8-4328-a97f-70c3eea82bae,askacademia_train,losing_generate_mistral,qwen,mistral,5,5 (The comment directly
a57209f0-74e8-4328-a97f-70c3eea82bae,askacademia_train,losing_generate_qwen,qwen,mistral,5,5
a57209f0-74e8-4328-a97f-70c3eea82bae,askacademia_train,losing_improve_claude,qwen,mistral,4,"4

The comment"
a57209f0-74e8-4328-a97f-70c3eea82bae,askacademia_train,losing_improve_gemini,qwen,mistral,5,5 (The comment directly
a57209f0-74e8-4328-a97f-70c3eea82bae,askacademia_train,losing_improve_gpt4omini,qwen,mistral,5,5 (The comment directly
a57209f0-74e8-4328-a97f-70c3eea82bae,askacademia_train,losing_improve_gpt5nano,qwen,mistral,5,5 (The comment directly
a57209f0-74e8-4328-a97f-70c3eea82bae,askacademia_train,losing_improve_llama,qwen,mistral,5,5 (The comment directly
a57209f0-74e8-4328-a97f-70c3eea82bae,askacademia_train,losing_improve_mistral,qwen,mistral,4,"4

Explan"
a57209f0-74e8-4328-a97f-70c3eea82bae,askacademia_train,losing_improve_qwen,qwen,mistral,5,"5
Explanation"
a57209f0-74e8-4328-a97f-70c3eea82bae,askacademia_train,losing_paraphrase_claude,qwen,mistral,4,"4

The comment"
a57209f0-74e8-4328-a97f-70c3eea82bae,askacademia_train,losing_paraphrase_gemini,qwen,mistral,3,3 (Relevance
a57209f0-74e8-4328-a97f-70c3eea82bae,askacademia_train,losing_paraphrase_gpt4omini,qwen,mistral,4,"4

Explan"
a57209f0-74e8-4328-a97f-70c3eea82bae,askacademia_train,losing_paraphrase_gpt5nano,qwen,mistral,4,"4

The comment"
a57209f0-74e8-4328-a97f-70c3eea82bae,askacademia_train,losing_paraphrase_llama,qwen,mistral,3,"3

Explan"
a57209f0-74e8-4328-a97f-70c3eea82bae,askacademia_train,losing_paraphrase_mistral,qwen,mistral,3,"3

Explan"
a57209f0-74e8-4328-a97f-70c3eea82bae,askacademia_train,losing_paraphrase_qwen,qwen,mistral,4,"4

Explan"
6382f323-278c-4cd3-bb69-5cbf15d0a7bd,askacademia_train,winning_text,qwen,mistral,2,"2

The comment"
6382f323-278c-4cd3-bb69-5cbf15d0a7bd,askacademia_train,losing_text,qwen,mistral,3,"3

Explan"
6382f323-278c-4cd3-bb69-5cbf15d0a7bd,askacademia_train,losing_generate_claude,qwen,mistral,5,5
6382f323-278c-4cd3-bb69-5cbf15d0a7bd,askacademia_train,losing_generate_gemini,qwen,mistral,5,5 (The comment directly
6382f323-278c-4cd3-bb69-5cbf15d0a7bd,askacademia_train,losing_generate_gpt4omini,qwen,mistral,5,5
6382f323-278c-4cd3-bb69-5cbf15d0a7bd,askacademia_train,losing_generate_gpt5nano,qwen,mistral,5,5
6382f323-278c-4cd3-bb69-5cbf15d0a7bd,askacademia_train,losing_generate_llama,qwen,mistral,5,5 (The comment directly
6382f323-278c-4cd3-bb69-5cbf15d0a7bd,askacademia_train,losing_generate_mistral,qwen,mistral,5,5 (The comment directly
6382f323-278c-4cd3-bb69-5cbf15d0a7bd,askacademia_train,losing_generate_qwen,qwen,mistral,5,5
6382f323-278c-4cd3-bb69-5cbf15d0a7bd,askacademia_train,losing_improve_claude,qwen,mistral,5,5 (The comment directly
6382f323-278c-4cd3-bb69-5cbf15d0a7bd,askacademia_train,losing_improve_gemini,qwen,mistral,5,5
6382f323-278c-4cd3-bb69-5cbf15d0a7bd,askacademia_train,losing_improve_gpt4omini,qwen,mistral,5,5 (The comment directly
6382f323-278c-4cd3-bb69-5cbf15d0a7bd,askacademia_train,losing_improve_gpt5nano,qwen,mistral,5,5
6382f323-278c-4cd3-bb69-5cbf15d0a7bd,askacademia_train,losing_improve_llama,qwen,mistral,5,5 (The comment directly
6382f323-278c-4cd3-bb69-5cbf15d0a7bd,askacademia_train,losing_improve_mistral,qwen,mistral,5,5
6382f323-278c-4cd3-bb69-5cbf15d0a7bd,askacademia_train,losing_improve_qwen,qwen,mistral,5,5 (The comment directly
6382f323-278c-4cd3-bb69-5cbf15d0a7bd,askacademia_train,losing_paraphrase_claude,qwen,mistral,5,5 (The comment directly
6382f323-278c-4cd3-bb69-5cbf15d0a7bd,askacademia_train,losing_paraphrase_gemini,qwen,mistral,2,"2

The comment"
6382f323-278c-4cd3-bb69-5cbf15d0a7bd,askacademia_train,losing_paraphrase_gpt4omini,qwen,mistral,3,"The score is 3,"
6382f323-278c-4cd3-bb69-5cbf15d0a7bd,askacademia_train,losing_paraphrase_gpt5nano,qwen,mistral,4,4 (The comment has
6382f323-278c-4cd3-bb69-5cbf15d0a7bd,askacademia_train,losing_paraphrase_llama,qwen,mistral,3,3 (Relevance
6382f323-278c-4cd3-bb69-5cbf15d0a7bd,askacademia_train,losing_paraphrase_mistral,qwen,mistral,3,3. The comment is
6382f323-278c-4cd3-bb69-5cbf15d0a7bd,askacademia_train,losing_paraphrase_qwen,qwen,mistral,5,5
fde36c0d-9027-4854-a21a-f3eefe6e5fb6,askacademia_train,winning_text,qwen,mistral,2,"2

The comment"
fde36c0d-9027-4854-a21a-f3eefe6e5fb6,askacademia_train,losing_text,qwen,mistral,3,"3

Explan"
fde36c0d-9027-4854-a21a-f3eefe6e5fb6,askacademia_train,losing_generate_claude,qwen,mistral,5,5
fde36c0d-9027-4854-a21a-f3eefe6e5fb6,askacademia_train,losing_generate_gemini,qwen,mistral,5,5
fde36c0d-9027-4854-a21a-f3eefe6e5fb6,askacademia_train,losing_generate_gpt4omini,qwen,mistral,5,5
fde36c0d-9027-4854-a21a-f3eefe6e5fb6,askacademia_train,losing_generate_gpt5nano,qwen,mistral,5,5
fde36c0d-9027-4854-a21a-f3eefe6e5fb6,askacademia_train,losing_generate_llama,qwen,mistral,5,5 (The comment directly
fde36c0d-9027-4854-a21a-f3eefe6e5fb6,askacademia_train,losing_generate_mistral,qwen,mistral,5,5
fde36c0d-9027-4854-a21a-f3eefe6e5fb6,askacademia_train,losing_generate_qwen,qwen,mistral,5,5 (The comment directly
fde36c0d-9027-4854-a21a-f3eefe6e5fb6,askacademia_train,losing_improve_claude,qwen,mistral,5,5
fde36c0d-9027-4854-a21a-f3eefe6e5fb6,askacademia_train,losing_improve_gemini,qwen,mistral,5,5
fde36c0d-9027-4854-a21a-f3eefe6e5fb6,askacademia_train,losing_improve_gpt4omini,qwen,mistral,5,5 (The comment directly
fde36c0d-9027-4854-a21a-f3eefe6e5fb6,askacademia_train,losing_improve_gpt5nano,qwen,mistral,5,5 (The comment directly
fde36c0d-9027-4854-a21a-f3eefe6e5fb6,askacademia_train,losing_improve_llama,qwen,mistral,5,5 (The comment directly
fde36c0d-9027-4854-a21a-f3eefe6e5fb6,askacademia_train,losing_improve_mistral,qwen,mistral,5,5 (The comment directly
fde36c0d-9027-4854-a21a-f3eefe6e5fb6,askacademia_train,losing_improve_qwen,qwen,mistral,5,5 (The comment directly
fde36c0d-9027-4854-a21a-f3eefe6e5fb6,askacademia_train,losing_paraphrase_claude,qwen,mistral,5,5 (The comment directly
fde36c0d-9027-4854-a21a-f3eefe6e5fb6,askacademia_train,losing_paraphrase_gemini,qwen,mistral,4,"4

The comment"
fde36c0d-9027-4854-a21a-f3eefe6e5fb6,askacademia_train,losing_paraphrase_gpt4omini,qwen,mistral,3,"The score is 3,"
fde36c0d-9027-4854-a21a-f3eefe6e5fb6,askacademia_train,losing_paraphrase_gpt5nano,qwen,mistral,3,3. The comment is
fde36c0d-9027-4854-a21a-f3eefe6e5fb6,askacademia_train,losing_paraphrase_llama,qwen,mistral,3,3 (Relevance
fde36c0d-9027-4854-a21a-f3eefe6e5fb6,askacademia_train,losing_paraphrase_mistral,qwen,mistral,3,"3

Explan"
fde36c0d-9027-4854-a21a-f3eefe6e5fb6,askacademia_train,losing_paraphrase_qwen,qwen,mistral,5,5
817adbf4-74e5-4124-be7d-fcca0806911d,askacademia_train,winning_text,qwen,mistral,2,"2

The comment"
817adbf4-74e5-4124-be7d-fcca0806911d,askacademia_train,losing_text,qwen,mistral,2,"2

(The"
817adbf4-74e5-4124-be7d-fcca0806911d,askacademia_train,losing_generate_claude,qwen,mistral,5,5
817adbf4-74e5-4124-be7d-fcca0806911d,askacademia_train,losing_generate_gemini,qwen,mistral,5,5 (The comment directly
817adbf4-74e5-4124-be7d-fcca0806911d,askacademia_train,losing_generate_gpt4omini,qwen,mistral,5,5
817adbf4-74e5-4124-be7d-fcca0806911d,askacademia_train,losing_generate_gpt5nano,qwen,mistral,5,5 (The comment directly
817adbf4-74e5-4124-be7d-fcca0806911d,askacademia_train,losing_generate_llama,qwen,mistral,5,5 (The comment directly
817adbf4-74e5-4124-be7d-fcca0806911d,askacademia_train,losing_generate_mistral,qwen,mistral,5,5
817adbf4-74e5-4124-be7d-fcca0806911d,askacademia_train,losing_generate_qwen,qwen,mistral,5,5
817adbf4-74e5-4124-be7d-fcca0806911d,askacademia_train,losing_improve_claude,qwen,mistral,5,5
817adbf4-74e5-4124-be7d-fcca0806911d,askacademia_train,losing_improve_gemini,qwen,mistral,5,5
817adbf4-74e5-4124-be7d-fcca0806911d,askacademia_train,losing_improve_gpt4omini,qwen,mistral,5,5
817adbf4-74e5-4124-be7d-fcca0806911d,askacademia_train,losing_improve_gpt5nano,qwen,mistral,5,5
817adbf4-74e5-4124-be7d-fcca0806911d,askacademia_train,losing_improve_llama,qwen,mistral,5,5 (The comment directly
817adbf4-74e5-4124-be7d-fcca0806911d,askacademia_train,losing_improve_mistral,qwen,mistral,5,5 (The comment directly
817adbf4-74e5-4124-be7d-fcca0806911d,askacademia_train,losing_improve_qwen,qwen,mistral,5,5
817adbf4-74e5-4124-be7d-fcca0806911d,askacademia_train,losing_paraphrase_claude,qwen,mistral,3,"3

Explan"
817adbf4-74e5-4124-be7d-fcca0806911d,askacademia_train,losing_paraphrase_gemini,qwen,mistral,4,"4

The comment"
817adbf4-74e5-4124-be7d-fcca0806911d,askacademia_train,losing_paraphrase_gpt4omini,qwen,mistral,2,"2

(The"
817adbf4-74e5-4124-be7d-fcca0806911d,askacademia_train,losing_paraphrase_gpt5nano,qwen,mistral,2,"2

(The"
817adbf4-74e5-4124-be7d-fcca0806911d,askacademia_train,losing_paraphrase_llama,qwen,mistral,AMBIG,The score for this forum comment
817adbf4-74e5-4124-be7d-fcca0806911d,askacademia_train,losing_paraphrase_mistral,qwen,mistral,3,"3

The comment"
817adbf4-74e5-4124-be7d-fcca0806911d,askacademia_train,losing_paraphrase_qwen,qwen,mistral,3,"3

Explan"
d1b083de-401f-4279-946f-67001ab8cb81,askacademia_train,winning_text,qwen,mistral,2,"2

The comment"
d1b083de-401f-4279-946f-67001ab8cb81,askacademia_train,losing_text,qwen,mistral,2,"2

(The"
d1b083de-401f-4279-946f-67001ab8cb81,askacademia_train,losing_generate_claude,qwen,mistral,5,5
d1b083de-401f-4279-946f-67001ab8cb81,askacademia_train,losing_generate_gemini,qwen,mistral,5,5
d1b083de-401f-4279-946f-67001ab8cb81,askacademia_train,losing_generate_gpt4omini,qwen,mistral,5,5
d1b083de-401f-4279-946f-67001ab8cb81,askacademia_train,losing_generate_gpt5nano,qwen,mistral,5,5
d1b083de-401f-4279-946f-67001ab8cb81,askacademia_train,losing_generate_llama,qwen,mistral,5,5 (The comment directly
d1b083de-401f-4279-946f-67001ab8cb81,askacademia_train,losing_generate_mistral,qwen,mistral,5,5
d1b083de-401f-4279-946f-67001ab8cb81,askacademia_train,losing_generate_qwen,qwen,mistral,5,5
d1b083de-401f-4279-946f-67001ab8cb81,askacademia_train,losing_improve_claude,qwen,mistral,5,5 (The improved response
d1b083de-401f-4279-946f-67001ab8cb81,askacademia_train,losing_improve_gemini,qwen,mistral,5,5 (The comment directly
d1b083de-401f-4279-946f-67001ab8cb81,askacademia_train,losing_improve_gpt4omini,qwen,mistral,5,5
d1b083de-401f-4279-946f-67001ab8cb81,askacademia_train,losing_improve_gpt5nano,qwen,mistral,5,5
d1b083de-401f-4279-946f-67001ab8cb81,askacademia_train,losing_improve_llama,qwen,mistral,5,5 (The comment directly
d1b083de-401f-4279-946f-67001ab8cb81,askacademia_train,losing_improve_mistral,qwen,mistral,4,"4

The comment"
d1b083de-401f-4279-946f-67001ab8cb81,askacademia_train,losing_improve_qwen,qwen,mistral,5,5
d1b083de-401f-4279-946f-67001ab8cb81,askacademia_train,losing_paraphrase_claude,qwen,mistral,3,"3

Explan"
d1b083de-401f-4279-946f-67001ab8cb81,askacademia_train,losing_paraphrase_gemini,qwen,mistral,4,"4

The comment"
d1b083de-401f-4279-946f-67001ab8cb81,askacademia_train,losing_paraphrase_gpt4omini,qwen,mistral,2,"2

(The"
d1b083de-401f-4279-946f-67001ab8cb81,askacademia_train,losing_paraphrase_gpt5nano,qwen,mistral,2,"2

(The"
d1b083de-401f-4279-946f-67001ab8cb81,askacademia_train,losing_paraphrase_llama,qwen,mistral,AMBIG,The score for this forum comment
d1b083de-401f-4279-946f-67001ab8cb81,askacademia_train,losing_paraphrase_mistral,qwen,mistral,3,"3

The comment"
d1b083de-401f-4279-946f-67001ab8cb81,askacademia_train,losing_paraphrase_qwen,qwen,mistral,3,"3

Explan"
8541dc35-25e1-49b0-991f-fabe6db2f902,askacademia_train,winning_text,qwen,mistral,2,"2

The comment"
8541dc35-25e1-49b0-991f-fabe6db2f902,askacademia_train,losing_text,qwen,mistral,2,"2

The comment"
8541dc35-25e1-49b0-991f-fabe6db2f902,askacademia_train,losing_generate_claude,qwen,mistral,5,5
8541dc35-25e1-49b0-991f-fabe6db2f902,askacademia_train,losing_generate_gemini,qwen,mistral,5,5 (The comment directly
8541dc35-25e1-49b0-991f-fabe6db2f902,askacademia_train,losing_generate_gpt4omini,qwen,mistral,5,5
8541dc35-25e1-49b0-991f-fabe6db2f902,askacademia_train,losing_generate_gpt5nano,qwen,mistral,5,5 (The comment directly
8541dc35-25e1-49b0-991f-fabe6db2f902,askacademia_train,losing_generate_llama,qwen,mistral,5,5 (The comment directly
8541dc35-25e1-49b0-991f-fabe6db2f902,askacademia_train,losing_generate_mistral,qwen,mistral,5,5
8541dc35-25e1-49b0-991f-fabe6db2f902,askacademia_train,losing_generate_qwen,qwen,mistral,5,5
8541dc35-25e1-49b0-991f-fabe6db2f902,askacademia_train,losing_improve_claude,qwen,mistral,5,5
8541dc35-25e1-49b0-991f-fabe6db2f902,askacademia_train,losing_improve_gemini,qwen,mistral,4,4 (The comment has
8541dc35-25e1-49b0-991f-fabe6db2f902,askacademia_train,losing_improve_gpt4omini,qwen,mistral,3,"3

The comment"
8541dc35-25e1-49b0-991f-fabe6db2f902,askacademia_train,losing_improve_gpt5nano,qwen,mistral,4,"4

Explan"
8541dc35-25e1-49b0-991f-fabe6db2f902,askacademia_train,losing_improve_llama,qwen,mistral,2,"2

The comment"
8541dc35-25e1-49b0-991f-fabe6db2f902,askacademia_train,losing_improve_mistral,qwen,mistral,4,"4

The response"
8541dc35-25e1-49b0-991f-fabe6db2f902,askacademia_train,losing_improve_qwen,qwen,mistral,3,"3

Explan"
8541dc35-25e1-49b0-991f-fabe6db2f902,askacademia_train,losing_paraphrase_claude,qwen,mistral,2,"2

The comment"
8541dc35-25e1-49b0-991f-fabe6db2f902,askacademia_train,losing_paraphrase_gemini,qwen,mistral,4,"4

The comment"
8541dc35-25e1-49b0-991f-fabe6db2f902,askacademia_train,losing_paraphrase_gpt4omini,qwen,mistral,2,"2

The comment"
8541dc35-25e1-49b0-991f-fabe6db2f902,askacademia_train,losing_paraphrase_gpt5nano,qwen,mistral,2,"2

The comment"
8541dc35-25e1-49b0-991f-fabe6db2f902,askacademia_train,losing_paraphrase_llama,qwen,mistral,5,5 (The comment directly
8541dc35-25e1-49b0-991f-fabe6db2f902,askacademia_train,losing_paraphrase_mistral,qwen,mistral,1,1 (The comment is
8541dc35-25e1-49b0-991f-fabe6db2f902,askacademia_train,losing_paraphrase_qwen,qwen,mistral,AMBIG,Based on the scoring rubric
ab565e58-5c7e-4f66-a274-bcbe6a6cd21c,askacademia_train,winning_text,qwen,mistral,2,"2

The comment"
ab565e58-5c7e-4f66-a274-bcbe6a6cd21c,askacademia_train,losing_text,qwen,mistral,5,5 (The comment directly
ab565e58-5c7e-4f66-a274-bcbe6a6cd21c,askacademia_train,losing_generate_claude,qwen,mistral,5,5
ab565e58-5c7e-4f66-a274-bcbe6a6cd21c,askacademia_train,losing_generate_gemini,qwen,mistral,5,5
ab565e58-5c7e-4f66-a274-bcbe6a6cd21c,askacademia_train,losing_generate_gpt4omini,qwen,mistral,5,5
ab565e58-5c7e-4f66-a274-bcbe6a6cd21c,askacademia_train,losing_generate_gpt5nano,qwen,mistral,5,5
ab565e58-5c7e-4f66-a274-bcbe6a6cd21c,askacademia_train,losing_generate_llama,qwen,mistral,5,5 (The comment directly
ab565e58-5c7e-4f66-a274-bcbe6a6cd21c,askacademia_train,losing_generate_mistral,qwen,mistral,5,5
ab565e58-5c7e-4f66-a274-bcbe6a6cd21c,askacademia_train,losing_generate_qwen,qwen,mistral,5,5
ab565e58-5c7e-4f66-a274-bcbe6a6cd21c,askacademia_train,losing_improve_claude,qwen,mistral,5,5
ab565e58-5c7e-4f66-a274-bcbe6a6cd21c,askacademia_train,losing_improve_gemini,qwen,mistral,5,5
ab565e58-5c7e-4f66-a274-bcbe6a6cd21c,askacademia_train,losing_improve_gpt4omini,qwen,mistral,5,5 (The comment directly
ab565e58-5c7e-4f66-a274-bcbe6a6cd21c,askacademia_train,losing_improve_gpt5nano,qwen,mistral,5,5
ab565e58-5c7e-4f66-a274-bcbe6a6cd21c,askacademia_train,losing_improve_llama,qwen,mistral,3,"3

The comment"
ab565e58-5c7e-4f66-a274-bcbe6a6cd21c,askacademia_train,losing_improve_mistral,qwen,mistral,5,5 (The comment directly
ab565e58-5c7e-4f66-a274-bcbe6a6cd21c,askacademia_train,losing_improve_qwen,qwen,mistral,5,5
ab565e58-5c7e-4f66-a274-bcbe6a6cd21c,askacademia_train,losing_paraphrase_claude,qwen,mistral,5,5 (The comment directly
ab565e58-5c7e-4f66-a274-bcbe6a6cd21c,askacademia_train,losing_paraphrase_gemini,qwen,mistral,4,"4

The comment"
ab565e58-5c7e-4f66-a274-bcbe6a6cd21c,askacademia_train,losing_paraphrase_gpt4omini,qwen,mistral,5,5 (The comment directly
ab565e58-5c7e-4f66-a274-bcbe6a6cd21c,askacademia_train,losing_paraphrase_gpt5nano,qwen,mistral,5,5 (The comment directly
ab565e58-5c7e-4f66-a274-bcbe6a6cd21c,askacademia_train,losing_paraphrase_llama,qwen,mistral,3,"3

The comment"
ab565e58-5c7e-4f66-a274-bcbe6a6cd21c,askacademia_train,losing_paraphrase_mistral,qwen,mistral,5,5
ab565e58-5c7e-4f66-a274-bcbe6a6cd21c,askacademia_train,losing_paraphrase_qwen,qwen,mistral,5,5
6738b8e9-36ef-4c57-b14b-3dd368b6ffbd,askacademia_train,winning_text,qwen,mistral,3,"3

The comment"
6738b8e9-36ef-4c57-b14b-3dd368b6ffbd,askacademia_train,losing_text,qwen,mistral,5,5 (The comment directly
6738b8e9-36ef-4c57-b14b-3dd368b6ffbd,askacademia_train,losing_generate_claude,qwen,mistral,5,5
6738b8e9-36ef-4c57-b14b-3dd368b6ffbd,askacademia_train,losing_generate_gemini,qwen,mistral,5,5
6738b8e9-36ef-4c57-b14b-3dd368b6ffbd,askacademia_train,losing_generate_gpt4omini,qwen,mistral,5,5
6738b8e9-36ef-4c57-b14b-3dd368b6ffbd,askacademia_train,losing_generate_gpt5nano,qwen,mistral,5,5 (The comment directly
6738b8e9-36ef-4c57-b14b-3dd368b6ffbd,askacademia_train,losing_generate_llama,qwen,mistral,5,5
6738b8e9-36ef-4c57-b14b-3dd368b6ffbd,askacademia_train,losing_generate_mistral,qwen,mistral,5,5 (The comment directly
6738b8e9-36ef-4c57-b14b-3dd368b6ffbd,askacademia_train,losing_generate_qwen,qwen,mistral,5,5
6738b8e9-36ef-4c57-b14b-3dd368b6ffbd,askacademia_train,losing_improve_claude,qwen,mistral,5,5 (The comment directly
6738b8e9-36ef-4c57-b14b-3dd368b6ffbd,askacademia_train,losing_improve_gemini,qwen,mistral,5,5
6738b8e9-36ef-4c57-b14b-3dd368b6ffbd,askacademia_train,losing_improve_gpt4omini,qwen,mistral,5,5
6738b8e9-36ef-4c57-b14b-3dd368b6ffbd,askacademia_train,losing_improve_gpt5nano,qwen,mistral,5,5
6738b8e9-36ef-4c57-b14b-3dd368b6ffbd,askacademia_train,losing_improve_llama,qwen,mistral,3,"3

The comment"
6738b8e9-36ef-4c57-b14b-3dd368b6ffbd,askacademia_train,losing_improve_mistral,qwen,mistral,5,5 (The comment directly
6738b8e9-36ef-4c57-b14b-3dd368b6ffbd,askacademia_train,losing_improve_qwen,qwen,mistral,5,5
6738b8e9-36ef-4c57-b14b-3dd368b6ffbd,askacademia_train,losing_paraphrase_claude,qwen,mistral,5,5 (The comment directly
6738b8e9-36ef-4c57-b14b-3dd368b6ffbd,askacademia_train,losing_paraphrase_gemini,qwen,mistral,4,"4

The comment"
6738b8e9-36ef-4c57-b14b-3dd368b6ffbd,askacademia_train,losing_paraphrase_gpt4omini,qwen,mistral,5,5 (The comment directly
6738b8e9-36ef-4c57-b14b-3dd368b6ffbd,askacademia_train,losing_paraphrase_gpt5nano,qwen,mistral,5,5 (The comment directly
6738b8e9-36ef-4c57-b14b-3dd368b6ffbd,askacademia_train,losing_paraphrase_llama,qwen,mistral,3,"3

The comment"
6738b8e9-36ef-4c57-b14b-3dd368b6ffbd,askacademia_train,losing_paraphrase_mistral,qwen,mistral,5,5
6738b8e9-36ef-4c57-b14b-3dd368b6ffbd,askacademia_train,losing_paraphrase_qwen,qwen,mistral,5,5
057ed6ab-be7a-4436-a4c7-8460e61b1eab,askacademia_train,winning_text,qwen,mistral,3,"3

The comment"
057ed6ab-be7a-4436-a4c7-8460e61b1eab,askacademia_train,losing_text,qwen,mistral,5,5 (The comment directly
057ed6ab-be7a-4436-a4c7-8460e61b1eab,askacademia_train,losing_generate_claude,qwen,mistral,5,5
057ed6ab-be7a-4436-a4c7-8460e61b1eab,askacademia_train,losing_generate_gemini,qwen,mistral,5,5
057ed6ab-be7a-4436-a4c7-8460e61b1eab,askacademia_train,losing_generate_gpt4omini,qwen,mistral,5,5
057ed6ab-be7a-4436-a4c7-8460e61b1eab,askacademia_train,losing_generate_gpt5nano,qwen,mistral,5,5
057ed6ab-be7a-4436-a4c7-8460e61b1eab,askacademia_train,losing_generate_llama,qwen,mistral,5,5 (The comment directly
057ed6ab-be7a-4436-a4c7-8460e61b1eab,askacademia_train,losing_generate_mistral,qwen,mistral,5,5
057ed6ab-be7a-4436-a4c7-8460e61b1eab,askacademia_train,losing_generate_qwen,qwen,mistral,5,5
057ed6ab-be7a-4436-a4c7-8460e61b1eab,askacademia_train,losing_improve_claude,qwen,mistral,AMBIG,Based on the scoring rubric
057ed6ab-be7a-4436-a4c7-8460e61b1eab,askacademia_train,losing_improve_gemini,qwen,mistral,5,5
057ed6ab-be7a-4436-a4c7-8460e61b1eab,askacademia_train,losing_improve_gpt4omini,qwen,mistral,5,5 (The comment directly
057ed6ab-be7a-4436-a4c7-8460e61b1eab,askacademia_train,losing_improve_gpt5nano,qwen,mistral,5,5
057ed6ab-be7a-4436-a4c7-8460e61b1eab,askacademia_train,losing_improve_llama,qwen,mistral,3,"3

The comment"
057ed6ab-be7a-4436-a4c7-8460e61b1eab,askacademia_train,losing_improve_mistral,qwen,mistral,5,5 (The comment directly
057ed6ab-be7a-4436-a4c7-8460e61b1eab,askacademia_train,losing_improve_qwen,qwen,mistral,5,5
057ed6ab-be7a-4436-a4c7-8460e61b1eab,askacademia_train,losing_paraphrase_claude,qwen,mistral,5,5 (The comment directly
057ed6ab-be7a-4436-a4c7-8460e61b1eab,askacademia_train,losing_paraphrase_gemini,qwen,mistral,4,"4

The comment"
057ed6ab-be7a-4436-a4c7-8460e61b1eab,askacademia_train,losing_paraphrase_gpt4omini,qwen,mistral,5,5 (The comment directly
057ed6ab-be7a-4436-a4c7-8460e61b1eab,askacademia_train,losing_paraphrase_gpt5nano,qwen,mistral,5,5 (The comment directly
057ed6ab-be7a-4436-a4c7-8460e61b1eab,askacademia_train,losing_paraphrase_llama,qwen,mistral,3,"3

The comment"
057ed6ab-be7a-4436-a4c7-8460e61b1eab,askacademia_train,losing_paraphrase_mistral,qwen,mistral,5,5
057ed6ab-be7a-4436-a4c7-8460e61b1eab,askacademia_train,losing_paraphrase_qwen,qwen,mistral,5,5
c8c9a7f9-695a-460a-8f4b-c4974077ce64,askacademia_train,winning_text,qwen,mistral,3,"3

Explan"
c8c9a7f9-695a-460a-8f4b-c4974077ce64,askacademia_train,losing_text,qwen,mistral,5,5 (The comment directly
c8c9a7f9-695a-460a-8f4b-c4974077ce64,askacademia_train,losing_generate_claude,qwen,mistral,5,5
c8c9a7f9-695a-460a-8f4b-c4974077ce64,askacademia_train,losing_generate_gemini,qwen,mistral,5,5
c8c9a7f9-695a-460a-8f4b-c4974077ce64,askacademia_train,losing_generate_gpt4omini,qwen,mistral,5,5
c8c9a7f9-695a-460a-8f4b-c4974077ce64,askacademia_train,losing_generate_gpt5nano,qwen,mistral,5,5 (The comment directly
c8c9a7f9-695a-460a-8f4b-c4974077ce64,askacademia_train,losing_generate_llama,qwen,mistral,5,5 (The comment directly
c8c9a7f9-695a-460a-8f4b-c4974077ce64,askacademia_train,losing_generate_mistral,qwen,mistral,5,5
c8c9a7f9-695a-460a-8f4b-c4974077ce64,askacademia_train,losing_generate_qwen,qwen,mistral,5,5 (The comment directly
c8c9a7f9-695a-460a-8f4b-c4974077ce64,askacademia_train,losing_improve_claude,qwen,mistral,5,5
c8c9a7f9-695a-460a-8f4b-c4974077ce64,askacademia_train,losing_improve_gemini,qwen,mistral,5,5
c8c9a7f9-695a-460a-8f4b-c4974077ce64,askacademia_train,losing_improve_gpt4omini,qwen,mistral,5,5
c8c9a7f9-695a-460a-8f4b-c4974077ce64,askacademia_train,losing_improve_gpt5nano,qwen,mistral,5,5
c8c9a7f9-695a-460a-8f4b-c4974077ce64,askacademia_train,losing_improve_llama,qwen,mistral,3,"3

The comment"
c8c9a7f9-695a-460a-8f4b-c4974077ce64,askacademia_train,losing_improve_mistral,qwen,mistral,5,5 (The comment directly
c8c9a7f9-695a-460a-8f4b-c4974077ce64,askacademia_train,losing_improve_qwen,qwen,mistral,5,5
c8c9a7f9-695a-460a-8f4b-c4974077ce64,askacademia_train,losing_paraphrase_claude,qwen,mistral,5,5 (The comment directly
c8c9a7f9-695a-460a-8f4b-c4974077ce64,askacademia_train,losing_paraphrase_gemini,qwen,mistral,4,"4

The comment"
c8c9a7f9-695a-460a-8f4b-c4974077ce64,askacademia_train,losing_paraphrase_gpt4omini,qwen,mistral,5,5 (The comment directly
c8c9a7f9-695a-460a-8f4b-c4974077ce64,askacademia_train,losing_paraphrase_gpt5nano,qwen,mistral,5,5
c8c9a7f9-695a-460a-8f4b-c4974077ce64,askacademia_train,losing_paraphrase_llama,qwen,mistral,3,"3

The comment"
c8c9a7f9-695a-460a-8f4b-c4974077ce64,askacademia_train,losing_paraphrase_mistral,qwen,mistral,5,5
c8c9a7f9-695a-460a-8f4b-c4974077ce64,askacademia_train,losing_paraphrase_qwen,qwen,mistral,5,5
b0408dc7-bcac-4bc8-839c-4692bf3364c6,askacademia_train,winning_text,qwen,mistral,3,"3

The comment"
b0408dc7-bcac-4bc8-839c-4692bf3364c6,askacademia_train,losing_text,qwen,mistral,2,"2

The comment"
b0408dc7-bcac-4bc8-839c-4692bf3364c6,askacademia_train,losing_generate_claude,qwen,mistral,5,5
b0408dc7-bcac-4bc8-839c-4692bf3364c6,askacademia_train,losing_generate_gemini,qwen,mistral,5,5 (The comment directly
b0408dc7-bcac-4bc8-839c-4692bf3364c6,askacademia_train,losing_generate_gpt4omini,qwen,mistral,5,5
b0408dc7-bcac-4bc8-839c-4692bf3364c6,askacademia_train,losing_generate_gpt5nano,qwen,mistral,5,5 (The comment directly
b0408dc7-bcac-4bc8-839c-4692bf3364c6,askacademia_train,losing_generate_llama,qwen,mistral,5,5 (The comment directly
b0408dc7-bcac-4bc8-839c-4692bf3364c6,askacademia_train,losing_generate_mistral,qwen,mistral,5,5
b0408dc7-bcac-4bc8-839c-4692bf3364c6,askacademia_train,losing_generate_qwen,qwen,mistral,5,5
b0408dc7-bcac-4bc8-839c-4692bf3364c6,askacademia_train,losing_improve_claude,qwen,mistral,5,5
b0408dc7-bcac-4bc8-839c-4692bf3364c6,askacademia_train,losing_improve_gemini,qwen,mistral,5,5
b0408dc7-bcac-4bc8-839c-4692bf3364c6,askacademia_train,losing_improve_gpt4omini,qwen,mistral,5,5
b0408dc7-bcac-4bc8-839c-4692bf3364c6,askacademia_train,losing_improve_gpt5nano,qwen,mistral,5,5 (The comment directly
b0408dc7-bcac-4bc8-839c-4692bf3364c6,askacademia_train,losing_improve_llama,qwen,mistral,5,5 (The comment directly
b0408dc7-bcac-4bc8-839c-4692bf3364c6,askacademia_train,losing_improve_mistral,qwen,mistral,5,5
b0408dc7-bcac-4bc8-839c-4692bf3364c6,askacademia_train,losing_improve_qwen,qwen,mistral,5,5 (The comment directly
b0408dc7-bcac-4bc8-839c-4692bf3364c6,askacademia_train,losing_paraphrase_claude,qwen,mistral,5,5 (The comment directly
b0408dc7-bcac-4bc8-839c-4692bf3364c6,askacademia_train,losing_paraphrase_gemini,qwen,mistral,4,"4

The comment"
b0408dc7-bcac-4bc8-839c-4692bf3364c6,askacademia_train,losing_paraphrase_gpt4omini,qwen,mistral,5,5 (The comment directly
b0408dc7-bcac-4bc8-839c-4692bf3364c6,askacademia_train,losing_paraphrase_gpt5nano,qwen,mistral,4,4 (The comment has
b0408dc7-bcac-4bc8-839c-4692bf3364c6,askacademia_train,losing_paraphrase_llama,qwen,mistral,4,4 (The comment has
b0408dc7-bcac-4bc8-839c-4692bf3364c6,askacademia_train,losing_paraphrase_mistral,qwen,mistral,4,"4

The comment"
b0408dc7-bcac-4bc8-839c-4692bf3364c6,askacademia_train,losing_paraphrase_qwen,qwen,mistral,4,4 (The comment has
5497ec99-a137-4aa6-96f5-9561a1684269,askacademia_train,winning_text,qwen,mistral,3,"3

Explan"
5497ec99-a137-4aa6-96f5-9561a1684269,askacademia_train,losing_text,qwen,mistral,2,"2

The comment"
5497ec99-a137-4aa6-96f5-9561a1684269,askacademia_train,losing_generate_claude,qwen,mistral,5,5
5497ec99-a137-4aa6-96f5-9561a1684269,askacademia_train,losing_generate_gemini,qwen,mistral,5,5 (The comment directly
5497ec99-a137-4aa6-96f5-9561a1684269,askacademia_train,losing_generate_gpt4omini,qwen,mistral,5,5
5497ec99-a137-4aa6-96f5-9561a1684269,askacademia_train,losing_generate_gpt5nano,qwen,mistral,5,5
5497ec99-a137-4aa6-96f5-9561a1684269,askacademia_train,losing_generate_llama,qwen,mistral,5,5 (The comment directly
5497ec99-a137-4aa6-96f5-9561a1684269,askacademia_train,losing_generate_mistral,qwen,mistral,5,5 (The comment directly
5497ec99-a137-4aa6-96f5-9561a1684269,askacademia_train,losing_generate_qwen,qwen,mistral,5,5
5497ec99-a137-4aa6-96f5-9561a1684269,askacademia_train,losing_improve_claude,qwen,mistral,5,5 (The comment directly
5497ec99-a137-4aa6-96f5-9561a1684269,askacademia_train,losing_improve_gemini,qwen,mistral,5,5 (The comment directly
5497ec99-a137-4aa6-96f5-9561a1684269,askacademia_train,losing_improve_gpt4omini,qwen,mistral,5,5
5497ec99-a137-4aa6-96f5-9561a1684269,askacademia_train,losing_improve_gpt5nano,qwen,mistral,5,5
5497ec99-a137-4aa6-96f5-9561a1684269,askacademia_train,losing_improve_llama,qwen,mistral,5,5 (The comment directly
5497ec99-a137-4aa6-96f5-9561a1684269,askacademia_train,losing_improve_mistral,qwen,mistral,5,5
5497ec99-a137-4aa6-96f5-9561a1684269,askacademia_train,losing_improve_qwen,qwen,mistral,5,5 (The comment directly
5497ec99-a137-4aa6-96f5-9561a1684269,askacademia_train,losing_paraphrase_claude,qwen,mistral,5,5 (The comment directly
5497ec99-a137-4aa6-96f5-9561a1684269,askacademia_train,losing_paraphrase_gemini,qwen,mistral,4,"4

The comment"
5497ec99-a137-4aa6-96f5-9561a1684269,askacademia_train,losing_paraphrase_gpt4omini,qwen,mistral,5,5
5497ec99-a137-4aa6-96f5-9561a1684269,askacademia_train,losing_paraphrase_gpt5nano,qwen,mistral,4,4 (The tone is
5497ec99-a137-4aa6-96f5-9561a1684269,askacademia_train,losing_paraphrase_llama,qwen,mistral,4,4 (The comment has
5497ec99-a137-4aa6-96f5-9561a1684269,askacademia_train,losing_paraphrase_mistral,qwen,mistral,4,"4

The comment"
5497ec99-a137-4aa6-96f5-9561a1684269,askacademia_train,losing_paraphrase_qwen,qwen,mistral,4,4 (The comment has
86075a8a-4636-4c61-a2f4-f6db1a1df0b5,askacademia_train,winning_text,qwen,mistral,3,"3

The comment"
86075a8a-4636-4c61-a2f4-f6db1a1df0b5,askacademia_train,losing_text,qwen,mistral,3,"3

The comment"
86075a8a-4636-4c61-a2f4-f6db1a1df0b5,askacademia_train,losing_generate_claude,qwen,mistral,5,5
86075a8a-4636-4c61-a2f4-f6db1a1df0b5,askacademia_train,losing_generate_gemini,qwen,mistral,5,5 (The comment directly
86075a8a-4636-4c61-a2f4-f6db1a1df0b5,askacademia_train,losing_generate_gpt4omini,qwen,mistral,5,5
86075a8a-4636-4c61-a2f4-f6db1a1df0b5,askacademia_train,losing_generate_gpt5nano,qwen,mistral,5,5
86075a8a-4636-4c61-a2f4-f6db1a1df0b5,askacademia_train,losing_generate_llama,qwen,mistral,5,5 (The comment directly
86075a8a-4636-4c61-a2f4-f6db1a1df0b5,askacademia_train,losing_generate_mistral,qwen,mistral,5,5
86075a8a-4636-4c61-a2f4-f6db1a1df0b5,askacademia_train,losing_generate_qwen,qwen,mistral,5,5
86075a8a-4636-4c61-a2f4-f6db1a1df0b5,askacademia_train,losing_improve_claude,qwen,mistral,5,5
86075a8a-4636-4c61-a2f4-f6db1a1df0b5,askacademia_train,losing_improve_gemini,qwen,mistral,5,5
86075a8a-4636-4c61-a2f4-f6db1a1df0b5,askacademia_train,losing_improve_gpt4omini,qwen,mistral,5,5
86075a8a-4636-4c61-a2f4-f6db1a1df0b5,askacademia_train,losing_improve_gpt5nano,qwen,mistral,5,5
86075a8a-4636-4c61-a2f4-f6db1a1df0b5,askacademia_train,losing_improve_llama,qwen,mistral,4,"4

The comment"
86075a8a-4636-4c61-a2f4-f6db1a1df0b5,askacademia_train,losing_improve_mistral,qwen,mistral,5,5
86075a8a-4636-4c61-a2f4-f6db1a1df0b5,askacademia_train,losing_improve_qwen,qwen,mistral,5,5 (The comment directly
86075a8a-4636-4c61-a2f4-f6db1a1df0b5,askacademia_train,losing_paraphrase_claude,qwen,mistral,5,5
86075a8a-4636-4c61-a2f4-f6db1a1df0b5,askacademia_train,losing_paraphrase_gemini,qwen,mistral,4,"4

The comment"
86075a8a-4636-4c61-a2f4-f6db1a1df0b5,askacademia_train,losing_paraphrase_gpt4omini,qwen,mistral,4,4 (The tone is
86075a8a-4636-4c61-a2f4-f6db1a1df0b5,askacademia_train,losing_paraphrase_gpt5nano,qwen,mistral,4,4 (The tone is
86075a8a-4636-4c61-a2f4-f6db1a1df0b5,askacademia_train,losing_paraphrase_llama,qwen,mistral,4,4 (The comment has
86075a8a-4636-4c61-a2f4-f6db1a1df0b5,askacademia_train,losing_paraphrase_mistral,qwen,mistral,5,5
86075a8a-4636-4c61-a2f4-f6db1a1df0b5,askacademia_train,losing_paraphrase_qwen,qwen,mistral,5,5 (The comment directly
59a53d23-ad0a-4483-a94c-969aadb5095c,askacademia_train,winning_text,qwen,mistral,3,"3

Explan"
59a53d23-ad0a-4483-a94c-969aadb5095c,askacademia_train,losing_text,qwen,mistral,3,"3

The comment"
59a53d23-ad0a-4483-a94c-969aadb5095c,askacademia_train,losing_generate_claude,qwen,mistral,5,5
59a53d23-ad0a-4483-a94c-969aadb5095c,askacademia_train,losing_generate_gemini,qwen,mistral,5,5 (The comment directly
59a53d23-ad0a-4483-a94c-969aadb5095c,askacademia_train,losing_generate_gpt4omini,qwen,mistral,5,5
59a53d23-ad0a-4483-a94c-969aadb5095c,askacademia_train,losing_generate_gpt5nano,qwen,mistral,5,5
59a53d23-ad0a-4483-a94c-969aadb5095c,askacademia_train,losing_generate_llama,qwen,mistral,5,5 (The comment directly
59a53d23-ad0a-4483-a94c-969aadb5095c,askacademia_train,losing_generate_mistral,qwen,mistral,5,5 (The comment directly
59a53d23-ad0a-4483-a94c-969aadb5095c,askacademia_train,losing_generate_qwen,qwen,mistral,5,5
59a53d23-ad0a-4483-a94c-969aadb5095c,askacademia_train,losing_improve_claude,qwen,mistral,5,5
59a53d23-ad0a-4483-a94c-969aadb5095c,askacademia_train,losing_improve_gemini,qwen,mistral,5,5
59a53d23-ad0a-4483-a94c-969aadb5095c,askacademia_train,losing_improve_gpt4omini,qwen,mistral,5,5
59a53d23-ad0a-4483-a94c-969aadb5095c,askacademia_train,losing_improve_gpt5nano,qwen,mistral,5,5
59a53d23-ad0a-4483-a94c-969aadb5095c,askacademia_train,losing_improve_llama,qwen,mistral,4,"4

The comment"
59a53d23-ad0a-4483-a94c-969aadb5095c,askacademia_train,losing_improve_mistral,qwen,mistral,5,5
59a53d23-ad0a-4483-a94c-969aadb5095c,askacademia_train,losing_improve_qwen,qwen,mistral,5,5
59a53d23-ad0a-4483-a94c-969aadb5095c,askacademia_train,losing_paraphrase_claude,qwen,mistral,5,5
59a53d23-ad0a-4483-a94c-969aadb5095c,askacademia_train,losing_paraphrase_gemini,qwen,mistral,3,"3

Explan"
59a53d23-ad0a-4483-a94c-969aadb5095c,askacademia_train,losing_paraphrase_gpt4omini,qwen,mistral,5,5 (The comment directly
59a53d23-ad0a-4483-a94c-969aadb5095c,askacademia_train,losing_paraphrase_gpt5nano,qwen,mistral,5,5
59a53d23-ad0a-4483-a94c-969aadb5095c,askacademia_train,losing_paraphrase_llama,qwen,mistral,4,4 (The comment has
59a53d23-ad0a-4483-a94c-969aadb5095c,askacademia_train,losing_paraphrase_mistral,qwen,mistral,5,5
59a53d23-ad0a-4483-a94c-969aadb5095c,askacademia_train,losing_paraphrase_qwen,qwen,mistral,5,5 (The comment directly
1f2d6159-e34e-42a9-9113-2efda1bf8b94,askacademia_train,winning_text,qwen,mistral,3,"3

The comment"
1f2d6159-e34e-42a9-9113-2efda1bf8b94,askacademia_train,losing_text,qwen,mistral,4,4 (The tone is
1f2d6159-e34e-42a9-9113-2efda1bf8b94,askacademia_train,losing_generate_claude,qwen,mistral,5,5
1f2d6159-e34e-42a9-9113-2efda1bf8b94,askacademia_train,losing_generate_gemini,qwen,mistral,5,5 (The comment directly
1f2d6159-e34e-42a9-9113-2efda1bf8b94,askacademia_train,losing_generate_gpt4omini,qwen,mistral,5,5
1f2d6159-e34e-42a9-9113-2efda1bf8b94,askacademia_train,losing_generate_gpt5nano,qwen,mistral,5,5 (The comment directly
1f2d6159-e34e-42a9-9113-2efda1bf8b94,askacademia_train,losing_generate_llama,qwen,mistral,5,5 (The comment directly
1f2d6159-e34e-42a9-9113-2efda1bf8b94,askacademia_train,losing_generate_mistral,qwen,mistral,5,5 (The comment directly
1f2d6159-e34e-42a9-9113-2efda1bf8b94,askacademia_train,losing_generate_qwen,qwen,mistral,5,5
1f2d6159-e34e-42a9-9113-2efda1bf8b94,askacademia_train,losing_improve_claude,qwen,mistral,4,"4

The response"
1f2d6159-e34e-42a9-9113-2efda1bf8b94,askacademia_train,losing_improve_gemini,qwen,mistral,5,5
1f2d6159-e34e-42a9-9113-2efda1bf8b94,askacademia_train,losing_improve_gpt4omini,qwen,mistral,5,5
1f2d6159-e34e-42a9-9113-2efda1bf8b94,askacademia_train,losing_improve_gpt5nano,qwen,mistral,5,5 (The comment directly
1f2d6159-e34e-42a9-9113-2efda1bf8b94,askacademia_train,losing_improve_llama,qwen,mistral,4,4 (The tone is
1f2d6159-e34e-42a9-9113-2efda1bf8b94,askacademia_train,losing_improve_mistral,qwen,mistral,5,5
1f2d6159-e34e-42a9-9113-2efda1bf8b94,askacademia_train,losing_improve_qwen,qwen,mistral,5,5 (The comment directly
1f2d6159-e34e-42a9-9113-2efda1bf8b94,askacademia_train,losing_paraphrase_claude,qwen,mistral,5,5
1f2d6159-e34e-42a9-9113-2efda1bf8b94,askacademia_train,losing_paraphrase_gemini,qwen,mistral,3,"3

Explan"
1f2d6159-e34e-42a9-9113-2efda1bf8b94,askacademia_train,losing_paraphrase_gpt4omini,qwen,mistral,5,5
1f2d6159-e34e-42a9-9113-2efda1bf8b94,askacademia_train,losing_paraphrase_gpt5nano,qwen,mistral,5,5 (The comment directly
1f2d6159-e34e-42a9-9113-2efda1bf8b94,askacademia_train,losing_paraphrase_llama,qwen,mistral,4,4 (The tone is
1f2d6159-e34e-42a9-9113-2efda1bf8b94,askacademia_train,losing_paraphrase_mistral,qwen,mistral,5,5
1f2d6159-e34e-42a9-9113-2efda1bf8b94,askacademia_train,losing_paraphrase_qwen,qwen,mistral,5,5
d7c82565-05a0-40b7-91a6-0d4020ee6814,askacademia_train,winning_text,qwen,mistral,3,"3

Explan"
d7c82565-05a0-40b7-91a6-0d4020ee6814,askacademia_train,losing_text,qwen,mistral,4,4 (The tone is
d7c82565-05a0-40b7-91a6-0d4020ee6814,askacademia_train,losing_generate_claude,qwen,mistral,5,5
d7c82565-05a0-40b7-91a6-0d4020ee6814,askacademia_train,losing_generate_gemini,qwen,mistral,5,5 (The comment directly
d7c82565-05a0-40b7-91a6-0d4020ee6814,askacademia_train,losing_generate_gpt4omini,qwen,mistral,5,5
d7c82565-05a0-40b7-91a6-0d4020ee6814,askacademia_train,losing_generate_gpt5nano,qwen,mistral,5,5 (The comment directly
d7c82565-05a0-40b7-91a6-0d4020ee6814,askacademia_train,losing_generate_llama,qwen,mistral,5,5 (The comment directly
d7c82565-05a0-40b7-91a6-0d4020ee6814,askacademia_train,losing_generate_mistral,qwen,mistral,5,5
d7c82565-05a0-40b7-91a6-0d4020ee6814,askacademia_train,losing_generate_qwen,qwen,mistral,5,5
d7c82565-05a0-40b7-91a6-0d4020ee6814,askacademia_train,losing_improve_claude,qwen,mistral,5,5
d7c82565-05a0-40b7-91a6-0d4020ee6814,askacademia_train,losing_improve_gemini,qwen,mistral,5,5
d7c82565-05a0-40b7-91a6-0d4020ee6814,askacademia_train,losing_improve_gpt4omini,qwen,mistral,5,5
d7c82565-05a0-40b7-91a6-0d4020ee6814,askacademia_train,losing_improve_gpt5nano,qwen,mistral,5,5
d7c82565-05a0-40b7-91a6-0d4020ee6814,askacademia_train,losing_improve_llama,qwen,mistral,4,4 (The tone is
d7c82565-05a0-40b7-91a6-0d4020ee6814,askacademia_train,losing_improve_mistral,qwen,mistral,5,5
d7c82565-05a0-40b7-91a6-0d4020ee6814,askacademia_train,losing_improve_qwen,qwen,mistral,5,5 (The comment directly
d7c82565-05a0-40b7-91a6-0d4020ee6814,askacademia_train,losing_paraphrase_claude,qwen,mistral,5,5
d7c82565-05a0-40b7-91a6-0d4020ee6814,askacademia_train,losing_paraphrase_gemini,qwen,mistral,3,"3

Explan"
d7c82565-05a0-40b7-91a6-0d4020ee6814,askacademia_train,losing_paraphrase_gpt4omini,qwen,mistral,5,5
d7c82565-05a0-40b7-91a6-0d4020ee6814,askacademia_train,losing_paraphrase_gpt5nano,qwen,mistral,5,5 (The comment directly
d7c82565-05a0-40b7-91a6-0d4020ee6814,askacademia_train,losing_paraphrase_llama,qwen,mistral,4,4 (The tone is
d7c82565-05a0-40b7-91a6-0d4020ee6814,askacademia_train,losing_paraphrase_mistral,qwen,mistral,5,5 (The comment directly
d7c82565-05a0-40b7-91a6-0d4020ee6814,askacademia_train,losing_paraphrase_qwen,qwen,mistral,5,5
3c5b5c96-8923-4756-83bf-0090cc0e59fc,askacademia_train,winning_text,qwen,mistral,3,"3

The comment"
3c5b5c96-8923-4756-83bf-0090cc0e59fc,askacademia_train,losing_text,qwen,mistral,2,"2

The comment"
3c5b5c96-8923-4756-83bf-0090cc0e59fc,askacademia_train,losing_generate_claude,qwen,mistral,5,5
3c5b5c96-8923-4756-83bf-0090cc0e59fc,askacademia_train,losing_generate_gemini,qwen,mistral,5,5
3c5b5c96-8923-4756-83bf-0090cc0e59fc,askacademia_train,losing_generate_gpt4omini,qwen,mistral,5,5
3c5b5c96-8923-4756-83bf-0090cc0e59fc,askacademia_train,losing_generate_gpt5nano,qwen,mistral,5,5
3c5b5c96-8923-4756-83bf-0090cc0e59fc,askacademia_train,losing_generate_llama,qwen,mistral,5,5 (The comment directly
3c5b5c96-8923-4756-83bf-0090cc0e59fc,askacademia_train,losing_generate_mistral,qwen,mistral,5,5 (The comment directly
3c5b5c96-8923-4756-83bf-0090cc0e59fc,askacademia_train,losing_generate_qwen,qwen,mistral,5,5 (The comment directly
3c5b5c96-8923-4756-83bf-0090cc0e59fc,askacademia_train,losing_improve_claude,qwen,mistral,5,5
3c5b5c96-8923-4756-83bf-0090cc0e59fc,askacademia_train,losing_improve_gemini,qwen,mistral,5,5
3c5b5c96-8923-4756-83bf-0090cc0e59fc,askacademia_train,losing_improve_gpt4omini,qwen,mistral,5,5 (The comment directly
3c5b5c96-8923-4756-83bf-0090cc0e59fc,askacademia_train,losing_improve_gpt5nano,qwen,mistral,5,5
3c5b5c96-8923-4756-83bf-0090cc0e59fc,askacademia_train,losing_improve_llama,qwen,mistral,5,5
3c5b5c96-8923-4756-83bf-0090cc0e59fc,askacademia_train,losing_improve_mistral,qwen,mistral,5,5
3c5b5c96-8923-4756-83bf-0090cc0e59fc,askacademia_train,losing_improve_qwen,qwen,mistral,5,5
3c5b5c96-8923-4756-83bf-0090cc0e59fc,askacademia_train,losing_paraphrase_claude,qwen,mistral,5,5
3c5b5c96-8923-4756-83bf-0090cc0e59fc,askacademia_train,losing_paraphrase_gemini,qwen,mistral,3,"3

Explan"
3c5b5c96-8923-4756-83bf-0090cc0e59fc,askacademia_train,losing_paraphrase_gpt4omini,qwen,mistral,4,"4

The comment"
3c5b5c96-8923-4756-83bf-0090cc0e59fc,askacademia_train,losing_paraphrase_gpt5nano,qwen,mistral,5,5
3c5b5c96-8923-4756-83bf-0090cc0e59fc,askacademia_train,losing_paraphrase_llama,qwen,mistral,5,5
3c5b5c96-8923-4756-83bf-0090cc0e59fc,askacademia_train,losing_paraphrase_mistral,qwen,mistral,4,4 (The comment has
3c5b5c96-8923-4756-83bf-0090cc0e59fc,askacademia_train,losing_paraphrase_qwen,qwen,mistral,5,"5

The comment"
e0d4d31d-bb08-439c-a106-314d2977dcd6,askacademia_train,winning_text,qwen,mistral,3,"3

Explan"
e0d4d31d-bb08-439c-a106-314d2977dcd6,askacademia_train,losing_text,qwen,mistral,2,"2

The comment"
e0d4d31d-bb08-439c-a106-314d2977dcd6,askacademia_train,losing_generate_claude,qwen,mistral,5,5
e0d4d31d-bb08-439c-a106-314d2977dcd6,askacademia_train,losing_generate_gemini,qwen,mistral,5,5
e0d4d31d-bb08-439c-a106-314d2977dcd6,askacademia_train,losing_generate_gpt4omini,qwen,mistral,5,5
e0d4d31d-bb08-439c-a106-314d2977dcd6,askacademia_train,losing_generate_gpt5nano,qwen,mistral,5,5
e0d4d31d-bb08-439c-a106-314d2977dcd6,askacademia_train,losing_generate_llama,qwen,mistral,5,5
e0d4d31d-bb08-439c-a106-314d2977dcd6,askacademia_train,losing_generate_mistral,qwen,mistral,5,5 (The comment directly
e0d4d31d-bb08-439c-a106-314d2977dcd6,askacademia_train,losing_generate_qwen,qwen,mistral,5,5 (The comment directly
e0d4d31d-bb08-439c-a106-314d2977dcd6,askacademia_train,losing_improve_claude,qwen,mistral,5,5
e0d4d31d-bb08-439c-a106-314d2977dcd6,askacademia_train,losing_improve_gemini,qwen,mistral,5,5
e0d4d31d-bb08-439c-a106-314d2977dcd6,askacademia_train,losing_improve_gpt4omini,qwen,mistral,5,5
e0d4d31d-bb08-439c-a106-314d2977dcd6,askacademia_train,losing_improve_gpt5nano,qwen,mistral,5,5
e0d4d31d-bb08-439c-a106-314d2977dcd6,askacademia_train,losing_improve_llama,qwen,mistral,5,5
e0d4d31d-bb08-439c-a106-314d2977dcd6,askacademia_train,losing_improve_mistral,qwen,mistral,5,5
e0d4d31d-bb08-439c-a106-314d2977dcd6,askacademia_train,losing_improve_qwen,qwen,mistral,5,5
e0d4d31d-bb08-439c-a106-314d2977dcd6,askacademia_train,losing_paraphrase_claude,qwen,mistral,5,5
e0d4d31d-bb08-439c-a106-314d2977dcd6,askacademia_train,losing_paraphrase_gemini,qwen,mistral,3,"3

Explan"
e0d4d31d-bb08-439c-a106-314d2977dcd6,askacademia_train,losing_paraphrase_gpt4omini,qwen,mistral,5,5 (The comment directly
e0d4d31d-bb08-439c-a106-314d2977dcd6,askacademia_train,losing_paraphrase_gpt5nano,qwen,mistral,5,5 (The comment directly
e0d4d31d-bb08-439c-a106-314d2977dcd6,askacademia_train,losing_paraphrase_llama,qwen,mistral,5,5
e0d4d31d-bb08-439c-a106-314d2977dcd6,askacademia_train,losing_paraphrase_mistral,qwen,mistral,4,4 (The comment has
e0d4d31d-bb08-439c-a106-314d2977dcd6,askacademia_train,losing_paraphrase_qwen,qwen,mistral,5,"5

The comment"
b2872b61-e169-4799-8810-0c921b38588c,askacademia_train,winning_text,qwen,mistral,3,"3

Explan"
b2872b61-e169-4799-8810-0c921b38588c,askacademia_train,losing_text,qwen,mistral,4,"4

Explan"
b2872b61-e169-4799-8810-0c921b38588c,askacademia_train,losing_generate_claude,qwen,mistral,5,5
b2872b61-e169-4799-8810-0c921b38588c,askacademia_train,losing_generate_gemini,qwen,mistral,5,5 (The comment directly
b2872b61-e169-4799-8810-0c921b38588c,askacademia_train,losing_generate_gpt4omini,qwen,mistral,5,5
b2872b61-e169-4799-8810-0c921b38588c,askacademia_train,losing_generate_gpt5nano,qwen,mistral,5,5 (The comment directly
b2872b61-e169-4799-8810-0c921b38588c,askacademia_train,losing_generate_llama,qwen,mistral,5,5 (The comment directly
b2872b61-e169-4799-8810-0c921b38588c,askacademia_train,losing_generate_mistral,qwen,mistral,5,5 (The comment directly
b2872b61-e169-4799-8810-0c921b38588c,askacademia_train,losing_generate_qwen,qwen,mistral,5,5 (The comment directly
b2872b61-e169-4799-8810-0c921b38588c,askacademia_train,losing_improve_claude,qwen,mistral,5,5
b2872b61-e169-4799-8810-0c921b38588c,askacademia_train,losing_improve_gemini,qwen,mistral,5,5
b2872b61-e169-4799-8810-0c921b38588c,askacademia_train,losing_improve_gpt4omini,qwen,mistral,5,5
b2872b61-e169-4799-8810-0c921b38588c,askacademia_train,losing_improve_gpt5nano,qwen,mistral,5,5 (The comment directly
b2872b61-e169-4799-8810-0c921b38588c,askacademia_train,losing_improve_llama,qwen,mistral,4,"4

The comment"
b2872b61-e169-4799-8810-0c921b38588c,askacademia_train,losing_improve_mistral,qwen,mistral,5,5
b2872b61-e169-4799-8810-0c921b38588c,askacademia_train,losing_improve_qwen,qwen,mistral,4,"4

Explan"
b2872b61-e169-4799-8810-0c921b38588c,askacademia_train,losing_paraphrase_claude,qwen,mistral,5,5 (The comment directly
b2872b61-e169-4799-8810-0c921b38588c,askacademia_train,losing_paraphrase_gemini,qwen,mistral,5,5
b2872b61-e169-4799-8810-0c921b38588c,askacademia_train,losing_paraphrase_gpt4omini,qwen,mistral,5,5 (The comment directly
b2872b61-e169-4799-8810-0c921b38588c,askacademia_train,losing_paraphrase_gpt5nano,qwen,mistral,5,5 (The comment directly
b2872b61-e169-4799-8810-0c921b38588c,askacademia_train,losing_paraphrase_llama,qwen,mistral,5,5 (The comment directly
b2872b61-e169-4799-8810-0c921b38588c,askacademia_train,losing_paraphrase_mistral,qwen,mistral,5,5 (The comment directly
b2872b61-e169-4799-8810-0c921b38588c,askacademia_train,losing_paraphrase_qwen,qwen,mistral,5,5 (The comment directly
8e4c3cae-3891-4fc3-9362-29f0a4c58909,askacademia_train,winning_text,qwen,mistral,4,"4

Although"
8e4c3cae-3891-4fc3-9362-29f0a4c58909,askacademia_train,losing_text,qwen,mistral,4,"4

Explan"
8e4c3cae-3891-4fc3-9362-29f0a4c58909,askacademia_train,losing_generate_claude,qwen,mistral,5,5
8e4c3cae-3891-4fc3-9362-29f0a4c58909,askacademia_train,losing_generate_gemini,qwen,mistral,5,5 (The comment directly
8e4c3cae-3891-4fc3-9362-29f0a4c58909,askacademia_train,losing_generate_gpt4omini,qwen,mistral,5,5
8e4c3cae-3891-4fc3-9362-29f0a4c58909,askacademia_train,losing_generate_gpt5nano,qwen,mistral,5,5
8e4c3cae-3891-4fc3-9362-29f0a4c58909,askacademia_train,losing_generate_llama,qwen,mistral,5,5 (The comment directly
8e4c3cae-3891-4fc3-9362-29f0a4c58909,askacademia_train,losing_generate_mistral,qwen,mistral,5,5 (The comment directly
8e4c3cae-3891-4fc3-9362-29f0a4c58909,askacademia_train,losing_generate_qwen,qwen,mistral,5,5 (The comment directly
8e4c3cae-3891-4fc3-9362-29f0a4c58909,askacademia_train,losing_improve_claude,qwen,mistral,5,5 (The comment directly
8e4c3cae-3891-4fc3-9362-29f0a4c58909,askacademia_train,losing_improve_gemini,qwen,mistral,5,5
8e4c3cae-3891-4fc3-9362-29f0a4c58909,askacademia_train,losing_improve_gpt4omini,qwen,mistral,5,5
8e4c3cae-3891-4fc3-9362-29f0a4c58909,askacademia_train,losing_improve_gpt5nano,qwen,mistral,5,5
8e4c3cae-3891-4fc3-9362-29f0a4c58909,askacademia_train,losing_improve_llama,qwen,mistral,4,"4

The comment"
8e4c3cae-3891-4fc3-9362-29f0a4c58909,askacademia_train,losing_improve_mistral,qwen,mistral,5,5
8e4c3cae-3891-4fc3-9362-29f0a4c58909,askacademia_train,losing_improve_qwen,qwen,mistral,AMBIG,The score for this forum comment
8e4c3cae-3891-4fc3-9362-29f0a4c58909,askacademia_train,losing_paraphrase_claude,qwen,mistral,5,5 (The comment directly
8e4c3cae-3891-4fc3-9362-29f0a4c58909,askacademia_train,losing_paraphrase_gemini,qwen,mistral,5,5 (The comment directly
8e4c3cae-3891-4fc3-9362-29f0a4c58909,askacademia_train,losing_paraphrase_gpt4omini,qwen,mistral,5,5 (The comment directly
8e4c3cae-3891-4fc3-9362-29f0a4c58909,askacademia_train,losing_paraphrase_gpt5nano,qwen,mistral,5,5
8e4c3cae-3891-4fc3-9362-29f0a4c58909,askacademia_train,losing_paraphrase_llama,qwen,mistral,5,5 (The comment directly
8e4c3cae-3891-4fc3-9362-29f0a4c58909,askacademia_train,losing_paraphrase_mistral,qwen,mistral,5,5 (The comment directly
8e4c3cae-3891-4fc3-9362-29f0a4c58909,askacademia_train,losing_paraphrase_qwen,qwen,mistral,5,5 (The comment directly
51e49a80-3feb-4313-81b7-b0e24b0ce9b7,askacademia_train,winning_text,qwen,mistral,5,5 (The comment directly
51e49a80-3feb-4313-81b7-b0e24b0ce9b7,askacademia_train,losing_text,qwen,mistral,4,"4

Explan"
51e49a80-3feb-4313-81b7-b0e24b0ce9b7,askacademia_train,losing_generate_claude,qwen,mistral,5,5
51e49a80-3feb-4313-81b7-b0e24b0ce9b7,askacademia_train,losing_generate_gemini,qwen,mistral,5,5 (The comment directly
51e49a80-3feb-4313-81b7-b0e24b0ce9b7,askacademia_train,losing_generate_gpt4omini,qwen,mistral,5,5
51e49a80-3feb-4313-81b7-b0e24b0ce9b7,askacademia_train,losing_generate_gpt5nano,qwen,mistral,5,5
51e49a80-3feb-4313-81b7-b0e24b0ce9b7,askacademia_train,losing_generate_llama,qwen,mistral,5,5 (The comment directly
51e49a80-3feb-4313-81b7-b0e24b0ce9b7,askacademia_train,losing_generate_mistral,qwen,mistral,5,5
51e49a80-3feb-4313-81b7-b0e24b0ce9b7,askacademia_train,losing_generate_qwen,qwen,mistral,5,5
51e49a80-3feb-4313-81b7-b0e24b0ce9b7,askacademia_train,losing_improve_claude,qwen,mistral,5,"5

The comment"
51e49a80-3feb-4313-81b7-b0e24b0ce9b7,askacademia_train,losing_improve_gemini,qwen,mistral,5,5
51e49a80-3feb-4313-81b7-b0e24b0ce9b7,askacademia_train,losing_improve_gpt4omini,qwen,mistral,5,5
51e49a80-3feb-4313-81b7-b0e24b0ce9b7,askacademia_train,losing_improve_gpt5nano,qwen,mistral,5,5
51e49a80-3feb-4313-81b7-b0e24b0ce9b7,askacademia_train,losing_improve_llama,qwen,mistral,4,"4

The comment"
51e49a80-3feb-4313-81b7-b0e24b0ce9b7,askacademia_train,losing_improve_mistral,qwen,mistral,5,5
51e49a80-3feb-4313-81b7-b0e24b0ce9b7,askacademia_train,losing_improve_qwen,qwen,mistral,4,"4

Explan"
51e49a80-3feb-4313-81b7-b0e24b0ce9b7,askacademia_train,losing_paraphrase_claude,qwen,mistral,5,5
51e49a80-3feb-4313-81b7-b0e24b0ce9b7,askacademia_train,losing_paraphrase_gemini,qwen,mistral,5,5 (The comment directly
51e49a80-3feb-4313-81b7-b0e24b0ce9b7,askacademia_train,losing_paraphrase_gpt4omini,qwen,mistral,5,5 (The comment directly
51e49a80-3feb-4313-81b7-b0e24b0ce9b7,askacademia_train,losing_paraphrase_gpt5nano,qwen,mistral,5,5 (The comment directly
51e49a80-3feb-4313-81b7-b0e24b0ce9b7,askacademia_train,losing_paraphrase_llama,qwen,mistral,5,5 (The comment directly
51e49a80-3feb-4313-81b7-b0e24b0ce9b7,askacademia_train,losing_paraphrase_mistral,qwen,mistral,5,5 (The comment directly
51e49a80-3feb-4313-81b7-b0e24b0ce9b7,askacademia_train,losing_paraphrase_qwen,qwen,mistral,5,5 (The comment directly
edab6669-55b9-41f7-ab14-4012082a57a5,askacademia_train,winning_text,qwen,mistral,2,"2

The comment"
edab6669-55b9-41f7-ab14-4012082a57a5,askacademia_train,losing_text,qwen,mistral,4,"4

Explan"
edab6669-55b9-41f7-ab14-4012082a57a5,askacademia_train,losing_generate_claude,qwen,mistral,5,5
edab6669-55b9-41f7-ab14-4012082a57a5,askacademia_train,losing_generate_gemini,qwen,mistral,5,5
edab6669-55b9-41f7-ab14-4012082a57a5,askacademia_train,losing_generate_gpt4omini,qwen,mistral,5,5
edab6669-55b9-41f7-ab14-4012082a57a5,askacademia_train,losing_generate_gpt5nano,qwen,mistral,5,5
edab6669-55b9-41f7-ab14-4012082a57a5,askacademia_train,losing_generate_llama,qwen,mistral,5,5
edab6669-55b9-41f7-ab14-4012082a57a5,askacademia_train,losing_generate_mistral,qwen,mistral,5,5 (The comment directly
edab6669-55b9-41f7-ab14-4012082a57a5,askacademia_train,losing_generate_qwen,qwen,mistral,5,5
edab6669-55b9-41f7-ab14-4012082a57a5,askacademia_train,losing_improve_claude,qwen,mistral,5,5
edab6669-55b9-41f7-ab14-4012082a57a5,askacademia_train,losing_improve_gemini,qwen,mistral,5,5
edab6669-55b9-41f7-ab14-4012082a57a5,askacademia_train,losing_improve_gpt4omini,qwen,mistral,5,5
edab6669-55b9-41f7-ab14-4012082a57a5,askacademia_train,losing_improve_gpt5nano,qwen,mistral,5,5
edab6669-55b9-41f7-ab14-4012082a57a5,askacademia_train,losing_improve_llama,qwen,mistral,4,"4

The comment"
edab6669-55b9-41f7-ab14-4012082a57a5,askacademia_train,losing_improve_mistral,qwen,mistral,5,5
edab6669-55b9-41f7-ab14-4012082a57a5,askacademia_train,losing_improve_qwen,qwen,mistral,4,"4

Explan"
edab6669-55b9-41f7-ab14-4012082a57a5,askacademia_train,losing_paraphrase_claude,qwen,mistral,5,5 (The comment directly
edab6669-55b9-41f7-ab14-4012082a57a5,askacademia_train,losing_paraphrase_gemini,qwen,mistral,2,"2

The comment"
edab6669-55b9-41f7-ab14-4012082a57a5,askacademia_train,losing_paraphrase_gpt4omini,qwen,mistral,5,5 (The comment directly
edab6669-55b9-41f7-ab14-4012082a57a5,askacademia_train,losing_paraphrase_gpt5nano,qwen,mistral,4,4 (The tone is
edab6669-55b9-41f7-ab14-4012082a57a5,askacademia_train,losing_paraphrase_llama,qwen,mistral,5,5 (The comment directly
edab6669-55b9-41f7-ab14-4012082a57a5,askacademia_train,losing_paraphrase_mistral,qwen,mistral,5,5 (The comment directly
edab6669-55b9-41f7-ab14-4012082a57a5,askacademia_train,losing_paraphrase_qwen,qwen,mistral,5,5 (The comment directly
9bd17922-ef84-4ccf-97b5-b8c240e76ac2,askacademia_train,winning_text,qwen,mistral,3,"3

Explan"
9bd17922-ef84-4ccf-97b5-b8c240e76ac2,askacademia_train,losing_text,qwen,mistral,2,"2

(Ex"
9bd17922-ef84-4ccf-97b5-b8c240e76ac2,askacademia_train,losing_generate_claude,qwen,mistral,5,5
9bd17922-ef84-4ccf-97b5-b8c240e76ac2,askacademia_train,losing_generate_gemini,qwen,mistral,5,5 (The comment directly
9bd17922-ef84-4ccf-97b5-b8c240e76ac2,askacademia_train,losing_generate_gpt4omini,qwen,mistral,5,5
9bd17922-ef84-4ccf-97b5-b8c240e76ac2,askacademia_train,losing_generate_gpt5nano,qwen,mistral,5,5
9bd17922-ef84-4ccf-97b5-b8c240e76ac2,askacademia_train,losing_generate_llama,qwen,mistral,5,5 (The comment directly
9bd17922-ef84-4ccf-97b5-b8c240e76ac2,askacademia_train,losing_generate_mistral,qwen,mistral,5,5
9bd17922-ef84-4ccf-97b5-b8c240e76ac2,askacademia_train,losing_generate_qwen,qwen,mistral,5,5
9bd17922-ef84-4ccf-97b5-b8c240e76ac2,askacademia_train,losing_improve_claude,qwen,mistral,5,5
9bd17922-ef84-4ccf-97b5-b8c240e76ac2,askacademia_train,losing_improve_gemini,qwen,mistral,4,4 (The tone is
9bd17922-ef84-4ccf-97b5-b8c240e76ac2,askacademia_train,losing_improve_gpt4omini,qwen,mistral,5,5
9bd17922-ef84-4ccf-97b5-b8c240e76ac2,askacademia_train,losing_improve_gpt5nano,qwen,mistral,5,5
9bd17922-ef84-4ccf-97b5-b8c240e76ac2,askacademia_train,losing_improve_llama,qwen,mistral,5,5
9bd17922-ef84-4ccf-97b5-b8c240e76ac2,askacademia_train,losing_improve_mistral,qwen,mistral,5,5 (The comment directly
9bd17922-ef84-4ccf-97b5-b8c240e76ac2,askacademia_train,losing_improve_qwen,qwen,mistral,5,5 (The comment directly
9bd17922-ef84-4ccf-97b5-b8c240e76ac2,askacademia_train,losing_paraphrase_claude,qwen,mistral,5,5
9bd17922-ef84-4ccf-97b5-b8c240e76ac2,askacademia_train,losing_paraphrase_gemini,qwen,mistral,2,"2

The comment"
9bd17922-ef84-4ccf-97b5-b8c240e76ac2,askacademia_train,losing_paraphrase_gpt4omini,qwen,mistral,3,"3

Explan"
9bd17922-ef84-4ccf-97b5-b8c240e76ac2,askacademia_train,losing_paraphrase_gpt5nano,qwen,mistral,2,"2

The comment"
9bd17922-ef84-4ccf-97b5-b8c240e76ac2,askacademia_train,losing_paraphrase_llama,qwen,mistral,AMBIG,The score for this forum comment
9bd17922-ef84-4ccf-97b5-b8c240e76ac2,askacademia_train,losing_paraphrase_mistral,qwen,mistral,AMBIG,The score for this forum comment
9bd17922-ef84-4ccf-97b5-b8c240e76ac2,askacademia_train,losing_paraphrase_qwen,qwen,mistral,5,5
281557e4-236f-4969-af9f-8945dea42926,askacademia_train,winning_text,qwen,mistral,4,4 (The comment is
281557e4-236f-4969-af9f-8945dea42926,askacademia_train,losing_text,qwen,mistral,2,"2

(Ex"
281557e4-236f-4969-af9f-8945dea42926,askacademia_train,losing_generate_claude,qwen,mistral,5,5
281557e4-236f-4969-af9f-8945dea42926,askacademia_train,losing_generate_gemini,qwen,mistral,5,5
281557e4-236f-4969-af9f-8945dea42926,askacademia_train,losing_generate_gpt4omini,qwen,mistral,5,5
281557e4-236f-4969-af9f-8945dea42926,askacademia_train,losing_generate_gpt5nano,qwen,mistral,5,5
281557e4-236f-4969-af9f-8945dea42926,askacademia_train,losing_generate_llama,qwen,mistral,5,5 (The comment directly
281557e4-236f-4969-af9f-8945dea42926,askacademia_train,losing_generate_mistral,qwen,mistral,5,5
281557e4-236f-4969-af9f-8945dea42926,askacademia_train,losing_generate_qwen,qwen,mistral,5,5 (The comment directly
281557e4-236f-4969-af9f-8945dea42926,askacademia_train,losing_improve_claude,qwen,mistral,5,5
281557e4-236f-4969-af9f-8945dea42926,askacademia_train,losing_improve_gemini,qwen,mistral,4,4 (The tone is
281557e4-236f-4969-af9f-8945dea42926,askacademia_train,losing_improve_gpt4omini,qwen,mistral,5,5
281557e4-236f-4969-af9f-8945dea42926,askacademia_train,losing_improve_gpt5nano,qwen,mistral,5,5
281557e4-236f-4969-af9f-8945dea42926,askacademia_train,losing_improve_llama,qwen,mistral,5,5
281557e4-236f-4969-af9f-8945dea42926,askacademia_train,losing_improve_mistral,qwen,mistral,5,5 (The comment directly
281557e4-236f-4969-af9f-8945dea42926,askacademia_train,losing_improve_qwen,qwen,mistral,5,5 (The comment directly
281557e4-236f-4969-af9f-8945dea42926,askacademia_train,losing_paraphrase_claude,qwen,mistral,5,5
281557e4-236f-4969-af9f-8945dea42926,askacademia_train,losing_paraphrase_gemini,qwen,mistral,3,"3

Explan"
281557e4-236f-4969-af9f-8945dea42926,askacademia_train,losing_paraphrase_gpt4omini,qwen,mistral,3,"3

Explan"
281557e4-236f-4969-af9f-8945dea42926,askacademia_train,losing_paraphrase_gpt5nano,qwen,mistral,2,"2

The response"
281557e4-236f-4969-af9f-8945dea42926,askacademia_train,losing_paraphrase_llama,qwen,mistral,AMBIG,The score for this forum comment
281557e4-236f-4969-af9f-8945dea42926,askacademia_train,losing_paraphrase_mistral,qwen,mistral,AMBIG,The score for this forum comment
281557e4-236f-4969-af9f-8945dea42926,askacademia_train,losing_paraphrase_qwen,qwen,mistral,5,5 (The comment directly
76ae0379-eee7-4ff5-9afc-90d02ea33d93,askacademia_train,winning_text,qwen,mistral,5,5
76ae0379-eee7-4ff5-9afc-90d02ea33d93,askacademia_train,losing_text,qwen,mistral,2,"2

(Ex"
76ae0379-eee7-4ff5-9afc-90d02ea33d93,askacademia_train,losing_generate_claude,qwen,mistral,5,5
76ae0379-eee7-4ff5-9afc-90d02ea33d93,askacademia_train,losing_generate_gemini,qwen,mistral,5,5 (The comment directly
76ae0379-eee7-4ff5-9afc-90d02ea33d93,askacademia_train,losing_generate_gpt4omini,qwen,mistral,5,5
76ae0379-eee7-4ff5-9afc-90d02ea33d93,askacademia_train,losing_generate_gpt5nano,qwen,mistral,5,5
76ae0379-eee7-4ff5-9afc-90d02ea33d93,askacademia_train,losing_generate_llama,qwen,mistral,5,5
76ae0379-eee7-4ff5-9afc-90d02ea33d93,askacademia_train,losing_generate_mistral,qwen,mistral,5,5
76ae0379-eee7-4ff5-9afc-90d02ea33d93,askacademia_train,losing_generate_qwen,qwen,mistral,5,5 (The comment directly
76ae0379-eee7-4ff5-9afc-90d02ea33d93,askacademia_train,losing_improve_claude,qwen,mistral,5,5
76ae0379-eee7-4ff5-9afc-90d02ea33d93,askacademia_train,losing_improve_gemini,qwen,mistral,4,4 (The tone is
76ae0379-eee7-4ff5-9afc-90d02ea33d93,askacademia_train,losing_improve_gpt4omini,qwen,mistral,5,5
76ae0379-eee7-4ff5-9afc-90d02ea33d93,askacademia_train,losing_improve_gpt5nano,qwen,mistral,5,5
76ae0379-eee7-4ff5-9afc-90d02ea33d93,askacademia_train,losing_improve_llama,qwen,mistral,5,5
76ae0379-eee7-4ff5-9afc-90d02ea33d93,askacademia_train,losing_improve_mistral,qwen,mistral,5,5 (The comment directly
76ae0379-eee7-4ff5-9afc-90d02ea33d93,askacademia_train,losing_improve_qwen,qwen,mistral,5,5 (The comment directly
76ae0379-eee7-4ff5-9afc-90d02ea33d93,askacademia_train,losing_paraphrase_claude,qwen,mistral,5,5
76ae0379-eee7-4ff5-9afc-90d02ea33d93,askacademia_train,losing_paraphrase_gemini,qwen,mistral,3,"3

The comment"
76ae0379-eee7-4ff5-9afc-90d02ea33d93,askacademia_train,losing_paraphrase_gpt4omini,qwen,mistral,3,"3

Explan"
76ae0379-eee7-4ff5-9afc-90d02ea33d93,askacademia_train,losing_paraphrase_gpt5nano,qwen,mistral,3,"3

Explan"
76ae0379-eee7-4ff5-9afc-90d02ea33d93,askacademia_train,losing_paraphrase_llama,qwen,mistral,AMBIG,The score for this forum comment
76ae0379-eee7-4ff5-9afc-90d02ea33d93,askacademia_train,losing_paraphrase_mistral,qwen,mistral,AMBIG,The score for this forum comment
76ae0379-eee7-4ff5-9afc-90d02ea33d93,askacademia_train,losing_paraphrase_qwen,qwen,mistral,5,5 (The comment directly
8566bc4c-e31a-4052-93ff-7c6c11e900d8,askacademia_train,winning_text,qwen,mistral,2,"2

The comment"
8566bc4c-e31a-4052-93ff-7c6c11e900d8,askacademia_train,losing_text,qwen,mistral,2,"2

(Ex"
8566bc4c-e31a-4052-93ff-7c6c11e900d8,askacademia_train,losing_generate_claude,qwen,mistral,5,5
8566bc4c-e31a-4052-93ff-7c6c11e900d8,askacademia_train,losing_generate_gemini,qwen,mistral,5,5
8566bc4c-e31a-4052-93ff-7c6c11e900d8,askacademia_train,losing_generate_gpt4omini,qwen,mistral,5,5
8566bc4c-e31a-4052-93ff-7c6c11e900d8,askacademia_train,losing_generate_gpt5nano,qwen,mistral,5,5
8566bc4c-e31a-4052-93ff-7c6c11e900d8,askacademia_train,losing_generate_llama,qwen,mistral,5,5 (The comment directly
8566bc4c-e31a-4052-93ff-7c6c11e900d8,askacademia_train,losing_generate_mistral,qwen,mistral,5,5 (The comment directly
8566bc4c-e31a-4052-93ff-7c6c11e900d8,askacademia_train,losing_generate_qwen,qwen,mistral,5,5 (The comment directly
8566bc4c-e31a-4052-93ff-7c6c11e900d8,askacademia_train,losing_improve_claude,qwen,mistral,5,5 (The comment directly
8566bc4c-e31a-4052-93ff-7c6c11e900d8,askacademia_train,losing_improve_gemini,qwen,mistral,4,4 (The tone is
8566bc4c-e31a-4052-93ff-7c6c11e900d8,askacademia_train,losing_improve_gpt4omini,qwen,mistral,5,5
8566bc4c-e31a-4052-93ff-7c6c11e900d8,askacademia_train,losing_improve_gpt5nano,qwen,mistral,5,5 (The comment directly
8566bc4c-e31a-4052-93ff-7c6c11e900d8,askacademia_train,losing_improve_llama,qwen,mistral,5,5
8566bc4c-e31a-4052-93ff-7c6c11e900d8,askacademia_train,losing_improve_mistral,qwen,mistral,5,5
8566bc4c-e31a-4052-93ff-7c6c11e900d8,askacademia_train,losing_improve_qwen,qwen,mistral,5,5
8566bc4c-e31a-4052-93ff-7c6c11e900d8,askacademia_train,losing_paraphrase_claude,qwen,mistral,5,5 (The comment directly
8566bc4c-e31a-4052-93ff-7c6c11e900d8,askacademia_train,losing_paraphrase_gemini,qwen,mistral,3,"3

The comment"
8566bc4c-e31a-4052-93ff-7c6c11e900d8,askacademia_train,losing_paraphrase_gpt4omini,qwen,mistral,3,"3

Explan"
8566bc4c-e31a-4052-93ff-7c6c11e900d8,askacademia_train,losing_paraphrase_gpt5nano,qwen,mistral,3,"3

Explan"
8566bc4c-e31a-4052-93ff-7c6c11e900d8,askacademia_train,losing_paraphrase_llama,qwen,mistral,AMBIG,The score for this forum comment
8566bc4c-e31a-4052-93ff-7c6c11e900d8,askacademia_train,losing_paraphrase_mistral,qwen,mistral,AMBIG,The score for this forum comment
8566bc4c-e31a-4052-93ff-7c6c11e900d8,askacademia_train,losing_paraphrase_qwen,qwen,mistral,5,5 (The comment directly
75777e87-b947-43a4-8f55-1a161ce4d8aa,askacademia_train,winning_text,qwen,mistral,3,"3

Explan"
75777e87-b947-43a4-8f55-1a161ce4d8aa,askacademia_train,losing_text,qwen,mistral,2,"2

The comment"
75777e87-b947-43a4-8f55-1a161ce4d8aa,askacademia_train,losing_generate_claude,qwen,mistral,5,5
75777e87-b947-43a4-8f55-1a161ce4d8aa,askacademia_train,losing_generate_gemini,qwen,mistral,5,5 (The comment directly
75777e87-b947-43a4-8f55-1a161ce4d8aa,askacademia_train,losing_generate_gpt4omini,qwen,mistral,5,5
75777e87-b947-43a4-8f55-1a161ce4d8aa,askacademia_train,losing_generate_gpt5nano,qwen,mistral,5,5
75777e87-b947-43a4-8f55-1a161ce4d8aa,askacademia_train,losing_generate_llama,qwen,mistral,5,5 (The comment directly
75777e87-b947-43a4-8f55-1a161ce4d8aa,askacademia_train,losing_generate_mistral,qwen,mistral,5,5 (The comment directly
75777e87-b947-43a4-8f55-1a161ce4d8aa,askacademia_train,losing_generate_qwen,qwen,mistral,5,5 (The comment directly
75777e87-b947-43a4-8f55-1a161ce4d8aa,askacademia_train,losing_improve_claude,qwen,mistral,5,5
75777e87-b947-43a4-8f55-1a161ce4d8aa,askacademia_train,losing_improve_gemini,qwen,mistral,4,4 (The tone is
75777e87-b947-43a4-8f55-1a161ce4d8aa,askacademia_train,losing_improve_gpt4omini,qwen,mistral,5,5
75777e87-b947-43a4-8f55-1a161ce4d8aa,askacademia_train,losing_improve_gpt5nano,qwen,mistral,5,5
75777e87-b947-43a4-8f55-1a161ce4d8aa,askacademia_train,losing_improve_llama,qwen,mistral,5,5
75777e87-b947-43a4-8f55-1a161ce4d8aa,askacademia_train,losing_improve_mistral,qwen,mistral,5,5 (The comment directly
75777e87-b947-43a4-8f55-1a161ce4d8aa,askacademia_train,losing_improve_qwen,qwen,mistral,5,5
75777e87-b947-43a4-8f55-1a161ce4d8aa,askacademia_train,losing_paraphrase_claude,qwen,mistral,5,5 (The comment directly
75777e87-b947-43a4-8f55-1a161ce4d8aa,askacademia_train,losing_paraphrase_gemini,qwen,mistral,4,4 (The comment has
75777e87-b947-43a4-8f55-1a161ce4d8aa,askacademia_train,losing_paraphrase_gpt4omini,qwen,mistral,3,"3

Explan"
75777e87-b947-43a4-8f55-1a161ce4d8aa,askacademia_train,losing_paraphrase_gpt5nano,qwen,mistral,2,"2

The response"
75777e87-b947-43a4-8f55-1a161ce4d8aa,askacademia_train,losing_paraphrase_llama,qwen,mistral,AMBIG,The score for this forum comment
75777e87-b947-43a4-8f55-1a161ce4d8aa,askacademia_train,losing_paraphrase_mistral,qwen,mistral,AMBIG,The score for this forum comment
75777e87-b947-43a4-8f55-1a161ce4d8aa,askacademia_train,losing_paraphrase_qwen,qwen,mistral,5,5 (The comment directly
2fa593d6-862d-49a7-b291-2f0fb7d29253,askacademia_train,winning_text,qwen,mistral,3,"3

Explan"
2fa593d6-862d-49a7-b291-2f0fb7d29253,askacademia_train,losing_text,qwen,mistral,5,5
2fa593d6-862d-49a7-b291-2f0fb7d29253,askacademia_train,losing_generate_claude,qwen,mistral,5,5
2fa593d6-862d-49a7-b291-2f0fb7d29253,askacademia_train,losing_generate_gemini,qwen,mistral,5,5
2fa593d6-862d-49a7-b291-2f0fb7d29253,askacademia_train,losing_generate_gpt4omini,qwen,mistral,5,5
2fa593d6-862d-49a7-b291-2f0fb7d29253,askacademia_train,losing_generate_gpt5nano,qwen,mistral,AMBIG,The score for this forum comment
2fa593d6-862d-49a7-b291-2f0fb7d29253,askacademia_train,losing_generate_llama,qwen,mistral,5,5
2fa593d6-862d-49a7-b291-2f0fb7d29253,askacademia_train,losing_generate_mistral,qwen,mistral,5,5
2fa593d6-862d-49a7-b291-2f0fb7d29253,askacademia_train,losing_generate_qwen,qwen,mistral,5,5
2fa593d6-862d-49a7-b291-2f0fb7d29253,askacademia_train,losing_improve_claude,qwen,mistral,5,5 (The comment directly
2fa593d6-862d-49a7-b291-2f0fb7d29253,askacademia_train,losing_improve_gemini,qwen,mistral,5,5
2fa593d6-862d-49a7-b291-2f0fb7d29253,askacademia_train,losing_improve_gpt4omini,qwen,mistral,5,5
2fa593d6-862d-49a7-b291-2f0fb7d29253,askacademia_train,losing_improve_gpt5nano,qwen,mistral,5,5
2fa593d6-862d-49a7-b291-2f0fb7d29253,askacademia_train,losing_improve_llama,qwen,mistral,5,5
2fa593d6-862d-49a7-b291-2f0fb7d29253,askacademia_train,losing_improve_qwen,qwen,mistral,5,5 (The comment directly
2fa593d6-862d-49a7-b291-2f0fb7d29253,askacademia_train,losing_paraphrase_claude,qwen,mistral,5,5
2fa593d6-862d-49a7-b291-2f0fb7d29253,askacademia_train,losing_paraphrase_gemini,qwen,mistral,4,4 (The comment has
2fa593d6-862d-49a7-b291-2f0fb7d29253,askacademia_train,losing_paraphrase_gpt4omini,qwen,mistral,5,5
2fa593d6-862d-49a7-b291-2f0fb7d29253,askacademia_train,losing_paraphrase_gpt5nano,qwen,mistral,5,5 (The comment directly
2fa593d6-862d-49a7-b291-2f0fb7d29253,askacademia_train,losing_paraphrase_llama,qwen,mistral,5,5
2fa593d6-862d-49a7-b291-2f0fb7d29253,askacademia_train,losing_paraphrase_mistral,qwen,mistral,5,5
2fa593d6-862d-49a7-b291-2f0fb7d29253,askacademia_train,losing_paraphrase_qwen,qwen,mistral,5,5 (The comment directly
b03c3e49-bd3f-42a1-a6d2-e07db2d427e4,askacademia_train,winning_text,qwen,mistral,4,"4

Although"
b03c3e49-bd3f-42a1-a6d2-e07db2d427e4,askacademia_train,losing_text,qwen,mistral,5,5
b03c3e49-bd3f-42a1-a6d2-e07db2d427e4,askacademia_train,losing_generate_claude,qwen,mistral,5,5
b03c3e49-bd3f-42a1-a6d2-e07db2d427e4,askacademia_train,losing_generate_gemini,qwen,mistral,5,5 (The comment directly
b03c3e49-bd3f-42a1-a6d2-e07db2d427e4,askacademia_train,losing_generate_gpt4omini,qwen,mistral,5,5
b03c3e49-bd3f-42a1-a6d2-e07db2d427e4,askacademia_train,losing_generate_gpt5nano,qwen,mistral,5,5
b03c3e49-bd3f-42a1-a6d2-e07db2d427e4,askacademia_train,losing_generate_llama,qwen,mistral,5,5 (The comment directly
b03c3e49-bd3f-42a1-a6d2-e07db2d427e4,askacademia_train,losing_generate_mistral,qwen,mistral,5,5
b03c3e49-bd3f-42a1-a6d2-e07db2d427e4,askacademia_train,losing_generate_qwen,qwen,mistral,5,5
b03c3e49-bd3f-42a1-a6d2-e07db2d427e4,askacademia_train,losing_improve_claude,qwen,mistral,5,5 (The comment directly
b03c3e49-bd3f-42a1-a6d2-e07db2d427e4,askacademia_train,losing_improve_gemini,qwen,mistral,5,5
b03c3e49-bd3f-42a1-a6d2-e07db2d427e4,askacademia_train,losing_improve_gpt4omini,qwen,mistral,5,5 (The comment directly
b03c3e49-bd3f-42a1-a6d2-e07db2d427e4,askacademia_train,losing_improve_gpt5nano,qwen,mistral,5,5
b03c3e49-bd3f-42a1-a6d2-e07db2d427e4,askacademia_train,losing_improve_llama,qwen,mistral,5,5 (The comment directly
b03c3e49-bd3f-42a1-a6d2-e07db2d427e4,askacademia_train,losing_improve_mistral,qwen,mistral,5,5 (The comment directly
b03c3e49-bd3f-42a1-a6d2-e07db2d427e4,askacademia_train,losing_improve_qwen,qwen,mistral,5,5
b03c3e49-bd3f-42a1-a6d2-e07db2d427e4,askacademia_train,losing_paraphrase_claude,qwen,mistral,5,5 (The comment directly
b03c3e49-bd3f-42a1-a6d2-e07db2d427e4,askacademia_train,losing_paraphrase_gemini,qwen,mistral,4,4 (The comment has
b03c3e49-bd3f-42a1-a6d2-e07db2d427e4,askacademia_train,losing_paraphrase_gpt4omini,qwen,mistral,5,5 (The comment directly
b03c3e49-bd3f-42a1-a6d2-e07db2d427e4,askacademia_train,losing_paraphrase_gpt5nano,qwen,mistral,5,5
b03c3e49-bd3f-42a1-a6d2-e07db2d427e4,askacademia_train,losing_paraphrase_llama,qwen,mistral,5,5
b03c3e49-bd3f-42a1-a6d2-e07db2d427e4,askacademia_train,losing_paraphrase_mistral,qwen,mistral,5,5 (The comment directly
b03c3e49-bd3f-42a1-a6d2-e07db2d427e4,askacademia_train,losing_paraphrase_qwen,qwen,mistral,5,5
2673a57c-9e03-40e8-b2cb-0d0a42091ec6,askacademia_train,winning_text,qwen,mistral,3,"3

Explan"
2673a57c-9e03-40e8-b2cb-0d0a42091ec6,askacademia_train,losing_text,qwen,mistral,2,"2

(The"
2673a57c-9e03-40e8-b2cb-0d0a42091ec6,askacademia_train,losing_generate_claude,qwen,mistral,5,5
2673a57c-9e03-40e8-b2cb-0d0a42091ec6,askacademia_train,losing_generate_gemini,qwen,mistral,5,5
2673a57c-9e03-40e8-b2cb-0d0a42091ec6,askacademia_train,losing_generate_gpt4omini,qwen,mistral,5,5
2673a57c-9e03-40e8-b2cb-0d0a42091ec6,askacademia_train,losing_generate_gpt5nano,qwen,mistral,5,5
2673a57c-9e03-40e8-b2cb-0d0a42091ec6,askacademia_train,losing_generate_llama,qwen,mistral,5,5 (The comment directly
2673a57c-9e03-40e8-b2cb-0d0a42091ec6,askacademia_train,losing_generate_mistral,qwen,mistral,5,5 (The comment directly
2673a57c-9e03-40e8-b2cb-0d0a42091ec6,askacademia_train,losing_generate_qwen,qwen,mistral,5,5 (The comment directly
2673a57c-9e03-40e8-b2cb-0d0a42091ec6,askacademia_train,losing_improve_claude,qwen,mistral,5,5
2673a57c-9e03-40e8-b2cb-0d0a42091ec6,askacademia_train,losing_improve_gemini,qwen,mistral,2,"2

The comment"
2673a57c-9e03-40e8-b2cb-0d0a42091ec6,askacademia_train,losing_improve_gpt4omini,qwen,mistral,5,5 (The comment directly
2673a57c-9e03-40e8-b2cb-0d0a42091ec6,askacademia_train,losing_improve_gpt5nano,qwen,mistral,5,5
2673a57c-9e03-40e8-b2cb-0d0a42091ec6,askacademia_train,losing_improve_llama,qwen,mistral,3,"3

Explan"
2673a57c-9e03-40e8-b2cb-0d0a42091ec6,askacademia_train,losing_improve_mistral,qwen,mistral,2,"2

The comment"
2673a57c-9e03-40e8-b2cb-0d0a42091ec6,askacademia_train,losing_improve_qwen,qwen,mistral,2,"2

(The"
2673a57c-9e03-40e8-b2cb-0d0a42091ec6,askacademia_train,losing_paraphrase_claude,qwen,mistral,4,4 (the comment demonstr
2673a57c-9e03-40e8-b2cb-0d0a42091ec6,askacademia_train,losing_paraphrase_gemini,qwen,mistral,5,5 (The comment directly
2673a57c-9e03-40e8-b2cb-0d0a42091ec6,askacademia_train,losing_paraphrase_gpt4omini,qwen,mistral,2,"2

(The"
2673a57c-9e03-40e8-b2cb-0d0a42091ec6,askacademia_train,losing_paraphrase_gpt5nano,qwen,mistral,2,"2

(The"
2673a57c-9e03-40e8-b2cb-0d0a42091ec6,askacademia_train,losing_paraphrase_llama,qwen,mistral,3,"3

Explan"
2673a57c-9e03-40e8-b2cb-0d0a42091ec6,askacademia_train,losing_paraphrase_mistral,qwen,mistral,2,"2

(The"
2673a57c-9e03-40e8-b2cb-0d0a42091ec6,askacademia_train,losing_paraphrase_qwen,qwen,mistral,2,"2

(The"
2b91ad7f-a14b-4847-9f52-103a101a861e,askacademia_train,winning_text,qwen,mistral,3,"3

Explan"
2b91ad7f-a14b-4847-9f52-103a101a861e,askacademia_train,losing_text,qwen,mistral,2,"2

Explan"
2b91ad7f-a14b-4847-9f52-103a101a861e,askacademia_train,losing_generate_claude,qwen,mistral,5,5
2b91ad7f-a14b-4847-9f52-103a101a861e,askacademia_train,losing_generate_gemini,qwen,mistral,5,5 (The comment directly
2b91ad7f-a14b-4847-9f52-103a101a861e,askacademia_train,losing_generate_gpt4omini,qwen,mistral,5,5
2b91ad7f-a14b-4847-9f52-103a101a861e,askacademia_train,losing_generate_gpt5nano,qwen,mistral,5,5 (The comment directly
2b91ad7f-a14b-4847-9f52-103a101a861e,askacademia_train,losing_generate_llama,qwen,mistral,5,5 (The comment directly
2b91ad7f-a14b-4847-9f52-103a101a861e,askacademia_train,losing_generate_mistral,qwen,mistral,5,5
2b91ad7f-a14b-4847-9f52-103a101a861e,askacademia_train,losing_generate_qwen,qwen,mistral,5,5
2b91ad7f-a14b-4847-9f52-103a101a861e,askacademia_train,losing_improve_claude,qwen,mistral,5,5
2b91ad7f-a14b-4847-9f52-103a101a861e,askacademia_train,losing_improve_gemini,qwen,mistral,3,3 (Relevance
2b91ad7f-a14b-4847-9f52-103a101a861e,askacademia_train,losing_improve_gpt4omini,qwen,mistral,5,5
2b91ad7f-a14b-4847-9f52-103a101a861e,askacademia_train,losing_improve_gpt5nano,qwen,mistral,5,5 (The comment directly
2b91ad7f-a14b-4847-9f52-103a101a861e,askacademia_train,losing_improve_llama,qwen,mistral,5,5 (The comment directly
2b91ad7f-a14b-4847-9f52-103a101a861e,askacademia_train,losing_improve_mistral,qwen,mistral,3,3
2b91ad7f-a14b-4847-9f52-103a101a861e,askacademia_train,losing_improve_qwen,qwen,mistral,3,3
2b91ad7f-a14b-4847-9f52-103a101a861e,askacademia_train,losing_paraphrase_claude,qwen,mistral,3,"3

Explan"
2b91ad7f-a14b-4847-9f52-103a101a861e,askacademia_train,losing_paraphrase_gemini,qwen,mistral,5,5 (The comment directly
2b91ad7f-a14b-4847-9f52-103a101a861e,askacademia_train,losing_paraphrase_gpt4omini,qwen,mistral,3,"3

Explan"
2b91ad7f-a14b-4847-9f52-103a101a861e,askacademia_train,losing_paraphrase_gpt5nano,qwen,mistral,2,"2

(The"
2b91ad7f-a14b-4847-9f52-103a101a861e,askacademia_train,losing_paraphrase_llama,qwen,mistral,2,2
2b91ad7f-a14b-4847-9f52-103a101a861e,askacademia_train,losing_paraphrase_mistral,qwen,mistral,2,"2

The comment"
2b91ad7f-a14b-4847-9f52-103a101a861e,askacademia_train,losing_paraphrase_qwen,qwen,mistral,3,"3

Explan"
46930bb5-0654-461d-822e-8002dd40b5f3,askacademia_train,winning_text,qwen,mistral,2,"2

The comment"
46930bb5-0654-461d-822e-8002dd40b5f3,askacademia_train,losing_text,qwen,mistral,3,"3

Explan"
46930bb5-0654-461d-822e-8002dd40b5f3,askacademia_train,losing_generate_claude,qwen,mistral,5,5
46930bb5-0654-461d-822e-8002dd40b5f3,askacademia_train,losing_generate_gemini,qwen,mistral,5,5
46930bb5-0654-461d-822e-8002dd40b5f3,askacademia_train,losing_generate_gpt4omini,qwen,mistral,5,5
46930bb5-0654-461d-822e-8002dd40b5f3,askacademia_train,losing_generate_gpt5nano,qwen,mistral,5,5
46930bb5-0654-461d-822e-8002dd40b5f3,askacademia_train,losing_generate_llama,qwen,mistral,5,5
46930bb5-0654-461d-822e-8002dd40b5f3,askacademia_train,losing_generate_mistral,qwen,mistral,5,5
46930bb5-0654-461d-822e-8002dd40b5f3,askacademia_train,losing_generate_qwen,qwen,mistral,5,5
46930bb5-0654-461d-822e-8002dd40b5f3,askacademia_train,losing_improve_claude,qwen,mistral,5,5
46930bb5-0654-461d-822e-8002dd40b5f3,askacademia_train,losing_improve_gemini,qwen,mistral,5,5
46930bb5-0654-461d-822e-8002dd40b5f3,askacademia_train,losing_improve_gpt4omini,qwen,mistral,5,5 (The comment directly
46930bb5-0654-461d-822e-8002dd40b5f3,askacademia_train,losing_improve_gpt5nano,qwen,mistral,5,5
46930bb5-0654-461d-822e-8002dd40b5f3,askacademia_train,losing_improve_llama,qwen,mistral,5,5 (The comment directly
46930bb5-0654-461d-822e-8002dd40b5f3,askacademia_train,losing_improve_mistral,qwen,mistral,3,3 (Relevance
46930bb5-0654-461d-822e-8002dd40b5f3,askacademia_train,losing_improve_qwen,qwen,mistral,5,5 (The comment directly
46930bb5-0654-461d-822e-8002dd40b5f3,askacademia_train,losing_paraphrase_claude,qwen,mistral,4,"4

Explan"
46930bb5-0654-461d-822e-8002dd40b5f3,askacademia_train,losing_paraphrase_gemini,qwen,mistral,5,5 (The comment directly
46930bb5-0654-461d-822e-8002dd40b5f3,askacademia_train,losing_paraphrase_gpt4omini,qwen,mistral,3,"3

Explan"
46930bb5-0654-461d-822e-8002dd40b5f3,askacademia_train,losing_paraphrase_gpt5nano,qwen,mistral,4,4 (The tone is
46930bb5-0654-461d-822e-8002dd40b5f3,askacademia_train,losing_paraphrase_llama,qwen,mistral,5,5 (The comment directly
46930bb5-0654-461d-822e-8002dd40b5f3,askacademia_train,losing_paraphrase_mistral,qwen,mistral,3,3 (Relevance
46930bb5-0654-461d-822e-8002dd40b5f3,askacademia_train,losing_paraphrase_qwen,qwen,mistral,3,"3

Explan"
59e9e5ed-9fa2-46e4-96fc-5cda09d749e0,askacademia_train,winning_text,qwen,mistral,2,"2

The comment"
59e9e5ed-9fa2-46e4-96fc-5cda09d749e0,askacademia_train,losing_text,qwen,mistral,3,"3

The comment"
59e9e5ed-9fa2-46e4-96fc-5cda09d749e0,askacademia_train,losing_generate_claude,qwen,mistral,5,5
59e9e5ed-9fa2-46e4-96fc-5cda09d749e0,askacademia_train,losing_generate_gemini,qwen,mistral,5,5
59e9e5ed-9fa2-46e4-96fc-5cda09d749e0,askacademia_train,losing_generate_gpt4omini,qwen,mistral,5,5
59e9e5ed-9fa2-46e4-96fc-5cda09d749e0,askacademia_train,losing_generate_gpt5nano,qwen,mistral,5,5
59e9e5ed-9fa2-46e4-96fc-5cda09d749e0,askacademia_train,losing_generate_llama,qwen,mistral,5,5 (The comment directly
59e9e5ed-9fa2-46e4-96fc-5cda09d749e0,askacademia_train,losing_generate_mistral,qwen,mistral,5,5
59e9e5ed-9fa2-46e4-96fc-5cda09d749e0,askacademia_train,losing_generate_qwen,qwen,mistral,5,5
59e9e5ed-9fa2-46e4-96fc-5cda09d749e0,askacademia_train,losing_improve_claude,qwen,mistral,5,5
59e9e5ed-9fa2-46e4-96fc-5cda09d749e0,askacademia_train,losing_improve_gemini,qwen,mistral,3,"3

The comment"
59e9e5ed-9fa2-46e4-96fc-5cda09d749e0,askacademia_train,losing_improve_gpt4omini,qwen,mistral,3,"3

The comment"
59e9e5ed-9fa2-46e4-96fc-5cda09d749e0,askacademia_train,losing_improve_gpt5nano,qwen,mistral,4,4 (The tone is
59e9e5ed-9fa2-46e4-96fc-5cda09d749e0,askacademia_train,losing_improve_llama,qwen,mistral,3,"3

Explan"
59e9e5ed-9fa2-46e4-96fc-5cda09d749e0,askacademia_train,losing_improve_mistral,qwen,mistral,2,"2

The comment"
59e9e5ed-9fa2-46e4-96fc-5cda09d749e0,askacademia_train,losing_improve_qwen,qwen,mistral,3,"3

Explan"
59e9e5ed-9fa2-46e4-96fc-5cda09d749e0,askacademia_train,losing_paraphrase_claude,qwen,mistral,3,"3

The comment"
59e9e5ed-9fa2-46e4-96fc-5cda09d749e0,askacademia_train,losing_paraphrase_gemini,qwen,mistral,5,5 (The comment directly
59e9e5ed-9fa2-46e4-96fc-5cda09d749e0,askacademia_train,losing_paraphrase_gpt4omini,qwen,mistral,2,"2

The comment"
59e9e5ed-9fa2-46e4-96fc-5cda09d749e0,askacademia_train,losing_paraphrase_gpt5nano,qwen,mistral,3,"3

Explan"
59e9e5ed-9fa2-46e4-96fc-5cda09d749e0,askacademia_train,losing_paraphrase_llama,qwen,mistral,3,"3

Explan"
59e9e5ed-9fa2-46e4-96fc-5cda09d749e0,askacademia_train,losing_paraphrase_mistral,qwen,mistral,2,"2

The comment"
59e9e5ed-9fa2-46e4-96fc-5cda09d749e0,askacademia_train,losing_paraphrase_qwen,qwen,mistral,3,"3

The comment"
a74e5f6d-3cab-4fbe-a6aa-2ca6cdb66992,askacademia_train,winning_text,qwen,mistral,1,1 (The comment is
a74e5f6d-3cab-4fbe-a6aa-2ca6cdb66992,askacademia_train,losing_text,qwen,mistral,3,"3

Explan"
a74e5f6d-3cab-4fbe-a6aa-2ca6cdb66992,askacademia_train,losing_generate_claude,qwen,mistral,5,5
a74e5f6d-3cab-4fbe-a6aa-2ca6cdb66992,askacademia_train,losing_generate_gemini,qwen,mistral,5,5 (The comment directly
a74e5f6d-3cab-4fbe-a6aa-2ca6cdb66992,askacademia_train,losing_generate_gpt4omini,qwen,mistral,5,5
a74e5f6d-3cab-4fbe-a6aa-2ca6cdb66992,askacademia_train,losing_generate_gpt5nano,qwen,mistral,5,5
a74e5f6d-3cab-4fbe-a6aa-2ca6cdb66992,askacademia_train,losing_generate_llama,qwen,mistral,5,5 (The comment directly
a74e5f6d-3cab-4fbe-a6aa-2ca6cdb66992,askacademia_train,losing_generate_mistral,qwen,mistral,5,5
a74e5f6d-3cab-4fbe-a6aa-2ca6cdb66992,askacademia_train,losing_generate_qwen,qwen,mistral,5,5 (The comment directly
a74e5f6d-3cab-4fbe-a6aa-2ca6cdb66992,askacademia_train,losing_improve_claude,qwen,mistral,5,5 (The comment directly
a74e5f6d-3cab-4fbe-a6aa-2ca6cdb66992,askacademia_train,losing_improve_gemini,qwen,mistral,3,"3

The comment"
a74e5f6d-3cab-4fbe-a6aa-2ca6cdb66992,askacademia_train,losing_improve_gpt4omini,qwen,mistral,3,"3

Explan"
a74e5f6d-3cab-4fbe-a6aa-2ca6cdb66992,askacademia_train,losing_improve_gpt5nano,qwen,mistral,4,"4

The comment"
a74e5f6d-3cab-4fbe-a6aa-2ca6cdb66992,askacademia_train,losing_improve_llama,qwen,mistral,3,"3

Explan"
a74e5f6d-3cab-4fbe-a6aa-2ca6cdb66992,askacademia_train,losing_improve_mistral,qwen,mistral,2,"2

The comment"
a74e5f6d-3cab-4fbe-a6aa-2ca6cdb66992,askacademia_train,losing_improve_qwen,qwen,mistral,3,"3

Explan"
a74e5f6d-3cab-4fbe-a6aa-2ca6cdb66992,askacademia_train,losing_paraphrase_claude,qwen,mistral,3,"3

The comment"
a74e5f6d-3cab-4fbe-a6aa-2ca6cdb66992,askacademia_train,losing_paraphrase_gemini,qwen,mistral,4,4 (The tone is
a74e5f6d-3cab-4fbe-a6aa-2ca6cdb66992,askacademia_train,losing_paraphrase_gpt4omini,qwen,mistral,2,"2

The comment"
a74e5f6d-3cab-4fbe-a6aa-2ca6cdb66992,askacademia_train,losing_paraphrase_gpt5nano,qwen,mistral,3,"3

Explan"
a74e5f6d-3cab-4fbe-a6aa-2ca6cdb66992,askacademia_train,losing_paraphrase_llama,qwen,mistral,3,"3

Explan"
a74e5f6d-3cab-4fbe-a6aa-2ca6cdb66992,askacademia_train,losing_paraphrase_mistral,qwen,mistral,3,"3

The comment"
a74e5f6d-3cab-4fbe-a6aa-2ca6cdb66992,askacademia_train,losing_paraphrase_qwen,qwen,mistral,3,"3

The comment"
1f654db6-e806-446d-a378-977585756ff1,askacademia_train,winning_text,qwen,mistral,2,"2

The comment"
1f654db6-e806-446d-a378-977585756ff1,askacademia_train,losing_text,qwen,mistral,AMBIG,Based on the scoring rubric
1f654db6-e806-446d-a378-977585756ff1,askacademia_train,losing_generate_claude,qwen,mistral,5,5
1f654db6-e806-446d-a378-977585756ff1,askacademia_train,losing_generate_gemini,qwen,mistral,5,5
1f654db6-e806-446d-a378-977585756ff1,askacademia_train,losing_generate_gpt4omini,qwen,mistral,5,5
1f654db6-e806-446d-a378-977585756ff1,askacademia_train,losing_generate_gpt5nano,qwen,mistral,5,5 (The comment directly
1f654db6-e806-446d-a378-977585756ff1,askacademia_train,losing_generate_llama,qwen,mistral,5,5 (The comment directly
1f654db6-e806-446d-a378-977585756ff1,askacademia_train,losing_generate_mistral,qwen,mistral,5,5
1f654db6-e806-446d-a378-977585756ff1,askacademia_train,losing_generate_qwen,qwen,mistral,5,5
1f654db6-e806-446d-a378-977585756ff1,askacademia_train,losing_improve_claude,qwen,mistral,5,5 (The comment directly
1f654db6-e806-446d-a378-977585756ff1,askacademia_train,losing_improve_gemini,qwen,mistral,5,5 (The comment directly
1f654db6-e806-446d-a378-977585756ff1,askacademia_train,losing_improve_gpt4omini,qwen,mistral,5,5
1f654db6-e806-446d-a378-977585756ff1,askacademia_train,losing_improve_gpt5nano,qwen,mistral,5,5 (The comment directly
1f654db6-e806-446d-a378-977585756ff1,askacademia_train,losing_improve_llama,qwen,mistral,2,2
1f654db6-e806-446d-a378-977585756ff1,askacademia_train,losing_improve_mistral,qwen,mistral,5,5 (The comment directly
1f654db6-e806-446d-a378-977585756ff1,askacademia_train,losing_improve_qwen,qwen,mistral,2,"2

Explan"
1f654db6-e806-446d-a378-977585756ff1,askacademia_train,losing_paraphrase_claude,qwen,mistral,5,5 (The comment directly
1f654db6-e806-446d-a378-977585756ff1,askacademia_train,losing_paraphrase_gemini,qwen,mistral,1,"1

The comment"
1f654db6-e806-446d-a378-977585756ff1,askacademia_train,losing_paraphrase_gpt4omini,qwen,mistral,5,5 (The comment directly
1f654db6-e806-446d-a378-977585756ff1,askacademia_train,losing_paraphrase_gpt5nano,qwen,mistral,1,1 (The comment is
1f654db6-e806-446d-a378-977585756ff1,askacademia_train,losing_paraphrase_llama,qwen,mistral,AMBIG,Based on the scoring rubric
1f654db6-e806-446d-a378-977585756ff1,askacademia_train,losing_paraphrase_mistral,qwen,mistral,1,1 (Helpfulness)
1f654db6-e806-446d-a378-977585756ff1,askacademia_train,losing_paraphrase_qwen,qwen,mistral,1,"1

Explan"
2c5e5c7e-f171-463d-af5b-6b7c7a0eda56,askacademia_train,winning_text,qwen,mistral,2,"2

The comment"
2c5e5c7e-f171-463d-af5b-6b7c7a0eda56,askacademia_train,losing_text,qwen,mistral,AMBIG,Based on the scoring rubric
2c5e5c7e-f171-463d-af5b-6b7c7a0eda56,askacademia_train,losing_generate_claude,qwen,mistral,5,5
2c5e5c7e-f171-463d-af5b-6b7c7a0eda56,askacademia_train,losing_generate_gemini,qwen,mistral,5,5 (The comment directly
2c5e5c7e-f171-463d-af5b-6b7c7a0eda56,askacademia_train,losing_generate_gpt4omini,qwen,mistral,5,5
2c5e5c7e-f171-463d-af5b-6b7c7a0eda56,askacademia_train,losing_generate_gpt5nano,qwen,mistral,5,5
2c5e5c7e-f171-463d-af5b-6b7c7a0eda56,askacademia_train,losing_generate_llama,qwen,mistral,5,5 (The comment directly
2c5e5c7e-f171-463d-af5b-6b7c7a0eda56,askacademia_train,losing_generate_mistral,qwen,mistral,5,5 (The comment directly
2c5e5c7e-f171-463d-af5b-6b7c7a0eda56,askacademia_train,losing_generate_qwen,qwen,mistral,5,5 (The comment directly
2c5e5c7e-f171-463d-af5b-6b7c7a0eda56,askacademia_train,losing_improve_claude,qwen,mistral,5,5
2c5e5c7e-f171-463d-af5b-6b7c7a0eda56,askacademia_train,losing_improve_gemini,qwen,mistral,5,5 (The comment directly
2c5e5c7e-f171-463d-af5b-6b7c7a0eda56,askacademia_train,losing_improve_gpt4omini,qwen,mistral,5,5
2c5e5c7e-f171-463d-af5b-6b7c7a0eda56,askacademia_train,losing_improve_gpt5nano,qwen,mistral,5,5
2c5e5c7e-f171-463d-af5b-6b7c7a0eda56,askacademia_train,losing_improve_llama,qwen,mistral,2,2
2c5e5c7e-f171-463d-af5b-6b7c7a0eda56,askacademia_train,losing_improve_mistral,qwen,mistral,5,5 (The comment directly
2c5e5c7e-f171-463d-af5b-6b7c7a0eda56,askacademia_train,losing_improve_qwen,qwen,mistral,2,"2

Explan"
2c5e5c7e-f171-463d-af5b-6b7c7a0eda56,askacademia_train,losing_paraphrase_claude,qwen,mistral,5,5 (The comment directly
2c5e5c7e-f171-463d-af5b-6b7c7a0eda56,askacademia_train,losing_paraphrase_gemini,qwen,mistral,5,5
2c5e5c7e-f171-463d-af5b-6b7c7a0eda56,askacademia_train,losing_paraphrase_gpt4omini,qwen,mistral,5,5 (The comment directly
2c5e5c7e-f171-463d-af5b-6b7c7a0eda56,askacademia_train,losing_paraphrase_gpt5nano,qwen,mistral,3,"3

Explan"
2c5e5c7e-f171-463d-af5b-6b7c7a0eda56,askacademia_train,losing_paraphrase_llama,qwen,mistral,AMBIG,Based on the scoring rubric
2c5e5c7e-f171-463d-af5b-6b7c7a0eda56,askacademia_train,losing_paraphrase_mistral,qwen,mistral,1,1 (Helpfulness)
2c5e5c7e-f171-463d-af5b-6b7c7a0eda56,askacademia_train,losing_paraphrase_qwen,qwen,mistral,1,"1

Explan"
9b5b6141-9e42-4edd-b7fb-82168e273469,askacademia_train,winning_text,qwen,mistral,2,"2

(The"
9b5b6141-9e42-4edd-b7fb-82168e273469,askacademia_train,losing_text,qwen,mistral,AMBIG,Based on the scoring rubric
9b5b6141-9e42-4edd-b7fb-82168e273469,askacademia_train,losing_generate_claude,qwen,mistral,5,5
9b5b6141-9e42-4edd-b7fb-82168e273469,askacademia_train,losing_generate_gemini,qwen,mistral,5,5 (The comment directly
9b5b6141-9e42-4edd-b7fb-82168e273469,askacademia_train,losing_generate_gpt4omini,qwen,mistral,5,5
9b5b6141-9e42-4edd-b7fb-82168e273469,askacademia_train,losing_generate_gpt5nano,qwen,mistral,5,5
9b5b6141-9e42-4edd-b7fb-82168e273469,askacademia_train,losing_generate_llama,qwen,mistral,5,5 (The comment directly
9b5b6141-9e42-4edd-b7fb-82168e273469,askacademia_train,losing_generate_mistral,qwen,mistral,5,5 (The comment directly
9b5b6141-9e42-4edd-b7fb-82168e273469,askacademia_train,losing_generate_qwen,qwen,mistral,5,5 (The comment directly
9b5b6141-9e42-4edd-b7fb-82168e273469,askacademia_train,losing_improve_claude,qwen,mistral,5,5 (The comment directly
9b5b6141-9e42-4edd-b7fb-82168e273469,askacademia_train,losing_improve_gemini,qwen,mistral,5,5 (The comment directly
9b5b6141-9e42-4edd-b7fb-82168e273469,askacademia_train,losing_improve_gpt4omini,qwen,mistral,5,5
9b5b6141-9e42-4edd-b7fb-82168e273469,askacademia_train,losing_improve_gpt5nano,qwen,mistral,5,5
9b5b6141-9e42-4edd-b7fb-82168e273469,askacademia_train,losing_improve_llama,qwen,mistral,2,2
9b5b6141-9e42-4edd-b7fb-82168e273469,askacademia_train,losing_improve_mistral,qwen,mistral,5,5 (The comment directly
9b5b6141-9e42-4edd-b7fb-82168e273469,askacademia_train,losing_improve_qwen,qwen,mistral,2,"2

Explan"
9b5b6141-9e42-4edd-b7fb-82168e273469,askacademia_train,losing_paraphrase_claude,qwen,mistral,5,5 (The comment directly
9b5b6141-9e42-4edd-b7fb-82168e273469,askacademia_train,losing_paraphrase_gemini,qwen,mistral,3,"3

The comment"
9b5b6141-9e42-4edd-b7fb-82168e273469,askacademia_train,losing_paraphrase_gpt4omini,qwen,mistral,5,5 (The comment directly
9b5b6141-9e42-4edd-b7fb-82168e273469,askacademia_train,losing_paraphrase_gpt5nano,qwen,mistral,5,5 (The comment directly
9b5b6141-9e42-4edd-b7fb-82168e273469,askacademia_train,losing_paraphrase_llama,qwen,mistral,AMBIG,Based on the scoring rubric
9b5b6141-9e42-4edd-b7fb-82168e273469,askacademia_train,losing_paraphrase_mistral,qwen,mistral,1,1 (Helpfulness)
9b5b6141-9e42-4edd-b7fb-82168e273469,askacademia_train,losing_paraphrase_qwen,qwen,mistral,1,"1

Explan"
0c498c68-1c49-41eb-9fdf-a33ceda5c1f5,askacademia_train,winning_text,qwen,mistral,2,"2

The comment"
0c498c68-1c49-41eb-9fdf-a33ceda5c1f5,askacademia_train,losing_text,qwen,mistral,AMBIG,Based on the scoring rubric
0c498c68-1c49-41eb-9fdf-a33ceda5c1f5,askacademia_train,losing_generate_claude,qwen,mistral,5,5
0c498c68-1c49-41eb-9fdf-a33ceda5c1f5,askacademia_train,losing_generate_gemini,qwen,mistral,5,5
0c498c68-1c49-41eb-9fdf-a33ceda5c1f5,askacademia_train,losing_generate_gpt4omini,qwen,mistral,5,5
0c498c68-1c49-41eb-9fdf-a33ceda5c1f5,askacademia_train,losing_generate_gpt5nano,qwen,mistral,5,5 (The comment directly
0c498c68-1c49-41eb-9fdf-a33ceda5c1f5,askacademia_train,losing_generate_llama,qwen,mistral,5,5 (The comment directly
0c498c68-1c49-41eb-9fdf-a33ceda5c1f5,askacademia_train,losing_generate_mistral,qwen,mistral,5,5
0c498c68-1c49-41eb-9fdf-a33ceda5c1f5,askacademia_train,losing_generate_qwen,qwen,mistral,5,5 (The comment directly
0c498c68-1c49-41eb-9fdf-a33ceda5c1f5,askacademia_train,losing_improve_claude,qwen,mistral,5,5
0c498c68-1c49-41eb-9fdf-a33ceda5c1f5,askacademia_train,losing_improve_gemini,qwen,mistral,5,5 (The comment directly
0c498c68-1c49-41eb-9fdf-a33ceda5c1f5,askacademia_train,losing_improve_gpt4omini,qwen,mistral,5,5
0c498c68-1c49-41eb-9fdf-a33ceda5c1f5,askacademia_train,losing_improve_gpt5nano,qwen,mistral,5,5
0c498c68-1c49-41eb-9fdf-a33ceda5c1f5,askacademia_train,losing_improve_llama,qwen,mistral,2,2
0c498c68-1c49-41eb-9fdf-a33ceda5c1f5,askacademia_train,losing_improve_mistral,qwen,mistral,5,5 (The comment directly
0c498c68-1c49-41eb-9fdf-a33ceda5c1f5,askacademia_train,losing_improve_qwen,qwen,mistral,2,"2

Explan"
0c498c68-1c49-41eb-9fdf-a33ceda5c1f5,askacademia_train,losing_paraphrase_claude,qwen,mistral,5,5 (The comment directly
0c498c68-1c49-41eb-9fdf-a33ceda5c1f5,askacademia_train,losing_paraphrase_gemini,qwen,mistral,2,"2

The comment"
0c498c68-1c49-41eb-9fdf-a33ceda5c1f5,askacademia_train,losing_paraphrase_gpt4omini,qwen,mistral,5,5 (The comment directly
0c498c68-1c49-41eb-9fdf-a33ceda5c1f5,askacademia_train,losing_paraphrase_gpt5nano,qwen,mistral,5,5 (The comment directly
0c498c68-1c49-41eb-9fdf-a33ceda5c1f5,askacademia_train,losing_paraphrase_llama,qwen,mistral,AMBIG,Based on the scoring rubric
0c498c68-1c49-41eb-9fdf-a33ceda5c1f5,askacademia_train,losing_paraphrase_mistral,qwen,mistral,1,1 (Helpfulness)
0c498c68-1c49-41eb-9fdf-a33ceda5c1f5,askacademia_train,losing_paraphrase_qwen,qwen,mistral,1,"1

Explan"
7097e5c2-0f9a-4e3a-9c92-2979785001ca,askacademia_train,winning_text,qwen,mistral,AMBIG,Based on the scoring rubric
7097e5c2-0f9a-4e3a-9c92-2979785001ca,askacademia_train,losing_text,qwen,mistral,AMBIG,Based on the scoring rubric
7097e5c2-0f9a-4e3a-9c92-2979785001ca,askacademia_train,losing_generate_claude,qwen,mistral,5,5
7097e5c2-0f9a-4e3a-9c92-2979785001ca,askacademia_train,losing_generate_gemini,qwen,mistral,5,5 (The comment directly
7097e5c2-0f9a-4e3a-9c92-2979785001ca,askacademia_train,losing_generate_gpt4omini,qwen,mistral,5,5
7097e5c2-0f9a-4e3a-9c92-2979785001ca,askacademia_train,losing_generate_gpt5nano,qwen,mistral,5,5
7097e5c2-0f9a-4e3a-9c92-2979785001ca,askacademia_train,losing_generate_llama,qwen,mistral,5,5 (The comment directly
7097e5c2-0f9a-4e3a-9c92-2979785001ca,askacademia_train,losing_generate_mistral,qwen,mistral,5,5
7097e5c2-0f9a-4e3a-9c92-2979785001ca,askacademia_train,losing_generate_qwen,qwen,mistral,5,5 (The comment directly
7097e5c2-0f9a-4e3a-9c92-2979785001ca,askacademia_train,losing_improve_claude,qwen,mistral,5,5
7097e5c2-0f9a-4e3a-9c92-2979785001ca,askacademia_train,losing_improve_gemini,qwen,mistral,5,5 (The comment directly
7097e5c2-0f9a-4e3a-9c92-2979785001ca,askacademia_train,losing_improve_gpt4omini,qwen,mistral,5,5
7097e5c2-0f9a-4e3a-9c92-2979785001ca,askacademia_train,losing_improve_gpt5nano,qwen,mistral,5,5
7097e5c2-0f9a-4e3a-9c92-2979785001ca,askacademia_train,losing_improve_llama,qwen,mistral,2,2
7097e5c2-0f9a-4e3a-9c92-2979785001ca,askacademia_train,losing_improve_mistral,qwen,mistral,5,5 (The comment directly
7097e5c2-0f9a-4e3a-9c92-2979785001ca,askacademia_train,losing_improve_qwen,qwen,mistral,2,"2

Explan"
7097e5c2-0f9a-4e3a-9c92-2979785001ca,askacademia_train,losing_paraphrase_claude,qwen,mistral,5,5 (The comment directly
7097e5c2-0f9a-4e3a-9c92-2979785001ca,askacademia_train,losing_paraphrase_gemini,qwen,mistral,2,"2

The comment"
7097e5c2-0f9a-4e3a-9c92-2979785001ca,askacademia_train,losing_paraphrase_gpt4omini,qwen,mistral,5,5 (The comment directly
7097e5c2-0f9a-4e3a-9c92-2979785001ca,askacademia_train,losing_paraphrase_gpt5nano,qwen,mistral,5,5 (The comment directly
7097e5c2-0f9a-4e3a-9c92-2979785001ca,askacademia_train,losing_paraphrase_llama,qwen,mistral,AMBIG,Based on the scoring rubric
7097e5c2-0f9a-4e3a-9c92-2979785001ca,askacademia_train,losing_paraphrase_mistral,qwen,mistral,1,1 (Helpfulness)
7097e5c2-0f9a-4e3a-9c92-2979785001ca,askacademia_train,losing_paraphrase_qwen,qwen,mistral,1,"1

Explan"
c568b2ec-55b0-41af-97ec-76594c021399,askacademia_train,winning_text,qwen,mistral,AMBIG,Based on the scoring rubric
c568b2ec-55b0-41af-97ec-76594c021399,askacademia_train,losing_text,qwen,mistral,AMBIG,Based on the scoring rubric
c568b2ec-55b0-41af-97ec-76594c021399,askacademia_train,losing_generate_claude,qwen,mistral,5,5
c568b2ec-55b0-41af-97ec-76594c021399,askacademia_train,losing_generate_gemini,qwen,mistral,5,5 (The comment directly
c568b2ec-55b0-41af-97ec-76594c021399,askacademia_train,losing_generate_gpt4omini,qwen,mistral,5,5
c568b2ec-55b0-41af-97ec-76594c021399,askacademia_train,losing_generate_gpt5nano,qwen,mistral,5,5 (The comment directly
c568b2ec-55b0-41af-97ec-76594c021399,askacademia_train,losing_generate_llama,qwen,mistral,5,5 (The comment directly
c568b2ec-55b0-41af-97ec-76594c021399,askacademia_train,losing_generate_mistral,qwen,mistral,5,5
c568b2ec-55b0-41af-97ec-76594c021399,askacademia_train,losing_generate_qwen,qwen,mistral,4,4 (The comment is
c568b2ec-55b0-41af-97ec-76594c021399,askacademia_train,losing_improve_claude,qwen,mistral,5,5
c568b2ec-55b0-41af-97ec-76594c021399,askacademia_train,losing_improve_gemini,qwen,mistral,5,5 (The comment directly
c568b2ec-55b0-41af-97ec-76594c021399,askacademia_train,losing_improve_gpt4omini,qwen,mistral,5,5
c568b2ec-55b0-41af-97ec-76594c021399,askacademia_train,losing_improve_gpt5nano,qwen,mistral,5,5
c568b2ec-55b0-41af-97ec-76594c021399,askacademia_train,losing_improve_llama,qwen,mistral,2,2
c568b2ec-55b0-41af-97ec-76594c021399,askacademia_train,losing_improve_mistral,qwen,mistral,5,5 (The comment directly
c568b2ec-55b0-41af-97ec-76594c021399,askacademia_train,losing_improve_qwen,qwen,mistral,2,"2

Explan"
c568b2ec-55b0-41af-97ec-76594c021399,askacademia_train,losing_paraphrase_claude,qwen,mistral,5,5 (The comment directly
c568b2ec-55b0-41af-97ec-76594c021399,askacademia_train,losing_paraphrase_gemini,qwen,mistral,2,"2

The comment"
c568b2ec-55b0-41af-97ec-76594c021399,askacademia_train,losing_paraphrase_gpt4omini,qwen,mistral,5,5 (The comment directly
c568b2ec-55b0-41af-97ec-76594c021399,askacademia_train,losing_paraphrase_gpt5nano,qwen,mistral,5,5 (The comment directly
c568b2ec-55b0-41af-97ec-76594c021399,askacademia_train,losing_paraphrase_llama,qwen,mistral,AMBIG,Based on the scoring rubric
c568b2ec-55b0-41af-97ec-76594c021399,askacademia_train,losing_paraphrase_mistral,qwen,mistral,1,1 (Helpfulness)
c568b2ec-55b0-41af-97ec-76594c021399,askacademia_train,losing_paraphrase_qwen,qwen,mistral,1,"1

Explan"
360124a0-c6d8-4ce1-9e86-b3b60b7fe78d,askacademia_train,winning_text,qwen,mistral,2,"2

The comment"
360124a0-c6d8-4ce1-9e86-b3b60b7fe78d,askacademia_train,losing_text,qwen,mistral,2,"2

The comment"
360124a0-c6d8-4ce1-9e86-b3b60b7fe78d,askacademia_train,losing_generate_claude,qwen,mistral,5,5
360124a0-c6d8-4ce1-9e86-b3b60b7fe78d,askacademia_train,losing_generate_gemini,qwen,mistral,5,5 (The comment directly
360124a0-c6d8-4ce1-9e86-b3b60b7fe78d,askacademia_train,losing_generate_gpt4omini,qwen,mistral,5,5
360124a0-c6d8-4ce1-9e86-b3b60b7fe78d,askacademia_train,losing_generate_gpt5nano,qwen,mistral,5,5 (This comment directly
360124a0-c6d8-4ce1-9e86-b3b60b7fe78d,askacademia_train,losing_generate_llama,qwen,mistral,5,5 (The comment directly
360124a0-c6d8-4ce1-9e86-b3b60b7fe78d,askacademia_train,losing_generate_mistral,qwen,mistral,5,5
360124a0-c6d8-4ce1-9e86-b3b60b7fe78d,askacademia_train,losing_generate_qwen,qwen,mistral,4,4 (The tone is
360124a0-c6d8-4ce1-9e86-b3b60b7fe78d,askacademia_train,losing_improve_claude,qwen,mistral,5,5
360124a0-c6d8-4ce1-9e86-b3b60b7fe78d,askacademia_train,losing_improve_gemini,qwen,mistral,4,"4

Explan"
360124a0-c6d8-4ce1-9e86-b3b60b7fe78d,askacademia_train,losing_improve_gpt4omini,qwen,mistral,5,5
360124a0-c6d8-4ce1-9e86-b3b60b7fe78d,askacademia_train,losing_improve_gpt5nano,qwen,mistral,5,5 (The comment directly
360124a0-c6d8-4ce1-9e86-b3b60b7fe78d,askacademia_train,losing_improve_llama,qwen,mistral,5,5 (The comment directly
360124a0-c6d8-4ce1-9e86-b3b60b7fe78d,askacademia_train,losing_improve_mistral,qwen,mistral,4,"4

The comment"
360124a0-c6d8-4ce1-9e86-b3b60b7fe78d,askacademia_train,losing_improve_qwen,qwen,mistral,3,"3

Explan"
360124a0-c6d8-4ce1-9e86-b3b60b7fe78d,askacademia_train,losing_paraphrase_claude,qwen,mistral,4,"4
The comment is"
360124a0-c6d8-4ce1-9e86-b3b60b7fe78d,askacademia_train,losing_paraphrase_gemini,qwen,mistral,2,"2

The comment"
360124a0-c6d8-4ce1-9e86-b3b60b7fe78d,askacademia_train,losing_paraphrase_gpt4omini,qwen,mistral,2,"2

The comment"
360124a0-c6d8-4ce1-9e86-b3b60b7fe78d,askacademia_train,losing_paraphrase_gpt5nano,qwen,mistral,2,"2

The comment"
360124a0-c6d8-4ce1-9e86-b3b60b7fe78d,askacademia_train,losing_paraphrase_llama,qwen,mistral,3,"3

The comment"
360124a0-c6d8-4ce1-9e86-b3b60b7fe78d,askacademia_train,losing_paraphrase_mistral,qwen,mistral,3,"3

Explan"
360124a0-c6d8-4ce1-9e86-b3b60b7fe78d,askacademia_train,losing_paraphrase_qwen,qwen,mistral,2,"2

The comment"
720672bc-085a-4323-9009-4069c14cbe6d,askacademia_train,winning_text,qwen,mistral,2,"2

(The"
720672bc-085a-4323-9009-4069c14cbe6d,askacademia_train,losing_text,qwen,mistral,2,"2

The comment"
720672bc-085a-4323-9009-4069c14cbe6d,askacademia_train,losing_generate_claude,qwen,mistral,5,5
720672bc-085a-4323-9009-4069c14cbe6d,askacademia_train,losing_generate_gemini,qwen,mistral,5,5 (The comment directly
720672bc-085a-4323-9009-4069c14cbe6d,askacademia_train,losing_generate_gpt4omini,qwen,mistral,5,5
720672bc-085a-4323-9009-4069c14cbe6d,askacademia_train,losing_generate_gpt5nano,qwen,mistral,5,5
720672bc-085a-4323-9009-4069c14cbe6d,askacademia_train,losing_generate_llama,qwen,mistral,5,5 (The comment directly
720672bc-085a-4323-9009-4069c14cbe6d,askacademia_train,losing_generate_mistral,qwen,mistral,5,5 (The comment directly
720672bc-085a-4323-9009-4069c14cbe6d,askacademia_train,losing_generate_qwen,qwen,mistral,5,5
720672bc-085a-4323-9009-4069c14cbe6d,askacademia_train,losing_improve_claude,qwen,mistral,5,5 (The comment directly
720672bc-085a-4323-9009-4069c14cbe6d,askacademia_train,losing_improve_gemini,qwen,mistral,4,4 (The comment is
720672bc-085a-4323-9009-4069c14cbe6d,askacademia_train,losing_improve_gpt4omini,qwen,mistral,5,5 (The comment directly
720672bc-085a-4323-9009-4069c14cbe6d,askacademia_train,losing_improve_gpt5nano,qwen,mistral,5,5 (The comment directly
720672bc-085a-4323-9009-4069c14cbe6d,askacademia_train,losing_improve_llama,qwen,mistral,5,5 (The comment directly
720672bc-085a-4323-9009-4069c14cbe6d,askacademia_train,losing_improve_mistral,qwen,mistral,5,5 (The comment directly
720672bc-085a-4323-9009-4069c14cbe6d,askacademia_train,losing_improve_qwen,qwen,mistral,3,3 (Relevance
720672bc-085a-4323-9009-4069c14cbe6d,askacademia_train,losing_paraphrase_claude,qwen,mistral,4,"4
The comment is"
720672bc-085a-4323-9009-4069c14cbe6d,askacademia_train,losing_paraphrase_gemini,qwen,mistral,2,"2

The comment"
720672bc-085a-4323-9009-4069c14cbe6d,askacademia_train,losing_paraphrase_gpt4omini,qwen,mistral,2,"2

The comment"
720672bc-085a-4323-9009-4069c14cbe6d,askacademia_train,losing_paraphrase_gpt5nano,qwen,mistral,2,"2

The comment"
720672bc-085a-4323-9009-4069c14cbe6d,askacademia_train,losing_paraphrase_llama,qwen,mistral,3,"3

The comment"
720672bc-085a-4323-9009-4069c14cbe6d,askacademia_train,losing_paraphrase_mistral,qwen,mistral,3,"3

Explan"
720672bc-085a-4323-9009-4069c14cbe6d,askacademia_train,losing_paraphrase_qwen,qwen,mistral,2,"2

The comment"
b03afad7-b8c7-4d70-86af-a8b61f59d669,askacademia_train,winning_text,qwen,mistral,2,"2

The comment"
b03afad7-b8c7-4d70-86af-a8b61f59d669,askacademia_train,losing_text,qwen,mistral,2,"2

The comment"
b03afad7-b8c7-4d70-86af-a8b61f59d669,askacademia_train,losing_generate_claude,qwen,mistral,5,5
b03afad7-b8c7-4d70-86af-a8b61f59d669,askacademia_train,losing_generate_gemini,qwen,mistral,5,5 (The comment directly
b03afad7-b8c7-4d70-86af-a8b61f59d669,askacademia_train,losing_generate_gpt4omini,qwen,mistral,5,5
b03afad7-b8c7-4d70-86af-a8b61f59d669,askacademia_train,losing_generate_gpt5nano,qwen,mistral,5,5
b03afad7-b8c7-4d70-86af-a8b61f59d669,askacademia_train,losing_generate_llama,qwen,mistral,5,5 (The comment directly
b03afad7-b8c7-4d70-86af-a8b61f59d669,askacademia_train,losing_generate_mistral,qwen,mistral,5,5
b03afad7-b8c7-4d70-86af-a8b61f59d669,askacademia_train,losing_generate_qwen,qwen,mistral,5,5
b03afad7-b8c7-4d70-86af-a8b61f59d669,askacademia_train,losing_improve_claude,qwen,mistral,5,5
b03afad7-b8c7-4d70-86af-a8b61f59d669,askacademia_train,losing_improve_gemini,qwen,mistral,4,4 (The comment is
b03afad7-b8c7-4d70-86af-a8b61f59d669,askacademia_train,losing_improve_gpt4omini,qwen,mistral,5,5
b03afad7-b8c7-4d70-86af-a8b61f59d669,askacademia_train,losing_improve_gpt5nano,qwen,mistral,5,5
b03afad7-b8c7-4d70-86af-a8b61f59d669,askacademia_train,losing_improve_llama,qwen,mistral,5,5 (The comment directly
b03afad7-b8c7-4d70-86af-a8b61f59d669,askacademia_train,losing_improve_mistral,qwen,mistral,AMBIG,The comment is generally positive and
b03afad7-b8c7-4d70-86af-a8b61f59d669,askacademia_train,losing_improve_qwen,qwen,mistral,3,"3

Explan"
b03afad7-b8c7-4d70-86af-a8b61f59d669,askacademia_train,losing_paraphrase_claude,qwen,mistral,4,"4
The comment is"
b03afad7-b8c7-4d70-86af-a8b61f59d669,askacademia_train,losing_paraphrase_gemini,qwen,mistral,2,"2

The comment"
b03afad7-b8c7-4d70-86af-a8b61f59d669,askacademia_train,losing_paraphrase_gpt4omini,qwen,mistral,2,"2

The comment"
b03afad7-b8c7-4d70-86af-a8b61f59d669,askacademia_train,losing_paraphrase_gpt5nano,qwen,mistral,AMBIG,Based on the scoring rubric
b03afad7-b8c7-4d70-86af-a8b61f59d669,askacademia_train,losing_paraphrase_llama,qwen,mistral,3,"3

The comment"
b03afad7-b8c7-4d70-86af-a8b61f59d669,askacademia_train,losing_paraphrase_mistral,qwen,mistral,3,"3

Explan"
b03afad7-b8c7-4d70-86af-a8b61f59d669,askacademia_train,losing_paraphrase_qwen,qwen,mistral,2,"2

The comment"
20296672-f854-4723-bb81-f4f56da168ef,askacademia_train,winning_text,qwen,mistral,3,3 (Relevance
20296672-f854-4723-bb81-f4f56da168ef,askacademia_train,losing_text,qwen,mistral,2,"2

(The"
20296672-f854-4723-bb81-f4f56da168ef,askacademia_train,losing_generate_claude,qwen,mistral,5,5
20296672-f854-4723-bb81-f4f56da168ef,askacademia_train,losing_generate_gemini,qwen,mistral,5,5 (The comment directly
20296672-f854-4723-bb81-f4f56da168ef,askacademia_train,losing_generate_gpt4omini,qwen,mistral,5,5
20296672-f854-4723-bb81-f4f56da168ef,askacademia_train,losing_generate_gpt5nano,qwen,mistral,5,5
20296672-f854-4723-bb81-f4f56da168ef,askacademia_train,losing_generate_llama,qwen,mistral,5,5
20296672-f854-4723-bb81-f4f56da168ef,askacademia_train,losing_generate_mistral,qwen,mistral,5,5
20296672-f854-4723-bb81-f4f56da168ef,askacademia_train,losing_generate_qwen,qwen,mistral,5,5 (The comment directly
20296672-f854-4723-bb81-f4f56da168ef,askacademia_train,losing_improve_claude,qwen,mistral,5,5 (The comment directly
20296672-f854-4723-bb81-f4f56da168ef,askacademia_train,losing_improve_gemini,qwen,mistral,2,2
20296672-f854-4723-bb81-f4f56da168ef,askacademia_train,losing_improve_gpt4omini,qwen,mistral,5,5
20296672-f854-4723-bb81-f4f56da168ef,askacademia_train,losing_improve_gpt5nano,qwen,mistral,5,5 (The comment directly
20296672-f854-4723-bb81-f4f56da168ef,askacademia_train,losing_improve_llama,qwen,mistral,5,5 (The comment directly
20296672-f854-4723-bb81-f4f56da168ef,askacademia_train,losing_improve_mistral,qwen,mistral,3,"3

The comment"
20296672-f854-4723-bb81-f4f56da168ef,askacademia_train,losing_improve_qwen,qwen,mistral,2,"2

(The"
20296672-f854-4723-bb81-f4f56da168ef,askacademia_train,losing_paraphrase_claude,qwen,mistral,2,"2

The comment"
20296672-f854-4723-bb81-f4f56da168ef,askacademia_train,losing_paraphrase_gemini,qwen,mistral,2,"2

The comment"
20296672-f854-4723-bb81-f4f56da168ef,askacademia_train,losing_paraphrase_gpt4omini,qwen,mistral,2,"2

The comment"
20296672-f854-4723-bb81-f4f56da168ef,askacademia_train,losing_paraphrase_gpt5nano,qwen,mistral,2,"2
User contributions should"
20296672-f854-4723-bb81-f4f56da168ef,askacademia_train,losing_paraphrase_llama,qwen,mistral,4,"4

The comment"
20296672-f854-4723-bb81-f4f56da168ef,askacademia_train,losing_paraphrase_mistral,qwen,mistral,2,"2

The comment"
20296672-f854-4723-bb81-f4f56da168ef,askacademia_train,losing_paraphrase_qwen,qwen,mistral,2,"2

(The"
70fd65d6-5258-4c0e-b2ab-a6c2d89ef4e6,askacademia_train,winning_text,qwen,mistral,2,"2

The comment"
70fd65d6-5258-4c0e-b2ab-a6c2d89ef4e6,askacademia_train,losing_text,qwen,mistral,2,"2

(The"
70fd65d6-5258-4c0e-b2ab-a6c2d89ef4e6,askacademia_train,losing_generate_claude,qwen,mistral,5,5
70fd65d6-5258-4c0e-b2ab-a6c2d89ef4e6,askacademia_train,losing_generate_gemini,qwen,mistral,5,5 (The comment directly
70fd65d6-5258-4c0e-b2ab-a6c2d89ef4e6,askacademia_train,losing_generate_gpt4omini,qwen,mistral,5,5
70fd65d6-5258-4c0e-b2ab-a6c2d89ef4e6,askacademia_train,losing_generate_gpt5nano,qwen,mistral,5,5
70fd65d6-5258-4c0e-b2ab-a6c2d89ef4e6,askacademia_train,losing_generate_llama,qwen,mistral,5,5 (The comment directly
70fd65d6-5258-4c0e-b2ab-a6c2d89ef4e6,askacademia_train,losing_generate_mistral,qwen,mistral,5,5
70fd65d6-5258-4c0e-b2ab-a6c2d89ef4e6,askacademia_train,losing_generate_qwen,qwen,mistral,5,5 (The comment directly
70fd65d6-5258-4c0e-b2ab-a6c2d89ef4e6,askacademia_train,losing_improve_claude,qwen,mistral,5,5
70fd65d6-5258-4c0e-b2ab-a6c2d89ef4e6,askacademia_train,losing_improve_gemini,qwen,mistral,5,5 (The comment directly
70fd65d6-5258-4c0e-b2ab-a6c2d89ef4e6,askacademia_train,losing_improve_gpt4omini,qwen,mistral,5,5
70fd65d6-5258-4c0e-b2ab-a6c2d89ef4e6,askacademia_train,losing_improve_gpt5nano,qwen,mistral,5,5 (The comment directly
70fd65d6-5258-4c0e-b2ab-a6c2d89ef4e6,askacademia_train,losing_improve_llama,qwen,mistral,5,5 (The comment directly
70fd65d6-5258-4c0e-b2ab-a6c2d89ef4e6,askacademia_train,losing_improve_mistral,qwen,mistral,3,"3

The comment"
70fd65d6-5258-4c0e-b2ab-a6c2d89ef4e6,askacademia_train,losing_improve_qwen,qwen,mistral,2,"2

(The"
70fd65d6-5258-4c0e-b2ab-a6c2d89ef4e6,askacademia_train,losing_paraphrase_claude,qwen,mistral,2,"2

The comment"
70fd65d6-5258-4c0e-b2ab-a6c2d89ef4e6,askacademia_train,losing_paraphrase_gemini,qwen,mistral,2,"2
User's"
70fd65d6-5258-4c0e-b2ab-a6c2d89ef4e6,askacademia_train,losing_paraphrase_gpt4omini,qwen,mistral,2,"2

The comment"
70fd65d6-5258-4c0e-b2ab-a6c2d89ef4e6,askacademia_train,losing_paraphrase_gpt5nano,qwen,mistral,2,"2

The comment"
70fd65d6-5258-4c0e-b2ab-a6c2d89ef4e6,askacademia_train,losing_paraphrase_llama,qwen,mistral,4,"4

The comment"
70fd65d6-5258-4c0e-b2ab-a6c2d89ef4e6,askacademia_train,losing_paraphrase_mistral,qwen,mistral,2,"2

(The"
70fd65d6-5258-4c0e-b2ab-a6c2d89ef4e6,askacademia_train,losing_paraphrase_qwen,qwen,mistral,2,"2

(The"
103ae850-e32a-4fc3-a2db-3a99dec6746d,askacademia_train,winning_text,qwen,mistral,AMBIG,Based on the scoring rubric
103ae850-e32a-4fc3-a2db-3a99dec6746d,askacademia_train,losing_text,qwen,mistral,2,"2

(The"
103ae850-e32a-4fc3-a2db-3a99dec6746d,askacademia_train,losing_generate_claude,qwen,mistral,5,5
103ae850-e32a-4fc3-a2db-3a99dec6746d,askacademia_train,losing_generate_gemini,qwen,mistral,5,5 (The comment directly
103ae850-e32a-4fc3-a2db-3a99dec6746d,askacademia_train,losing_generate_gpt4omini,qwen,mistral,5,5
103ae850-e32a-4fc3-a2db-3a99dec6746d,askacademia_train,losing_generate_gpt5nano,qwen,mistral,5,5
103ae850-e32a-4fc3-a2db-3a99dec6746d,askacademia_train,losing_generate_llama,qwen,mistral,5,5 (The comment directly
103ae850-e32a-4fc3-a2db-3a99dec6746d,askacademia_train,losing_generate_mistral,qwen,mistral,5,5
103ae850-e32a-4fc3-a2db-3a99dec6746d,askacademia_train,losing_generate_qwen,qwen,mistral,5,5 (The comment directly
103ae850-e32a-4fc3-a2db-3a99dec6746d,askacademia_train,losing_improve_claude,qwen,mistral,5,5
103ae850-e32a-4fc3-a2db-3a99dec6746d,askacademia_train,losing_improve_gemini,qwen,mistral,5,5 (The comment directly
103ae850-e32a-4fc3-a2db-3a99dec6746d,askacademia_train,losing_improve_gpt4omini,qwen,mistral,5,5 (The comment directly
103ae850-e32a-4fc3-a2db-3a99dec6746d,askacademia_train,losing_improve_gpt5nano,qwen,mistral,5,5 (The comment directly
103ae850-e32a-4fc3-a2db-3a99dec6746d,askacademia_train,losing_improve_llama,qwen,mistral,5,5 (The comment directly
103ae850-e32a-4fc3-a2db-3a99dec6746d,askacademia_train,losing_improve_mistral,qwen,mistral,3,"3

The comment"
103ae850-e32a-4fc3-a2db-3a99dec6746d,askacademia_train,losing_improve_qwen,qwen,mistral,2,"2

(The"
103ae850-e32a-4fc3-a2db-3a99dec6746d,askacademia_train,losing_paraphrase_claude,qwen,mistral,2,"2

The comment"
103ae850-e32a-4fc3-a2db-3a99dec6746d,askacademia_train,losing_paraphrase_gemini,qwen,mistral,2,"2
User's"
103ae850-e32a-4fc3-a2db-3a99dec6746d,askacademia_train,losing_paraphrase_gpt4omini,qwen,mistral,2,"2

The comment"
103ae850-e32a-4fc3-a2db-3a99dec6746d,askacademia_train,losing_paraphrase_gpt5nano,qwen,mistral,2,"2

The comment"
103ae850-e32a-4fc3-a2db-3a99dec6746d,askacademia_train,losing_paraphrase_llama,qwen,mistral,4,"4

The comment"
103ae850-e32a-4fc3-a2db-3a99dec6746d,askacademia_train,losing_paraphrase_mistral,qwen,mistral,2,"2

(The"
103ae850-e32a-4fc3-a2db-3a99dec6746d,askacademia_train,losing_paraphrase_qwen,qwen,mistral,2,"2

(The"
32ba4d66-9b9f-433e-b04c-29cfe2c22414,askacademia_train,winning_text,qwen,mistral,AMBIG,Based on the scoring rubric
32ba4d66-9b9f-433e-b04c-29cfe2c22414,askacademia_train,losing_text,qwen,mistral,2,"2

(The"
32ba4d66-9b9f-433e-b04c-29cfe2c22414,askacademia_train,losing_generate_claude,qwen,mistral,5,5
32ba4d66-9b9f-433e-b04c-29cfe2c22414,askacademia_train,losing_generate_gemini,qwen,mistral,5,5
32ba4d66-9b9f-433e-b04c-29cfe2c22414,askacademia_train,losing_generate_gpt4omini,qwen,mistral,5,5
32ba4d66-9b9f-433e-b04c-29cfe2c22414,askacademia_train,losing_generate_gpt5nano,qwen,mistral,5,5
32ba4d66-9b9f-433e-b04c-29cfe2c22414,askacademia_train,losing_generate_llama,qwen,mistral,5,5 (The comment directly
32ba4d66-9b9f-433e-b04c-29cfe2c22414,askacademia_train,losing_generate_mistral,qwen,mistral,5,5
32ba4d66-9b9f-433e-b04c-29cfe2c22414,askacademia_train,losing_generate_qwen,qwen,mistral,5,5
32ba4d66-9b9f-433e-b04c-29cfe2c22414,askacademia_train,losing_improve_claude,qwen,mistral,5,5
32ba4d66-9b9f-433e-b04c-29cfe2c22414,askacademia_train,losing_improve_gemini,qwen,mistral,5,5 (The comment directly
32ba4d66-9b9f-433e-b04c-29cfe2c22414,askacademia_train,losing_improve_gpt4omini,qwen,mistral,5,5
32ba4d66-9b9f-433e-b04c-29cfe2c22414,askacademia_train,losing_improve_gpt5nano,qwen,mistral,5,5
32ba4d66-9b9f-433e-b04c-29cfe2c22414,askacademia_train,losing_improve_llama,qwen,mistral,5,5 (The comment directly
32ba4d66-9b9f-433e-b04c-29cfe2c22414,askacademia_train,losing_improve_mistral,qwen,mistral,3,"3

The comment"
32ba4d66-9b9f-433e-b04c-29cfe2c22414,askacademia_train,losing_improve_qwen,qwen,mistral,2,"2

(The"
32ba4d66-9b9f-433e-b04c-29cfe2c22414,askacademia_train,losing_paraphrase_claude,qwen,mistral,2,"2

The comment"
32ba4d66-9b9f-433e-b04c-29cfe2c22414,askacademia_train,losing_paraphrase_gemini,qwen,mistral,3,"3

Explan"
32ba4d66-9b9f-433e-b04c-29cfe2c22414,askacademia_train,losing_paraphrase_gpt4omini,qwen,mistral,2,"2

The comment"
32ba4d66-9b9f-433e-b04c-29cfe2c22414,askacademia_train,losing_paraphrase_gpt5nano,qwen,mistral,2,"2

The comment"
32ba4d66-9b9f-433e-b04c-29cfe2c22414,askacademia_train,losing_paraphrase_llama,qwen,mistral,4,"4

The comment"
32ba4d66-9b9f-433e-b04c-29cfe2c22414,askacademia_train,losing_paraphrase_mistral,qwen,mistral,2,"2

(The"
32ba4d66-9b9f-433e-b04c-29cfe2c22414,askacademia_train,losing_paraphrase_qwen,qwen,mistral,2,"2

(The"
d830e64e-7697-43b8-b738-6277ab1414af,askacademia_train,winning_text,qwen,mistral,2,"2

The comment"
d830e64e-7697-43b8-b738-6277ab1414af,askacademia_train,losing_text,qwen,mistral,2,"2

(The"
d830e64e-7697-43b8-b738-6277ab1414af,askacademia_train,losing_generate_claude,qwen,mistral,5,5
d830e64e-7697-43b8-b738-6277ab1414af,askacademia_train,losing_generate_gemini,qwen,mistral,5,5
d830e64e-7697-43b8-b738-6277ab1414af,askacademia_train,losing_generate_gpt4omini,qwen,mistral,5,5
d830e64e-7697-43b8-b738-6277ab1414af,askacademia_train,losing_generate_gpt5nano,qwen,mistral,5,5
d830e64e-7697-43b8-b738-6277ab1414af,askacademia_train,losing_generate_llama,qwen,mistral,5,5 (The comment directly
d830e64e-7697-43b8-b738-6277ab1414af,askacademia_train,losing_generate_mistral,qwen,mistral,5,5
d830e64e-7697-43b8-b738-6277ab1414af,askacademia_train,losing_generate_qwen,qwen,mistral,5,5 (The comment directly
d830e64e-7697-43b8-b738-6277ab1414af,askacademia_train,losing_improve_claude,qwen,mistral,5,5 (The comment directly
d830e64e-7697-43b8-b738-6277ab1414af,askacademia_train,losing_improve_gemini,qwen,mistral,5,5 (The comment directly
d830e64e-7697-43b8-b738-6277ab1414af,askacademia_train,losing_improve_gpt4omini,qwen,mistral,5,5 (The comment directly
d830e64e-7697-43b8-b738-6277ab1414af,askacademia_train,losing_improve_gpt5nano,qwen,mistral,5,5 (The comment directly
d830e64e-7697-43b8-b738-6277ab1414af,askacademia_train,losing_improve_llama,qwen,mistral,5,5 (The comment directly
d830e64e-7697-43b8-b738-6277ab1414af,askacademia_train,losing_improve_mistral,qwen,mistral,3,"3

The comment"
d830e64e-7697-43b8-b738-6277ab1414af,askacademia_train,losing_improve_qwen,qwen,mistral,2,"2

(The"
d830e64e-7697-43b8-b738-6277ab1414af,askacademia_train,losing_paraphrase_claude,qwen,mistral,2,"2

The comment"
d830e64e-7697-43b8-b738-6277ab1414af,askacademia_train,losing_paraphrase_gemini,qwen,mistral,3,"3

Explan"
d830e64e-7697-43b8-b738-6277ab1414af,askacademia_train,losing_paraphrase_gpt4omini,qwen,mistral,2,"2

The comment"
d830e64e-7697-43b8-b738-6277ab1414af,askacademia_train,losing_paraphrase_gpt5nano,qwen,mistral,2,"2

The comment"
d830e64e-7697-43b8-b738-6277ab1414af,askacademia_train,losing_paraphrase_llama,qwen,mistral,4,"4

The comment"
d830e64e-7697-43b8-b738-6277ab1414af,askacademia_train,losing_paraphrase_mistral,qwen,mistral,2,"2

The comment"
d830e64e-7697-43b8-b738-6277ab1414af,askacademia_train,losing_paraphrase_qwen,qwen,mistral,2,"2

(The"
571b083f-a3d3-492f-bdea-7459053400ef,askacademia_train,winning_text,qwen,mistral,2,"2

The comment"
571b083f-a3d3-492f-bdea-7459053400ef,askacademia_train,losing_text,qwen,mistral,2,"2

(The"
571b083f-a3d3-492f-bdea-7459053400ef,askacademia_train,losing_generate_claude,qwen,mistral,5,5
571b083f-a3d3-492f-bdea-7459053400ef,askacademia_train,losing_generate_gemini,qwen,mistral,5,5 (The comment directly
571b083f-a3d3-492f-bdea-7459053400ef,askacademia_train,losing_generate_gpt4omini,qwen,mistral,5,5
571b083f-a3d3-492f-bdea-7459053400ef,askacademia_train,losing_generate_gpt5nano,qwen,mistral,5,5
571b083f-a3d3-492f-bdea-7459053400ef,askacademia_train,losing_generate_llama,qwen,mistral,5,5 (The comment directly
571b083f-a3d3-492f-bdea-7459053400ef,askacademia_train,losing_generate_mistral,qwen,mistral,5,5
571b083f-a3d3-492f-bdea-7459053400ef,askacademia_train,losing_generate_qwen,qwen,mistral,5,5
571b083f-a3d3-492f-bdea-7459053400ef,askacademia_train,losing_improve_claude,qwen,mistral,5,5
571b083f-a3d3-492f-bdea-7459053400ef,askacademia_train,losing_improve_gemini,qwen,mistral,5,5 (The comment directly
571b083f-a3d3-492f-bdea-7459053400ef,askacademia_train,losing_improve_gpt4omini,qwen,mistral,5,5
571b083f-a3d3-492f-bdea-7459053400ef,askacademia_train,losing_improve_gpt5nano,qwen,mistral,5,5 (The comment directly
571b083f-a3d3-492f-bdea-7459053400ef,askacademia_train,losing_improve_llama,qwen,mistral,5,5 (The comment directly
571b083f-a3d3-492f-bdea-7459053400ef,askacademia_train,losing_improve_mistral,qwen,mistral,3,"3

The comment"
571b083f-a3d3-492f-bdea-7459053400ef,askacademia_train,losing_improve_qwen,qwen,mistral,2,"2

(The"
571b083f-a3d3-492f-bdea-7459053400ef,askacademia_train,losing_paraphrase_claude,qwen,mistral,2,"2

The comment"
571b083f-a3d3-492f-bdea-7459053400ef,askacademia_train,losing_paraphrase_gemini,qwen,mistral,3,"3

Explan"
571b083f-a3d3-492f-bdea-7459053400ef,askacademia_train,losing_paraphrase_gpt4omini,qwen,mistral,2,"2

The comment"
571b083f-a3d3-492f-bdea-7459053400ef,askacademia_train,losing_paraphrase_gpt5nano,qwen,mistral,2,"2

The comment"
571b083f-a3d3-492f-bdea-7459053400ef,askacademia_train,losing_paraphrase_llama,qwen,mistral,4,"4

The comment"
571b083f-a3d3-492f-bdea-7459053400ef,askacademia_train,losing_paraphrase_mistral,qwen,mistral,2,"2

The comment"
571b083f-a3d3-492f-bdea-7459053400ef,askacademia_train,losing_paraphrase_qwen,qwen,mistral,2,"2

(The"
fe561348-89a1-4137-8ecf-ac6c8471cec5,askacademia_train,winning_text,qwen,mistral,2,"2

The comment"
fe561348-89a1-4137-8ecf-ac6c8471cec5,askacademia_train,losing_text,qwen,mistral,2,"2

(The"
fe561348-89a1-4137-8ecf-ac6c8471cec5,askacademia_train,losing_generate_claude,qwen,mistral,5,5
fe561348-89a1-4137-8ecf-ac6c8471cec5,askacademia_train,losing_generate_gemini,qwen,mistral,5,5
fe561348-89a1-4137-8ecf-ac6c8471cec5,askacademia_train,losing_generate_gpt4omini,qwen,mistral,5,5
fe561348-89a1-4137-8ecf-ac6c8471cec5,askacademia_train,losing_generate_gpt5nano,qwen,mistral,5,5 (The comment directly
fe561348-89a1-4137-8ecf-ac6c8471cec5,askacademia_train,losing_generate_llama,qwen,mistral,5,5 (The comment directly
fe561348-89a1-4137-8ecf-ac6c8471cec5,askacademia_train,losing_generate_mistral,qwen,mistral,5,5
fe561348-89a1-4137-8ecf-ac6c8471cec5,askacademia_train,losing_generate_qwen,qwen,mistral,5,5 (The comment directly
fe561348-89a1-4137-8ecf-ac6c8471cec5,askacademia_train,losing_improve_claude,qwen,mistral,5,5
fe561348-89a1-4137-8ecf-ac6c8471cec5,askacademia_train,losing_improve_gemini,qwen,mistral,5,5 (The comment directly
fe561348-89a1-4137-8ecf-ac6c8471cec5,askacademia_train,losing_improve_gpt4omini,qwen,mistral,5,5 (The comment directly
fe561348-89a1-4137-8ecf-ac6c8471cec5,askacademia_train,losing_improve_gpt5nano,qwen,mistral,AMBIG,The correct score for this forum
fe561348-89a1-4137-8ecf-ac6c8471cec5,askacademia_train,losing_improve_llama,qwen,mistral,5,5 (The comment directly
fe561348-89a1-4137-8ecf-ac6c8471cec5,askacademia_train,losing_improve_mistral,qwen,mistral,3,"3

The comment"
fe561348-89a1-4137-8ecf-ac6c8471cec5,askacademia_train,losing_improve_qwen,qwen,mistral,2,"2

(The"
fe561348-89a1-4137-8ecf-ac6c8471cec5,askacademia_train,losing_paraphrase_claude,qwen,mistral,2,"2

The comment"
fe561348-89a1-4137-8ecf-ac6c8471cec5,askacademia_train,losing_paraphrase_gemini,qwen,mistral,2,"2

(The"
fe561348-89a1-4137-8ecf-ac6c8471cec5,askacademia_train,losing_paraphrase_gpt4omini,qwen,mistral,2,"2

The comment"
fe561348-89a1-4137-8ecf-ac6c8471cec5,askacademia_train,losing_paraphrase_gpt5nano,qwen,mistral,2,"2
User contributions should"
fe561348-89a1-4137-8ecf-ac6c8471cec5,askacademia_train,losing_paraphrase_llama,qwen,mistral,4,"4

The comment"
fe561348-89a1-4137-8ecf-ac6c8471cec5,askacademia_train,losing_paraphrase_mistral,qwen,mistral,2,"2

The comment"
fe561348-89a1-4137-8ecf-ac6c8471cec5,askacademia_train,losing_paraphrase_qwen,qwen,mistral,2,"2

(The"
e35f0582-6618-4e5c-a4e2-dba01adc70c8,askacademia_train,winning_text,qwen,mistral,2,"2

The comment"
e35f0582-6618-4e5c-a4e2-dba01adc70c8,askacademia_train,losing_text,qwen,mistral,2,"2

(The"
e35f0582-6618-4e5c-a4e2-dba01adc70c8,askacademia_train,losing_generate_claude,qwen,mistral,5,5
e35f0582-6618-4e5c-a4e2-dba01adc70c8,askacademia_train,losing_generate_gemini,qwen,mistral,5,5
e35f0582-6618-4e5c-a4e2-dba01adc70c8,askacademia_train,losing_generate_gpt4omini,qwen,mistral,5,5
e35f0582-6618-4e5c-a4e2-dba01adc70c8,askacademia_train,losing_generate_gpt5nano,qwen,mistral,5,5
e35f0582-6618-4e5c-a4e2-dba01adc70c8,askacademia_train,losing_generate_llama,qwen,mistral,5,5 (The comment directly
e35f0582-6618-4e5c-a4e2-dba01adc70c8,askacademia_train,losing_generate_mistral,qwen,mistral,5,5
e35f0582-6618-4e5c-a4e2-dba01adc70c8,askacademia_train,losing_generate_qwen,qwen,mistral,5,5
e35f0582-6618-4e5c-a4e2-dba01adc70c8,askacademia_train,losing_improve_claude,qwen,mistral,5,5
e35f0582-6618-4e5c-a4e2-dba01adc70c8,askacademia_train,losing_improve_gemini,qwen,mistral,5,5 (The comment directly
e35f0582-6618-4e5c-a4e2-dba01adc70c8,askacademia_train,losing_improve_gpt4omini,qwen,mistral,5,5 (The comment directly
e35f0582-6618-4e5c-a4e2-dba01adc70c8,askacademia_train,losing_improve_gpt5nano,qwen,mistral,5,5 (The comment directly
e35f0582-6618-4e5c-a4e2-dba01adc70c8,askacademia_train,losing_improve_llama,qwen,mistral,5,5 (The comment directly
e35f0582-6618-4e5c-a4e2-dba01adc70c8,askacademia_train,losing_improve_mistral,qwen,mistral,3,"3

The comment"
e35f0582-6618-4e5c-a4e2-dba01adc70c8,askacademia_train,losing_improve_qwen,qwen,mistral,2,"2

(The"
e35f0582-6618-4e5c-a4e2-dba01adc70c8,askacademia_train,losing_paraphrase_claude,qwen,mistral,2,"2

The comment"
e35f0582-6618-4e5c-a4e2-dba01adc70c8,askacademia_train,losing_paraphrase_gemini,qwen,mistral,5,5
e35f0582-6618-4e5c-a4e2-dba01adc70c8,askacademia_train,losing_paraphrase_gpt4omini,qwen,mistral,2,"2

The comment"
e35f0582-6618-4e5c-a4e2-dba01adc70c8,askacademia_train,losing_paraphrase_gpt5nano,qwen,mistral,2,"2

The comment"
e35f0582-6618-4e5c-a4e2-dba01adc70c8,askacademia_train,losing_paraphrase_llama,qwen,mistral,4,"4

The comment"
e35f0582-6618-4e5c-a4e2-dba01adc70c8,askacademia_train,losing_paraphrase_mistral,qwen,mistral,2,"2

The comment"
e35f0582-6618-4e5c-a4e2-dba01adc70c8,askacademia_train,losing_paraphrase_qwen,qwen,mistral,2,"2

(The"
51fb8e78-ac3b-41e2-b0e3-a62495335b10,askacademia_train,winning_text,qwen,mistral,2,"2

The comment"
51fb8e78-ac3b-41e2-b0e3-a62495335b10,askacademia_train,losing_text,qwen,mistral,3,3 (Relevance
51fb8e78-ac3b-41e2-b0e3-a62495335b10,askacademia_train,losing_generate_claude,qwen,mistral,5,5
51fb8e78-ac3b-41e2-b0e3-a62495335b10,askacademia_train,losing_generate_gemini,qwen,mistral,5,5 (The comment directly
51fb8e78-ac3b-41e2-b0e3-a62495335b10,askacademia_train,losing_generate_gpt4omini,qwen,mistral,5,5
51fb8e78-ac3b-41e2-b0e3-a62495335b10,askacademia_train,losing_generate_gpt5nano,qwen,mistral,5,5
51fb8e78-ac3b-41e2-b0e3-a62495335b10,askacademia_train,losing_generate_llama,qwen,mistral,5,5 (The comment directly
51fb8e78-ac3b-41e2-b0e3-a62495335b10,askacademia_train,losing_generate_mistral,qwen,mistral,5,5
51fb8e78-ac3b-41e2-b0e3-a62495335b10,askacademia_train,losing_generate_qwen,qwen,mistral,5,5
51fb8e78-ac3b-41e2-b0e3-a62495335b10,askacademia_train,losing_improve_claude,qwen,mistral,5,5
51fb8e78-ac3b-41e2-b0e3-a62495335b10,askacademia_train,losing_improve_gemini,qwen,mistral,5,5 (The comment directly
51fb8e78-ac3b-41e2-b0e3-a62495335b10,askacademia_train,losing_improve_gpt4omini,qwen,mistral,5,5 (The comment directly
51fb8e78-ac3b-41e2-b0e3-a62495335b10,askacademia_train,losing_improve_gpt5nano,qwen,mistral,5,5
51fb8e78-ac3b-41e2-b0e3-a62495335b10,askacademia_train,losing_improve_llama,qwen,mistral,5,5
51fb8e78-ac3b-41e2-b0e3-a62495335b10,askacademia_train,losing_improve_mistral,qwen,mistral,5,5 (The comment directly
51fb8e78-ac3b-41e2-b0e3-a62495335b10,askacademia_train,losing_improve_qwen,qwen,mistral,AMBIG,I would give this forum comment
51fb8e78-ac3b-41e2-b0e3-a62495335b10,askacademia_train,losing_paraphrase_claude,qwen,mistral,5,5 (The comment directly
51fb8e78-ac3b-41e2-b0e3-a62495335b10,askacademia_train,losing_paraphrase_gemini,qwen,mistral,5,5
51fb8e78-ac3b-41e2-b0e3-a62495335b10,askacademia_train,losing_paraphrase_gpt4omini,qwen,mistral,3,"3

Explan"
51fb8e78-ac3b-41e2-b0e3-a62495335b10,askacademia_train,losing_paraphrase_gpt5nano,qwen,mistral,AMBIG,The score for this forum comment
51fb8e78-ac3b-41e2-b0e3-a62495335b10,askacademia_train,losing_paraphrase_llama,qwen,mistral,3,3 (Relevance
51fb8e78-ac3b-41e2-b0e3-a62495335b10,askacademia_train,losing_paraphrase_mistral,qwen,mistral,AMBIG,Based on the scoring rubric
51fb8e78-ac3b-41e2-b0e3-a62495335b10,askacademia_train,losing_paraphrase_qwen,qwen,mistral,AMBIG,The given forum comment will be
a7e28b67-7f41-4ac8-ab7c-db7eeee30cb3,askacademia_train,winning_text,qwen,mistral,AMBIG,Based on the scoring rubric
a7e28b67-7f41-4ac8-ab7c-db7eeee30cb3,askacademia_train,losing_text,qwen,mistral,3,3 (Relevance
a7e28b67-7f41-4ac8-ab7c-db7eeee30cb3,askacademia_train,losing_generate_claude,qwen,mistral,5,5
a7e28b67-7f41-4ac8-ab7c-db7eeee30cb3,askacademia_train,losing_generate_gemini,qwen,mistral,5,5
a7e28b67-7f41-4ac8-ab7c-db7eeee30cb3,askacademia_train,losing_generate_gpt4omini,qwen,mistral,5,5
a7e28b67-7f41-4ac8-ab7c-db7eeee30cb3,askacademia_train,losing_generate_gpt5nano,qwen,mistral,5,5
a7e28b67-7f41-4ac8-ab7c-db7eeee30cb3,askacademia_train,losing_generate_llama,qwen,mistral,5,5 (The comment directly
a7e28b67-7f41-4ac8-ab7c-db7eeee30cb3,askacademia_train,losing_generate_mistral,qwen,mistral,5,5
a7e28b67-7f41-4ac8-ab7c-db7eeee30cb3,askacademia_train,losing_generate_qwen,qwen,mistral,5,5 (The comment directly
a7e28b67-7f41-4ac8-ab7c-db7eeee30cb3,askacademia_train,losing_improve_claude,qwen,mistral,5,5
a7e28b67-7f41-4ac8-ab7c-db7eeee30cb3,askacademia_train,losing_improve_gemini,qwen,mistral,5,5 (The comment directly
a7e28b67-7f41-4ac8-ab7c-db7eeee30cb3,askacademia_train,losing_improve_gpt4omini,qwen,mistral,5,5 (The comment directly
a7e28b67-7f41-4ac8-ab7c-db7eeee30cb3,askacademia_train,losing_improve_gpt5nano,qwen,mistral,5,5 (The comment directly
a7e28b67-7f41-4ac8-ab7c-db7eeee30cb3,askacademia_train,losing_improve_llama,qwen,mistral,5,5
a7e28b67-7f41-4ac8-ab7c-db7eeee30cb3,askacademia_train,losing_improve_mistral,qwen,mistral,5,5 (The comment directly
a7e28b67-7f41-4ac8-ab7c-db7eeee30cb3,askacademia_train,losing_improve_qwen,qwen,mistral,AMBIG,I would give this forum comment
a7e28b67-7f41-4ac8-ab7c-db7eeee30cb3,askacademia_train,losing_paraphrase_claude,qwen,mistral,5,5 (The comment directly
a7e28b67-7f41-4ac8-ab7c-db7eeee30cb3,askacademia_train,losing_paraphrase_gemini,qwen,mistral,5,5
a7e28b67-7f41-4ac8-ab7c-db7eeee30cb3,askacademia_train,losing_paraphrase_gpt4omini,qwen,mistral,3,"3

Explan"
a7e28b67-7f41-4ac8-ab7c-db7eeee30cb3,askacademia_train,losing_paraphrase_gpt5nano,qwen,mistral,AMBIG,The score for this forum comment
a7e28b67-7f41-4ac8-ab7c-db7eeee30cb3,askacademia_train,losing_paraphrase_llama,qwen,mistral,3,3 (Relevance
a7e28b67-7f41-4ac8-ab7c-db7eeee30cb3,askacademia_train,losing_paraphrase_mistral,qwen,mistral,AMBIG,The score for this forum comment
a7e28b67-7f41-4ac8-ab7c-db7eeee30cb3,askacademia_train,losing_paraphrase_qwen,qwen,mistral,4,"4

The comment"
c77f94ab-c1db-4991-a96a-3bc2b3572e74,askacademia_train,winning_text,qwen,mistral,AMBIG,Based on the scoring rubric
c77f94ab-c1db-4991-a96a-3bc2b3572e74,askacademia_train,losing_text,qwen,mistral,3,3 (Relevance
c77f94ab-c1db-4991-a96a-3bc2b3572e74,askacademia_train,losing_generate_claude,qwen,mistral,5,5
c77f94ab-c1db-4991-a96a-3bc2b3572e74,askacademia_train,losing_generate_gemini,qwen,mistral,5,5 (The comment directly
c77f94ab-c1db-4991-a96a-3bc2b3572e74,askacademia_train,losing_generate_gpt4omini,qwen,mistral,5,5
c77f94ab-c1db-4991-a96a-3bc2b3572e74,askacademia_train,losing_generate_gpt5nano,qwen,mistral,5,5 (The comment directly
c77f94ab-c1db-4991-a96a-3bc2b3572e74,askacademia_train,losing_generate_llama,qwen,mistral,5,5 (The comment directly
c77f94ab-c1db-4991-a96a-3bc2b3572e74,askacademia_train,losing_generate_mistral,qwen,mistral,5,5
c77f94ab-c1db-4991-a96a-3bc2b3572e74,askacademia_train,losing_generate_qwen,qwen,mistral,5,5 (The comment directly
c77f94ab-c1db-4991-a96a-3bc2b3572e74,askacademia_train,losing_improve_claude,qwen,mistral,5,5 (The comment directly
c77f94ab-c1db-4991-a96a-3bc2b3572e74,askacademia_train,losing_improve_gemini,qwen,mistral,5,5 (The comment directly
c77f94ab-c1db-4991-a96a-3bc2b3572e74,askacademia_train,losing_improve_gpt4omini,qwen,mistral,5,5 (The comment directly
c77f94ab-c1db-4991-a96a-3bc2b3572e74,askacademia_train,losing_improve_gpt5nano,qwen,mistral,5,5
c77f94ab-c1db-4991-a96a-3bc2b3572e74,askacademia_train,losing_improve_llama,qwen,mistral,5,5
c77f94ab-c1db-4991-a96a-3bc2b3572e74,askacademia_train,losing_improve_mistral,qwen,mistral,5,5 (The comment directly
c77f94ab-c1db-4991-a96a-3bc2b3572e74,askacademia_train,losing_improve_qwen,qwen,mistral,AMBIG,I would give this forum comment
c77f94ab-c1db-4991-a96a-3bc2b3572e74,askacademia_train,losing_paraphrase_claude,qwen,mistral,5,5 (The comment directly
c77f94ab-c1db-4991-a96a-3bc2b3572e74,askacademia_train,losing_paraphrase_gemini,qwen,mistral,3,"3

Explan"
c77f94ab-c1db-4991-a96a-3bc2b3572e74,askacademia_train,losing_paraphrase_gpt4omini,qwen,mistral,3,"3

Explan"
c77f94ab-c1db-4991-a96a-3bc2b3572e74,askacademia_train,losing_paraphrase_gpt5nano,qwen,mistral,3,"3

Explan"
c77f94ab-c1db-4991-a96a-3bc2b3572e74,askacademia_train,losing_paraphrase_llama,qwen,mistral,3,3 (Relevance
c77f94ab-c1db-4991-a96a-3bc2b3572e74,askacademia_train,losing_paraphrase_mistral,qwen,mistral,AMBIG,The score for this forum comment
c77f94ab-c1db-4991-a96a-3bc2b3572e74,askacademia_train,losing_paraphrase_qwen,qwen,mistral,4,"4

The comment"
8cc6883b-13d6-4f1f-976c-b8a6c39ed774,askacademia_train,winning_text,qwen,mistral,2,"2

The comment"
8cc6883b-13d6-4f1f-976c-b8a6c39ed774,askacademia_train,losing_text,qwen,mistral,3,3 (Relevance
8cc6883b-13d6-4f1f-976c-b8a6c39ed774,askacademia_train,losing_generate_claude,qwen,mistral,5,5
8cc6883b-13d6-4f1f-976c-b8a6c39ed774,askacademia_train,losing_generate_gemini,qwen,mistral,5,5 (The comment directly
8cc6883b-13d6-4f1f-976c-b8a6c39ed774,askacademia_train,losing_generate_gpt4omini,qwen,mistral,5,5
8cc6883b-13d6-4f1f-976c-b8a6c39ed774,askacademia_train,losing_generate_gpt5nano,qwen,mistral,5,5 (The comment directly
8cc6883b-13d6-4f1f-976c-b8a6c39ed774,askacademia_train,losing_generate_llama,qwen,mistral,5,5 (The comment directly
8cc6883b-13d6-4f1f-976c-b8a6c39ed774,askacademia_train,losing_generate_mistral,qwen,mistral,5,5
8cc6883b-13d6-4f1f-976c-b8a6c39ed774,askacademia_train,losing_generate_qwen,qwen,mistral,5,5
8cc6883b-13d6-4f1f-976c-b8a6c39ed774,askacademia_train,losing_improve_claude,qwen,mistral,5,5
8cc6883b-13d6-4f1f-976c-b8a6c39ed774,askacademia_train,losing_improve_gemini,qwen,mistral,5,5 (The comment directly
8cc6883b-13d6-4f1f-976c-b8a6c39ed774,askacademia_train,losing_improve_gpt4omini,qwen,mistral,5,5 (The comment directly
8cc6883b-13d6-4f1f-976c-b8a6c39ed774,askacademia_train,losing_improve_gpt5nano,qwen,mistral,5,5 (The comment directly
8cc6883b-13d6-4f1f-976c-b8a6c39ed774,askacademia_train,losing_improve_llama,qwen,mistral,5,5
8cc6883b-13d6-4f1f-976c-b8a6c39ed774,askacademia_train,losing_improve_mistral,qwen,mistral,5,5 (The comment directly
8cc6883b-13d6-4f1f-976c-b8a6c39ed774,askacademia_train,losing_improve_qwen,qwen,mistral,AMBIG,I would give this forum comment
8cc6883b-13d6-4f1f-976c-b8a6c39ed774,askacademia_train,losing_paraphrase_claude,qwen,mistral,5,5 (The comment directly
8cc6883b-13d6-4f1f-976c-b8a6c39ed774,askacademia_train,losing_paraphrase_gemini,qwen,mistral,3,"3

The comment"
8cc6883b-13d6-4f1f-976c-b8a6c39ed774,askacademia_train,losing_paraphrase_gpt4omini,qwen,mistral,3,"3

Explan"
8cc6883b-13d6-4f1f-976c-b8a6c39ed774,askacademia_train,losing_paraphrase_gpt5nano,qwen,mistral,AMBIG,Based on the scoring rubric
8cc6883b-13d6-4f1f-976c-b8a6c39ed774,askacademia_train,losing_paraphrase_llama,qwen,mistral,3,3 (Relevance
8cc6883b-13d6-4f1f-976c-b8a6c39ed774,askacademia_train,losing_paraphrase_mistral,qwen,mistral,AMBIG,The score for this forum comment
8cc6883b-13d6-4f1f-976c-b8a6c39ed774,askacademia_train,losing_paraphrase_qwen,qwen,mistral,AMBIG,The score for this forum comment
f71e9298-abae-472a-975d-9d692df8414a,askacademia_train,winning_text,qwen,mistral,2,"2

The comment"
f71e9298-abae-472a-975d-9d692df8414a,askacademia_train,losing_text,qwen,mistral,3,3 (Relevance
f71e9298-abae-472a-975d-9d692df8414a,askacademia_train,losing_generate_claude,qwen,mistral,5,5
f71e9298-abae-472a-975d-9d692df8414a,askacademia_train,losing_generate_gemini,qwen,mistral,5,5
f71e9298-abae-472a-975d-9d692df8414a,askacademia_train,losing_generate_gpt4omini,qwen,mistral,5,5
f71e9298-abae-472a-975d-9d692df8414a,askacademia_train,losing_generate_gpt5nano,qwen,mistral,5,5
f71e9298-abae-472a-975d-9d692df8414a,askacademia_train,losing_generate_llama,qwen,mistral,5,5 (The comment directly
f71e9298-abae-472a-975d-9d692df8414a,askacademia_train,losing_generate_mistral,qwen,mistral,5,5 (The comment directly
f71e9298-abae-472a-975d-9d692df8414a,askacademia_train,losing_generate_qwen,qwen,mistral,5,5
f71e9298-abae-472a-975d-9d692df8414a,askacademia_train,losing_improve_claude,qwen,mistral,5,5 (The comment directly
f71e9298-abae-472a-975d-9d692df8414a,askacademia_train,losing_improve_gemini,qwen,mistral,5,5 (The comment directly
f71e9298-abae-472a-975d-9d692df8414a,askacademia_train,losing_improve_gpt4omini,qwen,mistral,5,5 (The comment directly
f71e9298-abae-472a-975d-9d692df8414a,askacademia_train,losing_improve_gpt5nano,qwen,mistral,5,5 (The comment directly
f71e9298-abae-472a-975d-9d692df8414a,askacademia_train,losing_improve_llama,qwen,mistral,5,5
f71e9298-abae-472a-975d-9d692df8414a,askacademia_train,losing_improve_mistral,qwen,mistral,3,3 (Relevance
f71e9298-abae-472a-975d-9d692df8414a,askacademia_train,losing_improve_qwen,qwen,mistral,AMBIG,I would give this forum comment
f71e9298-abae-472a-975d-9d692df8414a,askacademia_train,losing_paraphrase_claude,qwen,mistral,5,5 (The comment directly
f71e9298-abae-472a-975d-9d692df8414a,askacademia_train,losing_paraphrase_gemini,qwen,mistral,3,"3

Explan"
f71e9298-abae-472a-975d-9d692df8414a,askacademia_train,losing_paraphrase_gpt4omini,qwen,mistral,3,"3

Explan"
f71e9298-abae-472a-975d-9d692df8414a,askacademia_train,losing_paraphrase_gpt5nano,qwen,mistral,AMBIG,Based on the scoring rubric
f71e9298-abae-472a-975d-9d692df8414a,askacademia_train,losing_paraphrase_llama,qwen,mistral,3,3 (Relevance
f71e9298-abae-472a-975d-9d692df8414a,askacademia_train,losing_paraphrase_mistral,qwen,mistral,AMBIG,The score for this forum comment
f71e9298-abae-472a-975d-9d692df8414a,askacademia_train,losing_paraphrase_qwen,qwen,mistral,4,"4

The comment"
f8fa2e75-734f-41e5-8ad9-35a3a90697a8,askacademia_train,winning_text,qwen,mistral,2,"2

The comment"
f8fa2e75-734f-41e5-8ad9-35a3a90697a8,askacademia_train,losing_text,qwen,mistral,3,3 (Relevance
f8fa2e75-734f-41e5-8ad9-35a3a90697a8,askacademia_train,losing_generate_claude,qwen,mistral,5,5
f8fa2e75-734f-41e5-8ad9-35a3a90697a8,askacademia_train,losing_generate_gemini,qwen,mistral,5,5 (The comment directly
f8fa2e75-734f-41e5-8ad9-35a3a90697a8,askacademia_train,losing_generate_gpt4omini,qwen,mistral,5,5
f8fa2e75-734f-41e5-8ad9-35a3a90697a8,askacademia_train,losing_generate_gpt5nano,qwen,mistral,5,5 (The comment directly
f8fa2e75-734f-41e5-8ad9-35a3a90697a8,askacademia_train,losing_generate_llama,qwen,mistral,5,5 (The comment directly
f8fa2e75-734f-41e5-8ad9-35a3a90697a8,askacademia_train,losing_generate_mistral,qwen,mistral,5,5 (The comment directly
f8fa2e75-734f-41e5-8ad9-35a3a90697a8,askacademia_train,losing_generate_qwen,qwen,mistral,5,5 (The comment directly
f8fa2e75-734f-41e5-8ad9-35a3a90697a8,askacademia_train,losing_improve_claude,qwen,mistral,5,5
f8fa2e75-734f-41e5-8ad9-35a3a90697a8,askacademia_train,losing_improve_gemini,qwen,mistral,5,5 (The comment directly
f8fa2e75-734f-41e5-8ad9-35a3a90697a8,askacademia_train,losing_improve_gpt4omini,qwen,mistral,5,5 (The comment directly
f8fa2e75-734f-41e5-8ad9-35a3a90697a8,askacademia_train,losing_improve_gpt5nano,qwen,mistral,5,5 (The comment directly
f8fa2e75-734f-41e5-8ad9-35a3a90697a8,askacademia_train,losing_improve_llama,qwen,mistral,5,5
f8fa2e75-734f-41e5-8ad9-35a3a90697a8,askacademia_train,losing_improve_mistral,qwen,mistral,5,5 (The comment directly
f8fa2e75-734f-41e5-8ad9-35a3a90697a8,askacademia_train,losing_improve_qwen,qwen,mistral,AMBIG,I would give this forum comment
f8fa2e75-734f-41e5-8ad9-35a3a90697a8,askacademia_train,losing_paraphrase_claude,qwen,mistral,5,5 (The comment directly
f8fa2e75-734f-41e5-8ad9-35a3a90697a8,askacademia_train,losing_paraphrase_gemini,qwen,mistral,3,"3

Explan"
f8fa2e75-734f-41e5-8ad9-35a3a90697a8,askacademia_train,losing_paraphrase_gpt4omini,qwen,mistral,3,"3

Explan"
f8fa2e75-734f-41e5-8ad9-35a3a90697a8,askacademia_train,losing_paraphrase_gpt5nano,qwen,mistral,3,3 (Relevance
f8fa2e75-734f-41e5-8ad9-35a3a90697a8,askacademia_train,losing_paraphrase_llama,qwen,mistral,3,3 (Relevance
f8fa2e75-734f-41e5-8ad9-35a3a90697a8,askacademia_train,losing_paraphrase_mistral,qwen,mistral,AMBIG,The score for this forum comment
f8fa2e75-734f-41e5-8ad9-35a3a90697a8,askacademia_train,losing_paraphrase_qwen,qwen,mistral,4,"4

The comment"
6a763d25-1db8-437d-893f-734c24ceefe8,askacademia_train,winning_text,qwen,mistral,2,"2

The comment"
6a763d25-1db8-437d-893f-734c24ceefe8,askacademia_train,losing_text,qwen,mistral,3,3 (Relevance
6a763d25-1db8-437d-893f-734c24ceefe8,askacademia_train,losing_generate_claude,qwen,mistral,5,5
6a763d25-1db8-437d-893f-734c24ceefe8,askacademia_train,losing_generate_gemini,qwen,mistral,5,5
6a763d25-1db8-437d-893f-734c24ceefe8,askacademia_train,losing_generate_gpt4omini,qwen,mistral,5,5
6a763d25-1db8-437d-893f-734c24ceefe8,askacademia_train,losing_generate_gpt5nano,qwen,mistral,5,5 (The comment directly
6a763d25-1db8-437d-893f-734c24ceefe8,askacademia_train,losing_generate_llama,qwen,mistral,5,5 (The comment directly
6a763d25-1db8-437d-893f-734c24ceefe8,askacademia_train,losing_generate_mistral,qwen,mistral,5,5
6a763d25-1db8-437d-893f-734c24ceefe8,askacademia_train,losing_generate_qwen,qwen,mistral,5,5
6a763d25-1db8-437d-893f-734c24ceefe8,askacademia_train,losing_improve_claude,qwen,mistral,5,5 (The comment directly
6a763d25-1db8-437d-893f-734c24ceefe8,askacademia_train,losing_improve_gemini,qwen,mistral,5,5 (The comment directly
6a763d25-1db8-437d-893f-734c24ceefe8,askacademia_train,losing_improve_gpt4omini,qwen,mistral,5,5 (The comment directly
6a763d25-1db8-437d-893f-734c24ceefe8,askacademia_train,losing_improve_gpt5nano,qwen,mistral,5,5 (The comment directly
6a763d25-1db8-437d-893f-734c24ceefe8,askacademia_train,losing_improve_llama,qwen,mistral,5,5
6a763d25-1db8-437d-893f-734c24ceefe8,askacademia_train,losing_improve_mistral,qwen,mistral,3,"3

Explan"
6a763d25-1db8-437d-893f-734c24ceefe8,askacademia_train,losing_improve_qwen,qwen,mistral,AMBIG,I would give this forum comment
6a763d25-1db8-437d-893f-734c24ceefe8,askacademia_train,losing_paraphrase_claude,qwen,mistral,5,5 (The comment directly
6a763d25-1db8-437d-893f-734c24ceefe8,askacademia_train,losing_paraphrase_gemini,qwen,mistral,3,"3

Explan"
6a763d25-1db8-437d-893f-734c24ceefe8,askacademia_train,losing_paraphrase_gpt4omini,qwen,mistral,3,"3

Explan"
6a763d25-1db8-437d-893f-734c24ceefe8,askacademia_train,losing_paraphrase_gpt5nano,qwen,mistral,AMBIG,Based on the scoring rubric
6a763d25-1db8-437d-893f-734c24ceefe8,askacademia_train,losing_paraphrase_llama,qwen,mistral,3,3 (Relevance
6a763d25-1db8-437d-893f-734c24ceefe8,askacademia_train,losing_paraphrase_mistral,qwen,mistral,AMBIG,The score for this forum comment
6a763d25-1db8-437d-893f-734c24ceefe8,askacademia_train,losing_paraphrase_qwen,qwen,mistral,AMBIG,The score for this forum comment
f95ed0e5-3e90-4544-b710-d2af80e3488c,askacademia_train,winning_text,qwen,mistral,2,"2

The comment"
f95ed0e5-3e90-4544-b710-d2af80e3488c,askacademia_train,losing_text,qwen,mistral,2,"2

The comment"
f95ed0e5-3e90-4544-b710-d2af80e3488c,askacademia_train,losing_generate_claude,qwen,mistral,5,5
f95ed0e5-3e90-4544-b710-d2af80e3488c,askacademia_train,losing_generate_gemini,qwen,mistral,5,5
f95ed0e5-3e90-4544-b710-d2af80e3488c,askacademia_train,losing_generate_gpt4omini,qwen,mistral,5,5
f95ed0e5-3e90-4544-b710-d2af80e3488c,askacademia_train,losing_generate_gpt5nano,qwen,mistral,5,5 (The comment directly
f95ed0e5-3e90-4544-b710-d2af80e3488c,askacademia_train,losing_generate_llama,qwen,mistral,5,5 (The comment directly
f95ed0e5-3e90-4544-b710-d2af80e3488c,askacademia_train,losing_generate_mistral,qwen,mistral,5,5 (The comment directly
f95ed0e5-3e90-4544-b710-d2af80e3488c,askacademia_train,losing_generate_qwen,qwen,mistral,4,4 (The comment is
f95ed0e5-3e90-4544-b710-d2af80e3488c,askacademia_train,losing_improve_claude,qwen,mistral,5,5
f95ed0e5-3e90-4544-b710-d2af80e3488c,askacademia_train,losing_improve_gemini,qwen,mistral,5,5 (The comment directly
f95ed0e5-3e90-4544-b710-d2af80e3488c,askacademia_train,losing_improve_gpt4omini,qwen,mistral,5,5
f95ed0e5-3e90-4544-b710-d2af80e3488c,askacademia_train,losing_improve_gpt5nano,qwen,mistral,5,5
f95ed0e5-3e90-4544-b710-d2af80e3488c,askacademia_train,losing_improve_llama,qwen,mistral,5,5 (The comment directly
f95ed0e5-3e90-4544-b710-d2af80e3488c,askacademia_train,losing_improve_mistral,qwen,mistral,4,4 (The comment is
f95ed0e5-3e90-4544-b710-d2af80e3488c,askacademia_train,losing_improve_qwen,qwen,mistral,5,5
f95ed0e5-3e90-4544-b710-d2af80e3488c,askacademia_train,losing_paraphrase_claude,qwen,mistral,5,5 (The comment directly
f95ed0e5-3e90-4544-b710-d2af80e3488c,askacademia_train,losing_paraphrase_gemini,qwen,mistral,5,5 (The comment directly
f95ed0e5-3e90-4544-b710-d2af80e3488c,askacademia_train,losing_paraphrase_gpt4omini,qwen,mistral,3,"3

Explan"
f95ed0e5-3e90-4544-b710-d2af80e3488c,askacademia_train,losing_paraphrase_gpt5nano,qwen,mistral,2,"2

Explan"
f95ed0e5-3e90-4544-b710-d2af80e3488c,askacademia_train,losing_paraphrase_llama,qwen,mistral,3,"3

The comment"
f95ed0e5-3e90-4544-b710-d2af80e3488c,askacademia_train,losing_paraphrase_mistral,qwen,mistral,3,"3

Explan"
f95ed0e5-3e90-4544-b710-d2af80e3488c,askacademia_train,losing_paraphrase_qwen,qwen,mistral,2,2
71c08e3c-2789-436e-88fb-594d6b4a2b5d,askacademia_train,winning_text,qwen,mistral,2,"2

The comment"
71c08e3c-2789-436e-88fb-594d6b4a2b5d,askacademia_train,losing_text,qwen,mistral,2,"2

The comment"
71c08e3c-2789-436e-88fb-594d6b4a2b5d,askacademia_train,losing_generate_claude,qwen,mistral,5,5
71c08e3c-2789-436e-88fb-594d6b4a2b5d,askacademia_train,losing_generate_gemini,qwen,mistral,5,5
71c08e3c-2789-436e-88fb-594d6b4a2b5d,askacademia_train,losing_generate_gpt4omini,qwen,mistral,5,5
71c08e3c-2789-436e-88fb-594d6b4a2b5d,askacademia_train,losing_generate_gpt5nano,qwen,mistral,5,5
71c08e3c-2789-436e-88fb-594d6b4a2b5d,askacademia_train,losing_generate_llama,qwen,mistral,5,5 (The comment directly
71c08e3c-2789-436e-88fb-594d6b4a2b5d,askacademia_train,losing_generate_mistral,qwen,mistral,5,5
71c08e3c-2789-436e-88fb-594d6b4a2b5d,askacademia_train,losing_generate_qwen,qwen,mistral,5,5
71c08e3c-2789-436e-88fb-594d6b4a2b5d,askacademia_train,losing_improve_claude,qwen,mistral,5,5
71c08e3c-2789-436e-88fb-594d6b4a2b5d,askacademia_train,losing_improve_gemini,qwen,mistral,5,5 (The comment directly
71c08e3c-2789-436e-88fb-594d6b4a2b5d,askacademia_train,losing_improve_gpt4omini,qwen,mistral,5,5 (The comment directly
71c08e3c-2789-436e-88fb-594d6b4a2b5d,askacademia_train,losing_improve_gpt5nano,qwen,mistral,5,5
71c08e3c-2789-436e-88fb-594d6b4a2b5d,askacademia_train,losing_improve_llama,qwen,mistral,5,5 (The comment directly
71c08e3c-2789-436e-88fb-594d6b4a2b5d,askacademia_train,losing_improve_mistral,qwen,mistral,4,4 (The comment is
71c08e3c-2789-436e-88fb-594d6b4a2b5d,askacademia_train,losing_improve_qwen,qwen,mistral,5,5 (The comment directly
71c08e3c-2789-436e-88fb-594d6b4a2b5d,askacademia_train,losing_paraphrase_claude,qwen,mistral,5,5 (The comment directly
71c08e3c-2789-436e-88fb-594d6b4a2b5d,askacademia_train,losing_paraphrase_gemini,qwen,mistral,5,5
71c08e3c-2789-436e-88fb-594d6b4a2b5d,askacademia_train,losing_paraphrase_gpt4omini,qwen,mistral,3,"3

Explan"
71c08e3c-2789-436e-88fb-594d6b4a2b5d,askacademia_train,losing_paraphrase_gpt5nano,qwen,mistral,3,"3

Explan"
71c08e3c-2789-436e-88fb-594d6b4a2b5d,askacademia_train,losing_paraphrase_llama,qwen,mistral,3,"3

The comment"
71c08e3c-2789-436e-88fb-594d6b4a2b5d,askacademia_train,losing_paraphrase_mistral,qwen,mistral,3,"3

Explan"
71c08e3c-2789-436e-88fb-594d6b4a2b5d,askacademia_train,losing_paraphrase_qwen,qwen,mistral,2,2
d4f30e38-c1b8-4cdd-8f99-ae8c311d21fb,askacademia_train,winning_text,qwen,mistral,2,"2

The comment"
d4f30e38-c1b8-4cdd-8f99-ae8c311d21fb,askacademia_train,losing_text,qwen,mistral,2,"2

The comment"
d4f30e38-c1b8-4cdd-8f99-ae8c311d21fb,askacademia_train,losing_generate_claude,qwen,mistral,5,5
d4f30e38-c1b8-4cdd-8f99-ae8c311d21fb,askacademia_train,losing_generate_gemini,qwen,mistral,5,5 (The comment directly
d4f30e38-c1b8-4cdd-8f99-ae8c311d21fb,askacademia_train,losing_generate_gpt4omini,qwen,mistral,5,5
d4f30e38-c1b8-4cdd-8f99-ae8c311d21fb,askacademia_train,losing_generate_gpt5nano,qwen,mistral,5,5
d4f30e38-c1b8-4cdd-8f99-ae8c311d21fb,askacademia_train,losing_generate_llama,qwen,mistral,5,5 (The comment directly
d4f30e38-c1b8-4cdd-8f99-ae8c311d21fb,askacademia_train,losing_generate_mistral,qwen,mistral,5,5 (The comment directly
d4f30e38-c1b8-4cdd-8f99-ae8c311d21fb,askacademia_train,losing_generate_qwen,qwen,mistral,5,5 (The comment directly
d4f30e38-c1b8-4cdd-8f99-ae8c311d21fb,askacademia_train,losing_improve_claude,qwen,mistral,5,5
d4f30e38-c1b8-4cdd-8f99-ae8c311d21fb,askacademia_train,losing_improve_gemini,qwen,mistral,5,5 (The comment directly
d4f30e38-c1b8-4cdd-8f99-ae8c311d21fb,askacademia_train,losing_improve_gpt4omini,qwen,mistral,5,5 (The comment directly
d4f30e38-c1b8-4cdd-8f99-ae8c311d21fb,askacademia_train,losing_improve_gpt5nano,qwen,mistral,5,5
d4f30e38-c1b8-4cdd-8f99-ae8c311d21fb,askacademia_train,losing_improve_llama,qwen,mistral,5,5 (The comment directly
d4f30e38-c1b8-4cdd-8f99-ae8c311d21fb,askacademia_train,losing_improve_mistral,qwen,mistral,4,"4

The comment"
d4f30e38-c1b8-4cdd-8f99-ae8c311d21fb,askacademia_train,losing_improve_qwen,qwen,mistral,5,5 (The comment directly
d4f30e38-c1b8-4cdd-8f99-ae8c311d21fb,askacademia_train,losing_paraphrase_claude,qwen,mistral,5,5 (The comment directly
d4f30e38-c1b8-4cdd-8f99-ae8c311d21fb,askacademia_train,losing_paraphrase_gemini,qwen,mistral,5,5 (The comment directly
d4f30e38-c1b8-4cdd-8f99-ae8c311d21fb,askacademia_train,losing_paraphrase_gpt4omini,qwen,mistral,3,"3

Explan"
d4f30e38-c1b8-4cdd-8f99-ae8c311d21fb,askacademia_train,losing_paraphrase_gpt5nano,qwen,mistral,3,"3

Explan"
d4f30e38-c1b8-4cdd-8f99-ae8c311d21fb,askacademia_train,losing_paraphrase_llama,qwen,mistral,3,"3

The comment"
d4f30e38-c1b8-4cdd-8f99-ae8c311d21fb,askacademia_train,losing_paraphrase_mistral,qwen,mistral,3,"3

Explan"
d4f30e38-c1b8-4cdd-8f99-ae8c311d21fb,askacademia_train,losing_paraphrase_qwen,qwen,mistral,2,2
11a7b14b-45d7-486f-8b0c-4b5704e1721c,askacademia_train,winning_text,qwen,mistral,1,"1

(Ex"
11a7b14b-45d7-486f-8b0c-4b5704e1721c,askacademia_train,losing_text,qwen,mistral,3,"3

Explan"
11a7b14b-45d7-486f-8b0c-4b5704e1721c,askacademia_train,losing_generate_claude,qwen,mistral,5,5
11a7b14b-45d7-486f-8b0c-4b5704e1721c,askacademia_train,losing_generate_gemini,qwen,mistral,5,5 (The comment directly
11a7b14b-45d7-486f-8b0c-4b5704e1721c,askacademia_train,losing_generate_gpt4omini,qwen,mistral,5,5
11a7b14b-45d7-486f-8b0c-4b5704e1721c,askacademia_train,losing_generate_gpt5nano,qwen,mistral,5,5
11a7b14b-45d7-486f-8b0c-4b5704e1721c,askacademia_train,losing_generate_llama,qwen,mistral,5,5 (The comment directly
11a7b14b-45d7-486f-8b0c-4b5704e1721c,askacademia_train,losing_generate_mistral,qwen,mistral,5,5
11a7b14b-45d7-486f-8b0c-4b5704e1721c,askacademia_train,losing_generate_qwen,qwen,mistral,5,5
11a7b14b-45d7-486f-8b0c-4b5704e1721c,askacademia_train,losing_improve_claude,qwen,mistral,5,5
11a7b14b-45d7-486f-8b0c-4b5704e1721c,askacademia_train,losing_improve_gemini,qwen,mistral,3,"3

Explan"
11a7b14b-45d7-486f-8b0c-4b5704e1721c,askacademia_train,losing_improve_gpt4omini,qwen,mistral,5,5
11a7b14b-45d7-486f-8b0c-4b5704e1721c,askacademia_train,losing_improve_gpt5nano,qwen,mistral,5,5
11a7b14b-45d7-486f-8b0c-4b5704e1721c,askacademia_train,losing_improve_llama,qwen,mistral,5,5
11a7b14b-45d7-486f-8b0c-4b5704e1721c,askacademia_train,losing_improve_mistral,qwen,mistral,5,5 (The comment directly
11a7b14b-45d7-486f-8b0c-4b5704e1721c,askacademia_train,losing_improve_qwen,qwen,mistral,5,5
11a7b14b-45d7-486f-8b0c-4b5704e1721c,askacademia_train,losing_paraphrase_claude,qwen,mistral,4,"4

Explan"
11a7b14b-45d7-486f-8b0c-4b5704e1721c,askacademia_train,losing_paraphrase_gemini,qwen,mistral,5,5
11a7b14b-45d7-486f-8b0c-4b5704e1721c,askacademia_train,losing_paraphrase_gpt4omini,qwen,mistral,3,"3

Although"
11a7b14b-45d7-486f-8b0c-4b5704e1721c,askacademia_train,losing_paraphrase_gpt5nano,qwen,mistral,3,"3

The comment"
11a7b14b-45d7-486f-8b0c-4b5704e1721c,askacademia_train,losing_paraphrase_llama,qwen,mistral,5,5 (The comment directly
11a7b14b-45d7-486f-8b0c-4b5704e1721c,askacademia_train,losing_paraphrase_mistral,qwen,mistral,3,"3

Explan"
11a7b14b-45d7-486f-8b0c-4b5704e1721c,askacademia_train,losing_paraphrase_qwen,qwen,mistral,3,"3

The response"
7e8594a5-e5fa-4fa9-952d-42ecdaab1f1a,askacademia_train,winning_text,qwen,mistral,2,"2

---"
7e8594a5-e5fa-4fa9-952d-42ecdaab1f1a,askacademia_train,losing_text,qwen,mistral,3,"3

Explan"
7e8594a5-e5fa-4fa9-952d-42ecdaab1f1a,askacademia_train,losing_generate_claude,qwen,mistral,5,5
7e8594a5-e5fa-4fa9-952d-42ecdaab1f1a,askacademia_train,losing_generate_gemini,qwen,mistral,5,5 (The comment directly
7e8594a5-e5fa-4fa9-952d-42ecdaab1f1a,askacademia_train,losing_generate_gpt4omini,qwen,mistral,5,5
7e8594a5-e5fa-4fa9-952d-42ecdaab1f1a,askacademia_train,losing_generate_gpt5nano,qwen,mistral,5,5 (Addresses the
7e8594a5-e5fa-4fa9-952d-42ecdaab1f1a,askacademia_train,losing_generate_llama,qwen,mistral,5,5 (The comment directly
7e8594a5-e5fa-4fa9-952d-42ecdaab1f1a,askacademia_train,losing_generate_mistral,qwen,mistral,5,5 (The comment directly
7e8594a5-e5fa-4fa9-952d-42ecdaab1f1a,askacademia_train,losing_generate_qwen,qwen,mistral,5,5
7e8594a5-e5fa-4fa9-952d-42ecdaab1f1a,askacademia_train,losing_improve_claude,qwen,mistral,5,5
7e8594a5-e5fa-4fa9-952d-42ecdaab1f1a,askacademia_train,losing_improve_gemini,qwen,mistral,3,"3

Explan"
7e8594a5-e5fa-4fa9-952d-42ecdaab1f1a,askacademia_train,losing_improve_gpt4omini,qwen,mistral,5,5
7e8594a5-e5fa-4fa9-952d-42ecdaab1f1a,askacademia_train,losing_improve_gpt5nano,qwen,mistral,5,5 (The comment directly
7e8594a5-e5fa-4fa9-952d-42ecdaab1f1a,askacademia_train,losing_improve_llama,qwen,mistral,5,5
7e8594a5-e5fa-4fa9-952d-42ecdaab1f1a,askacademia_train,losing_improve_mistral,qwen,mistral,5,5 (The comment directly
7e8594a5-e5fa-4fa9-952d-42ecdaab1f1a,askacademia_train,losing_improve_qwen,qwen,mistral,5,5
7e8594a5-e5fa-4fa9-952d-42ecdaab1f1a,askacademia_train,losing_paraphrase_claude,qwen,mistral,4,"4

Explan"
7e8594a5-e5fa-4fa9-952d-42ecdaab1f1a,askacademia_train,losing_paraphrase_gemini,qwen,mistral,5,5
7e8594a5-e5fa-4fa9-952d-42ecdaab1f1a,askacademia_train,losing_paraphrase_gpt4omini,qwen,mistral,3,"3

Although"
7e8594a5-e5fa-4fa9-952d-42ecdaab1f1a,askacademia_train,losing_paraphrase_gpt5nano,qwen,mistral,3,"3

The comment"
7e8594a5-e5fa-4fa9-952d-42ecdaab1f1a,askacademia_train,losing_paraphrase_llama,qwen,mistral,5,5 (The comment directly
7e8594a5-e5fa-4fa9-952d-42ecdaab1f1a,askacademia_train,losing_paraphrase_mistral,qwen,mistral,3,"3

Explan"
7e8594a5-e5fa-4fa9-952d-42ecdaab1f1a,askacademia_train,losing_paraphrase_qwen,qwen,mistral,3,"3

The comment"
6afb0fd7-9d43-4e14-ac3f-38b988f6196d,askacademia_train,winning_text,qwen,mistral,2,"2

---"
6afb0fd7-9d43-4e14-ac3f-38b988f6196d,askacademia_train,losing_text,qwen,mistral,1,"1

(Ex"
6afb0fd7-9d43-4e14-ac3f-38b988f6196d,askacademia_train,losing_generate_claude,qwen,mistral,5,5
6afb0fd7-9d43-4e14-ac3f-38b988f6196d,askacademia_train,losing_generate_gemini,qwen,mistral,5,5
6afb0fd7-9d43-4e14-ac3f-38b988f6196d,askacademia_train,losing_generate_gpt4omini,qwen,mistral,5,5
6afb0fd7-9d43-4e14-ac3f-38b988f6196d,askacademia_train,losing_generate_gpt5nano,qwen,mistral,5,5 (The comment directly
6afb0fd7-9d43-4e14-ac3f-38b988f6196d,askacademia_train,losing_generate_llama,qwen,mistral,5,5 (The comment directly
6afb0fd7-9d43-4e14-ac3f-38b988f6196d,askacademia_train,losing_generate_mistral,qwen,mistral,5,5
6afb0fd7-9d43-4e14-ac3f-38b988f6196d,askacademia_train,losing_generate_qwen,qwen,mistral,5,5
6afb0fd7-9d43-4e14-ac3f-38b988f6196d,askacademia_train,losing_improve_claude,qwen,mistral,5,5
6afb0fd7-9d43-4e14-ac3f-38b988f6196d,askacademia_train,losing_improve_gemini,qwen,mistral,3,3 (Relevance
6afb0fd7-9d43-4e14-ac3f-38b988f6196d,askacademia_train,losing_improve_gpt4omini,qwen,mistral,5,5 (The comment directly
6afb0fd7-9d43-4e14-ac3f-38b988f6196d,askacademia_train,losing_improve_gpt5nano,qwen,mistral,5,5 (The comment directly
6afb0fd7-9d43-4e14-ac3f-38b988f6196d,askacademia_train,losing_improve_llama,qwen,mistral,4,"4

The comment"
6afb0fd7-9d43-4e14-ac3f-38b988f6196d,askacademia_train,losing_improve_mistral,qwen,mistral,3,"3

The comment"
6afb0fd7-9d43-4e14-ac3f-38b988f6196d,askacademia_train,losing_improve_qwen,qwen,mistral,4,"4

Explan"
6afb0fd7-9d43-4e14-ac3f-38b988f6196d,askacademia_train,losing_paraphrase_claude,qwen,mistral,4,"4

The comment"
6afb0fd7-9d43-4e14-ac3f-38b988f6196d,askacademia_train,losing_paraphrase_gemini,qwen,mistral,5,5 (The comment directly
6afb0fd7-9d43-4e14-ac3f-38b988f6196d,askacademia_train,losing_paraphrase_gpt4omini,qwen,mistral,1,"1

(Ex"
6afb0fd7-9d43-4e14-ac3f-38b988f6196d,askacademia_train,losing_paraphrase_gpt5nano,qwen,mistral,1,"1

The comment"
6afb0fd7-9d43-4e14-ac3f-38b988f6196d,askacademia_train,losing_paraphrase_llama,qwen,mistral,4,"4

Although"
6afb0fd7-9d43-4e14-ac3f-38b988f6196d,askacademia_train,losing_paraphrase_mistral,qwen,mistral,1,"1

The comment"
6afb0fd7-9d43-4e14-ac3f-38b988f6196d,askacademia_train,losing_paraphrase_qwen,qwen,mistral,4,"4

Explan"
be821d07-8214-483e-bf90-6a87b06546be,askacademia_train,winning_text,qwen,mistral,3,"3

Explan"
be821d07-8214-483e-bf90-6a87b06546be,askacademia_train,losing_text,qwen,mistral,2,"2

The comment"
be821d07-8214-483e-bf90-6a87b06546be,askacademia_train,losing_generate_claude,qwen,mistral,5,5
be821d07-8214-483e-bf90-6a87b06546be,askacademia_train,losing_generate_gemini,qwen,mistral,5,5
be821d07-8214-483e-bf90-6a87b06546be,askacademia_train,losing_generate_gpt4omini,qwen,mistral,5,5
be821d07-8214-483e-bf90-6a87b06546be,askacademia_train,losing_generate_gpt5nano,qwen,mistral,5,5 (The comment directly
be821d07-8214-483e-bf90-6a87b06546be,askacademia_train,losing_generate_llama,qwen,mistral,5,5 (The comment directly
be821d07-8214-483e-bf90-6a87b06546be,askacademia_train,losing_generate_mistral,qwen,mistral,5,5
be821d07-8214-483e-bf90-6a87b06546be,askacademia_train,losing_generate_qwen,qwen,mistral,5,5
be821d07-8214-483e-bf90-6a87b06546be,askacademia_train,losing_improve_claude,qwen,mistral,5,5
be821d07-8214-483e-bf90-6a87b06546be,askacademia_train,losing_improve_gemini,qwen,mistral,2,"2

The comment"
be821d07-8214-483e-bf90-6a87b06546be,askacademia_train,losing_improve_gpt4omini,qwen,mistral,5,5 (The comment directly
be821d07-8214-483e-bf90-6a87b06546be,askacademia_train,losing_improve_gpt5nano,qwen,mistral,5,5 (The comment directly
be821d07-8214-483e-bf90-6a87b06546be,askacademia_train,losing_improve_llama,qwen,mistral,4,"4

The comment"
be821d07-8214-483e-bf90-6a87b06546be,askacademia_train,losing_improve_mistral,qwen,mistral,3,"3

Explan"
be821d07-8214-483e-bf90-6a87b06546be,askacademia_train,losing_improve_qwen,qwen,mistral,3,"3

The comment"
be821d07-8214-483e-bf90-6a87b06546be,askacademia_train,losing_paraphrase_claude,qwen,mistral,5,5
be821d07-8214-483e-bf90-6a87b06546be,askacademia_train,losing_paraphrase_gemini,qwen,mistral,5,5 (The comment directly
be821d07-8214-483e-bf90-6a87b06546be,askacademia_train,losing_paraphrase_gpt4omini,qwen,mistral,2,"2
The comment is"
be821d07-8214-483e-bf90-6a87b06546be,askacademia_train,losing_paraphrase_gpt5nano,qwen,mistral,2,"2

The comment"
be821d07-8214-483e-bf90-6a87b06546be,askacademia_train,losing_paraphrase_llama,qwen,mistral,2,"2

The comment"
be821d07-8214-483e-bf90-6a87b06546be,askacademia_train,losing_paraphrase_mistral,qwen,mistral,2,2
be821d07-8214-483e-bf90-6a87b06546be,askacademia_train,losing_paraphrase_qwen,qwen,mistral,2,"2

The comment"
eda35455-d5a6-4334-a61c-c4b9f023e3a8,askacademia_train,winning_text,qwen,mistral,2,"2

The comment"
eda35455-d5a6-4334-a61c-c4b9f023e3a8,askacademia_train,losing_text,qwen,mistral,2,"2

The comment"
eda35455-d5a6-4334-a61c-c4b9f023e3a8,askacademia_train,losing_generate_claude,qwen,mistral,5,5
eda35455-d5a6-4334-a61c-c4b9f023e3a8,askacademia_train,losing_generate_gemini,qwen,mistral,5,5 (The comment directly
eda35455-d5a6-4334-a61c-c4b9f023e3a8,askacademia_train,losing_generate_gpt4omini,qwen,mistral,5,5
eda35455-d5a6-4334-a61c-c4b9f023e3a8,askacademia_train,losing_generate_gpt5nano,qwen,mistral,5,5
eda35455-d5a6-4334-a61c-c4b9f023e3a8,askacademia_train,losing_generate_llama,qwen,mistral,5,5 (The comment directly
eda35455-d5a6-4334-a61c-c4b9f023e3a8,askacademia_train,losing_generate_mistral,qwen,mistral,5,5
eda35455-d5a6-4334-a61c-c4b9f023e3a8,askacademia_train,losing_generate_qwen,qwen,mistral,5,5
eda35455-d5a6-4334-a61c-c4b9f023e3a8,askacademia_train,losing_improve_claude,qwen,mistral,5,5
eda35455-d5a6-4334-a61c-c4b9f023e3a8,askacademia_train,losing_improve_gemini,qwen,mistral,2,"2

The comment"
eda35455-d5a6-4334-a61c-c4b9f023e3a8,askacademia_train,losing_improve_gpt4omini,qwen,mistral,5,5 (The comment directly
eda35455-d5a6-4334-a61c-c4b9f023e3a8,askacademia_train,losing_improve_gpt5nano,qwen,mistral,5,5
eda35455-d5a6-4334-a61c-c4b9f023e3a8,askacademia_train,losing_improve_llama,qwen,mistral,4,"4

The comment"
eda35455-d5a6-4334-a61c-c4b9f023e3a8,askacademia_train,losing_improve_mistral,qwen,mistral,3,"3

Explan"
eda35455-d5a6-4334-a61c-c4b9f023e3a8,askacademia_train,losing_improve_qwen,qwen,mistral,3,"3

The comment"
eda35455-d5a6-4334-a61c-c4b9f023e3a8,askacademia_train,losing_paraphrase_claude,qwen,mistral,3,"3

Explan"
eda35455-d5a6-4334-a61c-c4b9f023e3a8,askacademia_train,losing_paraphrase_gemini,qwen,mistral,5,5 (The comment directly
eda35455-d5a6-4334-a61c-c4b9f023e3a8,askacademia_train,losing_paraphrase_gpt4omini,qwen,mistral,2,"2

The comment"
eda35455-d5a6-4334-a61c-c4b9f023e3a8,askacademia_train,losing_paraphrase_gpt5nano,qwen,mistral,2,"2

(The"
eda35455-d5a6-4334-a61c-c4b9f023e3a8,askacademia_train,losing_paraphrase_llama,qwen,mistral,2,"2

The comment"
eda35455-d5a6-4334-a61c-c4b9f023e3a8,askacademia_train,losing_paraphrase_mistral,qwen,mistral,2,2
eda35455-d5a6-4334-a61c-c4b9f023e3a8,askacademia_train,losing_paraphrase_qwen,qwen,mistral,2,"2

The comment"
b4725eac-ba53-4885-9ccf-1c079f85b6de,askacademia_train,winning_text,qwen,mistral,2,"2

---"
b4725eac-ba53-4885-9ccf-1c079f85b6de,askacademia_train,losing_text,qwen,mistral,2,"2

The comment"
b4725eac-ba53-4885-9ccf-1c079f85b6de,askacademia_train,losing_generate_claude,qwen,mistral,5,5
b4725eac-ba53-4885-9ccf-1c079f85b6de,askacademia_train,losing_generate_gemini,qwen,mistral,5,5
b4725eac-ba53-4885-9ccf-1c079f85b6de,askacademia_train,losing_generate_gpt4omini,qwen,mistral,5,5
b4725eac-ba53-4885-9ccf-1c079f85b6de,askacademia_train,losing_generate_gpt5nano,qwen,mistral,5,5
b4725eac-ba53-4885-9ccf-1c079f85b6de,askacademia_train,losing_generate_llama,qwen,mistral,5,5 (The comment directly
b4725eac-ba53-4885-9ccf-1c079f85b6de,askacademia_train,losing_generate_mistral,qwen,mistral,5,5
b4725eac-ba53-4885-9ccf-1c079f85b6de,askacademia_train,losing_generate_qwen,qwen,mistral,5,5 (The comment directly
b4725eac-ba53-4885-9ccf-1c079f85b6de,askacademia_train,losing_improve_claude,qwen,mistral,5,5
b4725eac-ba53-4885-9ccf-1c079f85b6de,askacademia_train,losing_improve_gemini,qwen,mistral,2,"2

The comment"
b4725eac-ba53-4885-9ccf-1c079f85b6de,askacademia_train,losing_improve_gpt4omini,qwen,mistral,5,5 (The comment directly
b4725eac-ba53-4885-9ccf-1c079f85b6de,askacademia_train,losing_improve_gpt5nano,qwen,mistral,5,5
b4725eac-ba53-4885-9ccf-1c079f85b6de,askacademia_train,losing_improve_llama,qwen,mistral,4,"4

The comment"
b4725eac-ba53-4885-9ccf-1c079f85b6de,askacademia_train,losing_improve_mistral,qwen,mistral,3,"3

Explan"
b4725eac-ba53-4885-9ccf-1c079f85b6de,askacademia_train,losing_improve_qwen,qwen,mistral,3,"3

The comment"
b4725eac-ba53-4885-9ccf-1c079f85b6de,askacademia_train,losing_paraphrase_claude,qwen,mistral,3,"3

Explan"
b4725eac-ba53-4885-9ccf-1c079f85b6de,askacademia_train,losing_paraphrase_gemini,qwen,mistral,5,5
b4725eac-ba53-4885-9ccf-1c079f85b6de,askacademia_train,losing_paraphrase_gpt4omini,qwen,mistral,2,"2

The comment"
b4725eac-ba53-4885-9ccf-1c079f85b6de,askacademia_train,losing_paraphrase_gpt5nano,qwen,mistral,2,"2

The comment"
b4725eac-ba53-4885-9ccf-1c079f85b6de,askacademia_train,losing_paraphrase_llama,qwen,mistral,2,"2

The comment"
b4725eac-ba53-4885-9ccf-1c079f85b6de,askacademia_train,losing_paraphrase_mistral,qwen,mistral,2,2
b4725eac-ba53-4885-9ccf-1c079f85b6de,askacademia_train,losing_paraphrase_qwen,qwen,mistral,2,"2

The comment"
20a26a47-78bf-452d-9e37-3437e07d24b3,askacademia_train,winning_text,qwen,mistral,2,2
20a26a47-78bf-452d-9e37-3437e07d24b3,askacademia_train,losing_text,qwen,mistral,2,"2

The comment"
20a26a47-78bf-452d-9e37-3437e07d24b3,askacademia_train,losing_generate_claude,qwen,mistral,5,5
20a26a47-78bf-452d-9e37-3437e07d24b3,askacademia_train,losing_generate_gemini,qwen,mistral,5,5
20a26a47-78bf-452d-9e37-3437e07d24b3,askacademia_train,losing_generate_gpt4omini,qwen,mistral,5,5
20a26a47-78bf-452d-9e37-3437e07d24b3,askacademia_train,losing_generate_gpt5nano,qwen,mistral,5,5 (The comment directly
20a26a47-78bf-452d-9e37-3437e07d24b3,askacademia_train,losing_generate_llama,qwen,mistral,5,5 (The comment directly
20a26a47-78bf-452d-9e37-3437e07d24b3,askacademia_train,losing_generate_mistral,qwen,mistral,5,5
20a26a47-78bf-452d-9e37-3437e07d24b3,askacademia_train,losing_generate_qwen,qwen,mistral,5,5
20a26a47-78bf-452d-9e37-3437e07d24b3,askacademia_train,losing_improve_claude,qwen,mistral,5,5
20a26a47-78bf-452d-9e37-3437e07d24b3,askacademia_train,losing_improve_gemini,qwen,mistral,2,"2

The comment"
20a26a47-78bf-452d-9e37-3437e07d24b3,askacademia_train,losing_improve_gpt4omini,qwen,mistral,5,5 (The comment directly
20a26a47-78bf-452d-9e37-3437e07d24b3,askacademia_train,losing_improve_gpt5nano,qwen,mistral,5,5
20a26a47-78bf-452d-9e37-3437e07d24b3,askacademia_train,losing_improve_llama,qwen,mistral,4,"4

The comment"
20a26a47-78bf-452d-9e37-3437e07d24b3,askacademia_train,losing_improve_mistral,qwen,mistral,3,"3

The comment"
20a26a47-78bf-452d-9e37-3437e07d24b3,askacademia_train,losing_improve_qwen,qwen,mistral,3,"3

Explan"
20a26a47-78bf-452d-9e37-3437e07d24b3,askacademia_train,losing_paraphrase_claude,qwen,mistral,5,5
20a26a47-78bf-452d-9e37-3437e07d24b3,askacademia_train,losing_paraphrase_gemini,qwen,mistral,2,"2

The comment"
20a26a47-78bf-452d-9e37-3437e07d24b3,askacademia_train,losing_paraphrase_gpt4omini,qwen,mistral,2,"2

The comment"
20a26a47-78bf-452d-9e37-3437e07d24b3,askacademia_train,losing_paraphrase_gpt5nano,qwen,mistral,2,"2

The comment"
20a26a47-78bf-452d-9e37-3437e07d24b3,askacademia_train,losing_paraphrase_llama,qwen,mistral,2,"2

The comment"
20a26a47-78bf-452d-9e37-3437e07d24b3,askacademia_train,losing_paraphrase_mistral,qwen,mistral,2,2
20a26a47-78bf-452d-9e37-3437e07d24b3,askacademia_train,losing_paraphrase_qwen,qwen,mistral,2,"2

The comment"
e9e43029-19cd-4a50-9c19-32d0fc3c9503,askacademia_train,winning_text,qwen,mistral,2,"2

(The"
e9e43029-19cd-4a50-9c19-32d0fc3c9503,askacademia_train,losing_text,qwen,mistral,2,"2

The comment"
e9e43029-19cd-4a50-9c19-32d0fc3c9503,askacademia_train,losing_generate_claude,qwen,mistral,5,5
e9e43029-19cd-4a50-9c19-32d0fc3c9503,askacademia_train,losing_generate_gemini,qwen,mistral,5,5 (The comment directly
e9e43029-19cd-4a50-9c19-32d0fc3c9503,askacademia_train,losing_generate_gpt4omini,qwen,mistral,5,5
e9e43029-19cd-4a50-9c19-32d0fc3c9503,askacademia_train,losing_generate_gpt5nano,qwen,mistral,5,5 (The comment directly
e9e43029-19cd-4a50-9c19-32d0fc3c9503,askacademia_train,losing_generate_llama,qwen,mistral,5,5 (The comment directly
e9e43029-19cd-4a50-9c19-32d0fc3c9503,askacademia_train,losing_generate_mistral,qwen,mistral,5,5
e9e43029-19cd-4a50-9c19-32d0fc3c9503,askacademia_train,losing_generate_qwen,qwen,mistral,5,5 (The comment directly
e9e43029-19cd-4a50-9c19-32d0fc3c9503,askacademia_train,losing_improve_claude,qwen,mistral,5,5
e9e43029-19cd-4a50-9c19-32d0fc3c9503,askacademia_train,losing_improve_gemini,qwen,mistral,2,"2

The comment"
e9e43029-19cd-4a50-9c19-32d0fc3c9503,askacademia_train,losing_improve_gpt4omini,qwen,mistral,5,5
e9e43029-19cd-4a50-9c19-32d0fc3c9503,askacademia_train,losing_improve_gpt5nano,qwen,mistral,5,5
e9e43029-19cd-4a50-9c19-32d0fc3c9503,askacademia_train,losing_improve_llama,qwen,mistral,4,"4

The comment"
e9e43029-19cd-4a50-9c19-32d0fc3c9503,askacademia_train,losing_improve_mistral,qwen,mistral,3,"3

The comment"
e9e43029-19cd-4a50-9c19-32d0fc3c9503,askacademia_train,losing_improve_qwen,qwen,mistral,3,"3

The comment"
e9e43029-19cd-4a50-9c19-32d0fc3c9503,askacademia_train,losing_paraphrase_claude,qwen,mistral,3,"3

Explan"
e9e43029-19cd-4a50-9c19-32d0fc3c9503,askacademia_train,losing_paraphrase_gemini,qwen,mistral,3,"3

The comment"
e9e43029-19cd-4a50-9c19-32d0fc3c9503,askacademia_train,losing_paraphrase_gpt4omini,qwen,mistral,2,"2

The comment"
e9e43029-19cd-4a50-9c19-32d0fc3c9503,askacademia_train,losing_paraphrase_gpt5nano,qwen,mistral,2,"2

(The"
e9e43029-19cd-4a50-9c19-32d0fc3c9503,askacademia_train,losing_paraphrase_llama,qwen,mistral,2,"2

The comment"
e9e43029-19cd-4a50-9c19-32d0fc3c9503,askacademia_train,losing_paraphrase_mistral,qwen,mistral,2,2
e9e43029-19cd-4a50-9c19-32d0fc3c9503,askacademia_train,losing_paraphrase_qwen,qwen,mistral,2,"2

The comment"
7ecba3e5-0533-4c42-8691-03e109fc4e86,askacademia_train,winning_text,qwen,mistral,2,"2

---"
7ecba3e5-0533-4c42-8691-03e109fc4e86,askacademia_train,losing_text,qwen,mistral,3,"3

Explan"
7ecba3e5-0533-4c42-8691-03e109fc4e86,askacademia_train,losing_generate_claude,qwen,mistral,5,5
7ecba3e5-0533-4c42-8691-03e109fc4e86,askacademia_train,losing_generate_gemini,qwen,mistral,5,5
7ecba3e5-0533-4c42-8691-03e109fc4e86,askacademia_train,losing_generate_gpt4omini,qwen,mistral,5,5
7ecba3e5-0533-4c42-8691-03e109fc4e86,askacademia_train,losing_generate_gpt5nano,qwen,mistral,5,5
7ecba3e5-0533-4c42-8691-03e109fc4e86,askacademia_train,losing_generate_llama,qwen,mistral,5,5 (The comment directly
7ecba3e5-0533-4c42-8691-03e109fc4e86,askacademia_train,losing_generate_mistral,qwen,mistral,5,5
7ecba3e5-0533-4c42-8691-03e109fc4e86,askacademia_train,losing_generate_qwen,qwen,mistral,5,5
7ecba3e5-0533-4c42-8691-03e109fc4e86,askacademia_train,losing_improve_claude,qwen,mistral,AMBIG,Based on the scoring rubric
7ecba3e5-0533-4c42-8691-03e109fc4e86,askacademia_train,losing_improve_gemini,qwen,mistral,5,5 (The comment directly
7ecba3e5-0533-4c42-8691-03e109fc4e86,askacademia_train,losing_improve_gpt4omini,qwen,mistral,5,5 (The comment directly
7ecba3e5-0533-4c42-8691-03e109fc4e86,askacademia_train,losing_improve_gpt5nano,qwen,mistral,5,5 (The comment directly
7ecba3e5-0533-4c42-8691-03e109fc4e86,askacademia_train,losing_improve_llama,qwen,mistral,5,5
7ecba3e5-0533-4c42-8691-03e109fc4e86,askacademia_train,losing_improve_mistral,qwen,mistral,5,5 (The comment directly
7ecba3e5-0533-4c42-8691-03e109fc4e86,askacademia_train,losing_improve_qwen,qwen,mistral,5,5
7ecba3e5-0533-4c42-8691-03e109fc4e86,askacademia_train,losing_paraphrase_claude,qwen,mistral,5,"5

The comment"
7ecba3e5-0533-4c42-8691-03e109fc4e86,askacademia_train,losing_paraphrase_gemini,qwen,mistral,5,5
7ecba3e5-0533-4c42-8691-03e109fc4e86,askacademia_train,losing_paraphrase_gpt4omini,qwen,mistral,4,"4

The comment"
7ecba3e5-0533-4c42-8691-03e109fc4e86,askacademia_train,losing_paraphrase_gpt5nano,qwen,mistral,5,5 (The comment directly
7ecba3e5-0533-4c42-8691-03e109fc4e86,askacademia_train,losing_paraphrase_llama,qwen,mistral,5,5 (The comment directly
7ecba3e5-0533-4c42-8691-03e109fc4e86,askacademia_train,losing_paraphrase_mistral,qwen,mistral,5,"5

The comment"
7ecba3e5-0533-4c42-8691-03e109fc4e86,askacademia_train,losing_paraphrase_qwen,qwen,mistral,5,5 (The comment directly
3d3e034a-2230-46ec-a57b-9a449e76ec89,askacademia_train,winning_text,qwen,mistral,2,2
3d3e034a-2230-46ec-a57b-9a449e76ec89,askacademia_train,losing_text,qwen,mistral,3,"3

Explan"
3d3e034a-2230-46ec-a57b-9a449e76ec89,askacademia_train,losing_generate_claude,qwen,mistral,5,5
3d3e034a-2230-46ec-a57b-9a449e76ec89,askacademia_train,losing_generate_gemini,qwen,mistral,5,5 (The comment directly
3d3e034a-2230-46ec-a57b-9a449e76ec89,askacademia_train,losing_generate_gpt4omini,qwen,mistral,5,5
3d3e034a-2230-46ec-a57b-9a449e76ec89,askacademia_train,losing_generate_gpt5nano,qwen,mistral,5,5 (The comment directly
3d3e034a-2230-46ec-a57b-9a449e76ec89,askacademia_train,losing_generate_llama,qwen,mistral,5,5 (The comment directly
3d3e034a-2230-46ec-a57b-9a449e76ec89,askacademia_train,losing_generate_mistral,qwen,mistral,5,5
3d3e034a-2230-46ec-a57b-9a449e76ec89,askacademia_train,losing_generate_qwen,qwen,mistral,5,5 (The comment directly
3d3e034a-2230-46ec-a57b-9a449e76ec89,askacademia_train,losing_improve_claude,qwen,mistral,5,5
3d3e034a-2230-46ec-a57b-9a449e76ec89,askacademia_train,losing_improve_gemini,qwen,mistral,5,5 (The comment directly
3d3e034a-2230-46ec-a57b-9a449e76ec89,askacademia_train,losing_improve_gpt4omini,qwen,mistral,5,5 (The comment directly
3d3e034a-2230-46ec-a57b-9a449e76ec89,askacademia_train,losing_improve_gpt5nano,qwen,mistral,5,5
3d3e034a-2230-46ec-a57b-9a449e76ec89,askacademia_train,losing_improve_llama,qwen,mistral,5,5
3d3e034a-2230-46ec-a57b-9a449e76ec89,askacademia_train,losing_improve_mistral,qwen,mistral,5,5 (The comment directly
3d3e034a-2230-46ec-a57b-9a449e76ec89,askacademia_train,losing_improve_qwen,qwen,mistral,5,5
3d3e034a-2230-46ec-a57b-9a449e76ec89,askacademia_train,losing_paraphrase_claude,qwen,mistral,AMBIG,The score for this forum comment
3d3e034a-2230-46ec-a57b-9a449e76ec89,askacademia_train,losing_paraphrase_gemini,qwen,mistral,5,5
3d3e034a-2230-46ec-a57b-9a449e76ec89,askacademia_train,losing_paraphrase_gpt4omini,qwen,mistral,AMBIG,The score for this forum comment
3d3e034a-2230-46ec-a57b-9a449e76ec89,askacademia_train,losing_paraphrase_gpt5nano,qwen,mistral,5,5 (The comment directly
3d3e034a-2230-46ec-a57b-9a449e76ec89,askacademia_train,losing_paraphrase_llama,qwen,mistral,5,5 (The comment directly
3d3e034a-2230-46ec-a57b-9a449e76ec89,askacademia_train,losing_paraphrase_mistral,qwen,mistral,5,"5

The comment"
3d3e034a-2230-46ec-a57b-9a449e76ec89,askacademia_train,losing_paraphrase_qwen,qwen,mistral,5,5 (The comment directly
5cfe511d-59ec-4d7a-abb5-7bff22380bd1,askacademia_train,winning_text,qwen,mistral,2,"2

---"
5cfe511d-59ec-4d7a-abb5-7bff22380bd1,askacademia_train,losing_text,qwen,mistral,2,"2

The comment"
5cfe511d-59ec-4d7a-abb5-7bff22380bd1,askacademia_train,losing_generate_claude,qwen,mistral,5,5
5cfe511d-59ec-4d7a-abb5-7bff22380bd1,askacademia_train,losing_generate_gemini,qwen,mistral,5,5 (The comment directly
5cfe511d-59ec-4d7a-abb5-7bff22380bd1,askacademia_train,losing_generate_gpt4omini,qwen,mistral,5,5
5cfe511d-59ec-4d7a-abb5-7bff22380bd1,askacademia_train,losing_generate_gpt5nano,qwen,mistral,5,5
5cfe511d-59ec-4d7a-abb5-7bff22380bd1,askacademia_train,losing_generate_llama,qwen,mistral,5,5 (The comment directly
5cfe511d-59ec-4d7a-abb5-7bff22380bd1,askacademia_train,losing_generate_mistral,qwen,mistral,5,5
5cfe511d-59ec-4d7a-abb5-7bff22380bd1,askacademia_train,losing_generate_qwen,qwen,mistral,5,5 (The comment directly
5cfe511d-59ec-4d7a-abb5-7bff22380bd1,askacademia_train,losing_improve_claude,qwen,mistral,5,5
5cfe511d-59ec-4d7a-abb5-7bff22380bd1,askacademia_train,losing_improve_gemini,qwen,mistral,2,"2

The comment"
5cfe511d-59ec-4d7a-abb5-7bff22380bd1,askacademia_train,losing_improve_gpt4omini,qwen,mistral,5,5
5cfe511d-59ec-4d7a-abb5-7bff22380bd1,askacademia_train,losing_improve_gpt5nano,qwen,mistral,5,5 (The comment directly
5cfe511d-59ec-4d7a-abb5-7bff22380bd1,askacademia_train,losing_improve_llama,qwen,mistral,5,5 (The comment directly
5cfe511d-59ec-4d7a-abb5-7bff22380bd1,askacademia_train,losing_improve_mistral,qwen,mistral,5,5
5cfe511d-59ec-4d7a-abb5-7bff22380bd1,askacademia_train,losing_improve_qwen,qwen,mistral,2,2
5cfe511d-59ec-4d7a-abb5-7bff22380bd1,askacademia_train,losing_paraphrase_claude,qwen,mistral,5,5 (The comment directly
5cfe511d-59ec-4d7a-abb5-7bff22380bd1,askacademia_train,losing_paraphrase_gemini,qwen,mistral,5,5 (The comment directly
5cfe511d-59ec-4d7a-abb5-7bff22380bd1,askacademia_train,losing_paraphrase_gpt4omini,qwen,mistral,3,"3

The comment"
5cfe511d-59ec-4d7a-abb5-7bff22380bd1,askacademia_train,losing_paraphrase_gpt5nano,qwen,mistral,2,"2

The comment"
5cfe511d-59ec-4d7a-abb5-7bff22380bd1,askacademia_train,losing_paraphrase_llama,qwen,mistral,3,"3

The comment"
5cfe511d-59ec-4d7a-abb5-7bff22380bd1,askacademia_train,losing_paraphrase_mistral,qwen,mistral,3,"3

Explan"
5cfe511d-59ec-4d7a-abb5-7bff22380bd1,askacademia_train,losing_paraphrase_qwen,qwen,mistral,3,"3

The comment"
60d8cbf5-e8a3-4820-856f-d9a8c1c305ab,askacademia_train,winning_text,qwen,mistral,2,2
60d8cbf5-e8a3-4820-856f-d9a8c1c305ab,askacademia_train,losing_text,qwen,mistral,2,"2

The comment"
60d8cbf5-e8a3-4820-856f-d9a8c1c305ab,askacademia_train,losing_generate_claude,qwen,mistral,5,5
60d8cbf5-e8a3-4820-856f-d9a8c1c305ab,askacademia_train,losing_generate_gemini,qwen,mistral,5,5 (The comment directly
60d8cbf5-e8a3-4820-856f-d9a8c1c305ab,askacademia_train,losing_generate_gpt4omini,qwen,mistral,5,5
60d8cbf5-e8a3-4820-856f-d9a8c1c305ab,askacademia_train,losing_generate_gpt5nano,qwen,mistral,5,5 (The comment directly
60d8cbf5-e8a3-4820-856f-d9a8c1c305ab,askacademia_train,losing_generate_llama,qwen,mistral,5,5 (The comment directly
60d8cbf5-e8a3-4820-856f-d9a8c1c305ab,askacademia_train,losing_generate_mistral,qwen,mistral,5,5 (The comment directly
60d8cbf5-e8a3-4820-856f-d9a8c1c305ab,askacademia_train,losing_generate_qwen,qwen,mistral,5,5
60d8cbf5-e8a3-4820-856f-d9a8c1c305ab,askacademia_train,losing_improve_claude,qwen,mistral,5,5
60d8cbf5-e8a3-4820-856f-d9a8c1c305ab,askacademia_train,losing_improve_gemini,qwen,mistral,3,"3

The comment"
60d8cbf5-e8a3-4820-856f-d9a8c1c305ab,askacademia_train,losing_improve_gpt4omini,qwen,mistral,5,5
60d8cbf5-e8a3-4820-856f-d9a8c1c305ab,askacademia_train,losing_improve_gpt5nano,qwen,mistral,5,5
60d8cbf5-e8a3-4820-856f-d9a8c1c305ab,askacademia_train,losing_improve_llama,qwen,mistral,5,5 (The comment directly
60d8cbf5-e8a3-4820-856f-d9a8c1c305ab,askacademia_train,losing_improve_mistral,qwen,mistral,4,"4

The comment"
60d8cbf5-e8a3-4820-856f-d9a8c1c305ab,askacademia_train,losing_improve_qwen,qwen,mistral,2,"2

The comment"
60d8cbf5-e8a3-4820-856f-d9a8c1c305ab,askacademia_train,losing_paraphrase_claude,qwen,mistral,5,5
60d8cbf5-e8a3-4820-856f-d9a8c1c305ab,askacademia_train,losing_paraphrase_gemini,qwen,mistral,5,5 (The comment directly
60d8cbf5-e8a3-4820-856f-d9a8c1c305ab,askacademia_train,losing_paraphrase_gpt4omini,qwen,mistral,3,"3

The comment"
60d8cbf5-e8a3-4820-856f-d9a8c1c305ab,askacademia_train,losing_paraphrase_gpt5nano,qwen,mistral,2,"2

The comment"
60d8cbf5-e8a3-4820-856f-d9a8c1c305ab,askacademia_train,losing_paraphrase_llama,qwen,mistral,3,"3

The comment"
60d8cbf5-e8a3-4820-856f-d9a8c1c305ab,askacademia_train,losing_paraphrase_mistral,qwen,mistral,3,"3

Explan"
60d8cbf5-e8a3-4820-856f-d9a8c1c305ab,askacademia_train,losing_paraphrase_qwen,qwen,mistral,3,"3

The comment"
1b16ac33-438c-407c-a248-5b96e0a3e4eb,askacademia_train,winning_text,qwen,mistral,2,2
1b16ac33-438c-407c-a248-5b96e0a3e4eb,askacademia_train,losing_text,qwen,mistral,3,"3

The comment"
1b16ac33-438c-407c-a248-5b96e0a3e4eb,askacademia_train,losing_generate_claude,qwen,mistral,5,5
1b16ac33-438c-407c-a248-5b96e0a3e4eb,askacademia_train,losing_generate_gemini,qwen,mistral,5,5 (The comment directly
1b16ac33-438c-407c-a248-5b96e0a3e4eb,askacademia_train,losing_generate_gpt4omini,qwen,mistral,5,5
1b16ac33-438c-407c-a248-5b96e0a3e4eb,askacademia_train,losing_generate_gpt5nano,qwen,mistral,5,5
1b16ac33-438c-407c-a248-5b96e0a3e4eb,askacademia_train,losing_generate_llama,qwen,mistral,5,5 (The comment directly
1b16ac33-438c-407c-a248-5b96e0a3e4eb,askacademia_train,losing_generate_mistral,qwen,mistral,5,5
1b16ac33-438c-407c-a248-5b96e0a3e4eb,askacademia_train,losing_generate_qwen,qwen,mistral,5,5 (The comment directly
1b16ac33-438c-407c-a248-5b96e0a3e4eb,askacademia_train,losing_improve_claude,qwen,mistral,5,5
1b16ac33-438c-407c-a248-5b96e0a3e4eb,askacademia_train,losing_improve_gemini,qwen,mistral,5,5 (The comment directly
1b16ac33-438c-407c-a248-5b96e0a3e4eb,askacademia_train,losing_improve_gpt4omini,qwen,mistral,5,5
1b16ac33-438c-407c-a248-5b96e0a3e4eb,askacademia_train,losing_improve_gpt5nano,qwen,mistral,5,5
1b16ac33-438c-407c-a248-5b96e0a3e4eb,askacademia_train,losing_improve_llama,qwen,mistral,5,5 (The comment directly
1b16ac33-438c-407c-a248-5b96e0a3e4eb,askacademia_train,losing_improve_mistral,qwen,mistral,3,"3

Explan"
1b16ac33-438c-407c-a248-5b96e0a3e4eb,askacademia_train,losing_improve_qwen,qwen,mistral,5,5 (The comment directly
1b16ac33-438c-407c-a248-5b96e0a3e4eb,askacademia_train,losing_paraphrase_claude,qwen,mistral,3,"3

Explan"
1b16ac33-438c-407c-a248-5b96e0a3e4eb,askacademia_train,losing_paraphrase_gemini,qwen,mistral,5,5
1b16ac33-438c-407c-a248-5b96e0a3e4eb,askacademia_train,losing_paraphrase_gpt4omini,qwen,mistral,3,"3

The comment"
1b16ac33-438c-407c-a248-5b96e0a3e4eb,askacademia_train,losing_paraphrase_gpt5nano,qwen,mistral,3,"3

Explan"
1b16ac33-438c-407c-a248-5b96e0a3e4eb,askacademia_train,losing_paraphrase_llama,qwen,mistral,3,"3

The comment"
1b16ac33-438c-407c-a248-5b96e0a3e4eb,askacademia_train,losing_paraphrase_mistral,qwen,mistral,3,"3

The comment"
1b16ac33-438c-407c-a248-5b96e0a3e4eb,askacademia_train,losing_paraphrase_qwen,qwen,mistral,3,"3

The comment"
d6079abd-6c4b-4ad8-af07-25a51e1c4873,askacademia_train,winning_text,qwen,mistral,2,"2

(The"
d6079abd-6c4b-4ad8-af07-25a51e1c4873,askacademia_train,losing_text,qwen,mistral,3,"3

The comment"
d6079abd-6c4b-4ad8-af07-25a51e1c4873,askacademia_train,losing_generate_claude,qwen,mistral,5,5
d6079abd-6c4b-4ad8-af07-25a51e1c4873,askacademia_train,losing_generate_gemini,qwen,mistral,5,5 (The comment directly
d6079abd-6c4b-4ad8-af07-25a51e1c4873,askacademia_train,losing_generate_gpt4omini,qwen,mistral,5,5
d6079abd-6c4b-4ad8-af07-25a51e1c4873,askacademia_train,losing_generate_gpt5nano,qwen,mistral,5,5 (The comment directly
d6079abd-6c4b-4ad8-af07-25a51e1c4873,askacademia_train,losing_generate_llama,qwen,mistral,5,5 (The comment directly
d6079abd-6c4b-4ad8-af07-25a51e1c4873,askacademia_train,losing_generate_mistral,qwen,mistral,5,5
d6079abd-6c4b-4ad8-af07-25a51e1c4873,askacademia_train,losing_generate_qwen,qwen,mistral,5,5 (The comment directly
d6079abd-6c4b-4ad8-af07-25a51e1c4873,askacademia_train,losing_improve_claude,qwen,mistral,5,5 (The comment directly
d6079abd-6c4b-4ad8-af07-25a51e1c4873,askacademia_train,losing_improve_gemini,qwen,mistral,5,5 (The comment directly
d6079abd-6c4b-4ad8-af07-25a51e1c4873,askacademia_train,losing_improve_gpt4omini,qwen,mistral,5,5
d6079abd-6c4b-4ad8-af07-25a51e1c4873,askacademia_train,losing_improve_gpt5nano,qwen,mistral,5,5
d6079abd-6c4b-4ad8-af07-25a51e1c4873,askacademia_train,losing_improve_llama,qwen,mistral,5,5 (The comment directly
d6079abd-6c4b-4ad8-af07-25a51e1c4873,askacademia_train,losing_improve_mistral,qwen,mistral,3,"3

Explan"
d6079abd-6c4b-4ad8-af07-25a51e1c4873,askacademia_train,losing_improve_qwen,qwen,mistral,5,5 (The comment directly
d6079abd-6c4b-4ad8-af07-25a51e1c4873,askacademia_train,losing_paraphrase_claude,qwen,mistral,3,"3

The comment"
d6079abd-6c4b-4ad8-af07-25a51e1c4873,askacademia_train,losing_paraphrase_gemini,qwen,mistral,2,"2

The comment"
d6079abd-6c4b-4ad8-af07-25a51e1c4873,askacademia_train,losing_paraphrase_gpt4omini,qwen,mistral,3,"3

The comment"
d6079abd-6c4b-4ad8-af07-25a51e1c4873,askacademia_train,losing_paraphrase_gpt5nano,qwen,mistral,AMBIG,The score for this forum comment
d6079abd-6c4b-4ad8-af07-25a51e1c4873,askacademia_train,losing_paraphrase_llama,qwen,mistral,3,"3

The comment"
d6079abd-6c4b-4ad8-af07-25a51e1c4873,askacademia_train,losing_paraphrase_mistral,qwen,mistral,3,"3

The comment"
d6079abd-6c4b-4ad8-af07-25a51e1c4873,askacademia_train,losing_paraphrase_qwen,qwen,mistral,3,"3

The comment"
b92931aa-e3a9-46ff-a6a3-bb50145b6c46,askacademia_train,winning_text,qwen,mistral,2,2
b92931aa-e3a9-46ff-a6a3-bb50145b6c46,askacademia_train,losing_text,qwen,mistral,2,"2

(The"
b92931aa-e3a9-46ff-a6a3-bb50145b6c46,askacademia_train,losing_generate_claude,qwen,mistral,5,5
b92931aa-e3a9-46ff-a6a3-bb50145b6c46,askacademia_train,losing_generate_gemini,qwen,mistral,5,5
b92931aa-e3a9-46ff-a6a3-bb50145b6c46,askacademia_train,losing_generate_gpt4omini,qwen,mistral,5,5
b92931aa-e3a9-46ff-a6a3-bb50145b6c46,askacademia_train,losing_generate_gpt5nano,qwen,mistral,5,5 (The comment directly
b92931aa-e3a9-46ff-a6a3-bb50145b6c46,askacademia_train,losing_generate_llama,qwen,mistral,5,5 (The comment directly
b92931aa-e3a9-46ff-a6a3-bb50145b6c46,askacademia_train,losing_generate_mistral,qwen,mistral,5,5
b92931aa-e3a9-46ff-a6a3-bb50145b6c46,askacademia_train,losing_generate_qwen,qwen,mistral,5,5 (The comment directly
b92931aa-e3a9-46ff-a6a3-bb50145b6c46,askacademia_train,losing_improve_claude,qwen,mistral,5,5 (The comment directly
b92931aa-e3a9-46ff-a6a3-bb50145b6c46,askacademia_train,losing_improve_gemini,qwen,mistral,2,"2

Explan"
b92931aa-e3a9-46ff-a6a3-bb50145b6c46,askacademia_train,losing_improve_gpt4omini,qwen,mistral,5,5 (The comment directly
b92931aa-e3a9-46ff-a6a3-bb50145b6c46,askacademia_train,losing_improve_gpt5nano,qwen,mistral,5,5 (The comment directly
b92931aa-e3a9-46ff-a6a3-bb50145b6c46,askacademia_train,losing_improve_llama,qwen,mistral,5,5
b92931aa-e3a9-46ff-a6a3-bb50145b6c46,askacademia_train,losing_improve_mistral,qwen,mistral,5,5 (The comment directly
b92931aa-e3a9-46ff-a6a3-bb50145b6c46,askacademia_train,losing_improve_qwen,qwen,mistral,2,"2

The response"
b92931aa-e3a9-46ff-a6a3-bb50145b6c46,askacademia_train,losing_paraphrase_claude,qwen,mistral,3,"3

Explan"
b92931aa-e3a9-46ff-a6a3-bb50145b6c46,askacademia_train,losing_paraphrase_gemini,qwen,mistral,2,"2

The comment"
b92931aa-e3a9-46ff-a6a3-bb50145b6c46,askacademia_train,losing_paraphrase_gpt4omini,qwen,mistral,2,"2

(The"
b92931aa-e3a9-46ff-a6a3-bb50145b6c46,askacademia_train,losing_paraphrase_gpt5nano,qwen,mistral,2,"2

(The"
b92931aa-e3a9-46ff-a6a3-bb50145b6c46,askacademia_train,losing_paraphrase_llama,qwen,mistral,5,5 (The comment directly
b92931aa-e3a9-46ff-a6a3-bb50145b6c46,askacademia_train,losing_paraphrase_mistral,qwen,mistral,2,"2

The comment"
b92931aa-e3a9-46ff-a6a3-bb50145b6c46,askacademia_train,losing_paraphrase_qwen,qwen,mistral,2,2
fd3579b8-19ab-4618-977b-7a60a7d22e18,askacademia_train,winning_text,qwen,mistral,2,"2

The comment"
fd3579b8-19ab-4618-977b-7a60a7d22e18,askacademia_train,losing_text,qwen,mistral,2,"2

(The"
fd3579b8-19ab-4618-977b-7a60a7d22e18,askacademia_train,losing_generate_claude,qwen,mistral,5,5
fd3579b8-19ab-4618-977b-7a60a7d22e18,askacademia_train,losing_generate_gemini,qwen,mistral,5,5
fd3579b8-19ab-4618-977b-7a60a7d22e18,askacademia_train,losing_generate_gpt4omini,qwen,mistral,5,5
fd3579b8-19ab-4618-977b-7a60a7d22e18,askacademia_train,losing_generate_gpt5nano,qwen,mistral,5,5
fd3579b8-19ab-4618-977b-7a60a7d22e18,askacademia_train,losing_generate_llama,qwen,mistral,5,5 (The comment directly
fd3579b8-19ab-4618-977b-7a60a7d22e18,askacademia_train,losing_generate_mistral,qwen,mistral,5,5
fd3579b8-19ab-4618-977b-7a60a7d22e18,askacademia_train,losing_generate_qwen,qwen,mistral,5,5 (The comment directly
fd3579b8-19ab-4618-977b-7a60a7d22e18,askacademia_train,losing_improve_claude,qwen,mistral,5,5 (The comment directly
fd3579b8-19ab-4618-977b-7a60a7d22e18,askacademia_train,losing_improve_gemini,qwen,mistral,2,"2

The comment"
fd3579b8-19ab-4618-977b-7a60a7d22e18,askacademia_train,losing_improve_gpt4omini,qwen,mistral,5,5
fd3579b8-19ab-4618-977b-7a60a7d22e18,askacademia_train,losing_improve_gpt5nano,qwen,mistral,5,5
fd3579b8-19ab-4618-977b-7a60a7d22e18,askacademia_train,losing_improve_llama,qwen,mistral,5,5
fd3579b8-19ab-4618-977b-7a60a7d22e18,askacademia_train,losing_improve_mistral,qwen,mistral,5,5 (The comment directly
fd3579b8-19ab-4618-977b-7a60a7d22e18,askacademia_train,losing_improve_qwen,qwen,mistral,2,"2

The response"
fd3579b8-19ab-4618-977b-7a60a7d22e18,askacademia_train,losing_paraphrase_claude,qwen,mistral,3,"3

Explan"
fd3579b8-19ab-4618-977b-7a60a7d22e18,askacademia_train,losing_paraphrase_gemini,qwen,mistral,2,"2

The comment"
fd3579b8-19ab-4618-977b-7a60a7d22e18,askacademia_train,losing_paraphrase_gpt4omini,qwen,mistral,2,"2

(The"
fd3579b8-19ab-4618-977b-7a60a7d22e18,askacademia_train,losing_paraphrase_gpt5nano,qwen,mistral,2,2  (The comment
fd3579b8-19ab-4618-977b-7a60a7d22e18,askacademia_train,losing_paraphrase_llama,qwen,mistral,5,5 (The comment directly
fd3579b8-19ab-4618-977b-7a60a7d22e18,askacademia_train,losing_paraphrase_mistral,qwen,mistral,2,"2

The comment"
fd3579b8-19ab-4618-977b-7a60a7d22e18,askacademia_train,losing_paraphrase_qwen,qwen,mistral,2,"2

(The"
a64e70ee-3677-49cd-a853-addd633c8b16,askacademia_train,winning_text,qwen,mistral,2,"2

(The"
a64e70ee-3677-49cd-a853-addd633c8b16,askacademia_train,losing_text,qwen,mistral,2,"2

(The"
a64e70ee-3677-49cd-a853-addd633c8b16,askacademia_train,losing_generate_claude,qwen,mistral,5,5
a64e70ee-3677-49cd-a853-addd633c8b16,askacademia_train,losing_generate_gemini,qwen,mistral,5,5
a64e70ee-3677-49cd-a853-addd633c8b16,askacademia_train,losing_generate_gpt4omini,qwen,mistral,5,5
a64e70ee-3677-49cd-a853-addd633c8b16,askacademia_train,losing_generate_gpt5nano,qwen,mistral,5,5
a64e70ee-3677-49cd-a853-addd633c8b16,askacademia_train,losing_generate_llama,qwen,mistral,5,5 (The comment directly
a64e70ee-3677-49cd-a853-addd633c8b16,askacademia_train,losing_generate_mistral,qwen,mistral,5,5
a64e70ee-3677-49cd-a853-addd633c8b16,askacademia_train,losing_generate_qwen,qwen,mistral,5,5 (The comment directly
a64e70ee-3677-49cd-a853-addd633c8b16,askacademia_train,losing_improve_claude,qwen,mistral,5,5
a64e70ee-3677-49cd-a853-addd633c8b16,askacademia_train,losing_improve_gemini,qwen,mistral,2,"2

Explan"
a64e70ee-3677-49cd-a853-addd633c8b16,askacademia_train,losing_improve_gpt4omini,qwen,mistral,5,5 (The comment directly
a64e70ee-3677-49cd-a853-addd633c8b16,askacademia_train,losing_improve_gpt5nano,qwen,mistral,5,5
a64e70ee-3677-49cd-a853-addd633c8b16,askacademia_train,losing_improve_llama,qwen,mistral,5,5
a64e70ee-3677-49cd-a853-addd633c8b16,askacademia_train,losing_improve_mistral,qwen,mistral,5,5 (The comment directly
a64e70ee-3677-49cd-a853-addd633c8b16,askacademia_train,losing_improve_qwen,qwen,mistral,2,"2

The response"
a64e70ee-3677-49cd-a853-addd633c8b16,askacademia_train,losing_paraphrase_claude,qwen,mistral,3,"3

Explan"
a64e70ee-3677-49cd-a853-addd633c8b16,askacademia_train,losing_paraphrase_gemini,qwen,mistral,2,"2

The comment"
a64e70ee-3677-49cd-a853-addd633c8b16,askacademia_train,losing_paraphrase_gpt4omini,qwen,mistral,2,"2

(The"
a64e70ee-3677-49cd-a853-addd633c8b16,askacademia_train,losing_paraphrase_gpt5nano,qwen,mistral,2,"2

The response"
a64e70ee-3677-49cd-a853-addd633c8b16,askacademia_train,losing_paraphrase_llama,qwen,mistral,5,5 (The comment directly
a64e70ee-3677-49cd-a853-addd633c8b16,askacademia_train,losing_paraphrase_mistral,qwen,mistral,2,"2

The comment"
a64e70ee-3677-49cd-a853-addd633c8b16,askacademia_train,losing_paraphrase_qwen,qwen,mistral,2,2
b861c503-9c22-4c41-92b3-f77ac46e7fd5,askacademia_train,winning_text,qwen,mistral,2,2
b861c503-9c22-4c41-92b3-f77ac46e7fd5,askacademia_train,losing_text,qwen,mistral,2,"2

(The"
b861c503-9c22-4c41-92b3-f77ac46e7fd5,askacademia_train,losing_generate_claude,qwen,mistral,5,5
b861c503-9c22-4c41-92b3-f77ac46e7fd5,askacademia_train,losing_generate_gemini,qwen,mistral,5,5 (The comment directly
b861c503-9c22-4c41-92b3-f77ac46e7fd5,askacademia_train,losing_generate_gpt4omini,qwen,mistral,5,5
b861c503-9c22-4c41-92b3-f77ac46e7fd5,askacademia_train,losing_generate_gpt5nano,qwen,mistral,5,5
b861c503-9c22-4c41-92b3-f77ac46e7fd5,askacademia_train,losing_generate_llama,qwen,mistral,5,5 (The comment directly
b861c503-9c22-4c41-92b3-f77ac46e7fd5,askacademia_train,losing_generate_mistral,qwen,mistral,5,5 (The comment directly
b861c503-9c22-4c41-92b3-f77ac46e7fd5,askacademia_train,losing_generate_qwen,qwen,mistral,5,5 (The comment directly
b861c503-9c22-4c41-92b3-f77ac46e7fd5,askacademia_train,losing_improve_claude,qwen,mistral,5,5
b861c503-9c22-4c41-92b3-f77ac46e7fd5,askacademia_train,losing_improve_gemini,qwen,mistral,5,5 (The comment directly
b861c503-9c22-4c41-92b3-f77ac46e7fd5,askacademia_train,losing_improve_gpt4omini,qwen,mistral,2,"2

Although"
b861c503-9c22-4c41-92b3-f77ac46e7fd5,askacademia_train,losing_improve_gpt5nano,qwen,mistral,5,5 (The comment directly
b861c503-9c22-4c41-92b3-f77ac46e7fd5,askacademia_train,losing_improve_llama,qwen,mistral,5,5
b861c503-9c22-4c41-92b3-f77ac46e7fd5,askacademia_train,losing_improve_mistral,qwen,mistral,5,5 (The comment directly
b861c503-9c22-4c41-92b3-f77ac46e7fd5,askacademia_train,losing_improve_qwen,qwen,mistral,5,5
b861c503-9c22-4c41-92b3-f77ac46e7fd5,askacademia_train,losing_paraphrase_claude,qwen,mistral,2,"2

(The"
b861c503-9c22-4c41-92b3-f77ac46e7fd5,askacademia_train,losing_paraphrase_gemini,qwen,mistral,5,5 (The comment directly
b861c503-9c22-4c41-92b3-f77ac46e7fd5,askacademia_train,losing_paraphrase_gpt4omini,qwen,mistral,3,"3

The comment"
b861c503-9c22-4c41-92b3-f77ac46e7fd5,askacademia_train,losing_paraphrase_gpt5nano,qwen,mistral,2,"2

The comment"
b861c503-9c22-4c41-92b3-f77ac46e7fd5,askacademia_train,losing_paraphrase_llama,qwen,mistral,4,4 (The tone is
b861c503-9c22-4c41-92b3-f77ac46e7fd5,askacademia_train,losing_paraphrase_mistral,qwen,mistral,2,"2

The comment"
b861c503-9c22-4c41-92b3-f77ac46e7fd5,askacademia_train,losing_paraphrase_qwen,qwen,mistral,3,"3

The comment"
54402fd6-8984-4a3b-ad3e-64e967c8ba00,askacademia_train,winning_text,qwen,mistral,2,"2

The comment"
54402fd6-8984-4a3b-ad3e-64e967c8ba00,askacademia_train,losing_text,qwen,mistral,2,"2

(The"
54402fd6-8984-4a3b-ad3e-64e967c8ba00,askacademia_train,losing_generate_claude,qwen,mistral,5,5
54402fd6-8984-4a3b-ad3e-64e967c8ba00,askacademia_train,losing_generate_gemini,qwen,mistral,5,5 (The comment directly
54402fd6-8984-4a3b-ad3e-64e967c8ba00,askacademia_train,losing_generate_gpt4omini,qwen,mistral,5,5
54402fd6-8984-4a3b-ad3e-64e967c8ba00,askacademia_train,losing_generate_gpt5nano,qwen,mistral,5,5
54402fd6-8984-4a3b-ad3e-64e967c8ba00,askacademia_train,losing_generate_llama,qwen,mistral,5,5 (The comment directly
54402fd6-8984-4a3b-ad3e-64e967c8ba00,askacademia_train,losing_generate_mistral,qwen,mistral,5,5
54402fd6-8984-4a3b-ad3e-64e967c8ba00,askacademia_train,losing_generate_qwen,qwen,mistral,5,5
54402fd6-8984-4a3b-ad3e-64e967c8ba00,askacademia_train,losing_improve_claude,qwen,mistral,5,5
54402fd6-8984-4a3b-ad3e-64e967c8ba00,askacademia_train,losing_improve_gemini,qwen,mistral,5,5 (The comment directly
54402fd6-8984-4a3b-ad3e-64e967c8ba00,askacademia_train,losing_improve_gpt4omini,qwen,mistral,2,"2

Although"
54402fd6-8984-4a3b-ad3e-64e967c8ba00,askacademia_train,losing_improve_gpt5nano,qwen,mistral,5,5 (The comment directly
54402fd6-8984-4a3b-ad3e-64e967c8ba00,askacademia_train,losing_improve_llama,qwen,mistral,5,5
54402fd6-8984-4a3b-ad3e-64e967c8ba00,askacademia_train,losing_improve_mistral,qwen,mistral,3,"3

Explan"
54402fd6-8984-4a3b-ad3e-64e967c8ba00,askacademia_train,losing_improve_qwen,qwen,mistral,5,5 (The comment directly
54402fd6-8984-4a3b-ad3e-64e967c8ba00,askacademia_train,losing_paraphrase_claude,qwen,mistral,2,"2

(The"
54402fd6-8984-4a3b-ad3e-64e967c8ba00,askacademia_train,losing_paraphrase_gemini,qwen,mistral,5,5 (The comment directly
54402fd6-8984-4a3b-ad3e-64e967c8ba00,askacademia_train,losing_paraphrase_gpt4omini,qwen,mistral,3,"3

The comment"
54402fd6-8984-4a3b-ad3e-64e967c8ba00,askacademia_train,losing_paraphrase_gpt5nano,qwen,mistral,2,"2

The comment"
54402fd6-8984-4a3b-ad3e-64e967c8ba00,askacademia_train,losing_paraphrase_llama,qwen,mistral,4,4 (The tone is
54402fd6-8984-4a3b-ad3e-64e967c8ba00,askacademia_train,losing_paraphrase_mistral,qwen,mistral,2,"2

The comment"
54402fd6-8984-4a3b-ad3e-64e967c8ba00,askacademia_train,losing_paraphrase_qwen,qwen,mistral,3,"3

The comment"
a848e5be-ac4a-406d-82b3-7af66fc9916c,askacademia_train,winning_text,qwen,mistral,2,"2

(The"
a848e5be-ac4a-406d-82b3-7af66fc9916c,askacademia_train,losing_text,qwen,mistral,2,"2

(The"
a848e5be-ac4a-406d-82b3-7af66fc9916c,askacademia_train,losing_generate_claude,qwen,mistral,5,5
a848e5be-ac4a-406d-82b3-7af66fc9916c,askacademia_train,losing_generate_gemini,qwen,mistral,5,5 (The comment directly
a848e5be-ac4a-406d-82b3-7af66fc9916c,askacademia_train,losing_generate_gpt4omini,qwen,mistral,5,5
a848e5be-ac4a-406d-82b3-7af66fc9916c,askacademia_train,losing_generate_gpt5nano,qwen,mistral,5,5
a848e5be-ac4a-406d-82b3-7af66fc9916c,askacademia_train,losing_generate_llama,qwen,mistral,5,5 (The comment directly
a848e5be-ac4a-406d-82b3-7af66fc9916c,askacademia_train,losing_generate_mistral,qwen,mistral,5,5
a848e5be-ac4a-406d-82b3-7af66fc9916c,askacademia_train,losing_generate_qwen,qwen,mistral,5,5
a848e5be-ac4a-406d-82b3-7af66fc9916c,askacademia_train,losing_improve_claude,qwen,mistral,5,5
a848e5be-ac4a-406d-82b3-7af66fc9916c,askacademia_train,losing_improve_gemini,qwen,mistral,5,5 (The comment directly
a848e5be-ac4a-406d-82b3-7af66fc9916c,askacademia_train,losing_improve_gpt4omini,qwen,mistral,3,"3

Although"
a848e5be-ac4a-406d-82b3-7af66fc9916c,askacademia_train,losing_improve_gpt5nano,qwen,mistral,5,5 (The comment directly
a848e5be-ac4a-406d-82b3-7af66fc9916c,askacademia_train,losing_improve_llama,qwen,mistral,5,5
a848e5be-ac4a-406d-82b3-7af66fc9916c,askacademia_train,losing_improve_mistral,qwen,mistral,5,5 (The comment directly
a848e5be-ac4a-406d-82b3-7af66fc9916c,askacademia_train,losing_improve_qwen,qwen,mistral,5,5
a848e5be-ac4a-406d-82b3-7af66fc9916c,askacademia_train,losing_paraphrase_claude,qwen,mistral,2,"2

(The"
a848e5be-ac4a-406d-82b3-7af66fc9916c,askacademia_train,losing_paraphrase_gemini,qwen,mistral,5,5 (The comment directly
a848e5be-ac4a-406d-82b3-7af66fc9916c,askacademia_train,losing_paraphrase_gpt4omini,qwen,mistral,3,"3

The comment"
a848e5be-ac4a-406d-82b3-7af66fc9916c,askacademia_train,losing_paraphrase_gpt5nano,qwen,mistral,2,"2

The comment"
a848e5be-ac4a-406d-82b3-7af66fc9916c,askacademia_train,losing_paraphrase_llama,qwen,mistral,4,4 (The tone is
a848e5be-ac4a-406d-82b3-7af66fc9916c,askacademia_train,losing_paraphrase_mistral,qwen,mistral,2,"2

The comment"
a848e5be-ac4a-406d-82b3-7af66fc9916c,askacademia_train,losing_paraphrase_qwen,qwen,mistral,3,"3

The comment"
164e3ef1-36d6-4f08-bcff-846dc0252a17,askacademia_train,winning_text,qwen,mistral,2,"2

(The"
164e3ef1-36d6-4f08-bcff-846dc0252a17,askacademia_train,losing_text,qwen,mistral,2,"2

The comment"
164e3ef1-36d6-4f08-bcff-846dc0252a17,askacademia_train,losing_generate_claude,qwen,mistral,5,5
164e3ef1-36d6-4f08-bcff-846dc0252a17,askacademia_train,losing_generate_gemini,qwen,mistral,5,5
164e3ef1-36d6-4f08-bcff-846dc0252a17,askacademia_train,losing_generate_gpt4omini,qwen,mistral,5,5
164e3ef1-36d6-4f08-bcff-846dc0252a17,askacademia_train,losing_generate_gpt5nano,qwen,mistral,5,5
164e3ef1-36d6-4f08-bcff-846dc0252a17,askacademia_train,losing_generate_llama,qwen,mistral,5,5 (The comment directly
164e3ef1-36d6-4f08-bcff-846dc0252a17,askacademia_train,losing_generate_mistral,qwen,mistral,5,5
164e3ef1-36d6-4f08-bcff-846dc0252a17,askacademia_train,losing_generate_qwen,qwen,mistral,5,5 (The comment directly
164e3ef1-36d6-4f08-bcff-846dc0252a17,askacademia_train,losing_improve_claude,qwen,mistral,5,5 (The comment directly
164e3ef1-36d6-4f08-bcff-846dc0252a17,askacademia_train,losing_improve_gemini,qwen,mistral,5,5 (The comment directly
164e3ef1-36d6-4f08-bcff-846dc0252a17,askacademia_train,losing_improve_gpt4omini,qwen,mistral,5,5
164e3ef1-36d6-4f08-bcff-846dc0252a17,askacademia_train,losing_improve_gpt5nano,qwen,mistral,5,5
164e3ef1-36d6-4f08-bcff-846dc0252a17,askacademia_train,losing_improve_llama,qwen,mistral,4,"4

The comment"
164e3ef1-36d6-4f08-bcff-846dc0252a17,askacademia_train,losing_improve_mistral,qwen,mistral,5,5 (The comment directly
164e3ef1-36d6-4f08-bcff-846dc0252a17,askacademia_train,losing_improve_qwen,qwen,mistral,5,5 (The comment directly
164e3ef1-36d6-4f08-bcff-846dc0252a17,askacademia_train,losing_paraphrase_claude,qwen,mistral,3,"3

Although"
164e3ef1-36d6-4f08-bcff-846dc0252a17,askacademia_train,losing_paraphrase_gemini,qwen,mistral,5,5 (The comment directly
164e3ef1-36d6-4f08-bcff-846dc0252a17,askacademia_train,losing_paraphrase_gpt4omini,qwen,mistral,3,"3

The comment"
164e3ef1-36d6-4f08-bcff-846dc0252a17,askacademia_train,losing_paraphrase_gpt5nano,qwen,mistral,3,"3

The comment"
164e3ef1-36d6-4f08-bcff-846dc0252a17,askacademia_train,losing_paraphrase_llama,qwen,mistral,3,"3

The comment"
164e3ef1-36d6-4f08-bcff-846dc0252a17,askacademia_train,losing_paraphrase_mistral,qwen,mistral,3,"3

The comment"
164e3ef1-36d6-4f08-bcff-846dc0252a17,askacademia_train,losing_paraphrase_qwen,qwen,mistral,3,"3

The comment"
1ab716b6-4d1e-49ea-bcb7-8700554c916b,askacademia_train,winning_text,qwen,mistral,5,5
1ab716b6-4d1e-49ea-bcb7-8700554c916b,askacademia_train,losing_text,qwen,mistral,AMBIG,The score for this forum comment
1ab716b6-4d1e-49ea-bcb7-8700554c916b,askacademia_train,losing_generate_claude,qwen,mistral,5,5
1ab716b6-4d1e-49ea-bcb7-8700554c916b,askacademia_train,losing_generate_gemini,qwen,mistral,5,5 (The comment directly
1ab716b6-4d1e-49ea-bcb7-8700554c916b,askacademia_train,losing_generate_gpt4omini,qwen,mistral,5,5
1ab716b6-4d1e-49ea-bcb7-8700554c916b,askacademia_train,losing_generate_gpt5nano,qwen,mistral,5,5 (The comment directly
1ab716b6-4d1e-49ea-bcb7-8700554c916b,askacademia_train,losing_generate_llama,qwen,mistral,5,5 (The comment directly
1ab716b6-4d1e-49ea-bcb7-8700554c916b,askacademia_train,losing_generate_mistral,qwen,mistral,5,5
1ab716b6-4d1e-49ea-bcb7-8700554c916b,askacademia_train,losing_generate_qwen,qwen,mistral,5,5
1ab716b6-4d1e-49ea-bcb7-8700554c916b,askacademia_train,losing_improve_claude,qwen,mistral,5,5
1ab716b6-4d1e-49ea-bcb7-8700554c916b,askacademia_train,losing_improve_gemini,qwen,mistral,5,5
1ab716b6-4d1e-49ea-bcb7-8700554c916b,askacademia_train,losing_improve_gpt4omini,qwen,mistral,5,5 (The comment directly
1ab716b6-4d1e-49ea-bcb7-8700554c916b,askacademia_train,losing_improve_gpt5nano,qwen,mistral,5,5
1ab716b6-4d1e-49ea-bcb7-8700554c916b,askacademia_train,losing_improve_llama,qwen,mistral,5,5
1ab716b6-4d1e-49ea-bcb7-8700554c916b,askacademia_train,losing_improve_mistral,qwen,mistral,AMBIG,The score for this forum comment
1ab716b6-4d1e-49ea-bcb7-8700554c916b,askacademia_train,losing_improve_qwen,qwen,mistral,5,5
1ab716b6-4d1e-49ea-bcb7-8700554c916b,askacademia_train,losing_paraphrase_claude,qwen,mistral,4,"4

The comment"
1ab716b6-4d1e-49ea-bcb7-8700554c916b,askacademia_train,losing_paraphrase_gemini,qwen,mistral,5,5 (The comment directly
1ab716b6-4d1e-49ea-bcb7-8700554c916b,askacademia_train,losing_paraphrase_gpt4omini,qwen,mistral,AMBIG,The score for this forum comment
1ab716b6-4d1e-49ea-bcb7-8700554c916b,askacademia_train,losing_paraphrase_gpt5nano,qwen,mistral,4,4 (The tone is
1ab716b6-4d1e-49ea-bcb7-8700554c916b,askacademia_train,losing_paraphrase_llama,qwen,mistral,4,"4

Explan"
1ab716b6-4d1e-49ea-bcb7-8700554c916b,askacademia_train,losing_paraphrase_mistral,qwen,mistral,AMBIG,The score for this forum comment
1ab716b6-4d1e-49ea-bcb7-8700554c916b,askacademia_train,losing_paraphrase_qwen,qwen,mistral,4,4 (The tone is
292078fd-39f1-489e-9171-86ecbfc24533,askacademia_train,winning_text,qwen,mistral,3,"3

The comment"
292078fd-39f1-489e-9171-86ecbfc24533,askacademia_train,losing_text,qwen,mistral,AMBIG,The score for this forum comment
292078fd-39f1-489e-9171-86ecbfc24533,askacademia_train,losing_generate_claude,qwen,mistral,5,5
292078fd-39f1-489e-9171-86ecbfc24533,askacademia_train,losing_generate_gemini,qwen,mistral,5,5
292078fd-39f1-489e-9171-86ecbfc24533,askacademia_train,losing_generate_gpt4omini,qwen,mistral,5,5
292078fd-39f1-489e-9171-86ecbfc24533,askacademia_train,losing_generate_gpt5nano,qwen,mistral,5,5
292078fd-39f1-489e-9171-86ecbfc24533,askacademia_train,losing_generate_llama,qwen,mistral,5,5 (The comment directly
292078fd-39f1-489e-9171-86ecbfc24533,askacademia_train,losing_generate_mistral,qwen,mistral,5,5
292078fd-39f1-489e-9171-86ecbfc24533,askacademia_train,losing_generate_qwen,qwen,mistral,5,5
292078fd-39f1-489e-9171-86ecbfc24533,askacademia_train,losing_improve_claude,qwen,mistral,5,5
292078fd-39f1-489e-9171-86ecbfc24533,askacademia_train,losing_improve_gemini,qwen,mistral,5,5
292078fd-39f1-489e-9171-86ecbfc24533,askacademia_train,losing_improve_gpt4omini,qwen,mistral,5,5 (The comment directly
292078fd-39f1-489e-9171-86ecbfc24533,askacademia_train,losing_improve_gpt5nano,qwen,mistral,5,5
292078fd-39f1-489e-9171-86ecbfc24533,askacademia_train,losing_improve_llama,qwen,mistral,5,5
292078fd-39f1-489e-9171-86ecbfc24533,askacademia_train,losing_improve_mistral,qwen,mistral,5,5 (The comment directly
292078fd-39f1-489e-9171-86ecbfc24533,askacademia_train,losing_improve_qwen,qwen,mistral,5,5
292078fd-39f1-489e-9171-86ecbfc24533,askacademia_train,losing_paraphrase_claude,qwen,mistral,4,"4

The comment"
292078fd-39f1-489e-9171-86ecbfc24533,askacademia_train,losing_paraphrase_gemini,qwen,mistral,2,"2

The comment"
292078fd-39f1-489e-9171-86ecbfc24533,askacademia_train,losing_paraphrase_gpt4omini,qwen,mistral,AMBIG,The score for this forum comment
292078fd-39f1-489e-9171-86ecbfc24533,askacademia_train,losing_paraphrase_gpt5nano,qwen,mistral,3,"3

The comment"
292078fd-39f1-489e-9171-86ecbfc24533,askacademia_train,losing_paraphrase_llama,qwen,mistral,4,"4

The comment"
292078fd-39f1-489e-9171-86ecbfc24533,askacademia_train,losing_paraphrase_mistral,qwen,mistral,AMBIG,The score for this forum comment
292078fd-39f1-489e-9171-86ecbfc24533,askacademia_train,losing_paraphrase_qwen,qwen,mistral,4,4 (The tone is
947776e2-e1c7-450a-afc1-8c2a274b1d68,askacademia_train,winning_text,qwen,mistral,5,5
947776e2-e1c7-450a-afc1-8c2a274b1d68,askacademia_train,losing_text,qwen,mistral,3,"3

Explan"
947776e2-e1c7-450a-afc1-8c2a274b1d68,askacademia_train,losing_generate_claude,qwen,mistral,5,5
947776e2-e1c7-450a-afc1-8c2a274b1d68,askacademia_train,losing_generate_gemini,qwen,mistral,5,5 (The comment directly
947776e2-e1c7-450a-afc1-8c2a274b1d68,askacademia_train,losing_generate_gpt4omini,qwen,mistral,5,5
947776e2-e1c7-450a-afc1-8c2a274b1d68,askacademia_train,losing_generate_gpt5nano,qwen,mistral,5,5 (The comment directly
947776e2-e1c7-450a-afc1-8c2a274b1d68,askacademia_train,losing_generate_llama,qwen,mistral,5,5 (The comment directly
947776e2-e1c7-450a-afc1-8c2a274b1d68,askacademia_train,losing_generate_mistral,qwen,mistral,5,5
947776e2-e1c7-450a-afc1-8c2a274b1d68,askacademia_train,losing_generate_qwen,qwen,mistral,5,5
947776e2-e1c7-450a-afc1-8c2a274b1d68,askacademia_train,losing_improve_claude,qwen,mistral,5,5
947776e2-e1c7-450a-afc1-8c2a274b1d68,askacademia_train,losing_improve_gemini,qwen,mistral,5,5
947776e2-e1c7-450a-afc1-8c2a274b1d68,askacademia_train,losing_improve_gpt4omini,qwen,mistral,5,5
947776e2-e1c7-450a-afc1-8c2a274b1d68,askacademia_train,losing_improve_gpt5nano,qwen,mistral,5,5
947776e2-e1c7-450a-afc1-8c2a274b1d68,askacademia_train,losing_improve_llama,qwen,mistral,5,5
947776e2-e1c7-450a-afc1-8c2a274b1d68,askacademia_train,losing_improve_mistral,qwen,mistral,5,5
947776e2-e1c7-450a-afc1-8c2a274b1d68,askacademia_train,losing_improve_qwen,qwen,mistral,5,5 (The comment directly
947776e2-e1c7-450a-afc1-8c2a274b1d68,askacademia_train,losing_paraphrase_claude,qwen,mistral,5,5
947776e2-e1c7-450a-afc1-8c2a274b1d68,askacademia_train,losing_paraphrase_gemini,qwen,mistral,5,"5

The comment"
947776e2-e1c7-450a-afc1-8c2a274b1d68,askacademia_train,losing_paraphrase_gpt4omini,qwen,mistral,4,"4

The comment"
947776e2-e1c7-450a-afc1-8c2a274b1d68,askacademia_train,losing_paraphrase_gpt5nano,qwen,mistral,5,5 (The comment directly
947776e2-e1c7-450a-afc1-8c2a274b1d68,askacademia_train,losing_paraphrase_llama,qwen,mistral,AMBIG,"The comment is clear, respect"
947776e2-e1c7-450a-afc1-8c2a274b1d68,askacademia_train,losing_paraphrase_mistral,qwen,mistral,5,5
947776e2-e1c7-450a-afc1-8c2a274b1d68,askacademia_train,losing_paraphrase_qwen,qwen,mistral,5,5 (The comment directly
0078f354-a1d0-40ed-99c0-8d4822f997a8,askacademia_train,winning_text,qwen,mistral,4,4. The tone of
0078f354-a1d0-40ed-99c0-8d4822f997a8,askacademia_train,losing_text,qwen,mistral,3,"3

Explan"
0078f354-a1d0-40ed-99c0-8d4822f997a8,askacademia_train,losing_generate_claude,qwen,mistral,5,5
0078f354-a1d0-40ed-99c0-8d4822f997a8,askacademia_train,losing_generate_gemini,qwen,mistral,5,5
0078f354-a1d0-40ed-99c0-8d4822f997a8,askacademia_train,losing_generate_gpt4omini,qwen,mistral,5,5
0078f354-a1d0-40ed-99c0-8d4822f997a8,askacademia_train,losing_generate_gpt5nano,qwen,mistral,5,5
0078f354-a1d0-40ed-99c0-8d4822f997a8,askacademia_train,losing_generate_llama,qwen,mistral,5,5 (The comment directly
0078f354-a1d0-40ed-99c0-8d4822f997a8,askacademia_train,losing_generate_mistral,qwen,mistral,5,5
0078f354-a1d0-40ed-99c0-8d4822f997a8,askacademia_train,losing_generate_qwen,qwen,mistral,5,5 (The comment directly
0078f354-a1d0-40ed-99c0-8d4822f997a8,askacademia_train,losing_improve_claude,qwen,mistral,5,5 (The comment directly
0078f354-a1d0-40ed-99c0-8d4822f997a8,askacademia_train,losing_improve_gemini,qwen,mistral,5,5
0078f354-a1d0-40ed-99c0-8d4822f997a8,askacademia_train,losing_improve_gpt4omini,qwen,mistral,5,5
0078f354-a1d0-40ed-99c0-8d4822f997a8,askacademia_train,losing_improve_gpt5nano,qwen,mistral,5,5
0078f354-a1d0-40ed-99c0-8d4822f997a8,askacademia_train,losing_improve_llama,qwen,mistral,5,5
0078f354-a1d0-40ed-99c0-8d4822f997a8,askacademia_train,losing_improve_mistral,qwen,mistral,5,5
0078f354-a1d0-40ed-99c0-8d4822f997a8,askacademia_train,losing_improve_qwen,qwen,mistral,5,5
0078f354-a1d0-40ed-99c0-8d4822f997a8,askacademia_train,losing_paraphrase_claude,qwen,mistral,5,5
0078f354-a1d0-40ed-99c0-8d4822f997a8,askacademia_train,losing_paraphrase_gemini,qwen,mistral,5,"5

The comment"
0078f354-a1d0-40ed-99c0-8d4822f997a8,askacademia_train,losing_paraphrase_gpt4omini,qwen,mistral,4,"4

The comment"
0078f354-a1d0-40ed-99c0-8d4822f997a8,askacademia_train,losing_paraphrase_gpt5nano,qwen,mistral,5,5 (The comment directly
0078f354-a1d0-40ed-99c0-8d4822f997a8,askacademia_train,losing_paraphrase_llama,qwen,mistral,AMBIG,"The comment is clear, respect"
0078f354-a1d0-40ed-99c0-8d4822f997a8,askacademia_train,losing_paraphrase_mistral,qwen,mistral,5,5
0078f354-a1d0-40ed-99c0-8d4822f997a8,askacademia_train,losing_paraphrase_qwen,qwen,mistral,5,5
f030b6d2-a544-4afa-9af2-125fb903702f,askacademia_train,winning_text,qwen,mistral,3,"3

The comment"
f030b6d2-a544-4afa-9af2-125fb903702f,askacademia_train,losing_text,qwen,mistral,3,"3

Explan"
f030b6d2-a544-4afa-9af2-125fb903702f,askacademia_train,losing_generate_claude,qwen,mistral,5,5
f030b6d2-a544-4afa-9af2-125fb903702f,askacademia_train,losing_generate_gemini,qwen,mistral,5,5
f030b6d2-a544-4afa-9af2-125fb903702f,askacademia_train,losing_generate_gpt4omini,qwen,mistral,5,5
f030b6d2-a544-4afa-9af2-125fb903702f,askacademia_train,losing_generate_gpt5nano,qwen,mistral,5,5
f030b6d2-a544-4afa-9af2-125fb903702f,askacademia_train,losing_generate_llama,qwen,mistral,5,5 (The comment directly
f030b6d2-a544-4afa-9af2-125fb903702f,askacademia_train,losing_generate_mistral,qwen,mistral,5,5
f030b6d2-a544-4afa-9af2-125fb903702f,askacademia_train,losing_generate_qwen,qwen,mistral,5,5 (The comment directly
f030b6d2-a544-4afa-9af2-125fb903702f,askacademia_train,losing_improve_claude,qwen,mistral,5,5
f030b6d2-a544-4afa-9af2-125fb903702f,askacademia_train,losing_improve_gemini,qwen,mistral,5,5
f030b6d2-a544-4afa-9af2-125fb903702f,askacademia_train,losing_improve_gpt4omini,qwen,mistral,5,5
f030b6d2-a544-4afa-9af2-125fb903702f,askacademia_train,losing_improve_gpt5nano,qwen,mistral,5,5
f030b6d2-a544-4afa-9af2-125fb903702f,askacademia_train,losing_improve_llama,qwen,mistral,5,5
f030b6d2-a544-4afa-9af2-125fb903702f,askacademia_train,losing_improve_mistral,qwen,mistral,5,5
f030b6d2-a544-4afa-9af2-125fb903702f,askacademia_train,losing_improve_qwen,qwen,mistral,5,5
f030b6d2-a544-4afa-9af2-125fb903702f,askacademia_train,losing_paraphrase_claude,qwen,mistral,5,5
f030b6d2-a544-4afa-9af2-125fb903702f,askacademia_train,losing_paraphrase_gemini,qwen,mistral,2,"2

The comment"
f030b6d2-a544-4afa-9af2-125fb903702f,askacademia_train,losing_paraphrase_gpt4omini,qwen,mistral,4,"4

The comment"
f030b6d2-a544-4afa-9af2-125fb903702f,askacademia_train,losing_paraphrase_gpt5nano,qwen,mistral,5,5 (The comment directly
f030b6d2-a544-4afa-9af2-125fb903702f,askacademia_train,losing_paraphrase_llama,qwen,mistral,AMBIG,"The comment is clear, respect"
f030b6d2-a544-4afa-9af2-125fb903702f,askacademia_train,losing_paraphrase_mistral,qwen,mistral,5,5
f030b6d2-a544-4afa-9af2-125fb903702f,askacademia_train,losing_paraphrase_qwen,qwen,mistral,5,5
32425c5d-578f-4d7b-a081-e03332f36d9f,askacademia_train,winning_text,qwen,mistral,3,"3

The comment"
32425c5d-578f-4d7b-a081-e03332f36d9f,askacademia_train,losing_text,qwen,mistral,5,5
32425c5d-578f-4d7b-a081-e03332f36d9f,askacademia_train,losing_generate_claude,qwen,mistral,5,5
32425c5d-578f-4d7b-a081-e03332f36d9f,askacademia_train,losing_generate_gemini,qwen,mistral,5,5
32425c5d-578f-4d7b-a081-e03332f36d9f,askacademia_train,losing_generate_gpt4omini,qwen,mistral,5,5
32425c5d-578f-4d7b-a081-e03332f36d9f,askacademia_train,losing_generate_gpt5nano,qwen,mistral,5,5 (The comment directly
32425c5d-578f-4d7b-a081-e03332f36d9f,askacademia_train,losing_generate_llama,qwen,mistral,5,5 (The comment directly
32425c5d-578f-4d7b-a081-e03332f36d9f,askacademia_train,losing_generate_mistral,qwen,mistral,5,5
32425c5d-578f-4d7b-a081-e03332f36d9f,askacademia_train,losing_generate_qwen,qwen,mistral,5,5
32425c5d-578f-4d7b-a081-e03332f36d9f,askacademia_train,losing_improve_claude,qwen,mistral,5,5
32425c5d-578f-4d7b-a081-e03332f36d9f,askacademia_train,losing_improve_gemini,qwen,mistral,5,5
32425c5d-578f-4d7b-a081-e03332f36d9f,askacademia_train,losing_improve_gpt4omini,qwen,mistral,5,5
32425c5d-578f-4d7b-a081-e03332f36d9f,askacademia_train,losing_improve_gpt5nano,qwen,mistral,5,5 (The comment directly
32425c5d-578f-4d7b-a081-e03332f36d9f,askacademia_train,losing_improve_llama,qwen,mistral,5,5
32425c5d-578f-4d7b-a081-e03332f36d9f,askacademia_train,losing_improve_mistral,qwen,mistral,5,5 (The comment directly
32425c5d-578f-4d7b-a081-e03332f36d9f,askacademia_train,losing_improve_qwen,qwen,mistral,5,5
32425c5d-578f-4d7b-a081-e03332f36d9f,askacademia_train,losing_paraphrase_claude,qwen,mistral,5,5
32425c5d-578f-4d7b-a081-e03332f36d9f,askacademia_train,losing_paraphrase_gemini,qwen,mistral,2,"2

The comment"
32425c5d-578f-4d7b-a081-e03332f36d9f,askacademia_train,losing_paraphrase_gpt4omini,qwen,mistral,5,5
32425c5d-578f-4d7b-a081-e03332f36d9f,askacademia_train,losing_paraphrase_gpt5nano,qwen,mistral,5,5
32425c5d-578f-4d7b-a081-e03332f36d9f,askacademia_train,losing_paraphrase_llama,qwen,mistral,5,5
32425c5d-578f-4d7b-a081-e03332f36d9f,askacademia_train,losing_paraphrase_mistral,qwen,mistral,5,5
32425c5d-578f-4d7b-a081-e03332f36d9f,askacademia_train,losing_paraphrase_qwen,qwen,mistral,5,5 (The comment directly
3b2a72f5-80d9-4989-8e69-4d34e3548d47,askacademia_train,winning_text,qwen,mistral,2,"2
The comment is"
3b2a72f5-80d9-4989-8e69-4d34e3548d47,askacademia_train,losing_text,qwen,mistral,2,"2

(The"
3b2a72f5-80d9-4989-8e69-4d34e3548d47,askacademia_train,losing_generate_claude,qwen,mistral,5,5
3b2a72f5-80d9-4989-8e69-4d34e3548d47,askacademia_train,losing_generate_gemini,qwen,mistral,5,5
3b2a72f5-80d9-4989-8e69-4d34e3548d47,askacademia_train,losing_generate_gpt4omini,qwen,mistral,5,5
3b2a72f5-80d9-4989-8e69-4d34e3548d47,askacademia_train,losing_generate_gpt5nano,qwen,mistral,5,5
3b2a72f5-80d9-4989-8e69-4d34e3548d47,askacademia_train,losing_generate_llama,qwen,mistral,5,5 (The comment directly
3b2a72f5-80d9-4989-8e69-4d34e3548d47,askacademia_train,losing_generate_mistral,qwen,mistral,5,5
3b2a72f5-80d9-4989-8e69-4d34e3548d47,askacademia_train,losing_generate_qwen,qwen,mistral,5,5 (The comment directly
3b2a72f5-80d9-4989-8e69-4d34e3548d47,askacademia_train,losing_improve_claude,qwen,mistral,5,5
3b2a72f5-80d9-4989-8e69-4d34e3548d47,askacademia_train,losing_improve_gemini,qwen,mistral,5,5
3b2a72f5-80d9-4989-8e69-4d34e3548d47,askacademia_train,losing_improve_gpt4omini,qwen,mistral,5,5 (The comment directly
3b2a72f5-80d9-4989-8e69-4d34e3548d47,askacademia_train,losing_improve_gpt5nano,qwen,mistral,5,5
3b2a72f5-80d9-4989-8e69-4d34e3548d47,askacademia_train,losing_improve_llama,qwen,mistral,5,5 (The comment directly
3b2a72f5-80d9-4989-8e69-4d34e3548d47,askacademia_train,losing_improve_mistral,qwen,mistral,4,"4

The comment"
3b2a72f5-80d9-4989-8e69-4d34e3548d47,askacademia_train,losing_improve_qwen,qwen,mistral,5,5
3b2a72f5-80d9-4989-8e69-4d34e3548d47,askacademia_train,losing_paraphrase_claude,qwen,mistral,3,"3

Explan"
3b2a72f5-80d9-4989-8e69-4d34e3548d47,askacademia_train,losing_paraphrase_gemini,qwen,mistral,2,"2

The comment"
3b2a72f5-80d9-4989-8e69-4d34e3548d47,askacademia_train,losing_paraphrase_gpt4omini,qwen,mistral,3,"3

Explan"
3b2a72f5-80d9-4989-8e69-4d34e3548d47,askacademia_train,losing_paraphrase_gpt5nano,qwen,mistral,3,"3

Explan"
3b2a72f5-80d9-4989-8e69-4d34e3548d47,askacademia_train,losing_paraphrase_llama,qwen,mistral,3,"3

Explan"
3b2a72f5-80d9-4989-8e69-4d34e3548d47,askacademia_train,losing_paraphrase_mistral,qwen,mistral,3,"3

The comment"
3b2a72f5-80d9-4989-8e69-4d34e3548d47,askacademia_train,losing_paraphrase_qwen,qwen,mistral,3,"3

Explan"
00ac52a3-f8eb-4c52-b2d9-6e734d579fcb,askacademia_train,winning_text,qwen,mistral,4,4. The tone of
00ac52a3-f8eb-4c52-b2d9-6e734d579fcb,askacademia_train,losing_text,qwen,mistral,2,"2

(The"
00ac52a3-f8eb-4c52-b2d9-6e734d579fcb,askacademia_train,losing_generate_claude,qwen,mistral,5,5
00ac52a3-f8eb-4c52-b2d9-6e734d579fcb,askacademia_train,losing_generate_gemini,qwen,mistral,5,5 (The comment directly
00ac52a3-f8eb-4c52-b2d9-6e734d579fcb,askacademia_train,losing_generate_gpt4omini,qwen,mistral,5,5
00ac52a3-f8eb-4c52-b2d9-6e734d579fcb,askacademia_train,losing_generate_gpt5nano,qwen,mistral,5,5
00ac52a3-f8eb-4c52-b2d9-6e734d579fcb,askacademia_train,losing_generate_llama,qwen,mistral,5,5 (The comment directly
00ac52a3-f8eb-4c52-b2d9-6e734d579fcb,askacademia_train,losing_generate_mistral,qwen,mistral,5,5
00ac52a3-f8eb-4c52-b2d9-6e734d579fcb,askacademia_train,losing_generate_qwen,qwen,mistral,5,5 (The comment directly
00ac52a3-f8eb-4c52-b2d9-6e734d579fcb,askacademia_train,losing_improve_claude,qwen,mistral,4,4 (The response has
00ac52a3-f8eb-4c52-b2d9-6e734d579fcb,askacademia_train,losing_improve_gemini,qwen,mistral,5,5
00ac52a3-f8eb-4c52-b2d9-6e734d579fcb,askacademia_train,losing_improve_gpt4omini,qwen,mistral,5,5 (The comment directly
00ac52a3-f8eb-4c52-b2d9-6e734d579fcb,askacademia_train,losing_improve_gpt5nano,qwen,mistral,5,5
00ac52a3-f8eb-4c52-b2d9-6e734d579fcb,askacademia_train,losing_improve_llama,qwen,mistral,5,5 (The comment directly
00ac52a3-f8eb-4c52-b2d9-6e734d579fcb,askacademia_train,losing_improve_mistral,qwen,mistral,4,"4

Although"
00ac52a3-f8eb-4c52-b2d9-6e734d579fcb,askacademia_train,losing_improve_qwen,qwen,mistral,4,"4

The comment"
00ac52a3-f8eb-4c52-b2d9-6e734d579fcb,askacademia_train,losing_paraphrase_claude,qwen,mistral,3,"3

Explan"
00ac52a3-f8eb-4c52-b2d9-6e734d579fcb,askacademia_train,losing_paraphrase_gemini,qwen,mistral,2,"2

The comment"
00ac52a3-f8eb-4c52-b2d9-6e734d579fcb,askacademia_train,losing_paraphrase_gpt4omini,qwen,mistral,3,"3

Explan"
00ac52a3-f8eb-4c52-b2d9-6e734d579fcb,askacademia_train,losing_paraphrase_gpt5nano,qwen,mistral,3,"3

Explan"
00ac52a3-f8eb-4c52-b2d9-6e734d579fcb,askacademia_train,losing_paraphrase_llama,qwen,mistral,3,"3

Explan"
00ac52a3-f8eb-4c52-b2d9-6e734d579fcb,askacademia_train,losing_paraphrase_mistral,qwen,mistral,3,"3

The comment"
00ac52a3-f8eb-4c52-b2d9-6e734d579fcb,askacademia_train,losing_paraphrase_qwen,qwen,mistral,3,"3

Explan"
febe22ae-412b-4310-894e-e568ba9d9bb1,askacademia_train,winning_text,qwen,mistral,3,"3

Explan"
febe22ae-412b-4310-894e-e568ba9d9bb1,askacademia_train,losing_text,qwen,mistral,2,"2

(The"
febe22ae-412b-4310-894e-e568ba9d9bb1,askacademia_train,losing_generate_claude,qwen,mistral,5,5
febe22ae-412b-4310-894e-e568ba9d9bb1,askacademia_train,losing_generate_gemini,qwen,mistral,5,5 (The comment directly
febe22ae-412b-4310-894e-e568ba9d9bb1,askacademia_train,losing_generate_gpt4omini,qwen,mistral,5,5
febe22ae-412b-4310-894e-e568ba9d9bb1,askacademia_train,losing_generate_gpt5nano,qwen,mistral,5,5
febe22ae-412b-4310-894e-e568ba9d9bb1,askacademia_train,losing_generate_llama,qwen,mistral,5,5 (The comment directly
febe22ae-412b-4310-894e-e568ba9d9bb1,askacademia_train,losing_generate_mistral,qwen,mistral,5,5 (The comment directly
febe22ae-412b-4310-894e-e568ba9d9bb1,askacademia_train,losing_generate_qwen,qwen,mistral,5,5
febe22ae-412b-4310-894e-e568ba9d9bb1,askacademia_train,losing_improve_claude,qwen,mistral,5,5
febe22ae-412b-4310-894e-e568ba9d9bb1,askacademia_train,losing_improve_gemini,qwen,mistral,5,5
febe22ae-412b-4310-894e-e568ba9d9bb1,askacademia_train,losing_improve_gpt4omini,qwen,mistral,5,5
febe22ae-412b-4310-894e-e568ba9d9bb1,askacademia_train,losing_improve_gpt5nano,qwen,mistral,5,5
febe22ae-412b-4310-894e-e568ba9d9bb1,askacademia_train,losing_improve_llama,qwen,mistral,5,5 (The comment directly
febe22ae-412b-4310-894e-e568ba9d9bb1,askacademia_train,losing_improve_mistral,qwen,mistral,5,5
febe22ae-412b-4310-894e-e568ba9d9bb1,askacademia_train,losing_improve_qwen,qwen,mistral,5,5
febe22ae-412b-4310-894e-e568ba9d9bb1,askacademia_train,losing_paraphrase_claude,qwen,mistral,3,"3

The comment"
febe22ae-412b-4310-894e-e568ba9d9bb1,askacademia_train,losing_paraphrase_gemini,qwen,mistral,5,5 (The comment directly
febe22ae-412b-4310-894e-e568ba9d9bb1,askacademia_train,losing_paraphrase_gpt4omini,qwen,mistral,3,"3

Explan"
febe22ae-412b-4310-894e-e568ba9d9bb1,askacademia_train,losing_paraphrase_gpt5nano,qwen,mistral,3,"3

The comment"
febe22ae-412b-4310-894e-e568ba9d9bb1,askacademia_train,losing_paraphrase_llama,qwen,mistral,3,"3

Explan"
febe22ae-412b-4310-894e-e568ba9d9bb1,askacademia_train,losing_paraphrase_mistral,qwen,mistral,3,"3

The comment"
febe22ae-412b-4310-894e-e568ba9d9bb1,askacademia_train,losing_paraphrase_qwen,qwen,mistral,3,"3

Explan"
20726a84-5847-4d45-a08a-8e4376fa9a29,askacademia_train,winning_text,qwen,mistral,5,"5

The comment"
20726a84-5847-4d45-a08a-8e4376fa9a29,askacademia_train,losing_text,qwen,mistral,2,"2

(The"
20726a84-5847-4d45-a08a-8e4376fa9a29,askacademia_train,losing_generate_claude,qwen,mistral,5,5
20726a84-5847-4d45-a08a-8e4376fa9a29,askacademia_train,losing_generate_gemini,qwen,mistral,5,5
20726a84-5847-4d45-a08a-8e4376fa9a29,askacademia_train,losing_generate_gpt4omini,qwen,mistral,5,5
20726a84-5847-4d45-a08a-8e4376fa9a29,askacademia_train,losing_generate_gpt5nano,qwen,mistral,5,5 (The comment directly
20726a84-5847-4d45-a08a-8e4376fa9a29,askacademia_train,losing_generate_llama,qwen,mistral,5,5 (The comment directly
20726a84-5847-4d45-a08a-8e4376fa9a29,askacademia_train,losing_generate_mistral,qwen,mistral,5,5
20726a84-5847-4d45-a08a-8e4376fa9a29,askacademia_train,losing_generate_qwen,qwen,mistral,5,5
20726a84-5847-4d45-a08a-8e4376fa9a29,askacademia_train,losing_improve_claude,qwen,mistral,5,5
20726a84-5847-4d45-a08a-8e4376fa9a29,askacademia_train,losing_improve_gemini,qwen,mistral,5,5
20726a84-5847-4d45-a08a-8e4376fa9a29,askacademia_train,losing_improve_gpt4omini,qwen,mistral,5,5
20726a84-5847-4d45-a08a-8e4376fa9a29,askacademia_train,losing_improve_gpt5nano,qwen,mistral,5,5
20726a84-5847-4d45-a08a-8e4376fa9a29,askacademia_train,losing_improve_llama,qwen,mistral,5,5 (The comment directly
20726a84-5847-4d45-a08a-8e4376fa9a29,askacademia_train,losing_improve_mistral,qwen,mistral,5,5 (The comment directly
20726a84-5847-4d45-a08a-8e4376fa9a29,askacademia_train,losing_improve_qwen,qwen,mistral,4,"4

The comment"
20726a84-5847-4d45-a08a-8e4376fa9a29,askacademia_train,losing_paraphrase_claude,qwen,mistral,3,"3

The comment"
20726a84-5847-4d45-a08a-8e4376fa9a29,askacademia_train,losing_paraphrase_gemini,qwen,mistral,5,5
20726a84-5847-4d45-a08a-8e4376fa9a29,askacademia_train,losing_paraphrase_gpt4omini,qwen,mistral,3,3 (Relevance
20726a84-5847-4d45-a08a-8e4376fa9a29,askacademia_train,losing_paraphrase_gpt5nano,qwen,mistral,3,"3

Explan"
20726a84-5847-4d45-a08a-8e4376fa9a29,askacademia_train,losing_paraphrase_llama,qwen,mistral,3,"3

Explan"
20726a84-5847-4d45-a08a-8e4376fa9a29,askacademia_train,losing_paraphrase_mistral,qwen,mistral,3,"3

The comment"
20726a84-5847-4d45-a08a-8e4376fa9a29,askacademia_train,losing_paraphrase_qwen,qwen,mistral,3,"3

Explan"
163fa501-abeb-47f6-84d0-2f9440b38d5d,askacademia_train,winning_text,qwen,mistral,4,4. The tone of
163fa501-abeb-47f6-84d0-2f9440b38d5d,askacademia_train,losing_text,qwen,mistral,2,"2
The comment is"
163fa501-abeb-47f6-84d0-2f9440b38d5d,askacademia_train,losing_generate_claude,qwen,mistral,5,5
163fa501-abeb-47f6-84d0-2f9440b38d5d,askacademia_train,losing_generate_gemini,qwen,mistral,5,5
163fa501-abeb-47f6-84d0-2f9440b38d5d,askacademia_train,losing_generate_gpt4omini,qwen,mistral,5,5
163fa501-abeb-47f6-84d0-2f9440b38d5d,askacademia_train,losing_generate_gpt5nano,qwen,mistral,5,5
163fa501-abeb-47f6-84d0-2f9440b38d5d,askacademia_train,losing_generate_llama,qwen,mistral,5,5 (The comment directly
163fa501-abeb-47f6-84d0-2f9440b38d5d,askacademia_train,losing_generate_mistral,qwen,mistral,5,5
163fa501-abeb-47f6-84d0-2f9440b38d5d,askacademia_train,losing_generate_qwen,qwen,mistral,5,5
163fa501-abeb-47f6-84d0-2f9440b38d5d,askacademia_train,losing_improve_claude,qwen,mistral,5,5
163fa501-abeb-47f6-84d0-2f9440b38d5d,askacademia_train,losing_improve_gemini,qwen,mistral,4,"4

The comment"
163fa501-abeb-47f6-84d0-2f9440b38d5d,askacademia_train,losing_improve_gpt4omini,qwen,mistral,5,5
163fa501-abeb-47f6-84d0-2f9440b38d5d,askacademia_train,losing_improve_gpt5nano,qwen,mistral,5,5
163fa501-abeb-47f6-84d0-2f9440b38d5d,askacademia_train,losing_improve_llama,qwen,mistral,5,5 (The comment directly
163fa501-abeb-47f6-84d0-2f9440b38d5d,askacademia_train,losing_improve_mistral,qwen,mistral,3,"3

Explan"
163fa501-abeb-47f6-84d0-2f9440b38d5d,askacademia_train,losing_improve_qwen,qwen,mistral,5,5 (The comment directly
163fa501-abeb-47f6-84d0-2f9440b38d5d,askacademia_train,losing_paraphrase_claude,qwen,mistral,5,5 (The comment directly
163fa501-abeb-47f6-84d0-2f9440b38d5d,askacademia_train,losing_paraphrase_gemini,qwen,mistral,5,5
163fa501-abeb-47f6-84d0-2f9440b38d5d,askacademia_train,losing_paraphrase_gpt4omini,qwen,mistral,2,"2

The comment"
163fa501-abeb-47f6-84d0-2f9440b38d5d,askacademia_train,losing_paraphrase_gpt5nano,qwen,mistral,2,"2

Explan"
163fa501-abeb-47f6-84d0-2f9440b38d5d,askacademia_train,losing_paraphrase_llama,qwen,mistral,5,5
163fa501-abeb-47f6-84d0-2f9440b38d5d,askacademia_train,losing_paraphrase_mistral,qwen,mistral,3,"3

Explan"
163fa501-abeb-47f6-84d0-2f9440b38d5d,askacademia_train,losing_paraphrase_qwen,qwen,mistral,3,"3

Explan"
b53535e2-cb01-4d2b-be3c-ccde7b936979,askacademia_train,winning_text,qwen,mistral,3,"3

The comment"
b53535e2-cb01-4d2b-be3c-ccde7b936979,askacademia_train,losing_text,qwen,mistral,2,2
b53535e2-cb01-4d2b-be3c-ccde7b936979,askacademia_train,losing_generate_claude,qwen,mistral,5,5
b53535e2-cb01-4d2b-be3c-ccde7b936979,askacademia_train,losing_generate_gemini,qwen,mistral,5,5
b53535e2-cb01-4d2b-be3c-ccde7b936979,askacademia_train,losing_generate_gpt4omini,qwen,mistral,5,5
b53535e2-cb01-4d2b-be3c-ccde7b936979,askacademia_train,losing_generate_gpt5nano,qwen,mistral,5,5
b53535e2-cb01-4d2b-be3c-ccde7b936979,askacademia_train,losing_generate_llama,qwen,mistral,5,5 (The comment directly
b53535e2-cb01-4d2b-be3c-ccde7b936979,askacademia_train,losing_generate_mistral,qwen,mistral,5,5
b53535e2-cb01-4d2b-be3c-ccde7b936979,askacademia_train,losing_generate_qwen,qwen,mistral,5,5
b53535e2-cb01-4d2b-be3c-ccde7b936979,askacademia_train,losing_improve_claude,qwen,mistral,5,5
b53535e2-cb01-4d2b-be3c-ccde7b936979,askacademia_train,losing_improve_gemini,qwen,mistral,4,"4

The comment"
b53535e2-cb01-4d2b-be3c-ccde7b936979,askacademia_train,losing_improve_gpt4omini,qwen,mistral,5,5
b53535e2-cb01-4d2b-be3c-ccde7b936979,askacademia_train,losing_improve_gpt5nano,qwen,mistral,5,5
b53535e2-cb01-4d2b-be3c-ccde7b936979,askacademia_train,losing_improve_llama,qwen,mistral,5,5 (The comment directly
b53535e2-cb01-4d2b-be3c-ccde7b936979,askacademia_train,losing_improve_mistral,qwen,mistral,4,"4

Explan"
b53535e2-cb01-4d2b-be3c-ccde7b936979,askacademia_train,losing_improve_qwen,qwen,mistral,5,5 (The comment directly
b53535e2-cb01-4d2b-be3c-ccde7b936979,askacademia_train,losing_paraphrase_claude,qwen,mistral,5,5 (The comment directly
b53535e2-cb01-4d2b-be3c-ccde7b936979,askacademia_train,losing_paraphrase_gemini,qwen,mistral,5,5
b53535e2-cb01-4d2b-be3c-ccde7b936979,askacademia_train,losing_paraphrase_gpt4omini,qwen,mistral,2,"2

The comment"
b53535e2-cb01-4d2b-be3c-ccde7b936979,askacademia_train,losing_paraphrase_gpt5nano,qwen,mistral,3,"3

Explan"
b53535e2-cb01-4d2b-be3c-ccde7b936979,askacademia_train,losing_paraphrase_llama,qwen,mistral,5,5
b53535e2-cb01-4d2b-be3c-ccde7b936979,askacademia_train,losing_paraphrase_mistral,qwen,mistral,3,"3

Explan"
b53535e2-cb01-4d2b-be3c-ccde7b936979,askacademia_train,losing_paraphrase_qwen,qwen,mistral,3,"3

Explan"
0b77b76c-26bf-47f7-8af2-56083359c0c3,askacademia_train,winning_text,qwen,mistral,3,"3

Explan"
0b77b76c-26bf-47f7-8af2-56083359c0c3,askacademia_train,losing_text,qwen,mistral,4,4. The tone of
0b77b76c-26bf-47f7-8af2-56083359c0c3,askacademia_train,losing_generate_claude,qwen,mistral,5,5
0b77b76c-26bf-47f7-8af2-56083359c0c3,askacademia_train,losing_generate_gemini,qwen,mistral,5,5
0b77b76c-26bf-47f7-8af2-56083359c0c3,askacademia_train,losing_generate_gpt4omini,qwen,mistral,5,5
0b77b76c-26bf-47f7-8af2-56083359c0c3,askacademia_train,losing_generate_gpt5nano,qwen,mistral,5,5 (The comment directly
0b77b76c-26bf-47f7-8af2-56083359c0c3,askacademia_train,losing_generate_llama,qwen,mistral,5,5 (The comment directly
0b77b76c-26bf-47f7-8af2-56083359c0c3,askacademia_train,losing_generate_mistral,qwen,mistral,5,5 (The comment directly
0b77b76c-26bf-47f7-8af2-56083359c0c3,askacademia_train,losing_generate_qwen,qwen,mistral,5,5
0b77b76c-26bf-47f7-8af2-56083359c0c3,askacademia_train,losing_improve_claude,qwen,mistral,5,5 (The comment directly
0b77b76c-26bf-47f7-8af2-56083359c0c3,askacademia_train,losing_improve_gemini,qwen,mistral,5,5
0b77b76c-26bf-47f7-8af2-56083359c0c3,askacademia_train,losing_improve_gpt4omini,qwen,mistral,5,5 (The comment directly
0b77b76c-26bf-47f7-8af2-56083359c0c3,askacademia_train,losing_improve_gpt5nano,qwen,mistral,5,5
0b77b76c-26bf-47f7-8af2-56083359c0c3,askacademia_train,losing_improve_llama,qwen,mistral,5,5
0b77b76c-26bf-47f7-8af2-56083359c0c3,askacademia_train,losing_improve_mistral,qwen,mistral,5,5
0b77b76c-26bf-47f7-8af2-56083359c0c3,askacademia_train,losing_improve_qwen,qwen,mistral,4,"4

The comment"
0b77b76c-26bf-47f7-8af2-56083359c0c3,askacademia_train,losing_paraphrase_claude,qwen,mistral,5,5 (The comment directly
0b77b76c-26bf-47f7-8af2-56083359c0c3,askacademia_train,losing_paraphrase_gemini,qwen,mistral,4,4 (The tone is
0b77b76c-26bf-47f7-8af2-56083359c0c3,askacademia_train,losing_paraphrase_gpt4omini,qwen,mistral,3,"3

The comment"
0b77b76c-26bf-47f7-8af2-56083359c0c3,askacademia_train,losing_paraphrase_gpt5nano,qwen,mistral,3,"3

Explan"
0b77b76c-26bf-47f7-8af2-56083359c0c3,askacademia_train,losing_paraphrase_llama,qwen,mistral,3,"3

Explan"
0b77b76c-26bf-47f7-8af2-56083359c0c3,askacademia_train,losing_paraphrase_mistral,qwen,mistral,3,"3

The comment"
0b77b76c-26bf-47f7-8af2-56083359c0c3,askacademia_train,losing_paraphrase_qwen,qwen,mistral,3,"3

The comment"
bbed02c8-46a6-4fd8-9f8b-860095457ae4,askacademia_train,winning_text,qwen,mistral,4,4 (The tone is
bbed02c8-46a6-4fd8-9f8b-860095457ae4,askacademia_train,losing_text,qwen,mistral,5,5 (The comment directly
bbed02c8-46a6-4fd8-9f8b-860095457ae4,askacademia_train,losing_generate_claude,qwen,mistral,5,5
bbed02c8-46a6-4fd8-9f8b-860095457ae4,askacademia_train,losing_generate_gemini,qwen,mistral,5,5 (The comment directly
bbed02c8-46a6-4fd8-9f8b-860095457ae4,askacademia_train,losing_generate_gpt4omini,qwen,mistral,5,5
bbed02c8-46a6-4fd8-9f8b-860095457ae4,askacademia_train,losing_generate_gpt5nano,qwen,mistral,5,5
bbed02c8-46a6-4fd8-9f8b-860095457ae4,askacademia_train,losing_generate_llama,qwen,mistral,5,5 (The comment directly
bbed02c8-46a6-4fd8-9f8b-860095457ae4,askacademia_train,losing_generate_mistral,qwen,mistral,5,5
bbed02c8-46a6-4fd8-9f8b-860095457ae4,askacademia_train,losing_generate_qwen,qwen,mistral,5,5
bbed02c8-46a6-4fd8-9f8b-860095457ae4,askacademia_train,losing_improve_claude,qwen,mistral,5,5 (The comment directly
bbed02c8-46a6-4fd8-9f8b-860095457ae4,askacademia_train,losing_improve_gemini,qwen,mistral,5,5
bbed02c8-46a6-4fd8-9f8b-860095457ae4,askacademia_train,losing_improve_gpt4omini,qwen,mistral,5,5 (The comment directly
bbed02c8-46a6-4fd8-9f8b-860095457ae4,askacademia_train,losing_improve_gpt5nano,qwen,mistral,5,5
bbed02c8-46a6-4fd8-9f8b-860095457ae4,askacademia_train,losing_improve_llama,qwen,mistral,3,"3

Explan"
bbed02c8-46a6-4fd8-9f8b-860095457ae4,askacademia_train,losing_improve_mistral,qwen,mistral,5,5 (The comment directly
bbed02c8-46a6-4fd8-9f8b-860095457ae4,askacademia_train,losing_improve_qwen,qwen,mistral,5,5 (The comment directly
bbed02c8-46a6-4fd8-9f8b-860095457ae4,askacademia_train,losing_paraphrase_claude,qwen,mistral,5,5
bbed02c8-46a6-4fd8-9f8b-860095457ae4,askacademia_train,losing_paraphrase_gemini,qwen,mistral,4,4 (The tone is
bbed02c8-46a6-4fd8-9f8b-860095457ae4,askacademia_train,losing_paraphrase_gpt4omini,qwen,mistral,5,5 (The comment directly
bbed02c8-46a6-4fd8-9f8b-860095457ae4,askacademia_train,losing_paraphrase_gpt5nano,qwen,mistral,5,5 (The comment directly
bbed02c8-46a6-4fd8-9f8b-860095457ae4,askacademia_train,losing_paraphrase_llama,qwen,mistral,5,5
bbed02c8-46a6-4fd8-9f8b-860095457ae4,askacademia_train,losing_paraphrase_mistral,qwen,mistral,5,5
bbed02c8-46a6-4fd8-9f8b-860095457ae4,askacademia_train,losing_paraphrase_qwen,qwen,mistral,5,5
28e76213-6d7a-4cf6-b6d5-dec7e1239e12,askacademia_train,winning_text,qwen,mistral,AMBIG,The score for this forum comment
28e76213-6d7a-4cf6-b6d5-dec7e1239e12,askacademia_train,losing_text,qwen,mistral,5,5 (The comment directly
28e76213-6d7a-4cf6-b6d5-dec7e1239e12,askacademia_train,losing_generate_claude,qwen,mistral,5,5
28e76213-6d7a-4cf6-b6d5-dec7e1239e12,askacademia_train,losing_generate_gemini,qwen,mistral,5,5 (The comment directly
28e76213-6d7a-4cf6-b6d5-dec7e1239e12,askacademia_train,losing_generate_gpt4omini,qwen,mistral,5,5
28e76213-6d7a-4cf6-b6d5-dec7e1239e12,askacademia_train,losing_generate_gpt5nano,qwen,mistral,5,5
28e76213-6d7a-4cf6-b6d5-dec7e1239e12,askacademia_train,losing_generate_llama,qwen,mistral,5,5 (The comment directly
28e76213-6d7a-4cf6-b6d5-dec7e1239e12,askacademia_train,losing_generate_mistral,qwen,mistral,5,5
28e76213-6d7a-4cf6-b6d5-dec7e1239e12,askacademia_train,losing_generate_qwen,qwen,mistral,5,5
28e76213-6d7a-4cf6-b6d5-dec7e1239e12,askacademia_train,losing_improve_claude,qwen,mistral,5,5 (The comment directly
28e76213-6d7a-4cf6-b6d5-dec7e1239e12,askacademia_train,losing_improve_gemini,qwen,mistral,5,5
28e76213-6d7a-4cf6-b6d5-dec7e1239e12,askacademia_train,losing_improve_gpt4omini,qwen,mistral,5,5
28e76213-6d7a-4cf6-b6d5-dec7e1239e12,askacademia_train,losing_improve_gpt5nano,qwen,mistral,5,5
28e76213-6d7a-4cf6-b6d5-dec7e1239e12,askacademia_train,losing_improve_llama,qwen,mistral,3,"3

Explan"
28e76213-6d7a-4cf6-b6d5-dec7e1239e12,askacademia_train,losing_improve_mistral,qwen,mistral,5,5 (The comment directly
28e76213-6d7a-4cf6-b6d5-dec7e1239e12,askacademia_train,losing_improve_qwen,qwen,mistral,5,5 (The comment directly
28e76213-6d7a-4cf6-b6d5-dec7e1239e12,askacademia_train,losing_paraphrase_claude,qwen,mistral,5,5 (The comment directly
28e76213-6d7a-4cf6-b6d5-dec7e1239e12,askacademia_train,losing_paraphrase_gemini,qwen,mistral,4,4 (The tone is
28e76213-6d7a-4cf6-b6d5-dec7e1239e12,askacademia_train,losing_paraphrase_gpt4omini,qwen,mistral,5,5 (The comment directly
28e76213-6d7a-4cf6-b6d5-dec7e1239e12,askacademia_train,losing_paraphrase_gpt5nano,qwen,mistral,5,5 (The comment directly
28e76213-6d7a-4cf6-b6d5-dec7e1239e12,askacademia_train,losing_paraphrase_llama,qwen,mistral,5,5
28e76213-6d7a-4cf6-b6d5-dec7e1239e12,askacademia_train,losing_paraphrase_mistral,qwen,mistral,5,5
28e76213-6d7a-4cf6-b6d5-dec7e1239e12,askacademia_train,losing_paraphrase_qwen,qwen,mistral,5,5
7e18d7a2-866f-42fa-9de7-594877bc8003,askacademia_train,winning_text,qwen,mistral,5,5
7e18d7a2-866f-42fa-9de7-594877bc8003,askacademia_train,losing_text,qwen,mistral,5,5 (The comment directly
7e18d7a2-866f-42fa-9de7-594877bc8003,askacademia_train,losing_generate_claude,qwen,mistral,5,5
7e18d7a2-866f-42fa-9de7-594877bc8003,askacademia_train,losing_generate_gemini,qwen,mistral,5,5
7e18d7a2-866f-42fa-9de7-594877bc8003,askacademia_train,losing_generate_gpt4omini,qwen,mistral,5,5
7e18d7a2-866f-42fa-9de7-594877bc8003,askacademia_train,losing_generate_gpt5nano,qwen,mistral,5,5 (The comment directly
7e18d7a2-866f-42fa-9de7-594877bc8003,askacademia_train,losing_generate_llama,qwen,mistral,5,5 (The comment directly
7e18d7a2-866f-42fa-9de7-594877bc8003,askacademia_train,losing_generate_mistral,qwen,mistral,5,5 (The comment directly
7e18d7a2-866f-42fa-9de7-594877bc8003,askacademia_train,losing_generate_qwen,qwen,mistral,5,5 (The comment directly
7e18d7a2-866f-42fa-9de7-594877bc8003,askacademia_train,losing_improve_claude,qwen,mistral,5,5 (The comment directly
7e18d7a2-866f-42fa-9de7-594877bc8003,askacademia_train,losing_improve_gemini,qwen,mistral,5,5
7e18d7a2-866f-42fa-9de7-594877bc8003,askacademia_train,losing_improve_gpt4omini,qwen,mistral,5,5
7e18d7a2-866f-42fa-9de7-594877bc8003,askacademia_train,losing_improve_gpt5nano,qwen,mistral,5,5
7e18d7a2-866f-42fa-9de7-594877bc8003,askacademia_train,losing_improve_llama,qwen,mistral,3,"3

Explan"
7e18d7a2-866f-42fa-9de7-594877bc8003,askacademia_train,losing_improve_mistral,qwen,mistral,5,5 (The comment directly
7e18d7a2-866f-42fa-9de7-594877bc8003,askacademia_train,losing_improve_qwen,qwen,mistral,5,5 (The comment directly
7e18d7a2-866f-42fa-9de7-594877bc8003,askacademia_train,losing_paraphrase_claude,qwen,mistral,5,5 (The comment directly
7e18d7a2-866f-42fa-9de7-594877bc8003,askacademia_train,losing_paraphrase_gemini,qwen,mistral,3,"3

The comment"
7e18d7a2-866f-42fa-9de7-594877bc8003,askacademia_train,losing_paraphrase_gpt4omini,qwen,mistral,5,5 (The comment directly
7e18d7a2-866f-42fa-9de7-594877bc8003,askacademia_train,losing_paraphrase_gpt5nano,qwen,mistral,5,5 (The comment directly
7e18d7a2-866f-42fa-9de7-594877bc8003,askacademia_train,losing_paraphrase_llama,qwen,mistral,5,5
7e18d7a2-866f-42fa-9de7-594877bc8003,askacademia_train,losing_paraphrase_mistral,qwen,mistral,5,5
7e18d7a2-866f-42fa-9de7-594877bc8003,askacademia_train,losing_paraphrase_qwen,qwen,mistral,5,5
da85c2e9-df5f-4df3-97c5-47da6ba03e4e,askacademia_train,winning_text,qwen,mistral,5,5 (The comment directly
da85c2e9-df5f-4df3-97c5-47da6ba03e4e,askacademia_train,losing_text,qwen,mistral,5,5 (The comment directly
da85c2e9-df5f-4df3-97c5-47da6ba03e4e,askacademia_train,losing_generate_claude,qwen,mistral,5,5
da85c2e9-df5f-4df3-97c5-47da6ba03e4e,askacademia_train,losing_generate_gemini,qwen,mistral,5,5 (The comment directly
da85c2e9-df5f-4df3-97c5-47da6ba03e4e,askacademia_train,losing_generate_gpt4omini,qwen,mistral,5,5
da85c2e9-df5f-4df3-97c5-47da6ba03e4e,askacademia_train,losing_generate_gpt5nano,qwen,mistral,5,5 (The comment directly
da85c2e9-df5f-4df3-97c5-47da6ba03e4e,askacademia_train,losing_generate_llama,qwen,mistral,5,5 (The comment directly
da85c2e9-df5f-4df3-97c5-47da6ba03e4e,askacademia_train,losing_generate_mistral,qwen,mistral,5,5
da85c2e9-df5f-4df3-97c5-47da6ba03e4e,askacademia_train,losing_generate_qwen,qwen,mistral,5,5
da85c2e9-df5f-4df3-97c5-47da6ba03e4e,askacademia_train,losing_improve_claude,qwen,mistral,5,5 (The comment directly
da85c2e9-df5f-4df3-97c5-47da6ba03e4e,askacademia_train,losing_improve_gemini,qwen,mistral,5,5
da85c2e9-df5f-4df3-97c5-47da6ba03e4e,askacademia_train,losing_improve_gpt4omini,qwen,mistral,5,5 (The comment directly
da85c2e9-df5f-4df3-97c5-47da6ba03e4e,askacademia_train,losing_improve_gpt5nano,qwen,mistral,5,5
da85c2e9-df5f-4df3-97c5-47da6ba03e4e,askacademia_train,losing_improve_llama,qwen,mistral,3,"3

Explan"
da85c2e9-df5f-4df3-97c5-47da6ba03e4e,askacademia_train,losing_improve_mistral,qwen,mistral,5,5 (The comment directly
da85c2e9-df5f-4df3-97c5-47da6ba03e4e,askacademia_train,losing_improve_qwen,qwen,mistral,5,5 (The comment directly
da85c2e9-df5f-4df3-97c5-47da6ba03e4e,askacademia_train,losing_paraphrase_claude,qwen,mistral,5,5 (The comment directly
da85c2e9-df5f-4df3-97c5-47da6ba03e4e,askacademia_train,losing_paraphrase_gemini,qwen,mistral,3,"3

Explan"
da85c2e9-df5f-4df3-97c5-47da6ba03e4e,askacademia_train,losing_paraphrase_gpt4omini,qwen,mistral,5,5 (The comment directly
da85c2e9-df5f-4df3-97c5-47da6ba03e4e,askacademia_train,losing_paraphrase_gpt5nano,qwen,mistral,5,5
da85c2e9-df5f-4df3-97c5-47da6ba03e4e,askacademia_train,losing_paraphrase_llama,qwen,mistral,5,5
da85c2e9-df5f-4df3-97c5-47da6ba03e4e,askacademia_train,losing_paraphrase_mistral,qwen,mistral,5,5 (The comment directly
da85c2e9-df5f-4df3-97c5-47da6ba03e4e,askacademia_train,losing_paraphrase_qwen,qwen,mistral,5,5
b85a8997-7faa-4977-85db-79fc13748382,askacademia_train,winning_text,qwen,mistral,2,"2

The comment"
b85a8997-7faa-4977-85db-79fc13748382,askacademia_train,losing_text,qwen,mistral,5,5 (The comment directly
b85a8997-7faa-4977-85db-79fc13748382,askacademia_train,losing_generate_claude,qwen,mistral,5,5
b85a8997-7faa-4977-85db-79fc13748382,askacademia_train,losing_generate_gemini,qwen,mistral,5,5
b85a8997-7faa-4977-85db-79fc13748382,askacademia_train,losing_generate_gpt4omini,qwen,mistral,5,5
b85a8997-7faa-4977-85db-79fc13748382,askacademia_train,losing_generate_gpt5nano,qwen,mistral,5,5
b85a8997-7faa-4977-85db-79fc13748382,askacademia_train,losing_generate_llama,qwen,mistral,5,5 (The comment directly
b85a8997-7faa-4977-85db-79fc13748382,askacademia_train,losing_generate_mistral,qwen,mistral,5,5
b85a8997-7faa-4977-85db-79fc13748382,askacademia_train,losing_generate_qwen,qwen,mistral,5,5 (The comment directly
b85a8997-7faa-4977-85db-79fc13748382,askacademia_train,losing_improve_claude,qwen,mistral,5,5 (The comment directly
b85a8997-7faa-4977-85db-79fc13748382,askacademia_train,losing_improve_gemini,qwen,mistral,5,5
b85a8997-7faa-4977-85db-79fc13748382,askacademia_train,losing_improve_gpt4omini,qwen,mistral,5,5 (The comment directly
b85a8997-7faa-4977-85db-79fc13748382,askacademia_train,losing_improve_gpt5nano,qwen,mistral,5,5
b85a8997-7faa-4977-85db-79fc13748382,askacademia_train,losing_improve_llama,qwen,mistral,3,"3

Explan"
b85a8997-7faa-4977-85db-79fc13748382,askacademia_train,losing_improve_mistral,qwen,mistral,5,5 (The comment directly
b85a8997-7faa-4977-85db-79fc13748382,askacademia_train,losing_improve_qwen,qwen,mistral,5,5 (The comment directly
b85a8997-7faa-4977-85db-79fc13748382,askacademia_train,losing_paraphrase_claude,qwen,mistral,5,5
b85a8997-7faa-4977-85db-79fc13748382,askacademia_train,losing_paraphrase_gemini,qwen,mistral,3,"3

Explan"
b85a8997-7faa-4977-85db-79fc13748382,askacademia_train,losing_paraphrase_gpt4omini,qwen,mistral,5,5 (The comment directly
b85a8997-7faa-4977-85db-79fc13748382,askacademia_train,losing_paraphrase_gpt5nano,qwen,mistral,5,5
b85a8997-7faa-4977-85db-79fc13748382,askacademia_train,losing_paraphrase_llama,qwen,mistral,AMBIG,"The comment provided is helpful,"
b85a8997-7faa-4977-85db-79fc13748382,askacademia_train,losing_paraphrase_mistral,qwen,mistral,5,5 (The comment directly
b85a8997-7faa-4977-85db-79fc13748382,askacademia_train,losing_paraphrase_qwen,qwen,mistral,5,5
3480a5d5-2054-484c-86c1-20d098d54dbb,askacademia_train,winning_text,qwen,mistral,4,4 (The tone is
3480a5d5-2054-484c-86c1-20d098d54dbb,askacademia_train,losing_text,qwen,mistral,5,5
3480a5d5-2054-484c-86c1-20d098d54dbb,askacademia_train,losing_generate_claude,qwen,mistral,5,5
3480a5d5-2054-484c-86c1-20d098d54dbb,askacademia_train,losing_generate_gemini,qwen,mistral,5,5 (The comment directly
3480a5d5-2054-484c-86c1-20d098d54dbb,askacademia_train,losing_generate_gpt4omini,qwen,mistral,5,5
3480a5d5-2054-484c-86c1-20d098d54dbb,askacademia_train,losing_generate_gpt5nano,qwen,mistral,5,5 (The comment directly
3480a5d5-2054-484c-86c1-20d098d54dbb,askacademia_train,losing_generate_llama,qwen,mistral,5,5 (The comment directly
3480a5d5-2054-484c-86c1-20d098d54dbb,askacademia_train,losing_generate_mistral,qwen,mistral,5,5
3480a5d5-2054-484c-86c1-20d098d54dbb,askacademia_train,losing_generate_qwen,qwen,mistral,5,5 (The comment directly
3480a5d5-2054-484c-86c1-20d098d54dbb,askacademia_train,losing_improve_claude,qwen,mistral,5,5 (The comment directly
3480a5d5-2054-484c-86c1-20d098d54dbb,askacademia_train,losing_improve_gemini,qwen,mistral,5,5
3480a5d5-2054-484c-86c1-20d098d54dbb,askacademia_train,losing_improve_gpt4omini,qwen,mistral,5,5 (The comment directly
3480a5d5-2054-484c-86c1-20d098d54dbb,askacademia_train,losing_improve_gpt5nano,qwen,mistral,5,5 (The comment directly
3480a5d5-2054-484c-86c1-20d098d54dbb,askacademia_train,losing_improve_llama,qwen,mistral,5,5 (The comment directly
3480a5d5-2054-484c-86c1-20d098d54dbb,askacademia_train,losing_improve_mistral,qwen,mistral,5,"5

The comment"
3480a5d5-2054-484c-86c1-20d098d54dbb,askacademia_train,losing_improve_qwen,qwen,mistral,5,"5

The comment"
3480a5d5-2054-484c-86c1-20d098d54dbb,askacademia_train,losing_paraphrase_claude,qwen,mistral,5,5 (The comment directly
3480a5d5-2054-484c-86c1-20d098d54dbb,askacademia_train,losing_paraphrase_gemini,qwen,mistral,3,"3

Explan"
3480a5d5-2054-484c-86c1-20d098d54dbb,askacademia_train,losing_paraphrase_gpt4omini,qwen,mistral,5,5
3480a5d5-2054-484c-86c1-20d098d54dbb,askacademia_train,losing_paraphrase_gpt5nano,qwen,mistral,5,5 (The comment directly
3480a5d5-2054-484c-86c1-20d098d54dbb,askacademia_train,losing_paraphrase_llama,qwen,mistral,5,5 (The comment directly
3480a5d5-2054-484c-86c1-20d098d54dbb,askacademia_train,losing_paraphrase_mistral,qwen,mistral,5,5 (The comment directly
3480a5d5-2054-484c-86c1-20d098d54dbb,askacademia_train,losing_paraphrase_qwen,qwen,mistral,5,5 (The comment directly
b8d2eab2-c72f-4303-a58e-bdbeeafb0804,askacademia_train,winning_text,qwen,mistral,AMBIG,The score for this forum comment
b8d2eab2-c72f-4303-a58e-bdbeeafb0804,askacademia_train,losing_text,qwen,mistral,5,5
b8d2eab2-c72f-4303-a58e-bdbeeafb0804,askacademia_train,losing_generate_claude,qwen,mistral,5,5
b8d2eab2-c72f-4303-a58e-bdbeeafb0804,askacademia_train,losing_generate_gemini,qwen,mistral,5,5
b8d2eab2-c72f-4303-a58e-bdbeeafb0804,askacademia_train,losing_generate_gpt4omini,qwen,mistral,5,5
b8d2eab2-c72f-4303-a58e-bdbeeafb0804,askacademia_train,losing_generate_gpt5nano,qwen,mistral,5,5
b8d2eab2-c72f-4303-a58e-bdbeeafb0804,askacademia_train,losing_generate_llama,qwen,mistral,5,5 (The comment directly
b8d2eab2-c72f-4303-a58e-bdbeeafb0804,askacademia_train,losing_generate_mistral,qwen,mistral,5,5
b8d2eab2-c72f-4303-a58e-bdbeeafb0804,askacademia_train,losing_generate_qwen,qwen,mistral,5,5
b8d2eab2-c72f-4303-a58e-bdbeeafb0804,askacademia_train,losing_improve_claude,qwen,mistral,5,5 (The comment directly
b8d2eab2-c72f-4303-a58e-bdbeeafb0804,askacademia_train,losing_improve_gemini,qwen,mistral,5,5
b8d2eab2-c72f-4303-a58e-bdbeeafb0804,askacademia_train,losing_improve_gpt4omini,qwen,mistral,5,5 (The comment directly
b8d2eab2-c72f-4303-a58e-bdbeeafb0804,askacademia_train,losing_improve_gpt5nano,qwen,mistral,5,5
b8d2eab2-c72f-4303-a58e-bdbeeafb0804,askacademia_train,losing_improve_llama,qwen,mistral,5,5 (The comment directly
b8d2eab2-c72f-4303-a58e-bdbeeafb0804,askacademia_train,losing_improve_mistral,qwen,mistral,5,5
b8d2eab2-c72f-4303-a58e-bdbeeafb0804,askacademia_train,losing_improve_qwen,qwen,mistral,5,"5

The comment"
b8d2eab2-c72f-4303-a58e-bdbeeafb0804,askacademia_train,losing_paraphrase_claude,qwen,mistral,5,5 (The comment directly
b8d2eab2-c72f-4303-a58e-bdbeeafb0804,askacademia_train,losing_paraphrase_gemini,qwen,mistral,3,3. The comment is
b8d2eab2-c72f-4303-a58e-bdbeeafb0804,askacademia_train,losing_paraphrase_gpt4omini,qwen,mistral,5,5
b8d2eab2-c72f-4303-a58e-bdbeeafb0804,askacademia_train,losing_paraphrase_gpt5nano,qwen,mistral,5,5 (The comment directly
b8d2eab2-c72f-4303-a58e-bdbeeafb0804,askacademia_train,losing_paraphrase_llama,qwen,mistral,5,5 (The comment directly
b8d2eab2-c72f-4303-a58e-bdbeeafb0804,askacademia_train,losing_paraphrase_mistral,qwen,mistral,5,5 (The comment directly
b8d2eab2-c72f-4303-a58e-bdbeeafb0804,askacademia_train,losing_paraphrase_qwen,qwen,mistral,5,5 (The comment directly
7fadceea-2eef-4980-8f2e-71d9588416a3,askacademia_train,winning_text,qwen,mistral,5,5
7fadceea-2eef-4980-8f2e-71d9588416a3,askacademia_train,losing_text,qwen,mistral,5,5
7fadceea-2eef-4980-8f2e-71d9588416a3,askacademia_train,losing_generate_claude,qwen,mistral,5,5
7fadceea-2eef-4980-8f2e-71d9588416a3,askacademia_train,losing_generate_gemini,qwen,mistral,5,5 (The comment directly
7fadceea-2eef-4980-8f2e-71d9588416a3,askacademia_train,losing_generate_gpt4omini,qwen,mistral,5,5
7fadceea-2eef-4980-8f2e-71d9588416a3,askacademia_train,losing_generate_gpt5nano,qwen,mistral,5,5
7fadceea-2eef-4980-8f2e-71d9588416a3,askacademia_train,losing_generate_llama,qwen,mistral,5,5 (The comment directly
7fadceea-2eef-4980-8f2e-71d9588416a3,askacademia_train,losing_generate_mistral,qwen,mistral,5,5
7fadceea-2eef-4980-8f2e-71d9588416a3,askacademia_train,losing_generate_qwen,qwen,mistral,5,5
7fadceea-2eef-4980-8f2e-71d9588416a3,askacademia_train,losing_improve_claude,qwen,mistral,5,5 (The comment directly
7fadceea-2eef-4980-8f2e-71d9588416a3,askacademia_train,losing_improve_gemini,qwen,mistral,5,5
7fadceea-2eef-4980-8f2e-71d9588416a3,askacademia_train,losing_improve_gpt4omini,qwen,mistral,5,5 (The comment directly
7fadceea-2eef-4980-8f2e-71d9588416a3,askacademia_train,losing_improve_gpt5nano,qwen,mistral,5,5
7fadceea-2eef-4980-8f2e-71d9588416a3,askacademia_train,losing_improve_llama,qwen,mistral,5,5 (The comment directly
7fadceea-2eef-4980-8f2e-71d9588416a3,askacademia_train,losing_improve_mistral,qwen,mistral,5,5
7fadceea-2eef-4980-8f2e-71d9588416a3,askacademia_train,losing_improve_qwen,qwen,mistral,5,5
7fadceea-2eef-4980-8f2e-71d9588416a3,askacademia_train,losing_paraphrase_claude,qwen,mistral,5,5 (The comment directly
7fadceea-2eef-4980-8f2e-71d9588416a3,askacademia_train,losing_paraphrase_gemini,qwen,mistral,4,4. The tone is
7fadceea-2eef-4980-8f2e-71d9588416a3,askacademia_train,losing_paraphrase_gpt4omini,qwen,mistral,5,5
7fadceea-2eef-4980-8f2e-71d9588416a3,askacademia_train,losing_paraphrase_gpt5nano,qwen,mistral,5,5 (The comment directly
7fadceea-2eef-4980-8f2e-71d9588416a3,askacademia_train,losing_paraphrase_llama,qwen,mistral,5,5 (The comment directly
7fadceea-2eef-4980-8f2e-71d9588416a3,askacademia_train,losing_paraphrase_mistral,qwen,mistral,5,5 (The comment directly
7fadceea-2eef-4980-8f2e-71d9588416a3,askacademia_train,losing_paraphrase_qwen,qwen,mistral,5,5 (The comment directly
