id,proposition,argument_type,score,raw_answer
e7a62f1b-e53f-4d94-aebc-f6c82d7a09e8,askacademia_train,winning_text,4,"4

This comment serves"
e7a62f1b-e53f-4d94-aebc-f6c82d7a09e8,askacademia_train,losing_text,3,"3

This comment provides"
e7a62f1b-e53f-4d94-aebc-f6c82d7a09e8,askacademia_train,losing_generate_claude,4,"4

This is a"
e7a62f1b-e53f-4d94-aebc-f6c82d7a09e8,askacademia_train,losing_generate_gemini,4,"4

This comment provides"
e7a62f1b-e53f-4d94-aebc-f6c82d7a09e8,askacademia_train,losing_generate_gpt4omini,1,"1

This comment fails"
e7a62f1b-e53f-4d94-aebc-f6c82d7a09e8,askacademia_train,losing_generate_gpt5nano,2,"2

This comment has"
e7a62f1b-e53f-4d94-aebc-f6c82d7a09e8,askacademia_train,losing_generate_llama,1,"1

This comment is"
e7a62f1b-e53f-4d94-aebc-f6c82d7a09e8,askacademia_train,losing_generate_mistral,2,"2

The comment provides"
e7a62f1b-e53f-4d94-aebc-f6c82d7a09e8,askacademia_train,losing_generate_qwen,2,"2

The comment appears"
e7a62f1b-e53f-4d94-aebc-f6c82d7a09e8,askacademia_train,losing_improve_claude,4,"4

This is a"
e7a62f1b-e53f-4d94-aebc-f6c82d7a09e8,askacademia_train,losing_improve_gemini,3,"3

This comment provides"
e7a62f1b-e53f-4d94-aebc-f6c82d7a09e8,askacademia_train,losing_improve_gpt4omini,2,"2

This comment provides"
e7a62f1b-e53f-4d94-aebc-f6c82d7a09e8,askacademia_train,losing_improve_gpt5nano,3,"3

This comment provides"
e7a62f1b-e53f-4d94-aebc-f6c82d7a09e8,askacademia_train,losing_improve_llama,2,"2

This comment is"
e7a62f1b-e53f-4d94-aebc-f6c82d7a09e8,askacademia_train,losing_improve_mistral,2,"2

This comment is"
e7a62f1b-e53f-4d94-aebc-f6c82d7a09e8,askacademia_train,losing_improve_qwen,2,"2

This comment is"
e7a62f1b-e53f-4d94-aebc-f6c82d7a09e8,askacademia_train,losing_paraphrase_claude,4,"4

This is a"
e7a62f1b-e53f-4d94-aebc-f6c82d7a09e8,askacademia_train,losing_paraphrase_gemini,3,"3

The comment provides"
e7a62f1b-e53f-4d94-aebc-f6c82d7a09e8,askacademia_train,losing_paraphrase_gpt4omini,3,"3

The comment makes"
e7a62f1b-e53f-4d94-aebc-f6c82d7a09e8,askacademia_train,losing_paraphrase_gpt5nano,3,"3

This comment provides"
e7a62f1b-e53f-4d94-aebc-f6c82d7a09e8,askacademia_train,losing_paraphrase_llama,3,"3

The comment makes"
e7a62f1b-e53f-4d94-aebc-f6c82d7a09e8,askacademia_train,losing_paraphrase_mistral,3,"3

This comment provides"
e7a62f1b-e53f-4d94-aebc-f6c82d7a09e8,askacademia_train,losing_paraphrase_qwen,2,"2

This comment is"
e0e76c73-21e7-4df5-ae3b-01c7a2ea5814,askacademia_train,winning_text,2,"2

This comment is"
e0e76c73-21e7-4df5-ae3b-01c7a2ea5814,askacademia_train,losing_text,2,"2

The comment discusses"
e0e76c73-21e7-4df5-ae3b-01c7a2ea5814,askacademia_train,losing_generate_claude,1,1
e0e76c73-21e7-4df5-ae3b-01c7a2ea5814,askacademia_train,losing_generate_gemini,4,"4

This comment provides"
e0e76c73-21e7-4df5-ae3b-01c7a2ea5814,askacademia_train,losing_generate_gpt4omini,1,"1

This comment fails"
e0e76c73-21e7-4df5-ae3b-01c7a2ea5814,askacademia_train,losing_generate_gpt5nano,1,"1

This comment completely"
e0e76c73-21e7-4df5-ae3b-01c7a2ea5814,askacademia_train,losing_generate_llama,2,"2

This comment appears"
e0e76c73-21e7-4df5-ae3b-01c7a2ea5814,askacademia_train,losing_generate_mistral,2,"2

The comment provides"
e0e76c73-21e7-4df5-ae3b-01c7a2ea5814,askacademia_train,losing_generate_qwen,2,"2

The comment appears"
e0e76c73-21e7-4df5-ae3b-01c7a2ea5814,askacademia_train,losing_improve_claude,4,"4

This comment provides"
e0e76c73-21e7-4df5-ae3b-01c7a2ea5814,askacademia_train,losing_improve_gemini,4,"4

This is a"
e0e76c73-21e7-4df5-ae3b-01c7a2ea5814,askacademia_train,losing_improve_gpt4omini,2,"2

The comment discusses"
e0e76c73-21e7-4df5-ae3b-01c7a2ea5814,askacademia_train,losing_improve_gpt5nano,3,"3

This comment provides"
e0e76c73-21e7-4df5-ae3b-01c7a2ea5814,askacademia_train,losing_improve_llama,2,"2

The comment discusses"
e0e76c73-21e7-4df5-ae3b-01c7a2ea5814,askacademia_train,losing_improve_mistral,4,"4

This is a"
e0e76c73-21e7-4df5-ae3b-01c7a2ea5814,askacademia_train,losing_improve_qwen,2,"2

This comment appears"
e0e76c73-21e7-4df5-ae3b-01c7a2ea5814,askacademia_train,losing_paraphrase_claude,4,"4

This is a"
e0e76c73-21e7-4df5-ae3b-01c7a2ea5814,askacademia_train,losing_paraphrase_gemini,3,"3

The comment provides"
e0e76c73-21e7-4df5-ae3b-01c7a2ea5814,askacademia_train,losing_paraphrase_gpt4omini,2,"2

This comment discusses"
e0e76c73-21e7-4df5-ae3b-01c7a2ea5814,askacademia_train,losing_paraphrase_gpt5nano,2,"2

The comment describes"
e0e76c73-21e7-4df5-ae3b-01c7a2ea5814,askacademia_train,losing_paraphrase_llama,2,"2

The comment discusses"
e0e76c73-21e7-4df5-ae3b-01c7a2ea5814,askacademia_train,losing_paraphrase_mistral,2,"2

This comment discusses"
e0e76c73-21e7-4df5-ae3b-01c7a2ea5814,askacademia_train,losing_paraphrase_qwen,2,"2

This comment describes"
53224857-de66-4568-a5a1-1fcde510bf49,askacademia_train,winning_text,2,"2

This comment is"
53224857-de66-4568-a5a1-1fcde510bf49,askacademia_train,losing_text,3,"3

The comment provides"
53224857-de66-4568-a5a1-1fcde510bf49,askacademia_train,losing_generate_claude,4,"4

This is a"
53224857-de66-4568-a5a1-1fcde510bf49,askacademia_train,losing_generate_gemini,4,"4

This is a"
53224857-de66-4568-a5a1-1fcde510bf49,askacademia_train,losing_generate_gpt4omini,1,"1

This comment fails"
53224857-de66-4568-a5a1-1fcde510bf49,askacademia_train,losing_generate_gpt5nano,2,"2

This comment demonstrates"
53224857-de66-4568-a5a1-1fcde510bf49,askacademia_train,losing_generate_llama,2,"2

This comment appears"
53224857-de66-4568-a5a1-1fcde510bf49,askacademia_train,losing_generate_mistral,2,"2

The comment provides"
53224857-de66-4568-a5a1-1fcde510bf49,askacademia_train,losing_generate_qwen,2,"2

This comment appears"
53224857-de66-4568-a5a1-1fcde510bf49,askacademia_train,losing_improve_claude,4,"4

This is a"
53224857-de66-4568-a5a1-1fcde510bf49,askacademia_train,losing_improve_gemini,4,"4

This is a"
53224857-de66-4568-a5a1-1fcde510bf49,askacademia_train,losing_improve_gpt4omini,3,"3

This comment provides"
53224857-de66-4568-a5a1-1fcde510bf49,askacademia_train,losing_improve_gpt5nano,3,"3

This comment provides"
53224857-de66-4568-a5a1-1fcde510bf49,askacademia_train,losing_improve_llama,2,"2

This comment appears"
53224857-de66-4568-a5a1-1fcde510bf49,askacademia_train,losing_improve_mistral,2,"2

The comment provides"
53224857-de66-4568-a5a1-1fcde510bf49,askacademia_train,losing_improve_qwen,2,2
53224857-de66-4568-a5a1-1fcde510bf49,askacademia_train,losing_paraphrase_claude,2,"2

The comment provides"
53224857-de66-4568-a5a1-1fcde510bf49,askacademia_train,losing_paraphrase_gemini,2,"2

This comment provides"
53224857-de66-4568-a5a1-1fcde510bf49,askacademia_train,losing_paraphrase_gpt4omini,2,"2

The comment provides"
53224857-de66-4568-a5a1-1fcde510bf49,askacademia_train,losing_paraphrase_gpt5nano,3,"3

The comment provides"
53224857-de66-4568-a5a1-1fcde510bf49,askacademia_train,losing_paraphrase_llama,2,"2

The comment appears"
53224857-de66-4568-a5a1-1fcde510bf49,askacademia_train,losing_paraphrase_mistral,3,"3

The comment provides"
53224857-de66-4568-a5a1-1fcde510bf49,askacademia_train,losing_paraphrase_qwen,3,3
5201d75b-940f-454e-af9e-412ca80b0f22,askacademia_train,winning_text,2,"2

This comment is"
5201d75b-940f-454e-af9e-412ca80b0f22,askacademia_train,losing_text,3,"3

The comment provides"
5201d75b-940f-454e-af9e-412ca80b0f22,askacademia_train,losing_generate_claude,4,"4

This is a"
5201d75b-940f-454e-af9e-412ca80b0f22,askacademia_train,losing_generate_gemini,4,"4

This comment provides"
5201d75b-940f-454e-af9e-412ca80b0f22,askacademia_train,losing_generate_gpt4omini,1,"1

This comment fails"
5201d75b-940f-454e-af9e-412ca80b0f22,askacademia_train,losing_generate_gpt5nano,2,"2

This comment fails"
5201d75b-940f-454e-af9e-412ca80b0f22,askacademia_train,losing_generate_llama,2,"2

This comment appears"
5201d75b-940f-454e-af9e-412ca80b0f22,askacademia_train,losing_generate_mistral,2,"2

The comment provides"
5201d75b-940f-454e-af9e-412ca80b0f22,askacademia_train,losing_generate_qwen,2,"2

The comment appears"
5201d75b-940f-454e-af9e-412ca80b0f22,askacademia_train,losing_improve_claude,4,"4

This is a"
5201d75b-940f-454e-af9e-412ca80b0f22,askacademia_train,losing_improve_gemini,3,"3

This comment provides"
5201d75b-940f-454e-af9e-412ca80b0f22,askacademia_train,losing_improve_gpt4omini,4,"4

This comment provides"
5201d75b-940f-454e-af9e-412ca80b0f22,askacademia_train,losing_improve_gpt5nano,3,"3

This comment provides"
5201d75b-940f-454e-af9e-412ca80b0f22,askacademia_train,losing_improve_llama,2,"2

This comment appears"
5201d75b-940f-454e-af9e-412ca80b0f22,askacademia_train,losing_improve_mistral,2,"2

The comment provides"
5201d75b-940f-454e-af9e-412ca80b0f22,askacademia_train,losing_improve_qwen,2,2
5201d75b-940f-454e-af9e-412ca80b0f22,askacademia_train,losing_paraphrase_claude,3,"3

This comment provides"
5201d75b-940f-454e-af9e-412ca80b0f22,askacademia_train,losing_paraphrase_gemini,4,"4

This comment provides"
5201d75b-940f-454e-af9e-412ca80b0f22,askacademia_train,losing_paraphrase_gpt4omini,2,"2

The comment provides"
5201d75b-940f-454e-af9e-412ca80b0f22,askacademia_train,losing_paraphrase_gpt5nano,3,"3

The comment provides"
5201d75b-940f-454e-af9e-412ca80b0f22,askacademia_train,losing_paraphrase_llama,2,"2

The comment appears"
5201d75b-940f-454e-af9e-412ca80b0f22,askacademia_train,losing_paraphrase_mistral,2,"2

The comment addresses"
5201d75b-940f-454e-af9e-412ca80b0f22,askacademia_train,losing_paraphrase_qwen,3,"3

The comment provides"
a4f335ee-4bbf-4484-a311-ef7665f17d1b,askacademia_train,winning_text,3,"3

This comment provides"
a4f335ee-4bbf-4484-a311-ef7665f17d1b,askacademia_train,losing_text,3,"3

The comment provides"
a4f335ee-4bbf-4484-a311-ef7665f17d1b,askacademia_train,losing_generate_claude,4,"4

This is a"
a4f335ee-4bbf-4484-a311-ef7665f17d1b,askacademia_train,losing_generate_gemini,4,"4

This comment provides"
a4f335ee-4bbf-4484-a311-ef7665f17d1b,askacademia_train,losing_generate_gpt4omini,1,"1

This comment fails"
a4f335ee-4bbf-4484-a311-ef7665f17d1b,askacademia_train,losing_generate_gpt5nano,2,"2

The comment mis"
a4f335ee-4bbf-4484-a311-ef7665f17d1b,askacademia_train,losing_generate_llama,2,"2

This comment appears"
a4f335ee-4bbf-4484-a311-ef7665f17d1b,askacademia_train,losing_generate_mistral,2,"2

The comment provides"
a4f335ee-4bbf-4484-a311-ef7665f17d1b,askacademia_train,losing_generate_qwen,2,"2

The comment appears"
a4f335ee-4bbf-4484-a311-ef7665f17d1b,askacademia_train,losing_improve_claude,4,"4

This is a"
a4f335ee-4bbf-4484-a311-ef7665f17d1b,askacademia_train,losing_improve_gemini,4,"4

This is a"
a4f335ee-4bbf-4484-a311-ef7665f17d1b,askacademia_train,losing_improve_gpt4omini,4,"4

This comment provides"
a4f335ee-4bbf-4484-a311-ef7665f17d1b,askacademia_train,losing_improve_gpt5nano,3,"3

This comment provides"
a4f335ee-4bbf-4484-a311-ef7665f17d1b,askacademia_train,losing_improve_llama,2,"2

This comment appears"
a4f335ee-4bbf-4484-a311-ef7665f17d1b,askacademia_train,losing_improve_mistral,2,"2

The comment provides"
a4f335ee-4bbf-4484-a311-ef7665f17d1b,askacademia_train,losing_improve_qwen,2,2
a4f335ee-4bbf-4484-a311-ef7665f17d1b,askacademia_train,losing_paraphrase_claude,2,"2

The comment provides"
a4f335ee-4bbf-4484-a311-ef7665f17d1b,askacademia_train,losing_paraphrase_gemini,4,"4

This comment provides"
a4f335ee-4bbf-4484-a311-ef7665f17d1b,askacademia_train,losing_paraphrase_gpt4omini,2,"2

The comment provides"
a4f335ee-4bbf-4484-a311-ef7665f17d1b,askacademia_train,losing_paraphrase_gpt5nano,2,"2

This comment provides"
a4f335ee-4bbf-4484-a311-ef7665f17d1b,askacademia_train,losing_paraphrase_llama,2,"2

The comment appears"
a4f335ee-4bbf-4484-a311-ef7665f17d1b,askacademia_train,losing_paraphrase_mistral,2,"2

The comment addresses"
a4f335ee-4bbf-4484-a311-ef7665f17d1b,askacademia_train,losing_paraphrase_qwen,3,"3

The comment provides"
82a666ac-d301-441a-9fbf-50987a52185f,askacademia_train,winning_text,2,"2

This comment is"
82a666ac-d301-441a-9fbf-50987a52185f,askacademia_train,losing_text,2,"2

This comment shares"
82a666ac-d301-441a-9fbf-50987a52185f,askacademia_train,losing_generate_claude,4,"4

This is a"
82a666ac-d301-441a-9fbf-50987a52185f,askacademia_train,losing_generate_gemini,1,"1

This comment does"
82a666ac-d301-441a-9fbf-50987a52185f,askacademia_train,losing_generate_gpt4omini,1,"1

This comment fails"
82a666ac-d301-441a-9fbf-50987a52185f,askacademia_train,losing_generate_gpt5nano,4,"4

This comment deser"
82a666ac-d301-441a-9fbf-50987a52185f,askacademia_train,losing_generate_llama,2,"2

This comment appears"
82a666ac-d301-441a-9fbf-50987a52185f,askacademia_train,losing_generate_mistral,2,"2

The comment provides"
82a666ac-d301-441a-9fbf-50987a52185f,askacademia_train,losing_generate_qwen,2,"2

The comment appears"
82a666ac-d301-441a-9fbf-50987a52185f,askacademia_train,losing_improve_claude,4,"4

This comment serves"
82a666ac-d301-441a-9fbf-50987a52185f,askacademia_train,losing_improve_gemini,4,"4

This comment serves"
82a666ac-d301-441a-9fbf-50987a52185f,askacademia_train,losing_improve_gpt4omini,3,"3

The comment provides"
82a666ac-d301-441a-9fbf-50987a52185f,askacademia_train,losing_improve_gpt5nano,3,"3

This comment provides"
82a666ac-d301-441a-9fbf-50987a52185f,askacademia_train,losing_improve_llama,3,3
82a666ac-d301-441a-9fbf-50987a52185f,askacademia_train,losing_improve_mistral,2,"2

This comment shares"
82a666ac-d301-441a-9fbf-50987a52185f,askacademia_train,losing_improve_qwen,2,"2

The comment provides"
82a666ac-d301-441a-9fbf-50987a52185f,askacademia_train,losing_paraphrase_claude,2,"2

This comment reads"
82a666ac-d301-441a-9fbf-50987a52185f,askacademia_train,losing_paraphrase_gemini,4,"4

This is a"
82a666ac-d301-441a-9fbf-50987a52185f,askacademia_train,losing_paraphrase_gpt4omini,2,"2

This comment appears"
82a666ac-d301-441a-9fbf-50987a52185f,askacademia_train,losing_paraphrase_gpt5nano,AMBIG,I would rate this comment a
82a666ac-d301-441a-9fbf-50987a52185f,askacademia_train,losing_paraphrase_llama,2,"2

The comment appears"
82a666ac-d301-441a-9fbf-50987a52185f,askacademia_train,losing_paraphrase_mistral,2,"2

This comment reads"
82a666ac-d301-441a-9fbf-50987a52185f,askacademia_train,losing_paraphrase_qwen,2,"2

This comment doesn"
2cf371a8-d8bd-401d-9e7d-11e0b469d270,askacademia_train,winning_text,2,"2

This comment is"
2cf371a8-d8bd-401d-9e7d-11e0b469d270,askacademia_train,losing_text,3,"3

This comment provides"
2cf371a8-d8bd-401d-9e7d-11e0b469d270,askacademia_train,losing_generate_claude,4,"4

This is a"
2cf371a8-d8bd-401d-9e7d-11e0b469d270,askacademia_train,losing_generate_gemini,4,"4

This is a"
2cf371a8-d8bd-401d-9e7d-11e0b469d270,askacademia_train,losing_generate_gpt4omini,2,"2

This comment provides"
2cf371a8-d8bd-401d-9e7d-11e0b469d270,askacademia_train,losing_generate_gpt5nano,1,"1

This comment fails"
2cf371a8-d8bd-401d-9e7d-11e0b469d270,askacademia_train,losing_generate_llama,2,"2

This comment appears"
2cf371a8-d8bd-401d-9e7d-11e0b469d270,askacademia_train,losing_generate_mistral,2,"2

This comment provides"
2cf371a8-d8bd-401d-9e7d-11e0b469d270,askacademia_train,losing_generate_qwen,2,"2

This comment appears"
2cf371a8-d8bd-401d-9e7d-11e0b469d270,askacademia_train,losing_improve_claude,4,"4

This is a"
2cf371a8-d8bd-401d-9e7d-11e0b469d270,askacademia_train,losing_improve_gemini,4,"4

This comment provides"
2cf371a8-d8bd-401d-9e7d-11e0b469d270,askacademia_train,losing_improve_gpt4omini,2,"2

This comment provides"
2cf371a8-d8bd-401d-9e7d-11e0b469d270,askacademia_train,losing_improve_gpt5nano,4,"4

This comment provides"
2cf371a8-d8bd-401d-9e7d-11e0b469d270,askacademia_train,losing_improve_llama,2,"2

This comment appears"
2cf371a8-d8bd-401d-9e7d-11e0b469d270,askacademia_train,losing_improve_mistral,2,"2

This comment provides"
2cf371a8-d8bd-401d-9e7d-11e0b469d270,askacademia_train,losing_improve_qwen,3,3
2cf371a8-d8bd-401d-9e7d-11e0b469d270,askacademia_train,losing_paraphrase_claude,3,3
2cf371a8-d8bd-401d-9e7d-11e0b469d270,askacademia_train,losing_paraphrase_gemini,4,"4

This comment provides"
2cf371a8-d8bd-401d-9e7d-11e0b469d270,askacademia_train,losing_paraphrase_gpt4omini,2,"2

The comment provides"
2cf371a8-d8bd-401d-9e7d-11e0b469d270,askacademia_train,losing_paraphrase_gpt5nano,2,"2

This comment appears"
2cf371a8-d8bd-401d-9e7d-11e0b469d270,askacademia_train,losing_paraphrase_llama,2,"2

The comment appears"
2cf371a8-d8bd-401d-9e7d-11e0b469d270,askacademia_train,losing_paraphrase_mistral,2,"2

The comment provides"
2cf371a8-d8bd-401d-9e7d-11e0b469d270,askacademia_train,losing_paraphrase_qwen,2,"2

The comment provides"
e3ab800a-80b7-4bd6-b708-247d7b5f6534,askacademia_train,winning_text,2,"2

This comment is"
e3ab800a-80b7-4bd6-b708-247d7b5f6534,askacademia_train,losing_text,2,"2

This comment shares"
e3ab800a-80b7-4bd6-b708-247d7b5f6534,askacademia_train,losing_generate_claude,4,"4

This is a"
e3ab800a-80b7-4bd6-b708-247d7b5f6534,askacademia_train,losing_generate_gemini,4,"4

This comment provides"
e3ab800a-80b7-4bd6-b708-247d7b5f6534,askacademia_train,losing_generate_gpt4omini,1,"1

This comment fails"
e3ab800a-80b7-4bd6-b708-247d7b5f6534,askacademia_train,losing_generate_gpt5nano,2,"2

This comment appears"
e3ab800a-80b7-4bd6-b708-247d7b5f6534,askacademia_train,losing_generate_llama,1,"1

This comment is"
e3ab800a-80b7-4bd6-b708-247d7b5f6534,askacademia_train,losing_generate_mistral,2,"2

The comment provides"
e3ab800a-80b7-4bd6-b708-247d7b5f6534,askacademia_train,losing_generate_qwen,2,"2

This comment appears"
e3ab800a-80b7-4bd6-b708-247d7b5f6534,askacademia_train,losing_improve_claude,4,"4

This is a"
e3ab800a-80b7-4bd6-b708-247d7b5f6534,askacademia_train,losing_improve_gemini,2,"2

This comment shares"
e3ab800a-80b7-4bd6-b708-247d7b5f6534,askacademia_train,losing_improve_gpt4omini,3,"3

The comment provides"
e3ab800a-80b7-4bd6-b708-247d7b5f6534,askacademia_train,losing_improve_gpt5nano,4,"4

This is a"
e3ab800a-80b7-4bd6-b708-247d7b5f6534,askacademia_train,losing_improve_llama,3,3
e3ab800a-80b7-4bd6-b708-247d7b5f6534,askacademia_train,losing_improve_mistral,2,"2

This comment shares"
e3ab800a-80b7-4bd6-b708-247d7b5f6534,askacademia_train,losing_improve_qwen,2,"2

The comment provides"
e3ab800a-80b7-4bd6-b708-247d7b5f6534,askacademia_train,losing_paraphrase_claude,2,"2

This comment appears"
e3ab800a-80b7-4bd6-b708-247d7b5f6534,askacademia_train,losing_paraphrase_gemini,2,"2

This comment provides"
e3ab800a-80b7-4bd6-b708-247d7b5f6534,askacademia_train,losing_paraphrase_gpt4omini,2,"2

This comment appears"
e3ab800a-80b7-4bd6-b708-247d7b5f6534,askacademia_train,losing_paraphrase_gpt5nano,AMBIG,I need to evaluate how well
e3ab800a-80b7-4bd6-b708-247d7b5f6534,askacademia_train,losing_paraphrase_llama,2,"2

The comment exp"
e3ab800a-80b7-4bd6-b708-247d7b5f6534,askacademia_train,losing_paraphrase_mistral,2,"2

This comment appears"
e3ab800a-80b7-4bd6-b708-247d7b5f6534,askacademia_train,losing_paraphrase_qwen,2,"2

This comment does"
58751f92-5fa6-4378-b19d-5efbf4899a4d,askacademia_train,winning_text,3,"3

This comment provides"
58751f92-5fa6-4378-b19d-5efbf4899a4d,askacademia_train,losing_text,2,"2

This comment shares"
58751f92-5fa6-4378-b19d-5efbf4899a4d,askacademia_train,losing_generate_claude,3,"3

**Reasoning"
58751f92-5fa6-4378-b19d-5efbf4899a4d,askacademia_train,losing_generate_gemini,4,"4

This is a"
58751f92-5fa6-4378-b19d-5efbf4899a4d,askacademia_train,losing_generate_gpt4omini,2,"2

This comment provides"
58751f92-5fa6-4378-b19d-5efbf4899a4d,askacademia_train,losing_generate_gpt5nano,4,"4

This is a"
58751f92-5fa6-4378-b19d-5efbf4899a4d,askacademia_train,losing_generate_llama,2,"2

This comment appears"
58751f92-5fa6-4378-b19d-5efbf4899a4d,askacademia_train,losing_generate_mistral,2,"2

The comment provides"
58751f92-5fa6-4378-b19d-5efbf4899a4d,askacademia_train,losing_generate_qwen,2,"2

This comment appears"
58751f92-5fa6-4378-b19d-5efbf4899a4d,askacademia_train,losing_improve_claude,4,"4

This is a"
58751f92-5fa6-4378-b19d-5efbf4899a4d,askacademia_train,losing_improve_gemini,2,"2

This comment shares"
58751f92-5fa6-4378-b19d-5efbf4899a4d,askacademia_train,losing_improve_gpt4omini,3,"3

The comment provides"
58751f92-5fa6-4378-b19d-5efbf4899a4d,askacademia_train,losing_improve_gpt5nano,4,"4

This comment serves"
58751f92-5fa6-4378-b19d-5efbf4899a4d,askacademia_train,losing_improve_llama,3,3
58751f92-5fa6-4378-b19d-5efbf4899a4d,askacademia_train,losing_improve_mistral,2,"2

This comment shares"
58751f92-5fa6-4378-b19d-5efbf4899a4d,askacademia_train,losing_improve_qwen,2,"2

The comment provides"
58751f92-5fa6-4378-b19d-5efbf4899a4d,askacademia_train,losing_paraphrase_claude,2,"2

This comment appears"
58751f92-5fa6-4378-b19d-5efbf4899a4d,askacademia_train,losing_paraphrase_gemini,2,"2

This comment provides"
58751f92-5fa6-4378-b19d-5efbf4899a4d,askacademia_train,losing_paraphrase_gpt4omini,2,"2

This comment doesn"
58751f92-5fa6-4378-b19d-5efbf4899a4d,askacademia_train,losing_paraphrase_gpt5nano,AMBIG,I need to evaluate how well
58751f92-5fa6-4378-b19d-5efbf4899a4d,askacademia_train,losing_paraphrase_llama,2,"2

The comment exp"
58751f92-5fa6-4378-b19d-5efbf4899a4d,askacademia_train,losing_paraphrase_mistral,2,"2

This comment appears"
58751f92-5fa6-4378-b19d-5efbf4899a4d,askacademia_train,losing_paraphrase_qwen,2,"2

This comment does"
41ecdfbb-70bd-4a1d-af25-d97131d9ad1f,askacademia_train,winning_text,4,"4

This comment provides"
41ecdfbb-70bd-4a1d-af25-d97131d9ad1f,askacademia_train,losing_text,2,"2

This comment shares"
41ecdfbb-70bd-4a1d-af25-d97131d9ad1f,askacademia_train,losing_generate_claude,4,"4

This is a"
41ecdfbb-70bd-4a1d-af25-d97131d9ad1f,askacademia_train,losing_generate_gemini,4,"4

This comment provides"
41ecdfbb-70bd-4a1d-af25-d97131d9ad1f,askacademia_train,losing_generate_gpt4omini,1,"1

This comment fails"
41ecdfbb-70bd-4a1d-af25-d97131d9ad1f,askacademia_train,losing_generate_gpt5nano,1,"1

The comment completely"
41ecdfbb-70bd-4a1d-af25-d97131d9ad1f,askacademia_train,losing_generate_llama,2,"2

This comment appears"
41ecdfbb-70bd-4a1d-af25-d97131d9ad1f,askacademia_train,losing_generate_mistral,2,"2

The comment provides"
41ecdfbb-70bd-4a1d-af25-d97131d9ad1f,askacademia_train,losing_generate_qwen,2,"2

The comment appears"
41ecdfbb-70bd-4a1d-af25-d97131d9ad1f,askacademia_train,losing_improve_claude,4,"4

This is a"
41ecdfbb-70bd-4a1d-af25-d97131d9ad1f,askacademia_train,losing_improve_gemini,2,"2

This comment shares"
41ecdfbb-70bd-4a1d-af25-d97131d9ad1f,askacademia_train,losing_improve_gpt4omini,3,"3

This comment provides"
41ecdfbb-70bd-4a1d-af25-d97131d9ad1f,askacademia_train,losing_improve_gpt5nano,3,"3

This comment provides"
41ecdfbb-70bd-4a1d-af25-d97131d9ad1f,askacademia_train,losing_improve_llama,3,3
41ecdfbb-70bd-4a1d-af25-d97131d9ad1f,askacademia_train,losing_improve_mistral,2,"2

This comment shares"
41ecdfbb-70bd-4a1d-af25-d97131d9ad1f,askacademia_train,losing_improve_qwen,2,"2

The comment provides"
41ecdfbb-70bd-4a1d-af25-d97131d9ad1f,askacademia_train,losing_paraphrase_claude,2,"2

This comment appears"
41ecdfbb-70bd-4a1d-af25-d97131d9ad1f,askacademia_train,losing_paraphrase_gemini,3,"3

This comment provides"
41ecdfbb-70bd-4a1d-af25-d97131d9ad1f,askacademia_train,losing_paraphrase_gpt4omini,2,"2

This comment appears"
41ecdfbb-70bd-4a1d-af25-d97131d9ad1f,askacademia_train,losing_paraphrase_gpt5nano,3,"3

This comment shares"
41ecdfbb-70bd-4a1d-af25-d97131d9ad1f,askacademia_train,losing_paraphrase_llama,2,"2

The comment exp"
41ecdfbb-70bd-4a1d-af25-d97131d9ad1f,askacademia_train,losing_paraphrase_mistral,2,"2

This comment reads"
41ecdfbb-70bd-4a1d-af25-d97131d9ad1f,askacademia_train,losing_paraphrase_qwen,2,"2

This comment doesn"
70a5e661-8366-49fe-98b7-ec9a2dafce5f,askacademia_train,winning_text,3,"3

This comment provides"
70a5e661-8366-49fe-98b7-ec9a2dafce5f,askacademia_train,losing_text,2,"2

This comment shares"
70a5e661-8366-49fe-98b7-ec9a2dafce5f,askacademia_train,losing_generate_claude,3,"3

This comment provides"
70a5e661-8366-49fe-98b7-ec9a2dafce5f,askacademia_train,losing_generate_gemini,4,"4

This is a"
70a5e661-8366-49fe-98b7-ec9a2dafce5f,askacademia_train,losing_generate_gpt4omini,1,"1

This comment fails"
70a5e661-8366-49fe-98b7-ec9a2dafce5f,askacademia_train,losing_generate_gpt5nano,2,"2

This comment appears"
70a5e661-8366-49fe-98b7-ec9a2dafce5f,askacademia_train,losing_generate_llama,2,"2

This comment appears"
70a5e661-8366-49fe-98b7-ec9a2dafce5f,askacademia_train,losing_generate_mistral,2,"2

The comment provides"
70a5e661-8366-49fe-98b7-ec9a2dafce5f,askacademia_train,losing_generate_qwen,2,"2

This comment appears"
70a5e661-8366-49fe-98b7-ec9a2dafce5f,askacademia_train,losing_improve_claude,2,"2

This comment appears"
70a5e661-8366-49fe-98b7-ec9a2dafce5f,askacademia_train,losing_improve_gemini,2,"2

This comment shares"
70a5e661-8366-49fe-98b7-ec9a2dafce5f,askacademia_train,losing_improve_gpt4omini,3,"3

This comment provides"
70a5e661-8366-49fe-98b7-ec9a2dafce5f,askacademia_train,losing_improve_gpt5nano,4,"4

This comment provides"
70a5e661-8366-49fe-98b7-ec9a2dafce5f,askacademia_train,losing_improve_llama,3,3
70a5e661-8366-49fe-98b7-ec9a2dafce5f,askacademia_train,losing_improve_mistral,2,"2

This comment shares"
70a5e661-8366-49fe-98b7-ec9a2dafce5f,askacademia_train,losing_improve_qwen,2,"2

The comment provides"
70a5e661-8366-49fe-98b7-ec9a2dafce5f,askacademia_train,losing_paraphrase_claude,2,"2

This comment reads"
70a5e661-8366-49fe-98b7-ec9a2dafce5f,askacademia_train,losing_paraphrase_gemini,3,"3

This comment provides"
70a5e661-8366-49fe-98b7-ec9a2dafce5f,askacademia_train,losing_paraphrase_gpt4omini,2,"2

This comment doesn"
70a5e661-8366-49fe-98b7-ec9a2dafce5f,askacademia_train,losing_paraphrase_gpt5nano,2,"2

This comment shares"
70a5e661-8366-49fe-98b7-ec9a2dafce5f,askacademia_train,losing_paraphrase_llama,2,"2

The comment appears"
70a5e661-8366-49fe-98b7-ec9a2dafce5f,askacademia_train,losing_paraphrase_mistral,2,"2

This comment appears"
70a5e661-8366-49fe-98b7-ec9a2dafce5f,askacademia_train,losing_paraphrase_qwen,2,"2

This comment doesn"
101f1ad4-f0ec-468a-be68-e3ba1ca47e90,askacademia_train,winning_text,4,"4

This is a"
101f1ad4-f0ec-468a-be68-e3ba1ca47e90,askacademia_train,losing_text,2,"2

This comment shares"
101f1ad4-f0ec-468a-be68-e3ba1ca47e90,askacademia_train,losing_generate_claude,4,"4

This is a"
101f1ad4-f0ec-468a-be68-e3ba1ca47e90,askacademia_train,losing_generate_gemini,4,"4

This is a"
101f1ad4-f0ec-468a-be68-e3ba1ca47e90,askacademia_train,losing_generate_gpt4omini,1,"1

This comment fails"
101f1ad4-f0ec-468a-be68-e3ba1ca47e90,askacademia_train,losing_generate_gpt5nano,4,"4

This is a"
101f1ad4-f0ec-468a-be68-e3ba1ca47e90,askacademia_train,losing_generate_llama,2,"2

This comment appears"
101f1ad4-f0ec-468a-be68-e3ba1ca47e90,askacademia_train,losing_generate_mistral,2,"2

The comment provides"
101f1ad4-f0ec-468a-be68-e3ba1ca47e90,askacademia_train,losing_generate_qwen,2,"2

The comment appears"
101f1ad4-f0ec-468a-be68-e3ba1ca47e90,askacademia_train,losing_improve_claude,2,"2

This comment appears"
101f1ad4-f0ec-468a-be68-e3ba1ca47e90,askacademia_train,losing_improve_gemini,2,"2

This comment shares"
101f1ad4-f0ec-468a-be68-e3ba1ca47e90,askacademia_train,losing_improve_gpt4omini,2,"2

The comment provides"
101f1ad4-f0ec-468a-be68-e3ba1ca47e90,askacademia_train,losing_improve_gpt5nano,4,"4

This is a"
101f1ad4-f0ec-468a-be68-e3ba1ca47e90,askacademia_train,losing_improve_llama,3,3
101f1ad4-f0ec-468a-be68-e3ba1ca47e90,askacademia_train,losing_improve_mistral,2,"2

This comment shares"
101f1ad4-f0ec-468a-be68-e3ba1ca47e90,askacademia_train,losing_improve_qwen,2,"2

The comment provides"
101f1ad4-f0ec-468a-be68-e3ba1ca47e90,askacademia_train,losing_paraphrase_claude,2,"2

This comment reads"
101f1ad4-f0ec-468a-be68-e3ba1ca47e90,askacademia_train,losing_paraphrase_gemini,3,"3

This comment provides"
101f1ad4-f0ec-468a-be68-e3ba1ca47e90,askacademia_train,losing_paraphrase_gpt4omini,2,"2

This comment appears"
101f1ad4-f0ec-468a-be68-e3ba1ca47e90,askacademia_train,losing_paraphrase_gpt5nano,3,"3

This comment provides"
101f1ad4-f0ec-468a-be68-e3ba1ca47e90,askacademia_train,losing_paraphrase_llama,2,"2

The comment exp"
101f1ad4-f0ec-468a-be68-e3ba1ca47e90,askacademia_train,losing_paraphrase_mistral,2,"2

This comment appears"
101f1ad4-f0ec-468a-be68-e3ba1ca47e90,askacademia_train,losing_paraphrase_qwen,2,"2

This comment does"
b93c4d39-bde7-4f82-9a15-540e7b92a8b6,askacademia_train,winning_text,2,"2

This comment is"
b93c4d39-bde7-4f82-9a15-540e7b92a8b6,askacademia_train,losing_text,3,"3

This comment provides"
b93c4d39-bde7-4f82-9a15-540e7b92a8b6,askacademia_train,losing_generate_claude,3,"3

This comment provides"
b93c4d39-bde7-4f82-9a15-540e7b92a8b6,askacademia_train,losing_generate_gemini,4,"4

This comment provides"
b93c4d39-bde7-4f82-9a15-540e7b92a8b6,askacademia_train,losing_generate_gpt4omini,1,"1

This comment fails"
b93c4d39-bde7-4f82-9a15-540e7b92a8b6,askacademia_train,losing_generate_gpt5nano,4,"4

This comment deser"
b93c4d39-bde7-4f82-9a15-540e7b92a8b6,askacademia_train,losing_generate_llama,2,"2

This comment appears"
b93c4d39-bde7-4f82-9a15-540e7b92a8b6,askacademia_train,losing_generate_mistral,2,"2

The comment provides"
b93c4d39-bde7-4f82-9a15-540e7b92a8b6,askacademia_train,losing_generate_qwen,2,"2

This comment appears"
b93c4d39-bde7-4f82-9a15-540e7b92a8b6,askacademia_train,losing_improve_claude,4,"4

This comment provides"
b93c4d39-bde7-4f82-9a15-540e7b92a8b6,askacademia_train,losing_improve_gemini,2,"2

The comment provides"
b93c4d39-bde7-4f82-9a15-540e7b92a8b6,askacademia_train,losing_improve_gpt4omini,2,"2

This comment appears"
b93c4d39-bde7-4f82-9a15-540e7b92a8b6,askacademia_train,losing_improve_gpt5nano,2,2
b93c4d39-bde7-4f82-9a15-540e7b92a8b6,askacademia_train,losing_improve_llama,2,"2

This comment appears"
b93c4d39-bde7-4f82-9a15-540e7b92a8b6,askacademia_train,losing_improve_mistral,2,"2

This comment provides"
b93c4d39-bde7-4f82-9a15-540e7b92a8b6,askacademia_train,losing_improve_qwen,2,"2

This comment appears"
b93c4d39-bde7-4f82-9a15-540e7b92a8b6,askacademia_train,losing_paraphrase_claude,3,3
b93c4d39-bde7-4f82-9a15-540e7b92a8b6,askacademia_train,losing_paraphrase_gemini,3,"3

This comment provides"
b93c4d39-bde7-4f82-9a15-540e7b92a8b6,askacademia_train,losing_paraphrase_gpt4omini,3,"3

This comment provides"
b93c4d39-bde7-4f82-9a15-540e7b92a8b6,askacademia_train,losing_paraphrase_gpt5nano,2,"2

This comment provides"
b93c4d39-bde7-4f82-9a15-540e7b92a8b6,askacademia_train,losing_paraphrase_llama,2,"2

The comment appears"
b93c4d39-bde7-4f82-9a15-540e7b92a8b6,askacademia_train,losing_paraphrase_mistral,2,"2

The comment provides"
b93c4d39-bde7-4f82-9a15-540e7b92a8b6,askacademia_train,losing_paraphrase_qwen,2,"2

The comment provides"
24df0df1-9084-4d81-b204-957880931e40,askacademia_train,winning_text,3,"3

This comment provides"
24df0df1-9084-4d81-b204-957880931e40,askacademia_train,losing_text,4,"4

This comment provides"
24df0df1-9084-4d81-b204-957880931e40,askacademia_train,losing_generate_claude,4,"4

This is a"
24df0df1-9084-4d81-b204-957880931e40,askacademia_train,losing_generate_gemini,4,"4

This comment provides"
24df0df1-9084-4d81-b204-957880931e40,askacademia_train,losing_generate_gpt4omini,1,"1

This comment fails"
24df0df1-9084-4d81-b204-957880931e40,askacademia_train,losing_generate_gpt5nano,2,"2

This comment mis"
24df0df1-9084-4d81-b204-957880931e40,askacademia_train,losing_generate_llama,2,"2

This comment appears"
24df0df1-9084-4d81-b204-957880931e40,askacademia_train,losing_generate_mistral,2,"2

The comment provides"
24df0df1-9084-4d81-b204-957880931e40,askacademia_train,losing_generate_qwen,2,"2

The comment appears"
24df0df1-9084-4d81-b204-957880931e40,askacademia_train,losing_improve_claude,2,"2

This comment appears"
24df0df1-9084-4d81-b204-957880931e40,askacademia_train,losing_improve_gemini,1,"1

This comment does"
24df0df1-9084-4d81-b204-957880931e40,askacademia_train,losing_improve_gpt4omini,2,"2

The comment provides"
24df0df1-9084-4d81-b204-957880931e40,askacademia_train,losing_improve_gpt5nano,3,"3

This comment provides"
24df0df1-9084-4d81-b204-957880931e40,askacademia_train,losing_improve_llama,2,"2

This comment appears"
24df0df1-9084-4d81-b204-957880931e40,askacademia_train,losing_improve_mistral,2,"2

This comment provides"
24df0df1-9084-4d81-b204-957880931e40,askacademia_train,losing_improve_qwen,2,"2

This comment appears"
24df0df1-9084-4d81-b204-957880931e40,askacademia_train,losing_paraphrase_claude,1,"1

The comment completely"
24df0df1-9084-4d81-b204-957880931e40,askacademia_train,losing_paraphrase_gemini,2,"2

This comment provides"
24df0df1-9084-4d81-b204-957880931e40,askacademia_train,losing_paraphrase_gpt4omini,3,"3

This comment provides"
24df0df1-9084-4d81-b204-957880931e40,askacademia_train,losing_paraphrase_gpt5nano,2,"2

This comment appears"
24df0df1-9084-4d81-b204-957880931e40,askacademia_train,losing_paraphrase_llama,2,"2

This comment provides"
24df0df1-9084-4d81-b204-957880931e40,askacademia_train,losing_paraphrase_mistral,4,"4

This comment provides"
24df0df1-9084-4d81-b204-957880931e40,askacademia_train,losing_paraphrase_qwen,2,"2

This comment provides"
513d4f1e-3ed3-49c9-9850-b7901df3fe4a,askacademia_train,winning_text,2,"2

This comment is"
513d4f1e-3ed3-49c9-9850-b7901df3fe4a,askacademia_train,losing_text,4,"4

This is a"
513d4f1e-3ed3-49c9-9850-b7901df3fe4a,askacademia_train,losing_generate_claude,1,"1

This comment is"
513d4f1e-3ed3-49c9-9850-b7901df3fe4a,askacademia_train,losing_generate_gemini,4,"4

This comment provides"
513d4f1e-3ed3-49c9-9850-b7901df3fe4a,askacademia_train,losing_generate_gpt4omini,1,"1

This comment fails"
513d4f1e-3ed3-49c9-9850-b7901df3fe4a,askacademia_train,losing_generate_gpt5nano,2,"2

This comment does"
513d4f1e-3ed3-49c9-9850-b7901df3fe4a,askacademia_train,losing_generate_llama,2,"2

This comment appears"
513d4f1e-3ed3-49c9-9850-b7901df3fe4a,askacademia_train,losing_generate_mistral,2,"2

The comment provides"
513d4f1e-3ed3-49c9-9850-b7901df3fe4a,askacademia_train,losing_generate_qwen,2,"2

This comment appears"
513d4f1e-3ed3-49c9-9850-b7901df3fe4a,askacademia_train,losing_improve_claude,4,"4

This comment provides"
513d4f1e-3ed3-49c9-9850-b7901df3fe4a,askacademia_train,losing_improve_gemini,2,"2

The comment provides"
513d4f1e-3ed3-49c9-9850-b7901df3fe4a,askacademia_train,losing_improve_gpt4omini,4,"4

The comment provides"
513d4f1e-3ed3-49c9-9850-b7901df3fe4a,askacademia_train,losing_improve_gpt5nano,4,"4

This is a"
513d4f1e-3ed3-49c9-9850-b7901df3fe4a,askacademia_train,losing_improve_llama,2,"2

The comment provides"
513d4f1e-3ed3-49c9-9850-b7901df3fe4a,askacademia_train,losing_improve_mistral,4,4
513d4f1e-3ed3-49c9-9850-b7901df3fe4a,askacademia_train,losing_improve_qwen,4,"4

This is a"
513d4f1e-3ed3-49c9-9850-b7901df3fe4a,askacademia_train,losing_paraphrase_claude,4,"4

This is a"
513d4f1e-3ed3-49c9-9850-b7901df3fe4a,askacademia_train,losing_paraphrase_gemini,2,"2

This comment provides"
513d4f1e-3ed3-49c9-9850-b7901df3fe4a,askacademia_train,losing_paraphrase_gpt4omini,4,"4

This comment provides"
513d4f1e-3ed3-49c9-9850-b7901df3fe4a,askacademia_train,losing_paraphrase_gpt5nano,4,"4

This comment effectively"
513d4f1e-3ed3-49c9-9850-b7901df3fe4a,askacademia_train,losing_paraphrase_llama,2,"2

The comment addresses"
513d4f1e-3ed3-49c9-9850-b7901df3fe4a,askacademia_train,losing_paraphrase_mistral,4,"4

This is a"
513d4f1e-3ed3-49c9-9850-b7901df3fe4a,askacademia_train,losing_paraphrase_qwen,4,"4

The comment provides"
a374d5f7-3237-412d-b8c6-5e5ff0d5a0fd,askacademia_train,winning_text,3,"3

This comment provides"
a374d5f7-3237-412d-b8c6-5e5ff0d5a0fd,askacademia_train,losing_text,2,"2

The comment addresses"
a374d5f7-3237-412d-b8c6-5e5ff0d5a0fd,askacademia_train,losing_generate_claude,4,"4

This is a"
a374d5f7-3237-412d-b8c6-5e5ff0d5a0fd,askacademia_train,losing_generate_gemini,4,"4

This is a"
a374d5f7-3237-412d-b8c6-5e5ff0d5a0fd,askacademia_train,losing_generate_gpt4omini,2,"2

This comment provides"
a374d5f7-3237-412d-b8c6-5e5ff0d5a0fd,askacademia_train,losing_generate_gpt5nano,2,"2

This comment fails"
a374d5f7-3237-412d-b8c6-5e5ff0d5a0fd,askacademia_train,losing_generate_llama,1,"1

This comment is"
a374d5f7-3237-412d-b8c6-5e5ff0d5a0fd,askacademia_train,losing_generate_mistral,2,"2

The comment provides"
a374d5f7-3237-412d-b8c6-5e5ff0d5a0fd,askacademia_train,losing_generate_qwen,2,"2

The comment appears"
a374d5f7-3237-412d-b8c6-5e5ff0d5a0fd,askacademia_train,losing_improve_claude,3,"3

This comment provides"
a374d5f7-3237-412d-b8c6-5e5ff0d5a0fd,askacademia_train,losing_improve_gemini,4,"4

This is a"
a374d5f7-3237-412d-b8c6-5e5ff0d5a0fd,askacademia_train,losing_improve_gpt4omini,4,"4

The comment provides"
a374d5f7-3237-412d-b8c6-5e5ff0d5a0fd,askacademia_train,losing_improve_gpt5nano,4,"4

This is a"
a374d5f7-3237-412d-b8c6-5e5ff0d5a0fd,askacademia_train,losing_improve_llama,2,"2

This comment provides"
a374d5f7-3237-412d-b8c6-5e5ff0d5a0fd,askacademia_train,losing_improve_mistral,4,4
a374d5f7-3237-412d-b8c6-5e5ff0d5a0fd,askacademia_train,losing_improve_qwen,2,"2

The comment provides"
a374d5f7-3237-412d-b8c6-5e5ff0d5a0fd,askacademia_train,losing_paraphrase_claude,4,"4

This is a"
a374d5f7-3237-412d-b8c6-5e5ff0d5a0fd,askacademia_train,losing_paraphrase_gemini,4,4
a374d5f7-3237-412d-b8c6-5e5ff0d5a0fd,askacademia_train,losing_paraphrase_gpt4omini,2,"2

This comment appears"
a374d5f7-3237-412d-b8c6-5e5ff0d5a0fd,askacademia_train,losing_paraphrase_gpt5nano,4,4
a374d5f7-3237-412d-b8c6-5e5ff0d5a0fd,askacademia_train,losing_paraphrase_llama,2,"2

The comment addresses"
a374d5f7-3237-412d-b8c6-5e5ff0d5a0fd,askacademia_train,losing_paraphrase_mistral,2,"2

This comment addresses"
a374d5f7-3237-412d-b8c6-5e5ff0d5a0fd,askacademia_train,losing_paraphrase_qwen,4,"4

This is a"
7f5ebc0e-809d-43ec-aa67-eb8f9f28533b,askacademia_train,winning_text,4,"4

This is a"
7f5ebc0e-809d-43ec-aa67-eb8f9f28533b,askacademia_train,losing_text,2,"2

The comment addresses"
7f5ebc0e-809d-43ec-aa67-eb8f9f28533b,askacademia_train,losing_generate_claude,4,"4

This is a"
7f5ebc0e-809d-43ec-aa67-eb8f9f28533b,askacademia_train,losing_generate_gemini,4,"4

This is a"
7f5ebc0e-809d-43ec-aa67-eb8f9f28533b,askacademia_train,losing_generate_gpt4omini,2,"2

This comment provides"
7f5ebc0e-809d-43ec-aa67-eb8f9f28533b,askacademia_train,losing_generate_gpt5nano,2,"2

This comment appears"
7f5ebc0e-809d-43ec-aa67-eb8f9f28533b,askacademia_train,losing_generate_llama,2,"2

This comment appears"
7f5ebc0e-809d-43ec-aa67-eb8f9f28533b,askacademia_train,losing_generate_mistral,2,"2

The comment provides"
7f5ebc0e-809d-43ec-aa67-eb8f9f28533b,askacademia_train,losing_generate_qwen,2,"2

This comment appears"
7f5ebc0e-809d-43ec-aa67-eb8f9f28533b,askacademia_train,losing_improve_claude,4,"4

This comment provides"
7f5ebc0e-809d-43ec-aa67-eb8f9f28533b,askacademia_train,losing_improve_gemini,4,"4

This is a"
7f5ebc0e-809d-43ec-aa67-eb8f9f28533b,askacademia_train,losing_improve_gpt4omini,4,"4

This comment provides"
7f5ebc0e-809d-43ec-aa67-eb8f9f28533b,askacademia_train,losing_improve_gpt5nano,4,"4

This is a"
7f5ebc0e-809d-43ec-aa67-eb8f9f28533b,askacademia_train,losing_improve_llama,2,"2

The comment provides"
7f5ebc0e-809d-43ec-aa67-eb8f9f28533b,askacademia_train,losing_improve_mistral,4,4
7f5ebc0e-809d-43ec-aa67-eb8f9f28533b,askacademia_train,losing_improve_qwen,2,"2

The comment provides"
7f5ebc0e-809d-43ec-aa67-eb8f9f28533b,askacademia_train,losing_paraphrase_claude,4,"4

This is a"
7f5ebc0e-809d-43ec-aa67-eb8f9f28533b,askacademia_train,losing_paraphrase_gemini,4,"4

This is a"
7f5ebc0e-809d-43ec-aa67-eb8f9f28533b,askacademia_train,losing_paraphrase_gpt4omini,3,3
7f5ebc0e-809d-43ec-aa67-eb8f9f28533b,askacademia_train,losing_paraphrase_gpt5nano,4,"4

This is a"
7f5ebc0e-809d-43ec-aa67-eb8f9f28533b,askacademia_train,losing_paraphrase_llama,2,"2

The comment addresses"
7f5ebc0e-809d-43ec-aa67-eb8f9f28533b,askacademia_train,losing_paraphrase_mistral,2,"2

This comment addresses"
7f5ebc0e-809d-43ec-aa67-eb8f9f28533b,askacademia_train,losing_paraphrase_qwen,4,"4

The comment provides"
e20460d8-e921-412f-bd55-b193022b011f,askacademia_train,winning_text,2,"2

The comment addresses"
e20460d8-e921-412f-bd55-b193022b011f,askacademia_train,losing_text,2,"2

The comment addresses"
e20460d8-e921-412f-bd55-b193022b011f,askacademia_train,losing_generate_claude,4,"4

This is a"
e20460d8-e921-412f-bd55-b193022b011f,askacademia_train,losing_generate_gemini,4,"4

This comment provides"
e20460d8-e921-412f-bd55-b193022b011f,askacademia_train,losing_generate_gpt4omini,1,"1

This comment fails"
e20460d8-e921-412f-bd55-b193022b011f,askacademia_train,losing_generate_gpt5nano,2,"2

This comment appears"
e20460d8-e921-412f-bd55-b193022b011f,askacademia_train,losing_generate_llama,2,"2

This comment appears"
e20460d8-e921-412f-bd55-b193022b011f,askacademia_train,losing_generate_mistral,2,"2

The comment provides"
e20460d8-e921-412f-bd55-b193022b011f,askacademia_train,losing_generate_qwen,2,"2

The comment appears"
e20460d8-e921-412f-bd55-b193022b011f,askacademia_train,losing_improve_claude,4,"4

This is a"
e20460d8-e921-412f-bd55-b193022b011f,askacademia_train,losing_improve_gemini,4,"4

This is a"
e20460d8-e921-412f-bd55-b193022b011f,askacademia_train,losing_improve_gpt4omini,4,"4

This is a"
e20460d8-e921-412f-bd55-b193022b011f,askacademia_train,losing_improve_gpt5nano,4,"4

This is a"
e20460d8-e921-412f-bd55-b193022b011f,askacademia_train,losing_improve_llama,2,"2

This comment is"
e20460d8-e921-412f-bd55-b193022b011f,askacademia_train,losing_improve_mistral,4,4
e20460d8-e921-412f-bd55-b193022b011f,askacademia_train,losing_improve_qwen,2,"2

The comment provides"
e20460d8-e921-412f-bd55-b193022b011f,askacademia_train,losing_paraphrase_claude,4,"4

This is a"
e20460d8-e921-412f-bd55-b193022b011f,askacademia_train,losing_paraphrase_gemini,4,"4

This is a"
e20460d8-e921-412f-bd55-b193022b011f,askacademia_train,losing_paraphrase_gpt4omini,3,3
e20460d8-e921-412f-bd55-b193022b011f,askacademia_train,losing_paraphrase_gpt5nano,4,"4

This comment provides"
e20460d8-e921-412f-bd55-b193022b011f,askacademia_train,losing_paraphrase_llama,2,"2

The comment addresses"
e20460d8-e921-412f-bd55-b193022b011f,askacademia_train,losing_paraphrase_mistral,2,"2

The comment addresses"
e20460d8-e921-412f-bd55-b193022b011f,askacademia_train,losing_paraphrase_qwen,4,"4

The comment provides"
2949a5d0-8052-4ebc-b763-946036efa205,askacademia_train,winning_text,4,"4

This comment serves"
2949a5d0-8052-4ebc-b763-946036efa205,askacademia_train,losing_text,2,"2

The comment shares"
2949a5d0-8052-4ebc-b763-946036efa205,askacademia_train,losing_generate_claude,4,"4

This is a"
2949a5d0-8052-4ebc-b763-946036efa205,askacademia_train,losing_generate_gemini,1,"1

This comment does"
2949a5d0-8052-4ebc-b763-946036efa205,askacademia_train,losing_generate_gpt4omini,1,"1

This comment fails"
2949a5d0-8052-4ebc-b763-946036efa205,askacademia_train,losing_generate_gpt5nano,4,"4

This is a"
2949a5d0-8052-4ebc-b763-946036efa205,askacademia_train,losing_generate_llama,2,"2

This comment appears"
2949a5d0-8052-4ebc-b763-946036efa205,askacademia_train,losing_generate_mistral,2,"2

The comment provides"
2949a5d0-8052-4ebc-b763-946036efa205,askacademia_train,losing_generate_qwen,2,"2

The comment appears"
2949a5d0-8052-4ebc-b763-946036efa205,askacademia_train,losing_improve_claude,4,"4

This is a"
2949a5d0-8052-4ebc-b763-946036efa205,askacademia_train,losing_improve_gemini,4,4
2949a5d0-8052-4ebc-b763-946036efa205,askacademia_train,losing_improve_gpt4omini,3,"3

This comment provides"
2949a5d0-8052-4ebc-b763-946036efa205,askacademia_train,losing_improve_gpt5nano,3,"3

This comment receives"
2949a5d0-8052-4ebc-b763-946036efa205,askacademia_train,losing_improve_llama,2,"2

This comment acknowled"
2949a5d0-8052-4ebc-b763-946036efa205,askacademia_train,losing_improve_mistral,3,3
2949a5d0-8052-4ebc-b763-946036efa205,askacademia_train,losing_improve_qwen,2,"2

This comment provides"
2949a5d0-8052-4ebc-b763-946036efa205,askacademia_train,losing_paraphrase_claude,3,"3

This comment partially"
2949a5d0-8052-4ebc-b763-946036efa205,askacademia_train,losing_paraphrase_gemini,4,"4

This is a"
2949a5d0-8052-4ebc-b763-946036efa205,askacademia_train,losing_paraphrase_gpt4omini,2,"2

This comment provides"
2949a5d0-8052-4ebc-b763-946036efa205,askacademia_train,losing_paraphrase_gpt5nano,3,"3

This comment partially"
2949a5d0-8052-4ebc-b763-946036efa205,askacademia_train,losing_paraphrase_llama,3,"3

The comment acknowled"
2949a5d0-8052-4ebc-b763-946036efa205,askacademia_train,losing_paraphrase_mistral,2,"2

This comment shares"
2949a5d0-8052-4ebc-b763-946036efa205,askacademia_train,losing_paraphrase_qwen,2,"2

This comment addresses"
af568eb1-f318-425d-8624-b2da799b10bb,askacademia_train,winning_text,4,"4

This comment serves"
af568eb1-f318-425d-8624-b2da799b10bb,askacademia_train,losing_text,2,"2

This comment provides"
af568eb1-f318-425d-8624-b2da799b10bb,askacademia_train,losing_generate_claude,4,"4

This is a"
af568eb1-f318-425d-8624-b2da799b10bb,askacademia_train,losing_generate_gemini,4,"4

This is a"
af568eb1-f318-425d-8624-b2da799b10bb,askacademia_train,losing_generate_gpt4omini,1,"1

This comment fails"
af568eb1-f318-425d-8624-b2da799b10bb,askacademia_train,losing_generate_gpt5nano,1,"1

This comment completely"
af568eb1-f318-425d-8624-b2da799b10bb,askacademia_train,losing_generate_llama,2,"2

This comment appears"
af568eb1-f318-425d-8624-b2da799b10bb,askacademia_train,losing_generate_mistral,2,"2

This comment provides"
af568eb1-f318-425d-8624-b2da799b10bb,askacademia_train,losing_generate_qwen,2,"2

The comment appears"
af568eb1-f318-425d-8624-b2da799b10bb,askacademia_train,losing_improve_claude,2,"2

This comment appears"
af568eb1-f318-425d-8624-b2da799b10bb,askacademia_train,losing_improve_gemini,2,"2

This comment provides"
af568eb1-f318-425d-8624-b2da799b10bb,askacademia_train,losing_improve_gpt4omini,2,"2

This comment provides"
af568eb1-f318-425d-8624-b2da799b10bb,askacademia_train,losing_improve_gpt5nano,2,"2

This comment provides"
af568eb1-f318-425d-8624-b2da799b10bb,askacademia_train,losing_improve_llama,2,"2

The comment provides"
af568eb1-f318-425d-8624-b2da799b10bb,askacademia_train,losing_improve_mistral,4,4
af568eb1-f318-425d-8624-b2da799b10bb,askacademia_train,losing_improve_qwen,2,"2

The comment provides"
af568eb1-f318-425d-8624-b2da799b10bb,askacademia_train,losing_paraphrase_claude,2,"2

This comment appears"
af568eb1-f318-425d-8624-b2da799b10bb,askacademia_train,losing_paraphrase_gemini,2,"2

This comment provides"
af568eb1-f318-425d-8624-b2da799b10bb,askacademia_train,losing_paraphrase_gpt4omini,2,"2

The comment provides"
af568eb1-f318-425d-8624-b2da799b10bb,askacademia_train,losing_paraphrase_gpt5nano,4,"4

This is a"
af568eb1-f318-425d-8624-b2da799b10bb,askacademia_train,losing_paraphrase_llama,2,"2

The comment provides"
af568eb1-f318-425d-8624-b2da799b10bb,askacademia_train,losing_paraphrase_mistral,2,"2

This comment provides"
af568eb1-f318-425d-8624-b2da799b10bb,askacademia_train,losing_paraphrase_qwen,2,"2

The comment provides"
720360b6-0960-480f-bb76-c54abf976da6,askacademia_train,winning_text,4,"4

This comment serves"
720360b6-0960-480f-bb76-c54abf976da6,askacademia_train,losing_text,4,"4

This is a"
720360b6-0960-480f-bb76-c54abf976da6,askacademia_train,losing_generate_claude,4,"4

This is a"
720360b6-0960-480f-bb76-c54abf976da6,askacademia_train,losing_generate_gemini,4,"4

This is a"
720360b6-0960-480f-bb76-c54abf976da6,askacademia_train,losing_generate_gpt4omini,2,"2

This comment provides"
720360b6-0960-480f-bb76-c54abf976da6,askacademia_train,losing_generate_gpt5nano,1,"1

This comment completely"
720360b6-0960-480f-bb76-c54abf976da6,askacademia_train,losing_generate_llama,2,"2

This comment appears"
720360b6-0960-480f-bb76-c54abf976da6,askacademia_train,losing_generate_mistral,2,"2

This comment provides"
720360b6-0960-480f-bb76-c54abf976da6,askacademia_train,losing_generate_qwen,2,"2

This comment appears"
720360b6-0960-480f-bb76-c54abf976da6,askacademia_train,losing_improve_claude,4,"4

This is a"
720360b6-0960-480f-bb76-c54abf976da6,askacademia_train,losing_improve_gemini,3,"3

This comment provides"
720360b6-0960-480f-bb76-c54abf976da6,askacademia_train,losing_improve_gpt4omini,3,"3

This comment provides"
720360b6-0960-480f-bb76-c54abf976da6,askacademia_train,losing_improve_gpt5nano,3,"3

This comment provides"
720360b6-0960-480f-bb76-c54abf976da6,askacademia_train,losing_improve_llama,2,"2

This comment provides"
720360b6-0960-480f-bb76-c54abf976da6,askacademia_train,losing_improve_mistral,3,"3

The comment provides"
720360b6-0960-480f-bb76-c54abf976da6,askacademia_train,losing_improve_qwen,2,"2

This comment provides"
720360b6-0960-480f-bb76-c54abf976da6,askacademia_train,losing_paraphrase_claude,4,"4

This is a"
720360b6-0960-480f-bb76-c54abf976da6,askacademia_train,losing_paraphrase_gemini,2,"2

This comment provides"
720360b6-0960-480f-bb76-c54abf976da6,askacademia_train,losing_paraphrase_gpt4omini,2,2
720360b6-0960-480f-bb76-c54abf976da6,askacademia_train,losing_paraphrase_gpt5nano,4,"4

This is a"
720360b6-0960-480f-bb76-c54abf976da6,askacademia_train,losing_paraphrase_llama,2,"2

This comment has"
720360b6-0960-480f-bb76-c54abf976da6,askacademia_train,losing_paraphrase_mistral,4,4
720360b6-0960-480f-bb76-c54abf976da6,askacademia_train,losing_paraphrase_qwen,4,"4

This is a"
14bc93bf-d633-423a-a5d3-33d6794ddfc3,askacademia_train,winning_text,4,"4

This comment serves"
14bc93bf-d633-423a-a5d3-33d6794ddfc3,askacademia_train,losing_text,4,"4

This comment provides"
14bc93bf-d633-423a-a5d3-33d6794ddfc3,askacademia_train,losing_generate_claude,4,"4

This is a"
14bc93bf-d633-423a-a5d3-33d6794ddfc3,askacademia_train,losing_generate_gemini,4,"4

This is a"
14bc93bf-d633-423a-a5d3-33d6794ddfc3,askacademia_train,losing_generate_gpt4omini,1,"1

This comment fails"
14bc93bf-d633-423a-a5d3-33d6794ddfc3,askacademia_train,losing_generate_gpt5nano,3,"3

This comment provides"
14bc93bf-d633-423a-a5d3-33d6794ddfc3,askacademia_train,losing_generate_llama,2,"2

This comment appears"
14bc93bf-d633-423a-a5d3-33d6794ddfc3,askacademia_train,losing_generate_mistral,2,"2

This comment provides"
14bc93bf-d633-423a-a5d3-33d6794ddfc3,askacademia_train,losing_generate_qwen,2,"2

This comment appears"
14bc93bf-d633-423a-a5d3-33d6794ddfc3,askacademia_train,losing_improve_claude,2,"2

The comment provides"
14bc93bf-d633-423a-a5d3-33d6794ddfc3,askacademia_train,losing_improve_gemini,2,"2

The comment provides"
14bc93bf-d633-423a-a5d3-33d6794ddfc3,askacademia_train,losing_improve_gpt4omini,4,"4

This comment provides"
14bc93bf-d633-423a-a5d3-33d6794ddfc3,askacademia_train,losing_improve_gpt5nano,4,"4

This is a"
14bc93bf-d633-423a-a5d3-33d6794ddfc3,askacademia_train,losing_improve_llama,2,"2

The comment discusses"
14bc93bf-d633-423a-a5d3-33d6794ddfc3,askacademia_train,losing_improve_mistral,3,3
14bc93bf-d633-423a-a5d3-33d6794ddfc3,askacademia_train,losing_improve_qwen,2,2
14bc93bf-d633-423a-a5d3-33d6794ddfc3,askacademia_train,losing_paraphrase_claude,4,"4

This is a"
14bc93bf-d633-423a-a5d3-33d6794ddfc3,askacademia_train,losing_paraphrase_gemini,2,"2

This comment provides"
14bc93bf-d633-423a-a5d3-33d6794ddfc3,askacademia_train,losing_paraphrase_gpt4omini,4,"4

This comment provides"
14bc93bf-d633-423a-a5d3-33d6794ddfc3,askacademia_train,losing_paraphrase_gpt5nano,4,"4

This comment provides"
14bc93bf-d633-423a-a5d3-33d6794ddfc3,askacademia_train,losing_paraphrase_llama,3,"3

This comment provides"
14bc93bf-d633-423a-a5d3-33d6794ddfc3,askacademia_train,losing_paraphrase_mistral,2,"2

The comment provides"
14bc93bf-d633-423a-a5d3-33d6794ddfc3,askacademia_train,losing_paraphrase_qwen,2,"2

This comment appears"
27702e5c-1858-4d21-9c1a-ab8515553f25,askacademia_train,winning_text,2,"2

This comment is"
27702e5c-1858-4d21-9c1a-ab8515553f25,askacademia_train,losing_text,2,"2

This comment provides"
27702e5c-1858-4d21-9c1a-ab8515553f25,askacademia_train,losing_generate_claude,4,"4

This is a"
27702e5c-1858-4d21-9c1a-ab8515553f25,askacademia_train,losing_generate_gemini,4,"4

This is a"
27702e5c-1858-4d21-9c1a-ab8515553f25,askacademia_train,losing_generate_gpt4omini,2,"2

This comment provides"
27702e5c-1858-4d21-9c1a-ab8515553f25,askacademia_train,losing_generate_gpt5nano,2,"2

The comment provides"
27702e5c-1858-4d21-9c1a-ab8515553f25,askacademia_train,losing_generate_llama,2,"2

This comment appears"
27702e5c-1858-4d21-9c1a-ab8515553f25,askacademia_train,losing_generate_mistral,2,"2

The comment provides"
27702e5c-1858-4d21-9c1a-ab8515553f25,askacademia_train,losing_generate_qwen,2,"2

This comment appears"
27702e5c-1858-4d21-9c1a-ab8515553f25,askacademia_train,losing_improve_claude,5,"5

This comment is"
27702e5c-1858-4d21-9c1a-ab8515553f25,askacademia_train,losing_improve_gemini,2,"2

The comment provides"
27702e5c-1858-4d21-9c1a-ab8515553f25,askacademia_train,losing_improve_gpt4omini,3,3
27702e5c-1858-4d21-9c1a-ab8515553f25,askacademia_train,losing_improve_gpt5nano,2,"2

This comment provides"
27702e5c-1858-4d21-9c1a-ab8515553f25,askacademia_train,losing_improve_llama,2,"2

The comment acknowled"
27702e5c-1858-4d21-9c1a-ab8515553f25,askacademia_train,losing_improve_mistral,3,3
27702e5c-1858-4d21-9c1a-ab8515553f25,askacademia_train,losing_improve_qwen,2,"2

This comment provides"
27702e5c-1858-4d21-9c1a-ab8515553f25,askacademia_train,losing_paraphrase_claude,2,"2

This comment addresses"
27702e5c-1858-4d21-9c1a-ab8515553f25,askacademia_train,losing_paraphrase_gemini,3,3
27702e5c-1858-4d21-9c1a-ab8515553f25,askacademia_train,losing_paraphrase_gpt4omini,2,"2

This comment provides"
27702e5c-1858-4d21-9c1a-ab8515553f25,askacademia_train,losing_paraphrase_gpt5nano,2,"2

This comment shares"
27702e5c-1858-4d21-9c1a-ab8515553f25,askacademia_train,losing_paraphrase_llama,3,"3

This is a"
27702e5c-1858-4d21-9c1a-ab8515553f25,askacademia_train,losing_paraphrase_mistral,2,"2

This comment shares"
27702e5c-1858-4d21-9c1a-ab8515553f25,askacademia_train,losing_paraphrase_qwen,3,"3

This comment provides"
787dd421-eb36-4260-8a60-6a6082b9c3b2,askacademia_train,winning_text,3,3
787dd421-eb36-4260-8a60-6a6082b9c3b2,askacademia_train,losing_text,2,"2

The comment shares"
787dd421-eb36-4260-8a60-6a6082b9c3b2,askacademia_train,losing_generate_claude,4,"4

This is a"
787dd421-eb36-4260-8a60-6a6082b9c3b2,askacademia_train,losing_generate_gemini,4,"4

This comment provides"
787dd421-eb36-4260-8a60-6a6082b9c3b2,askacademia_train,losing_generate_gpt4omini,1,"1

This comment fails"
787dd421-eb36-4260-8a60-6a6082b9c3b2,askacademia_train,losing_generate_gpt5nano,1,"1

This comment completely"
787dd421-eb36-4260-8a60-6a6082b9c3b2,askacademia_train,losing_generate_llama,2,"2

This comment appears"
787dd421-eb36-4260-8a60-6a6082b9c3b2,askacademia_train,losing_generate_mistral,2,"2

The comment provides"
787dd421-eb36-4260-8a60-6a6082b9c3b2,askacademia_train,losing_generate_qwen,2,"2

The comment appears"
787dd421-eb36-4260-8a60-6a6082b9c3b2,askacademia_train,losing_improve_claude,4,"4

This is a"
787dd421-eb36-4260-8a60-6a6082b9c3b2,askacademia_train,losing_improve_gemini,4,4
787dd421-eb36-4260-8a60-6a6082b9c3b2,askacademia_train,losing_improve_gpt4omini,3,"3

This comment provides"
787dd421-eb36-4260-8a60-6a6082b9c3b2,askacademia_train,losing_improve_gpt5nano,3,"3

This comment provides"
787dd421-eb36-4260-8a60-6a6082b9c3b2,askacademia_train,losing_improve_llama,2,"2

The comment acknowled"
787dd421-eb36-4260-8a60-6a6082b9c3b2,askacademia_train,losing_improve_mistral,2,"2

The comment provides"
787dd421-eb36-4260-8a60-6a6082b9c3b2,askacademia_train,losing_improve_qwen,2,"2

This comment provides"
787dd421-eb36-4260-8a60-6a6082b9c3b2,askacademia_train,losing_paraphrase_claude,3,"3

This comment partially"
787dd421-eb36-4260-8a60-6a6082b9c3b2,askacademia_train,losing_paraphrase_gemini,2,"2

This comment provides"
787dd421-eb36-4260-8a60-6a6082b9c3b2,askacademia_train,losing_paraphrase_gpt4omini,3,"3

This comment provides"
787dd421-eb36-4260-8a60-6a6082b9c3b2,askacademia_train,losing_paraphrase_gpt5nano,2,"2

This comment addresses"
787dd421-eb36-4260-8a60-6a6082b9c3b2,askacademia_train,losing_paraphrase_llama,3,"3

The comment acknowled"
787dd421-eb36-4260-8a60-6a6082b9c3b2,askacademia_train,losing_paraphrase_mistral,2,"2

This comment shares"
787dd421-eb36-4260-8a60-6a6082b9c3b2,askacademia_train,losing_paraphrase_qwen,2,"2

This comment shares"
ea74a3b4-7832-4e25-a273-b8b55eba0742,askacademia_train,winning_text,4,"4

The comment provides"
ea74a3b4-7832-4e25-a273-b8b55eba0742,askacademia_train,losing_text,2,"2

This comment provides"
ea74a3b4-7832-4e25-a273-b8b55eba0742,askacademia_train,losing_generate_claude,4,"4

This comment serves"
ea74a3b4-7832-4e25-a273-b8b55eba0742,askacademia_train,losing_generate_gemini,4,"4

This comment provides"
ea74a3b4-7832-4e25-a273-b8b55eba0742,askacademia_train,losing_generate_gpt4omini,1,"1

This comment fails"
ea74a3b4-7832-4e25-a273-b8b55eba0742,askacademia_train,losing_generate_gpt5nano,1,"1

This comment completely"
ea74a3b4-7832-4e25-a273-b8b55eba0742,askacademia_train,losing_generate_llama,2,"2

This comment appears"
ea74a3b4-7832-4e25-a273-b8b55eba0742,askacademia_train,losing_generate_mistral,2,"2

This comment provides"
ea74a3b4-7832-4e25-a273-b8b55eba0742,askacademia_train,losing_generate_qwen,2,"2

The comment appears"
ea74a3b4-7832-4e25-a273-b8b55eba0742,askacademia_train,losing_improve_claude,4,"4

This comment provides"
ea74a3b4-7832-4e25-a273-b8b55eba0742,askacademia_train,losing_improve_gemini,2,"2

This comment discusses"
ea74a3b4-7832-4e25-a273-b8b55eba0742,askacademia_train,losing_improve_gpt4omini,3,"3

This comment provides"
ea74a3b4-7832-4e25-a273-b8b55eba0742,askacademia_train,losing_improve_gpt5nano,3,"3

This comment provides"
ea74a3b4-7832-4e25-a273-b8b55eba0742,askacademia_train,losing_improve_llama,2,2
ea74a3b4-7832-4e25-a273-b8b55eba0742,askacademia_train,losing_improve_mistral,3,3
ea74a3b4-7832-4e25-a273-b8b55eba0742,askacademia_train,losing_improve_qwen,2,"2

This comment provides"
ea74a3b4-7832-4e25-a273-b8b55eba0742,askacademia_train,losing_paraphrase_claude,3,"3

This comment partially"
ea74a3b4-7832-4e25-a273-b8b55eba0742,askacademia_train,losing_paraphrase_gemini,4,"4

This is a"
ea74a3b4-7832-4e25-a273-b8b55eba0742,askacademia_train,losing_paraphrase_gpt4omini,2,"2

This comment provides"
ea74a3b4-7832-4e25-a273-b8b55eba0742,askacademia_train,losing_paraphrase_gpt5nano,3,3
ea74a3b4-7832-4e25-a273-b8b55eba0742,askacademia_train,losing_paraphrase_llama,3,"3

This is a"
ea74a3b4-7832-4e25-a273-b8b55eba0742,askacademia_train,losing_paraphrase_mistral,3,"3

This comment provides"
ea74a3b4-7832-4e25-a273-b8b55eba0742,askacademia_train,losing_paraphrase_qwen,3,"3

This comment provides"
d0d31b89-6154-4b4b-b2be-17a2bd7b5306,askacademia_train,winning_text,4,"4

The comment provides"
d0d31b89-6154-4b4b-b2be-17a2bd7b5306,askacademia_train,losing_text,2,"2

This comment provides"
d0d31b89-6154-4b4b-b2be-17a2bd7b5306,askacademia_train,losing_generate_claude,4,"4

This is a"
d0d31b89-6154-4b4b-b2be-17a2bd7b5306,askacademia_train,losing_generate_gemini,4,"4

This comment provides"
d0d31b89-6154-4b4b-b2be-17a2bd7b5306,askacademia_train,losing_generate_gpt4omini,1,"1

This comment fails"
d0d31b89-6154-4b4b-b2be-17a2bd7b5306,askacademia_train,losing_generate_gpt5nano,2,"2

The comment mis"
d0d31b89-6154-4b4b-b2be-17a2bd7b5306,askacademia_train,losing_generate_llama,2,"2

This comment appears"
d0d31b89-6154-4b4b-b2be-17a2bd7b5306,askacademia_train,losing_generate_mistral,2,"2

This comment provides"
d0d31b89-6154-4b4b-b2be-17a2bd7b5306,askacademia_train,losing_generate_qwen,2,"2

The comment appears"
d0d31b89-6154-4b4b-b2be-17a2bd7b5306,askacademia_train,losing_improve_claude,4,"4

This is a"
d0d31b89-6154-4b4b-b2be-17a2bd7b5306,askacademia_train,losing_improve_gemini,3,"3

This comment provides"
d0d31b89-6154-4b4b-b2be-17a2bd7b5306,askacademia_train,losing_improve_gpt4omini,3,"3

This comment provides"
d0d31b89-6154-4b4b-b2be-17a2bd7b5306,askacademia_train,losing_improve_gpt5nano,3,"3

This comment provides"
d0d31b89-6154-4b4b-b2be-17a2bd7b5306,askacademia_train,losing_improve_llama,2,2
d0d31b89-6154-4b4b-b2be-17a2bd7b5306,askacademia_train,losing_improve_mistral,3,3
d0d31b89-6154-4b4b-b2be-17a2bd7b5306,askacademia_train,losing_improve_qwen,2,"2

This comment provides"
d0d31b89-6154-4b4b-b2be-17a2bd7b5306,askacademia_train,losing_paraphrase_claude,3,"3

This comment partially"
d0d31b89-6154-4b4b-b2be-17a2bd7b5306,askacademia_train,losing_paraphrase_gemini,4,"4

This comment provides"
d0d31b89-6154-4b4b-b2be-17a2bd7b5306,askacademia_train,losing_paraphrase_gpt4omini,3,3
d0d31b89-6154-4b4b-b2be-17a2bd7b5306,askacademia_train,losing_paraphrase_gpt5nano,3,"3

This comment provides"
d0d31b89-6154-4b4b-b2be-17a2bd7b5306,askacademia_train,losing_paraphrase_llama,3,"3

The comment acknowled"
d0d31b89-6154-4b4b-b2be-17a2bd7b5306,askacademia_train,losing_paraphrase_mistral,2,"2

This comment provides"
d0d31b89-6154-4b4b-b2be-17a2bd7b5306,askacademia_train,losing_paraphrase_qwen,2,"2

This comment addresses"
16dc6258-e48c-4bdd-b738-9b1940d6ecb7,askacademia_train,winning_text,3,"3

This comment provides"
16dc6258-e48c-4bdd-b738-9b1940d6ecb7,askacademia_train,losing_text,2,"2

This comment provides"
16dc6258-e48c-4bdd-b738-9b1940d6ecb7,askacademia_train,losing_generate_claude,4,"4

This is a"
16dc6258-e48c-4bdd-b738-9b1940d6ecb7,askacademia_train,losing_generate_gemini,4,"4

This comment provides"
16dc6258-e48c-4bdd-b738-9b1940d6ecb7,askacademia_train,losing_generate_gpt4omini,1,"1

This comment fails"
16dc6258-e48c-4bdd-b738-9b1940d6ecb7,askacademia_train,losing_generate_gpt5nano,2,"2

This comment provides"
16dc6258-e48c-4bdd-b738-9b1940d6ecb7,askacademia_train,losing_generate_llama,1,"1

This comment fails"
16dc6258-e48c-4bdd-b738-9b1940d6ecb7,askacademia_train,losing_generate_mistral,2,"2

This comment provides"
16dc6258-e48c-4bdd-b738-9b1940d6ecb7,askacademia_train,losing_generate_qwen,2,"2

This comment appears"
16dc6258-e48c-4bdd-b738-9b1940d6ecb7,askacademia_train,losing_improve_claude,5,"5

This comment is"
16dc6258-e48c-4bdd-b738-9b1940d6ecb7,askacademia_train,losing_improve_gemini,4,4
16dc6258-e48c-4bdd-b738-9b1940d6ecb7,askacademia_train,losing_improve_gpt4omini,3,"3

This comment provides"
16dc6258-e48c-4bdd-b738-9b1940d6ecb7,askacademia_train,losing_improve_gpt5nano,3,"3

This comment provides"
16dc6258-e48c-4bdd-b738-9b1940d6ecb7,askacademia_train,losing_improve_llama,2,"2

This comment acknowled"
16dc6258-e48c-4bdd-b738-9b1940d6ecb7,askacademia_train,losing_improve_mistral,3,3
16dc6258-e48c-4bdd-b738-9b1940d6ecb7,askacademia_train,losing_improve_qwen,2,"2

This comment provides"
16dc6258-e48c-4bdd-b738-9b1940d6ecb7,askacademia_train,losing_paraphrase_claude,3,"3

This comment partially"
16dc6258-e48c-4bdd-b738-9b1940d6ecb7,askacademia_train,losing_paraphrase_gemini,1,"1

This comment appears"
16dc6258-e48c-4bdd-b738-9b1940d6ecb7,askacademia_train,losing_paraphrase_gpt4omini,3,"3

This comment provides"
16dc6258-e48c-4bdd-b738-9b1940d6ecb7,askacademia_train,losing_paraphrase_gpt5nano,3,3
16dc6258-e48c-4bdd-b738-9b1940d6ecb7,askacademia_train,losing_paraphrase_llama,3,3
16dc6258-e48c-4bdd-b738-9b1940d6ecb7,askacademia_train,losing_paraphrase_mistral,3,"3

This comment provides"
16dc6258-e48c-4bdd-b738-9b1940d6ecb7,askacademia_train,losing_paraphrase_qwen,3,"3

This comment provides"
2ba56371-a5a9-4f6e-92cd-fc7ec5576332,askacademia_train,winning_text,4,"4

This is a"
2ba56371-a5a9-4f6e-92cd-fc7ec5576332,askacademia_train,losing_text,2,"2

This comment provides"
2ba56371-a5a9-4f6e-92cd-fc7ec5576332,askacademia_train,losing_generate_claude,4,"4

This is a"
2ba56371-a5a9-4f6e-92cd-fc7ec5576332,askacademia_train,losing_generate_gemini,4,"4

This comment provides"
2ba56371-a5a9-4f6e-92cd-fc7ec5576332,askacademia_train,losing_generate_gpt4omini,1,"1

This comment fails"
2ba56371-a5a9-4f6e-92cd-fc7ec5576332,askacademia_train,losing_generate_gpt5nano,4,"4

This is a"
2ba56371-a5a9-4f6e-92cd-fc7ec5576332,askacademia_train,losing_generate_llama,2,"2

This comment appears"
2ba56371-a5a9-4f6e-92cd-fc7ec5576332,askacademia_train,losing_generate_mistral,2,"2

The comment provides"
2ba56371-a5a9-4f6e-92cd-fc7ec5576332,askacademia_train,losing_generate_qwen,2,"2

This comment appears"
2ba56371-a5a9-4f6e-92cd-fc7ec5576332,askacademia_train,losing_improve_claude,4,"4

This comment provides"
2ba56371-a5a9-4f6e-92cd-fc7ec5576332,askacademia_train,losing_improve_gemini,4,4
2ba56371-a5a9-4f6e-92cd-fc7ec5576332,askacademia_train,losing_improve_gpt4omini,2,"2

The comment provides"
2ba56371-a5a9-4f6e-92cd-fc7ec5576332,askacademia_train,losing_improve_gpt5nano,2,"2

This comment appears"
2ba56371-a5a9-4f6e-92cd-fc7ec5576332,askacademia_train,losing_improve_llama,2,"2

The comment acknowled"
2ba56371-a5a9-4f6e-92cd-fc7ec5576332,askacademia_train,losing_improve_mistral,3,3
2ba56371-a5a9-4f6e-92cd-fc7ec5576332,askacademia_train,losing_improve_qwen,2,"2

The comment provides"
2ba56371-a5a9-4f6e-92cd-fc7ec5576332,askacademia_train,losing_paraphrase_claude,3,"3

This comment partially"
2ba56371-a5a9-4f6e-92cd-fc7ec5576332,askacademia_train,losing_paraphrase_gemini,2,"2

This comment provides"
2ba56371-a5a9-4f6e-92cd-fc7ec5576332,askacademia_train,losing_paraphrase_gpt4omini,2,"2

This comment provides"
2ba56371-a5a9-4f6e-92cd-fc7ec5576332,askacademia_train,losing_paraphrase_gpt5nano,3,3
2ba56371-a5a9-4f6e-92cd-fc7ec5576332,askacademia_train,losing_paraphrase_llama,3,"3

This is a"
2ba56371-a5a9-4f6e-92cd-fc7ec5576332,askacademia_train,losing_paraphrase_mistral,3,"3

This comment provides"
2ba56371-a5a9-4f6e-92cd-fc7ec5576332,askacademia_train,losing_paraphrase_qwen,3,"3

This comment provides"
db5fcda6-7b0c-4aea-844e-8c8f5c389234,askacademia_train,winning_text,2,2
db5fcda6-7b0c-4aea-844e-8c8f5c389234,askacademia_train,losing_text,2,"2

This comment provides"
db5fcda6-7b0c-4aea-844e-8c8f5c389234,askacademia_train,losing_generate_claude,4,"4

This is a"
db5fcda6-7b0c-4aea-844e-8c8f5c389234,askacademia_train,losing_generate_gemini,4,"4

This is a"
db5fcda6-7b0c-4aea-844e-8c8f5c389234,askacademia_train,losing_generate_gpt4omini,1,"1

This comment fails"
db5fcda6-7b0c-4aea-844e-8c8f5c389234,askacademia_train,losing_generate_gpt5nano,1,"1

This comment completely"
db5fcda6-7b0c-4aea-844e-8c8f5c389234,askacademia_train,losing_generate_llama,2,"2

This comment appears"
db5fcda6-7b0c-4aea-844e-8c8f5c389234,askacademia_train,losing_generate_mistral,2,"2

The comment provides"
db5fcda6-7b0c-4aea-844e-8c8f5c389234,askacademia_train,losing_generate_qwen,2,"2

The comment appears"
db5fcda6-7b0c-4aea-844e-8c8f5c389234,askacademia_train,losing_improve_claude,4,"4

This comment provides"
db5fcda6-7b0c-4aea-844e-8c8f5c389234,askacademia_train,losing_improve_gemini,2,"2

This comment discusses"
db5fcda6-7b0c-4aea-844e-8c8f5c389234,askacademia_train,losing_improve_gpt4omini,3,3
db5fcda6-7b0c-4aea-844e-8c8f5c389234,askacademia_train,losing_improve_gpt5nano,3,"3

This comment provides"
db5fcda6-7b0c-4aea-844e-8c8f5c389234,askacademia_train,losing_improve_llama,2,2
db5fcda6-7b0c-4aea-844e-8c8f5c389234,askacademia_train,losing_improve_mistral,2,"2

The comment provides"
db5fcda6-7b0c-4aea-844e-8c8f5c389234,askacademia_train,losing_improve_qwen,2,"2

This comment provides"
db5fcda6-7b0c-4aea-844e-8c8f5c389234,askacademia_train,losing_paraphrase_claude,3,"3

This comment partially"
db5fcda6-7b0c-4aea-844e-8c8f5c389234,askacademia_train,losing_paraphrase_gemini,2,"2

The comment makes"
db5fcda6-7b0c-4aea-844e-8c8f5c389234,askacademia_train,losing_paraphrase_gpt4omini,2,"2

This comment provides"
db5fcda6-7b0c-4aea-844e-8c8f5c389234,askacademia_train,losing_paraphrase_gpt5nano,2,"2

This comment shares"
db5fcda6-7b0c-4aea-844e-8c8f5c389234,askacademia_train,losing_paraphrase_llama,3,"3

The comment acknowled"
db5fcda6-7b0c-4aea-844e-8c8f5c389234,askacademia_train,losing_paraphrase_mistral,3,"3

This comment provides"
db5fcda6-7b0c-4aea-844e-8c8f5c389234,askacademia_train,losing_paraphrase_qwen,2,"2

This comment addresses"
49f2ea2c-21e7-40b8-a005-d180925d504f,askacademia_train,winning_text,2,"2

This comment is"
49f2ea2c-21e7-40b8-a005-d180925d504f,askacademia_train,losing_text,2,"2

This comment provides"
49f2ea2c-21e7-40b8-a005-d180925d504f,askacademia_train,losing_generate_claude,3,"3

This comment provides"
49f2ea2c-21e7-40b8-a005-d180925d504f,askacademia_train,losing_generate_gemini,4,"4

This comment provides"
49f2ea2c-21e7-40b8-a005-d180925d504f,askacademia_train,losing_generate_gpt4omini,1,"1

This comment fails"
49f2ea2c-21e7-40b8-a005-d180925d504f,askacademia_train,losing_generate_gpt5nano,3,3
49f2ea2c-21e7-40b8-a005-d180925d504f,askacademia_train,losing_generate_llama,2,"2

This comment appears"
49f2ea2c-21e7-40b8-a005-d180925d504f,askacademia_train,losing_generate_mistral,2,"2

The comment provides"
49f2ea2c-21e7-40b8-a005-d180925d504f,askacademia_train,losing_generate_qwen,2,"2

The comment appears"
49f2ea2c-21e7-40b8-a005-d180925d504f,askacademia_train,losing_improve_claude,4,"4

This is a"
49f2ea2c-21e7-40b8-a005-d180925d504f,askacademia_train,losing_improve_gemini,2,"2

This comment provides"
49f2ea2c-21e7-40b8-a005-d180925d504f,askacademia_train,losing_improve_gpt4omini,2,"2

This comment provides"
49f2ea2c-21e7-40b8-a005-d180925d504f,askacademia_train,losing_improve_gpt5nano,3,"3

This comment provides"
49f2ea2c-21e7-40b8-a005-d180925d504f,askacademia_train,losing_improve_llama,2,"2

The comment provides"
49f2ea2c-21e7-40b8-a005-d180925d504f,askacademia_train,losing_improve_mistral,2,"2

The comment provides"
49f2ea2c-21e7-40b8-a005-d180925d504f,askacademia_train,losing_improve_qwen,2,"2

The comment provides"
49f2ea2c-21e7-40b8-a005-d180925d504f,askacademia_train,losing_paraphrase_claude,2,"2

This comment has"
49f2ea2c-21e7-40b8-a005-d180925d504f,askacademia_train,losing_paraphrase_gemini,2,"2

This comment shares"
49f2ea2c-21e7-40b8-a005-d180925d504f,askacademia_train,losing_paraphrase_gpt4omini,2,"2

This comment provides"
49f2ea2c-21e7-40b8-a005-d180925d504f,askacademia_train,losing_paraphrase_gpt5nano,3,3
49f2ea2c-21e7-40b8-a005-d180925d504f,askacademia_train,losing_paraphrase_llama,2,"2

The comment provides"
49f2ea2c-21e7-40b8-a005-d180925d504f,askacademia_train,losing_paraphrase_mistral,2,"2

This comment provides"
49f2ea2c-21e7-40b8-a005-d180925d504f,askacademia_train,losing_paraphrase_qwen,2,"2

The comment provides"
fc0d11f9-80cf-4110-9ead-7270c9d752d4,askacademia_train,winning_text,4,"4

This comment provides"
fc0d11f9-80cf-4110-9ead-7270c9d752d4,askacademia_train,losing_text,2,"2

The comment provides"
fc0d11f9-80cf-4110-9ead-7270c9d752d4,askacademia_train,losing_generate_claude,4,"4

This is a"
fc0d11f9-80cf-4110-9ead-7270c9d752d4,askacademia_train,losing_generate_gemini,4,"4

This comment provides"
fc0d11f9-80cf-4110-9ead-7270c9d752d4,askacademia_train,losing_generate_gpt4omini,1,"1

This comment fails"
fc0d11f9-80cf-4110-9ead-7270c9d752d4,askacademia_train,losing_generate_gpt5nano,2,"2

This comment appears"
fc0d11f9-80cf-4110-9ead-7270c9d752d4,askacademia_train,losing_generate_llama,2,"2

This comment appears"
fc0d11f9-80cf-4110-9ead-7270c9d752d4,askacademia_train,losing_generate_mistral,2,"2

The comment provides"
fc0d11f9-80cf-4110-9ead-7270c9d752d4,askacademia_train,losing_generate_qwen,2,"2

This comment appears"
fc0d11f9-80cf-4110-9ead-7270c9d752d4,askacademia_train,losing_improve_claude,2,"2

This comment appears"
fc0d11f9-80cf-4110-9ead-7270c9d752d4,askacademia_train,losing_improve_gemini,2,"2

This comment provides"
fc0d11f9-80cf-4110-9ead-7270c9d752d4,askacademia_train,losing_improve_gpt4omini,2,"2

This comment provides"
fc0d11f9-80cf-4110-9ead-7270c9d752d4,askacademia_train,losing_improve_gpt5nano,3,"3

This comment provides"
fc0d11f9-80cf-4110-9ead-7270c9d752d4,askacademia_train,losing_improve_llama,2,"2

The comment provides"
fc0d11f9-80cf-4110-9ead-7270c9d752d4,askacademia_train,losing_improve_mistral,2,"2

The comment provides"
fc0d11f9-80cf-4110-9ead-7270c9d752d4,askacademia_train,losing_improve_qwen,2,"2

The comment provides"
fc0d11f9-80cf-4110-9ead-7270c9d752d4,askacademia_train,losing_paraphrase_claude,2,"2

This comment provides"
fc0d11f9-80cf-4110-9ead-7270c9d752d4,askacademia_train,losing_paraphrase_gemini,2,"2

This comment shares"
fc0d11f9-80cf-4110-9ead-7270c9d752d4,askacademia_train,losing_paraphrase_gpt4omini,2,"2

The comment provides"
fc0d11f9-80cf-4110-9ead-7270c9d752d4,askacademia_train,losing_paraphrase_gpt5nano,2,"2

The comment provides"
fc0d11f9-80cf-4110-9ead-7270c9d752d4,askacademia_train,losing_paraphrase_llama,2,"2

The comment provides"
fc0d11f9-80cf-4110-9ead-7270c9d752d4,askacademia_train,losing_paraphrase_mistral,2,"2

This comment provides"
fc0d11f9-80cf-4110-9ead-7270c9d752d4,askacademia_train,losing_paraphrase_qwen,2,"2

The comment provides"
7beb091b-7423-4c06-8da3-a7d6568081d1,askacademia_train,winning_text,4,"4

The comment provides"
7beb091b-7423-4c06-8da3-a7d6568081d1,askacademia_train,losing_text,2,"2

This comment provides"
7beb091b-7423-4c06-8da3-a7d6568081d1,askacademia_train,losing_generate_claude,4,"4

This is a"
7beb091b-7423-4c06-8da3-a7d6568081d1,askacademia_train,losing_generate_gemini,4,"4

This is a"
7beb091b-7423-4c06-8da3-a7d6568081d1,askacademia_train,losing_generate_gpt4omini,1,"1

This comment fails"
7beb091b-7423-4c06-8da3-a7d6568081d1,askacademia_train,losing_generate_gpt5nano,2,"2

The comment assumes"
7beb091b-7423-4c06-8da3-a7d6568081d1,askacademia_train,losing_generate_llama,2,"2

This comment appears"
7beb091b-7423-4c06-8da3-a7d6568081d1,askacademia_train,losing_generate_mistral,2,"2

This comment provides"
7beb091b-7423-4c06-8da3-a7d6568081d1,askacademia_train,losing_generate_qwen,2,"2

This comment appears"
7beb091b-7423-4c06-8da3-a7d6568081d1,askacademia_train,losing_improve_claude,4,"4

This is a"
7beb091b-7423-4c06-8da3-a7d6568081d1,askacademia_train,losing_improve_gemini,2,"2

The comment provides"
7beb091b-7423-4c06-8da3-a7d6568081d1,askacademia_train,losing_improve_gpt4omini,2,"2

This comment provides"
7beb091b-7423-4c06-8da3-a7d6568081d1,askacademia_train,losing_improve_gpt5nano,2,"2

This comment appears"
7beb091b-7423-4c06-8da3-a7d6568081d1,askacademia_train,losing_improve_llama,2,"2

The comment provides"
7beb091b-7423-4c06-8da3-a7d6568081d1,askacademia_train,losing_improve_mistral,2,"2

The comment provides"
7beb091b-7423-4c06-8da3-a7d6568081d1,askacademia_train,losing_improve_qwen,2,"2

The comment provides"
7beb091b-7423-4c06-8da3-a7d6568081d1,askacademia_train,losing_paraphrase_claude,2,"2

This comment has"
7beb091b-7423-4c06-8da3-a7d6568081d1,askacademia_train,losing_paraphrase_gemini,3,"3

This comment is"
7beb091b-7423-4c06-8da3-a7d6568081d1,askacademia_train,losing_paraphrase_gpt4omini,2,"2

The comment provides"
7beb091b-7423-4c06-8da3-a7d6568081d1,askacademia_train,losing_paraphrase_gpt5nano,2,"2

The comment provides"
7beb091b-7423-4c06-8da3-a7d6568081d1,askacademia_train,losing_paraphrase_llama,2,"2

The comment provides"
7beb091b-7423-4c06-8da3-a7d6568081d1,askacademia_train,losing_paraphrase_mistral,2,"2

This comment provides"
7beb091b-7423-4c06-8da3-a7d6568081d1,askacademia_train,losing_paraphrase_qwen,2,"2

The comment provides"
355a34ef-ae09-49dd-9d1e-e25018351122,askacademia_train,winning_text,4,"4

The comment provides"
355a34ef-ae09-49dd-9d1e-e25018351122,askacademia_train,losing_text,2,"2

This comment provides"
355a34ef-ae09-49dd-9d1e-e25018351122,askacademia_train,losing_generate_claude,3,"3

This comment provides"
355a34ef-ae09-49dd-9d1e-e25018351122,askacademia_train,losing_generate_gemini,1,"1

This comment does"
355a34ef-ae09-49dd-9d1e-e25018351122,askacademia_train,losing_generate_gpt4omini,2,"2

This comment provides"
355a34ef-ae09-49dd-9d1e-e25018351122,askacademia_train,losing_generate_gpt5nano,1,"1

This comment completely"
355a34ef-ae09-49dd-9d1e-e25018351122,askacademia_train,losing_generate_llama,2,"2

This comment appears"
355a34ef-ae09-49dd-9d1e-e25018351122,askacademia_train,losing_generate_mistral,2,"2

The comment provides"
355a34ef-ae09-49dd-9d1e-e25018351122,askacademia_train,losing_generate_qwen,2,"2

The comment appears"
355a34ef-ae09-49dd-9d1e-e25018351122,askacademia_train,losing_improve_claude,2,"2

This comment appears"
355a34ef-ae09-49dd-9d1e-e25018351122,askacademia_train,losing_improve_gemini,2,"2

The comment provides"
355a34ef-ae09-49dd-9d1e-e25018351122,askacademia_train,losing_improve_gpt4omini,2,"2

This comment provides"
355a34ef-ae09-49dd-9d1e-e25018351122,askacademia_train,losing_improve_gpt5nano,3,"3

This comment provides"
355a34ef-ae09-49dd-9d1e-e25018351122,askacademia_train,losing_improve_llama,2,"2

The comment provides"
355a34ef-ae09-49dd-9d1e-e25018351122,askacademia_train,losing_improve_mistral,2,"2

The comment provides"
355a34ef-ae09-49dd-9d1e-e25018351122,askacademia_train,losing_improve_qwen,2,"2

The comment provides"
355a34ef-ae09-49dd-9d1e-e25018351122,askacademia_train,losing_paraphrase_claude,2,"2

This comment has"
355a34ef-ae09-49dd-9d1e-e25018351122,askacademia_train,losing_paraphrase_gemini,3,"3

This comment is"
355a34ef-ae09-49dd-9d1e-e25018351122,askacademia_train,losing_paraphrase_gpt4omini,2,"2

The comment provides"
355a34ef-ae09-49dd-9d1e-e25018351122,askacademia_train,losing_paraphrase_gpt5nano,2,"2

This comment provides"
355a34ef-ae09-49dd-9d1e-e25018351122,askacademia_train,losing_paraphrase_llama,2,"2

The comment provides"
355a34ef-ae09-49dd-9d1e-e25018351122,askacademia_train,losing_paraphrase_mistral,2,"2

This comment provides"
355a34ef-ae09-49dd-9d1e-e25018351122,askacademia_train,losing_paraphrase_qwen,2,"2

The comment provides"
4b5519a5-681d-46c3-b794-cadb14453f88,askacademia_train,winning_text,3,"3

This comment provides"
4b5519a5-681d-46c3-b794-cadb14453f88,askacademia_train,losing_text,2,"2

This comment provides"
4b5519a5-681d-46c3-b794-cadb14453f88,askacademia_train,losing_generate_claude,4,"4

This is a"
4b5519a5-681d-46c3-b794-cadb14453f88,askacademia_train,losing_generate_gemini,4,"4

This is a"
4b5519a5-681d-46c3-b794-cadb14453f88,askacademia_train,losing_generate_gpt4omini,2,"2

This comment provides"
4b5519a5-681d-46c3-b794-cadb14453f88,askacademia_train,losing_generate_gpt5nano,2,"2

This comment significantly"
4b5519a5-681d-46c3-b794-cadb14453f88,askacademia_train,losing_generate_llama,2,"2

This comment appears"
4b5519a5-681d-46c3-b794-cadb14453f88,askacademia_train,losing_generate_mistral,2,"2

The comment provides"
4b5519a5-681d-46c3-b794-cadb14453f88,askacademia_train,losing_generate_qwen,2,"2

This comment appears"
4b5519a5-681d-46c3-b794-cadb14453f88,askacademia_train,losing_improve_claude,4,"4

This is a"
4b5519a5-681d-46c3-b794-cadb14453f88,askacademia_train,losing_improve_gemini,2,"2

This comment provides"
4b5519a5-681d-46c3-b794-cadb14453f88,askacademia_train,losing_improve_gpt4omini,2,"2

This comment provides"
4b5519a5-681d-46c3-b794-cadb14453f88,askacademia_train,losing_improve_gpt5nano,2,"2

This comment provides"
4b5519a5-681d-46c3-b794-cadb14453f88,askacademia_train,losing_improve_llama,2,"2

The comment provides"
4b5519a5-681d-46c3-b794-cadb14453f88,askacademia_train,losing_improve_mistral,2,"2

The comment provides"
4b5519a5-681d-46c3-b794-cadb14453f88,askacademia_train,losing_improve_qwen,2,"2

The comment provides"
4b5519a5-681d-46c3-b794-cadb14453f88,askacademia_train,losing_paraphrase_claude,2,"2

This comment appears"
4b5519a5-681d-46c3-b794-cadb14453f88,askacademia_train,losing_paraphrase_gemini,3,"3

This comment is"
4b5519a5-681d-46c3-b794-cadb14453f88,askacademia_train,losing_paraphrase_gpt4omini,2,"2

The comment provides"
4b5519a5-681d-46c3-b794-cadb14453f88,askacademia_train,losing_paraphrase_gpt5nano,2,"2

The comment appears"
4b5519a5-681d-46c3-b794-cadb14453f88,askacademia_train,losing_paraphrase_llama,2,"2

The comment provides"
4b5519a5-681d-46c3-b794-cadb14453f88,askacademia_train,losing_paraphrase_mistral,2,"2

This comment provides"
4b5519a5-681d-46c3-b794-cadb14453f88,askacademia_train,losing_paraphrase_qwen,2,"2

The comment provides"
a3e00ec4-4f29-4e1d-bc86-d62aa0663085,askacademia_train,winning_text,4,"4

This is a"
a3e00ec4-4f29-4e1d-bc86-d62aa0663085,askacademia_train,losing_text,2,"2

This comment provides"
a3e00ec4-4f29-4e1d-bc86-d62aa0663085,askacademia_train,losing_generate_claude,5,"5

This comment is"
a3e00ec4-4f29-4e1d-bc86-d62aa0663085,askacademia_train,losing_generate_gemini,4,"4

This is a"
a3e00ec4-4f29-4e1d-bc86-d62aa0663085,askacademia_train,losing_generate_gpt4omini,1,"1

This comment fails"
a3e00ec4-4f29-4e1d-bc86-d62aa0663085,askacademia_train,losing_generate_gpt5nano,2,"2

This comment fails"
a3e00ec4-4f29-4e1d-bc86-d62aa0663085,askacademia_train,losing_generate_llama,2,"2

This comment appears"
a3e00ec4-4f29-4e1d-bc86-d62aa0663085,askacademia_train,losing_generate_mistral,2,"2

The comment provides"
a3e00ec4-4f29-4e1d-bc86-d62aa0663085,askacademia_train,losing_generate_qwen,2,"2

This comment appears"
a3e00ec4-4f29-4e1d-bc86-d62aa0663085,askacademia_train,losing_improve_claude,4,"4

This is a"
a3e00ec4-4f29-4e1d-bc86-d62aa0663085,askacademia_train,losing_improve_gemini,2,"2

The comment provides"
a3e00ec4-4f29-4e1d-bc86-d62aa0663085,askacademia_train,losing_improve_gpt4omini,2,"2

The comment provides"
a3e00ec4-4f29-4e1d-bc86-d62aa0663085,askacademia_train,losing_improve_gpt5nano,2,"2

This comment provides"
a3e00ec4-4f29-4e1d-bc86-d62aa0663085,askacademia_train,losing_improve_llama,2,"2

The comment provides"
a3e00ec4-4f29-4e1d-bc86-d62aa0663085,askacademia_train,losing_improve_mistral,2,"2

The comment provides"
a3e00ec4-4f29-4e1d-bc86-d62aa0663085,askacademia_train,losing_improve_qwen,2,"2

The comment provides"
a3e00ec4-4f29-4e1d-bc86-d62aa0663085,askacademia_train,losing_paraphrase_claude,2,"2

This comment provides"
a3e00ec4-4f29-4e1d-bc86-d62aa0663085,askacademia_train,losing_paraphrase_gemini,3,"3

This comment is"
a3e00ec4-4f29-4e1d-bc86-d62aa0663085,askacademia_train,losing_paraphrase_gpt4omini,2,"2

This comment provides"
a3e00ec4-4f29-4e1d-bc86-d62aa0663085,askacademia_train,losing_paraphrase_gpt5nano,2,"2

This comment provides"
a3e00ec4-4f29-4e1d-bc86-d62aa0663085,askacademia_train,losing_paraphrase_llama,2,"2

The comment provides"
a3e00ec4-4f29-4e1d-bc86-d62aa0663085,askacademia_train,losing_paraphrase_mistral,2,"2

This comment provides"
a3e00ec4-4f29-4e1d-bc86-d62aa0663085,askacademia_train,losing_paraphrase_qwen,2,"2

The comment provides"
ed33a1be-68db-4548-9c7a-c60b56826b47,askacademia_train,winning_text,2,"2

The comment addresses"
ed33a1be-68db-4548-9c7a-c60b56826b47,askacademia_train,losing_text,2,"2

The comment provides"
ed33a1be-68db-4548-9c7a-c60b56826b47,askacademia_train,losing_generate_claude,3,"3

This comment provides"
ed33a1be-68db-4548-9c7a-c60b56826b47,askacademia_train,losing_generate_gemini,4,"4

This comment provides"
ed33a1be-68db-4548-9c7a-c60b56826b47,askacademia_train,losing_generate_gpt4omini,1,"1

This comment fails"
ed33a1be-68db-4548-9c7a-c60b56826b47,askacademia_train,losing_generate_gpt5nano,1,"1

This comment completely"
ed33a1be-68db-4548-9c7a-c60b56826b47,askacademia_train,losing_generate_llama,2,"2

This comment appears"
ed33a1be-68db-4548-9c7a-c60b56826b47,askacademia_train,losing_generate_mistral,2,"2

The comment provides"
ed33a1be-68db-4548-9c7a-c60b56826b47,askacademia_train,losing_generate_qwen,2,"2

This comment appears"
ed33a1be-68db-4548-9c7a-c60b56826b47,askacademia_train,losing_improve_claude,4,"4

This is a"
ed33a1be-68db-4548-9c7a-c60b56826b47,askacademia_train,losing_improve_gemini,2,"2

The comment provides"
ed33a1be-68db-4548-9c7a-c60b56826b47,askacademia_train,losing_improve_gpt4omini,2,"2

This comment provides"
ed33a1be-68db-4548-9c7a-c60b56826b47,askacademia_train,losing_improve_gpt5nano,3,"3

This comment provides"
ed33a1be-68db-4548-9c7a-c60b56826b47,askacademia_train,losing_improve_llama,2,"2

The comment provides"
ed33a1be-68db-4548-9c7a-c60b56826b47,askacademia_train,losing_improve_mistral,2,"2

The comment provides"
ed33a1be-68db-4548-9c7a-c60b56826b47,askacademia_train,losing_improve_qwen,2,"2

The comment provides"
ed33a1be-68db-4548-9c7a-c60b56826b47,askacademia_train,losing_paraphrase_claude,2,"2

This comment provides"
ed33a1be-68db-4548-9c7a-c60b56826b47,askacademia_train,losing_paraphrase_gemini,3,"3

This comment is"
ed33a1be-68db-4548-9c7a-c60b56826b47,askacademia_train,losing_paraphrase_gpt4omini,2,"2

The comment provides"
ed33a1be-68db-4548-9c7a-c60b56826b47,askacademia_train,losing_paraphrase_gpt5nano,2,"2

This comment provides"
ed33a1be-68db-4548-9c7a-c60b56826b47,askacademia_train,losing_paraphrase_llama,2,"2

The comment provides"
ed33a1be-68db-4548-9c7a-c60b56826b47,askacademia_train,losing_paraphrase_mistral,2,"2

This comment provides"
ed33a1be-68db-4548-9c7a-c60b56826b47,askacademia_train,losing_paraphrase_qwen,2,"2

The comment provides"
47c7e961-6c14-4fa0-8783-45420dd52467,askacademia_train,winning_text,2,"2

This comment is"
47c7e961-6c14-4fa0-8783-45420dd52467,askacademia_train,losing_text,4,"4

This is a"
47c7e961-6c14-4fa0-8783-45420dd52467,askacademia_train,losing_generate_claude,4,"4

This is a"
47c7e961-6c14-4fa0-8783-45420dd52467,askacademia_train,losing_generate_gemini,4,"4

This comment provides"
47c7e961-6c14-4fa0-8783-45420dd52467,askacademia_train,losing_generate_gpt4omini,1,"1

This comment is"
47c7e961-6c14-4fa0-8783-45420dd52467,askacademia_train,losing_generate_gpt5nano,2,"2

This comment has"
47c7e961-6c14-4fa0-8783-45420dd52467,askacademia_train,losing_generate_llama,2,"2

This comment appears"
47c7e961-6c14-4fa0-8783-45420dd52467,askacademia_train,losing_generate_mistral,2,"2

The comment provides"
47c7e961-6c14-4fa0-8783-45420dd52467,askacademia_train,losing_generate_qwen,2,"2

The comment appears"
47c7e961-6c14-4fa0-8783-45420dd52467,askacademia_train,losing_improve_claude,2,"2

The comment attempts"
47c7e961-6c14-4fa0-8783-45420dd52467,askacademia_train,losing_improve_gemini,3,"3

This comment provides"
47c7e961-6c14-4fa0-8783-45420dd52467,askacademia_train,losing_improve_gpt4omini,3,"3

This comment provides"
47c7e961-6c14-4fa0-8783-45420dd52467,askacademia_train,losing_improve_gpt5nano,2,"2

This comment provides"
47c7e961-6c14-4fa0-8783-45420dd52467,askacademia_train,losing_improve_llama,2,"2

This comment provides"
47c7e961-6c14-4fa0-8783-45420dd52467,askacademia_train,losing_improve_mistral,3,"3

The comment provides"
47c7e961-6c14-4fa0-8783-45420dd52467,askacademia_train,losing_improve_qwen,2,"2

This comment provides"
47c7e961-6c14-4fa0-8783-45420dd52467,askacademia_train,losing_paraphrase_claude,4,"4

This is a"
47c7e961-6c14-4fa0-8783-45420dd52467,askacademia_train,losing_paraphrase_gemini,3,"3

This comment is"
47c7e961-6c14-4fa0-8783-45420dd52467,askacademia_train,losing_paraphrase_gpt4omini,3,3
47c7e961-6c14-4fa0-8783-45420dd52467,askacademia_train,losing_paraphrase_gpt5nano,4,4
47c7e961-6c14-4fa0-8783-45420dd52467,askacademia_train,losing_paraphrase_llama,2,"2

This comment has"
47c7e961-6c14-4fa0-8783-45420dd52467,askacademia_train,losing_paraphrase_mistral,3,3
47c7e961-6c14-4fa0-8783-45420dd52467,askacademia_train,losing_paraphrase_qwen,4,"4

This is a"
77da1e49-6304-4976-b1e1-c2f7e0484835,askacademia_train,winning_text,2,"2

The comment provides"
77da1e49-6304-4976-b1e1-c2f7e0484835,askacademia_train,losing_text,4,"4

This is a"
77da1e49-6304-4976-b1e1-c2f7e0484835,askacademia_train,losing_generate_claude,1,1
77da1e49-6304-4976-b1e1-c2f7e0484835,askacademia_train,losing_generate_gemini,4,"4

This comment provides"
77da1e49-6304-4976-b1e1-c2f7e0484835,askacademia_train,losing_generate_gpt4omini,1,"1

This comment deser"
77da1e49-6304-4976-b1e1-c2f7e0484835,askacademia_train,losing_generate_gpt5nano,2,"2

This comment fundament"
77da1e49-6304-4976-b1e1-c2f7e0484835,askacademia_train,losing_generate_llama,2,"2

This comment appears"
77da1e49-6304-4976-b1e1-c2f7e0484835,askacademia_train,losing_generate_mistral,2,"2

This comment appears"
77da1e49-6304-4976-b1e1-c2f7e0484835,askacademia_train,losing_generate_qwen,2,"2

This comment appears"
77da1e49-6304-4976-b1e1-c2f7e0484835,askacademia_train,losing_improve_claude,3,3
77da1e49-6304-4976-b1e1-c2f7e0484835,askacademia_train,losing_improve_gemini,4,"4

This is a"
77da1e49-6304-4976-b1e1-c2f7e0484835,askacademia_train,losing_improve_gpt4omini,3,"3

This comment provides"
77da1e49-6304-4976-b1e1-c2f7e0484835,askacademia_train,losing_improve_gpt5nano,4,"4

This is a"
77da1e49-6304-4976-b1e1-c2f7e0484835,askacademia_train,losing_improve_llama,2,"2

This comment provides"
77da1e49-6304-4976-b1e1-c2f7e0484835,askacademia_train,losing_improve_mistral,3,"3

The comment provides"
77da1e49-6304-4976-b1e1-c2f7e0484835,askacademia_train,losing_improve_qwen,2,"2

This comment provides"
77da1e49-6304-4976-b1e1-c2f7e0484835,askacademia_train,losing_paraphrase_claude,4,"4

This is a"
77da1e49-6304-4976-b1e1-c2f7e0484835,askacademia_train,losing_paraphrase_gemini,2,"2

This comment is"
77da1e49-6304-4976-b1e1-c2f7e0484835,askacademia_train,losing_paraphrase_gpt4omini,2,2
77da1e49-6304-4976-b1e1-c2f7e0484835,askacademia_train,losing_paraphrase_gpt5nano,4,"4

This is a"
77da1e49-6304-4976-b1e1-c2f7e0484835,askacademia_train,losing_paraphrase_llama,2,"2

This comment has"
77da1e49-6304-4976-b1e1-c2f7e0484835,askacademia_train,losing_paraphrase_mistral,3,3
77da1e49-6304-4976-b1e1-c2f7e0484835,askacademia_train,losing_paraphrase_qwen,4,"4

This is a"
81317a72-dfc1-45c1-b21e-bd6bc196e816,askacademia_train,winning_text,4,"4

The comment provides"
81317a72-dfc1-45c1-b21e-bd6bc196e816,askacademia_train,losing_text,4,"4

This is a"
81317a72-dfc1-45c1-b21e-bd6bc196e816,askacademia_train,losing_generate_claude,4,"4

This is a"
81317a72-dfc1-45c1-b21e-bd6bc196e816,askacademia_train,losing_generate_gemini,4,"4

This is a"
81317a72-dfc1-45c1-b21e-bd6bc196e816,askacademia_train,losing_generate_gpt4omini,1,"1

This comment fails"
81317a72-dfc1-45c1-b21e-bd6bc196e816,askacademia_train,losing_generate_gpt5nano,2,"2

The comment completely"
81317a72-dfc1-45c1-b21e-bd6bc196e816,askacademia_train,losing_generate_llama,2,"2

This comment appears"
81317a72-dfc1-45c1-b21e-bd6bc196e816,askacademia_train,losing_generate_mistral,2,"2

This comment provides"
81317a72-dfc1-45c1-b21e-bd6bc196e816,askacademia_train,losing_generate_qwen,2,"2

The comment appears"
81317a72-dfc1-45c1-b21e-bd6bc196e816,askacademia_train,losing_improve_claude,2,"2

The comment provides"
81317a72-dfc1-45c1-b21e-bd6bc196e816,askacademia_train,losing_improve_gemini,3,"3

This comment provides"
81317a72-dfc1-45c1-b21e-bd6bc196e816,askacademia_train,losing_improve_gpt4omini,3,"3

This comment provides"
81317a72-dfc1-45c1-b21e-bd6bc196e816,askacademia_train,losing_improve_gpt5nano,3,"3

This comment provides"
81317a72-dfc1-45c1-b21e-bd6bc196e816,askacademia_train,losing_improve_llama,2,"2

This comment provides"
81317a72-dfc1-45c1-b21e-bd6bc196e816,askacademia_train,losing_improve_mistral,3,"3

The comment provides"
81317a72-dfc1-45c1-b21e-bd6bc196e816,askacademia_train,losing_improve_qwen,2,"2

The comment provides"
81317a72-dfc1-45c1-b21e-bd6bc196e816,askacademia_train,losing_paraphrase_claude,4,"4

This is a"
81317a72-dfc1-45c1-b21e-bd6bc196e816,askacademia_train,losing_paraphrase_gemini,2,"2

This comment is"
81317a72-dfc1-45c1-b21e-bd6bc196e816,askacademia_train,losing_paraphrase_gpt4omini,3,3
81317a72-dfc1-45c1-b21e-bd6bc196e816,askacademia_train,losing_paraphrase_gpt5nano,3,3
81317a72-dfc1-45c1-b21e-bd6bc196e816,askacademia_train,losing_paraphrase_llama,2,"2

This comment has"
81317a72-dfc1-45c1-b21e-bd6bc196e816,askacademia_train,losing_paraphrase_mistral,3,3
81317a72-dfc1-45c1-b21e-bd6bc196e816,askacademia_train,losing_paraphrase_qwen,4,"4

This is a"
09359459-abd3-45ee-810d-7ef72a1bbd8d,askacademia_train,winning_text,4,"4

The comment provides"
09359459-abd3-45ee-810d-7ef72a1bbd8d,askacademia_train,losing_text,4,"4

This is a"
09359459-abd3-45ee-810d-7ef72a1bbd8d,askacademia_train,losing_generate_claude,4,"4

This is a"
09359459-abd3-45ee-810d-7ef72a1bbd8d,askacademia_train,losing_generate_gemini,4,"4

This comment provides"
09359459-abd3-45ee-810d-7ef72a1bbd8d,askacademia_train,losing_generate_gpt4omini,1,"1

This comment fails"
09359459-abd3-45ee-810d-7ef72a1bbd8d,askacademia_train,losing_generate_gpt5nano,2,"2

This comment provides"
09359459-abd3-45ee-810d-7ef72a1bbd8d,askacademia_train,losing_generate_llama,2,"2

This comment appears"
09359459-abd3-45ee-810d-7ef72a1bbd8d,askacademia_train,losing_generate_mistral,2,"2

The comment provides"
09359459-abd3-45ee-810d-7ef72a1bbd8d,askacademia_train,losing_generate_qwen,2,"2

This comment appears"
09359459-abd3-45ee-810d-7ef72a1bbd8d,askacademia_train,losing_improve_claude,3,"3

This comment provides"
09359459-abd3-45ee-810d-7ef72a1bbd8d,askacademia_train,losing_improve_gemini,4,"4

This is a"
09359459-abd3-45ee-810d-7ef72a1bbd8d,askacademia_train,losing_improve_gpt4omini,3,"3

The comment provides"
09359459-abd3-45ee-810d-7ef72a1bbd8d,askacademia_train,losing_improve_gpt5nano,3,"3

This comment provides"
09359459-abd3-45ee-810d-7ef72a1bbd8d,askacademia_train,losing_improve_llama,2,"2

This comment provides"
09359459-abd3-45ee-810d-7ef72a1bbd8d,askacademia_train,losing_improve_mistral,3,"3

The comment provides"
09359459-abd3-45ee-810d-7ef72a1bbd8d,askacademia_train,losing_improve_qwen,2,"2

This comment provides"
09359459-abd3-45ee-810d-7ef72a1bbd8d,askacademia_train,losing_paraphrase_claude,3,3
09359459-abd3-45ee-810d-7ef72a1bbd8d,askacademia_train,losing_paraphrase_gemini,2,"2

This comment is"
09359459-abd3-45ee-810d-7ef72a1bbd8d,askacademia_train,losing_paraphrase_gpt4omini,3,3
09359459-abd3-45ee-810d-7ef72a1bbd8d,askacademia_train,losing_paraphrase_gpt5nano,4,"4

This is a"
09359459-abd3-45ee-810d-7ef72a1bbd8d,askacademia_train,losing_paraphrase_llama,2,"2

This comment has"
09359459-abd3-45ee-810d-7ef72a1bbd8d,askacademia_train,losing_paraphrase_mistral,3,3
09359459-abd3-45ee-810d-7ef72a1bbd8d,askacademia_train,losing_paraphrase_qwen,4,"4

This is a"
a5eaa135-4288-43ab-91a5-8392b6f596bc,askacademia_train,winning_text,3,"3

This comment provides"
a5eaa135-4288-43ab-91a5-8392b6f596bc,askacademia_train,losing_text,4,"4

This is a"
a5eaa135-4288-43ab-91a5-8392b6f596bc,askacademia_train,losing_generate_claude,4,"4

This is a"
a5eaa135-4288-43ab-91a5-8392b6f596bc,askacademia_train,losing_generate_gemini,4,"4

This comment provides"
a5eaa135-4288-43ab-91a5-8392b6f596bc,askacademia_train,losing_generate_gpt4omini,2,"2

This comment provides"
a5eaa135-4288-43ab-91a5-8392b6f596bc,askacademia_train,losing_generate_gpt5nano,1,"1

This comment completely"
a5eaa135-4288-43ab-91a5-8392b6f596bc,askacademia_train,losing_generate_llama,2,"2

This comment appears"
a5eaa135-4288-43ab-91a5-8392b6f596bc,askacademia_train,losing_generate_mistral,2,"2

This comment provides"
a5eaa135-4288-43ab-91a5-8392b6f596bc,askacademia_train,losing_generate_qwen,2,"2

The comment appears"
a5eaa135-4288-43ab-91a5-8392b6f596bc,askacademia_train,losing_improve_claude,3,"3

This comment provides"
a5eaa135-4288-43ab-91a5-8392b6f596bc,askacademia_train,losing_improve_gemini,4,"4

This is a"
a5eaa135-4288-43ab-91a5-8392b6f596bc,askacademia_train,losing_improve_gpt4omini,3,"3

This comment provides"
a5eaa135-4288-43ab-91a5-8392b6f596bc,askacademia_train,losing_improve_gpt5nano,4,"4

This is a"
a5eaa135-4288-43ab-91a5-8392b6f596bc,askacademia_train,losing_improve_llama,2,"2

This comment provides"
a5eaa135-4288-43ab-91a5-8392b6f596bc,askacademia_train,losing_improve_mistral,3,3
a5eaa135-4288-43ab-91a5-8392b6f596bc,askacademia_train,losing_improve_qwen,2,"2

This comment provides"
a5eaa135-4288-43ab-91a5-8392b6f596bc,askacademia_train,losing_paraphrase_claude,4,"4

This is a"
a5eaa135-4288-43ab-91a5-8392b6f596bc,askacademia_train,losing_paraphrase_gemini,2,"2

This comment is"
a5eaa135-4288-43ab-91a5-8392b6f596bc,askacademia_train,losing_paraphrase_gpt4omini,2,2
a5eaa135-4288-43ab-91a5-8392b6f596bc,askacademia_train,losing_paraphrase_gpt5nano,4,"4

This is a"
a5eaa135-4288-43ab-91a5-8392b6f596bc,askacademia_train,losing_paraphrase_llama,2,"2

This comment has"
a5eaa135-4288-43ab-91a5-8392b6f596bc,askacademia_train,losing_paraphrase_mistral,3,3
a5eaa135-4288-43ab-91a5-8392b6f596bc,askacademia_train,losing_paraphrase_qwen,4,"4

This is a"
c24e7487-7f44-4a8a-bc41-210d808c392c,askacademia_train,winning_text,4,"4

This is a"
c24e7487-7f44-4a8a-bc41-210d808c392c,askacademia_train,losing_text,4,"4

This is a"
c24e7487-7f44-4a8a-bc41-210d808c392c,askacademia_train,losing_generate_claude,4,"4

This is a"
c24e7487-7f44-4a8a-bc41-210d808c392c,askacademia_train,losing_generate_gemini,4,"4

This comment provides"
c24e7487-7f44-4a8a-bc41-210d808c392c,askacademia_train,losing_generate_gpt4omini,1,"1

This comment is"
c24e7487-7f44-4a8a-bc41-210d808c392c,askacademia_train,losing_generate_gpt5nano,3,"3

This comment provides"
c24e7487-7f44-4a8a-bc41-210d808c392c,askacademia_train,losing_generate_llama,2,"2

This comment appears"
c24e7487-7f44-4a8a-bc41-210d808c392c,askacademia_train,losing_generate_mistral,2,"2

The comment provides"
c24e7487-7f44-4a8a-bc41-210d808c392c,askacademia_train,losing_generate_qwen,2,"2

The comment appears"
c24e7487-7f44-4a8a-bc41-210d808c392c,askacademia_train,losing_improve_claude,3,3
c24e7487-7f44-4a8a-bc41-210d808c392c,askacademia_train,losing_improve_gemini,4,"4

This is a"
c24e7487-7f44-4a8a-bc41-210d808c392c,askacademia_train,losing_improve_gpt4omini,2,"2

The comment provides"
c24e7487-7f44-4a8a-bc41-210d808c392c,askacademia_train,losing_improve_gpt5nano,4,"4

This is a"
c24e7487-7f44-4a8a-bc41-210d808c392c,askacademia_train,losing_improve_llama,2,"2

This comment provides"
c24e7487-7f44-4a8a-bc41-210d808c392c,askacademia_train,losing_improve_mistral,3,"3

The comment provides"
c24e7487-7f44-4a8a-bc41-210d808c392c,askacademia_train,losing_improve_qwen,2,"2

This comment provides"
c24e7487-7f44-4a8a-bc41-210d808c392c,askacademia_train,losing_paraphrase_claude,2,2
c24e7487-7f44-4a8a-bc41-210d808c392c,askacademia_train,losing_paraphrase_gemini,2,"2

This comment is"
c24e7487-7f44-4a8a-bc41-210d808c392c,askacademia_train,losing_paraphrase_gpt4omini,2,2
c24e7487-7f44-4a8a-bc41-210d808c392c,askacademia_train,losing_paraphrase_gpt5nano,4,"4

This is a"
c24e7487-7f44-4a8a-bc41-210d808c392c,askacademia_train,losing_paraphrase_llama,2,"2

This comment has"
c24e7487-7f44-4a8a-bc41-210d808c392c,askacademia_train,losing_paraphrase_mistral,3,3
c24e7487-7f44-4a8a-bc41-210d808c392c,askacademia_train,losing_paraphrase_qwen,4,"4

This is a"
f721d063-7c18-4eb6-a981-59de7f767fa4,askacademia_train,winning_text,2,"2

The comment addresses"
f721d063-7c18-4eb6-a981-59de7f767fa4,askacademia_train,losing_text,4,"4

This is a"
f721d063-7c18-4eb6-a981-59de7f767fa4,askacademia_train,losing_generate_claude,3,"3

This comment provides"
f721d063-7c18-4eb6-a981-59de7f767fa4,askacademia_train,losing_generate_gemini,4,"4

This comment provides"
f721d063-7c18-4eb6-a981-59de7f767fa4,askacademia_train,losing_generate_gpt4omini,1,"1

This comment fails"
f721d063-7c18-4eb6-a981-59de7f767fa4,askacademia_train,losing_generate_gpt5nano,3,"3

This comment provides"
f721d063-7c18-4eb6-a981-59de7f767fa4,askacademia_train,losing_generate_llama,2,"2

This comment appears"
f721d063-7c18-4eb6-a981-59de7f767fa4,askacademia_train,losing_generate_mistral,2,"2

The comment provides"
f721d063-7c18-4eb6-a981-59de7f767fa4,askacademia_train,losing_generate_qwen,2,"2

The comment appears"
f721d063-7c18-4eb6-a981-59de7f767fa4,askacademia_train,losing_improve_claude,3,3
f721d063-7c18-4eb6-a981-59de7f767fa4,askacademia_train,losing_improve_gemini,3,"3

This comment provides"
f721d063-7c18-4eb6-a981-59de7f767fa4,askacademia_train,losing_improve_gpt4omini,3,"3

This comment provides"
f721d063-7c18-4eb6-a981-59de7f767fa4,askacademia_train,losing_improve_gpt5nano,3,"3

This comment provides"
f721d063-7c18-4eb6-a981-59de7f767fa4,askacademia_train,losing_improve_llama,2,"2

The comment provides"
f721d063-7c18-4eb6-a981-59de7f767fa4,askacademia_train,losing_improve_mistral,3,"3

The comment provides"
f721d063-7c18-4eb6-a981-59de7f767fa4,askacademia_train,losing_improve_qwen,2,"2

The comment provides"
f721d063-7c18-4eb6-a981-59de7f767fa4,askacademia_train,losing_paraphrase_claude,4,"4

This is a"
f721d063-7c18-4eb6-a981-59de7f767fa4,askacademia_train,losing_paraphrase_gemini,2,"2

This comment is"
f721d063-7c18-4eb6-a981-59de7f767fa4,askacademia_train,losing_paraphrase_gpt4omini,3,3
f721d063-7c18-4eb6-a981-59de7f767fa4,askacademia_train,losing_paraphrase_gpt5nano,4,4
f721d063-7c18-4eb6-a981-59de7f767fa4,askacademia_train,losing_paraphrase_llama,2,"2

This comment has"
f721d063-7c18-4eb6-a981-59de7f767fa4,askacademia_train,losing_paraphrase_mistral,3,3
f721d063-7c18-4eb6-a981-59de7f767fa4,askacademia_train,losing_paraphrase_qwen,4,"4

This is a"
38d93014-e229-4c14-9edc-056cf09e95f0,askacademia_train,winning_text,3,"3

This comment provides"
38d93014-e229-4c14-9edc-056cf09e95f0,askacademia_train,losing_text,4,"4

This comment provides"
38d93014-e229-4c14-9edc-056cf09e95f0,askacademia_train,losing_generate_claude,3,"3

This comment provides"
38d93014-e229-4c14-9edc-056cf09e95f0,askacademia_train,losing_generate_gemini,4,"4

This is a"
38d93014-e229-4c14-9edc-056cf09e95f0,askacademia_train,losing_generate_gpt4omini,2,"2

This comment provides"
38d93014-e229-4c14-9edc-056cf09e95f0,askacademia_train,losing_generate_gpt5nano,5,"5

This comment is"
38d93014-e229-4c14-9edc-056cf09e95f0,askacademia_train,losing_generate_llama,1,"1

This comment fails"
38d93014-e229-4c14-9edc-056cf09e95f0,askacademia_train,losing_generate_mistral,2,"2

The comment provides"
38d93014-e229-4c14-9edc-056cf09e95f0,askacademia_train,losing_generate_qwen,2,"2

This comment appears"
38d93014-e229-4c14-9edc-056cf09e95f0,askacademia_train,losing_improve_claude,4,"4

This is a"
38d93014-e229-4c14-9edc-056cf09e95f0,askacademia_train,losing_improve_gemini,4,"4

This comment provides"
38d93014-e229-4c14-9edc-056cf09e95f0,askacademia_train,losing_improve_gpt4omini,4,"4

This comment provides"
38d93014-e229-4c14-9edc-056cf09e95f0,askacademia_train,losing_improve_gpt5nano,4,"4

This is a"
38d93014-e229-4c14-9edc-056cf09e95f0,askacademia_train,losing_improve_llama,2,"2

The comment discusses"
38d93014-e229-4c14-9edc-056cf09e95f0,askacademia_train,losing_improve_mistral,2,2
38d93014-e229-4c14-9edc-056cf09e95f0,askacademia_train,losing_improve_qwen,2,2
38d93014-e229-4c14-9edc-056cf09e95f0,askacademia_train,losing_paraphrase_claude,4,"4

This comment provides"
38d93014-e229-4c14-9edc-056cf09e95f0,askacademia_train,losing_paraphrase_gemini,2,"2

This comment is"
38d93014-e229-4c14-9edc-056cf09e95f0,askacademia_train,losing_paraphrase_gpt4omini,4,"4

This comment provides"
38d93014-e229-4c14-9edc-056cf09e95f0,askacademia_train,losing_paraphrase_gpt5nano,4,"4

This is a"
38d93014-e229-4c14-9edc-056cf09e95f0,askacademia_train,losing_paraphrase_llama,3,"3

This comment provides"
38d93014-e229-4c14-9edc-056cf09e95f0,askacademia_train,losing_paraphrase_mistral,2,"2

This comment addresses"
38d93014-e229-4c14-9edc-056cf09e95f0,askacademia_train,losing_paraphrase_qwen,3,"3

This comment provides"
2be706a7-38bb-4aec-b812-cd4d4fb9505d,askacademia_train,winning_text,4,"4

This is a"
2be706a7-38bb-4aec-b812-cd4d4fb9505d,askacademia_train,losing_text,4,"4

This comment provides"
2be706a7-38bb-4aec-b812-cd4d4fb9505d,askacademia_train,losing_generate_claude,4,"4

This is a"
2be706a7-38bb-4aec-b812-cd4d4fb9505d,askacademia_train,losing_generate_gemini,4,"4

This comment provides"
2be706a7-38bb-4aec-b812-cd4d4fb9505d,askacademia_train,losing_generate_gpt4omini,2,"2

This comment provides"
2be706a7-38bb-4aec-b812-cd4d4fb9505d,askacademia_train,losing_generate_gpt5nano,2,"2

**Reasoning"
2be706a7-38bb-4aec-b812-cd4d4fb9505d,askacademia_train,losing_generate_llama,2,"2

This comment appears"
2be706a7-38bb-4aec-b812-cd4d4fb9505d,askacademia_train,losing_generate_mistral,2,"2

This comment provides"
2be706a7-38bb-4aec-b812-cd4d4fb9505d,askacademia_train,losing_generate_qwen,2,"2

The comment appears"
2be706a7-38bb-4aec-b812-cd4d4fb9505d,askacademia_train,losing_improve_claude,2,"2

The comment provides"
2be706a7-38bb-4aec-b812-cd4d4fb9505d,askacademia_train,losing_improve_gemini,4,"4

This comment provides"
2be706a7-38bb-4aec-b812-cd4d4fb9505d,askacademia_train,losing_improve_gpt4omini,4,"4

This comment provides"
2be706a7-38bb-4aec-b812-cd4d4fb9505d,askacademia_train,losing_improve_gpt5nano,3,"3

This comment provides"
2be706a7-38bb-4aec-b812-cd4d4fb9505d,askacademia_train,losing_improve_llama,2,"2

The comment discusses"
2be706a7-38bb-4aec-b812-cd4d4fb9505d,askacademia_train,losing_improve_mistral,2,2
2be706a7-38bb-4aec-b812-cd4d4fb9505d,askacademia_train,losing_improve_qwen,2,2
2be706a7-38bb-4aec-b812-cd4d4fb9505d,askacademia_train,losing_paraphrase_claude,4,"4

This comment provides"
2be706a7-38bb-4aec-b812-cd4d4fb9505d,askacademia_train,losing_paraphrase_gemini,2,"2

This comment is"
2be706a7-38bb-4aec-b812-cd4d4fb9505d,askacademia_train,losing_paraphrase_gpt4omini,4,"4

This is a"
2be706a7-38bb-4aec-b812-cd4d4fb9505d,askacademia_train,losing_paraphrase_gpt5nano,4,"4

This comment provides"
2be706a7-38bb-4aec-b812-cd4d4fb9505d,askacademia_train,losing_paraphrase_llama,3,"3

This comment provides"
2be706a7-38bb-4aec-b812-cd4d4fb9505d,askacademia_train,losing_paraphrase_mistral,2,"2

This comment addresses"
2be706a7-38bb-4aec-b812-cd4d4fb9505d,askacademia_train,losing_paraphrase_qwen,2,"2

This comment appears"
3d6311a8-315a-4664-8e4c-53f6273958dd,askacademia_train,winning_text,2,2
3d6311a8-315a-4664-8e4c-53f6273958dd,askacademia_train,losing_text,4,"4

This comment provides"
3d6311a8-315a-4664-8e4c-53f6273958dd,askacademia_train,losing_generate_claude,4,"4

This is a"
3d6311a8-315a-4664-8e4c-53f6273958dd,askacademia_train,losing_generate_gemini,4,"4

This comment provides"
3d6311a8-315a-4664-8e4c-53f6273958dd,askacademia_train,losing_generate_gpt4omini,2,"2

The comment provides"
3d6311a8-315a-4664-8e4c-53f6273958dd,askacademia_train,losing_generate_gpt5nano,2,"2

This comment does"
3d6311a8-315a-4664-8e4c-53f6273958dd,askacademia_train,losing_generate_llama,2,"2

This comment appears"
3d6311a8-315a-4664-8e4c-53f6273958dd,askacademia_train,losing_generate_mistral,2,"2

The comment provides"
3d6311a8-315a-4664-8e4c-53f6273958dd,askacademia_train,losing_generate_qwen,2,"2

The comment appears"
3d6311a8-315a-4664-8e4c-53f6273958dd,askacademia_train,losing_improve_claude,2,"2

The comment provides"
3d6311a8-315a-4664-8e4c-53f6273958dd,askacademia_train,losing_improve_gemini,4,"4

This comment provides"
3d6311a8-315a-4664-8e4c-53f6273958dd,askacademia_train,losing_improve_gpt4omini,4,"4

This comment provides"
3d6311a8-315a-4664-8e4c-53f6273958dd,askacademia_train,losing_improve_gpt5nano,2,"2

This comment appears"
3d6311a8-315a-4664-8e4c-53f6273958dd,askacademia_train,losing_improve_llama,2,"2

The comment discusses"
3d6311a8-315a-4664-8e4c-53f6273958dd,askacademia_train,losing_improve_mistral,2,"2

This comment provides"
3d6311a8-315a-4664-8e4c-53f6273958dd,askacademia_train,losing_improve_qwen,2,2
3d6311a8-315a-4664-8e4c-53f6273958dd,askacademia_train,losing_paraphrase_claude,4,"4

This is a"
3d6311a8-315a-4664-8e4c-53f6273958dd,askacademia_train,losing_paraphrase_gemini,2,"2

This comment is"
3d6311a8-315a-4664-8e4c-53f6273958dd,askacademia_train,losing_paraphrase_gpt4omini,2,"2

The comment provides"
3d6311a8-315a-4664-8e4c-53f6273958dd,askacademia_train,losing_paraphrase_gpt5nano,4,"4

This comment provides"
3d6311a8-315a-4664-8e4c-53f6273958dd,askacademia_train,losing_paraphrase_llama,3,3
3d6311a8-315a-4664-8e4c-53f6273958dd,askacademia_train,losing_paraphrase_mistral,2,"2

This comment addresses"
3d6311a8-315a-4664-8e4c-53f6273958dd,askacademia_train,losing_paraphrase_qwen,3,3
8d15762d-2586-450d-91d3-b2623a6f8f45,askacademia_train,winning_text,3,"3

This comment provides"
8d15762d-2586-450d-91d3-b2623a6f8f45,askacademia_train,losing_text,2,"2

This comment is"
8d15762d-2586-450d-91d3-b2623a6f8f45,askacademia_train,losing_generate_claude,4,"4

This is a"
8d15762d-2586-450d-91d3-b2623a6f8f45,askacademia_train,losing_generate_gemini,4,"4

This comment provides"
8d15762d-2586-450d-91d3-b2623a6f8f45,askacademia_train,losing_generate_gpt4omini,2,"2

This comment provides"
8d15762d-2586-450d-91d3-b2623a6f8f45,askacademia_train,losing_generate_gpt5nano,2,"2

This comment appears"
8d15762d-2586-450d-91d3-b2623a6f8f45,askacademia_train,losing_generate_llama,2,"2

This comment appears"
8d15762d-2586-450d-91d3-b2623a6f8f45,askacademia_train,losing_generate_mistral,2,"2

The comment provides"
8d15762d-2586-450d-91d3-b2623a6f8f45,askacademia_train,losing_generate_qwen,2,"2

The comment appears"
8d15762d-2586-450d-91d3-b2623a6f8f45,askacademia_train,losing_improve_claude,2,"2

This comment appears"
8d15762d-2586-450d-91d3-b2623a6f8f45,askacademia_train,losing_improve_gemini,2,"2

This comment provides"
8d15762d-2586-450d-91d3-b2623a6f8f45,askacademia_train,losing_improve_gpt4omini,2,"2

This comment provides"
8d15762d-2586-450d-91d3-b2623a6f8f45,askacademia_train,losing_improve_gpt5nano,2,"2

This comment reads"
8d15762d-2586-450d-91d3-b2623a6f8f45,askacademia_train,losing_improve_llama,2,"2

This comment is"
8d15762d-2586-450d-91d3-b2623a6f8f45,askacademia_train,losing_improve_mistral,2,"2

This comment is"
8d15762d-2586-450d-91d3-b2623a6f8f45,askacademia_train,losing_improve_qwen,2,"2

This comment appears"
8d15762d-2586-450d-91d3-b2623a6f8f45,askacademia_train,losing_paraphrase_claude,2,"2

This comment is"
8d15762d-2586-450d-91d3-b2623a6f8f45,askacademia_train,losing_paraphrase_gemini,2,"2

This comment is"
8d15762d-2586-450d-91d3-b2623a6f8f45,askacademia_train,losing_paraphrase_gpt4omini,2,"2

This comment is"
8d15762d-2586-450d-91d3-b2623a6f8f45,askacademia_train,losing_paraphrase_gpt5nano,2,"2

This comment is"
8d15762d-2586-450d-91d3-b2623a6f8f45,askacademia_train,losing_paraphrase_llama,2,"2

This comment is"
8d15762d-2586-450d-91d3-b2623a6f8f45,askacademia_train,losing_paraphrase_mistral,2,"2

This comment is"
8d15762d-2586-450d-91d3-b2623a6f8f45,askacademia_train,losing_paraphrase_qwen,2,"2

This comment is"
ceb191eb-bd55-41ff-bf24-a9bb7b77cb13,askacademia_train,winning_text,4,"4

This is a"
ceb191eb-bd55-41ff-bf24-a9bb7b77cb13,askacademia_train,losing_text,2,"2

This comment is"
ceb191eb-bd55-41ff-bf24-a9bb7b77cb13,askacademia_train,losing_generate_claude,4,"4

This is a"
ceb191eb-bd55-41ff-bf24-a9bb7b77cb13,askacademia_train,losing_generate_gemini,4,"4

This comment provides"
ceb191eb-bd55-41ff-bf24-a9bb7b77cb13,askacademia_train,losing_generate_gpt4omini,1,"1

This comment fails"
ceb191eb-bd55-41ff-bf24-a9bb7b77cb13,askacademia_train,losing_generate_gpt5nano,1,"1

This comment completely"
ceb191eb-bd55-41ff-bf24-a9bb7b77cb13,askacademia_train,losing_generate_llama,2,"2

This comment appears"
ceb191eb-bd55-41ff-bf24-a9bb7b77cb13,askacademia_train,losing_generate_mistral,2,"2

The comment provides"
ceb191eb-bd55-41ff-bf24-a9bb7b77cb13,askacademia_train,losing_generate_qwen,2,"2

The comment appears"
ceb191eb-bd55-41ff-bf24-a9bb7b77cb13,askacademia_train,losing_improve_claude,2,"2

This comment appears"
ceb191eb-bd55-41ff-bf24-a9bb7b77cb13,askacademia_train,losing_improve_gemini,2,"2

This comment is"
ceb191eb-bd55-41ff-bf24-a9bb7b77cb13,askacademia_train,losing_improve_gpt4omini,2,"2

This comment provides"
ceb191eb-bd55-41ff-bf24-a9bb7b77cb13,askacademia_train,losing_improve_gpt5nano,2,"2

This comment appears"
ceb191eb-bd55-41ff-bf24-a9bb7b77cb13,askacademia_train,losing_improve_llama,2,"2

This comment is"
ceb191eb-bd55-41ff-bf24-a9bb7b77cb13,askacademia_train,losing_improve_mistral,2,"2

This comment appears"
ceb191eb-bd55-41ff-bf24-a9bb7b77cb13,askacademia_train,losing_improve_qwen,2,"2

This comment appears"
ceb191eb-bd55-41ff-bf24-a9bb7b77cb13,askacademia_train,losing_paraphrase_claude,2,"2

This comment is"
ceb191eb-bd55-41ff-bf24-a9bb7b77cb13,askacademia_train,losing_paraphrase_gemini,2,"2

This comment is"
ceb191eb-bd55-41ff-bf24-a9bb7b77cb13,askacademia_train,losing_paraphrase_gpt4omini,2,"2

This comment is"
ceb191eb-bd55-41ff-bf24-a9bb7b77cb13,askacademia_train,losing_paraphrase_gpt5nano,2,"2

This comment is"
ceb191eb-bd55-41ff-bf24-a9bb7b77cb13,askacademia_train,losing_paraphrase_llama,2,"2

This comment is"
ceb191eb-bd55-41ff-bf24-a9bb7b77cb13,askacademia_train,losing_paraphrase_mistral,2,"2

This comment is"
ceb191eb-bd55-41ff-bf24-a9bb7b77cb13,askacademia_train,losing_paraphrase_qwen,2,"2

This comment is"
da44bbbb-f45a-47e7-b669-0a181c45e33a,askacademia_train,winning_text,2,"2

The comment addresses"
da44bbbb-f45a-47e7-b669-0a181c45e33a,askacademia_train,losing_text,2,"2

This comment is"
da44bbbb-f45a-47e7-b669-0a181c45e33a,askacademia_train,losing_generate_claude,4,"4

This is a"
da44bbbb-f45a-47e7-b669-0a181c45e33a,askacademia_train,losing_generate_gemini,4,"4

This is a"
da44bbbb-f45a-47e7-b669-0a181c45e33a,askacademia_train,losing_generate_gpt4omini,1,"1

This comment is"
da44bbbb-f45a-47e7-b669-0a181c45e33a,askacademia_train,losing_generate_gpt5nano,1,"1

This comment completely"
da44bbbb-f45a-47e7-b669-0a181c45e33a,askacademia_train,losing_generate_llama,2,"2

This comment appears"
da44bbbb-f45a-47e7-b669-0a181c45e33a,askacademia_train,losing_generate_mistral,2,"2

The comment provides"
da44bbbb-f45a-47e7-b669-0a181c45e33a,askacademia_train,losing_generate_qwen,2,"2

This comment appears"
da44bbbb-f45a-47e7-b669-0a181c45e33a,askacademia_train,losing_improve_claude,2,"2

This comment is"
da44bbbb-f45a-47e7-b669-0a181c45e33a,askacademia_train,losing_improve_gemini,2,"2

This comment reads"
da44bbbb-f45a-47e7-b669-0a181c45e33a,askacademia_train,losing_improve_gpt4omini,2,"2

This comment provides"
da44bbbb-f45a-47e7-b669-0a181c45e33a,askacademia_train,losing_improve_gpt5nano,2,"2

This comment appears"
da44bbbb-f45a-47e7-b669-0a181c45e33a,askacademia_train,losing_improve_llama,2,"2

This comment is"
da44bbbb-f45a-47e7-b669-0a181c45e33a,askacademia_train,losing_improve_mistral,2,"2

This comment appears"
da44bbbb-f45a-47e7-b669-0a181c45e33a,askacademia_train,losing_improve_qwen,2,"2

This comment appears"
da44bbbb-f45a-47e7-b669-0a181c45e33a,askacademia_train,losing_paraphrase_claude,2,"2

This comment is"
da44bbbb-f45a-47e7-b669-0a181c45e33a,askacademia_train,losing_paraphrase_gemini,4,"4

This is a"
da44bbbb-f45a-47e7-b669-0a181c45e33a,askacademia_train,losing_paraphrase_gpt4omini,2,"2

This comment is"
da44bbbb-f45a-47e7-b669-0a181c45e33a,askacademia_train,losing_paraphrase_gpt5nano,2,"2

This comment is"
da44bbbb-f45a-47e7-b669-0a181c45e33a,askacademia_train,losing_paraphrase_llama,2,"2

This comment is"
da44bbbb-f45a-47e7-b669-0a181c45e33a,askacademia_train,losing_paraphrase_mistral,2,"2

This comment is"
da44bbbb-f45a-47e7-b669-0a181c45e33a,askacademia_train,losing_paraphrase_qwen,2,"2

This comment is"
f76f5ddb-e2d1-4b72-8972-151102a49741,askacademia_train,winning_text,3,"3

This comment provides"
f76f5ddb-e2d1-4b72-8972-151102a49741,askacademia_train,losing_text,2,"2

The comment provides"
f76f5ddb-e2d1-4b72-8972-151102a49741,askacademia_train,losing_generate_claude,4,"4

This is a"
f76f5ddb-e2d1-4b72-8972-151102a49741,askacademia_train,losing_generate_gemini,4,"4

This comment provides"
f76f5ddb-e2d1-4b72-8972-151102a49741,askacademia_train,losing_generate_gpt4omini,1,"1

This comment fails"
f76f5ddb-e2d1-4b72-8972-151102a49741,askacademia_train,losing_generate_gpt5nano,2,"2

This comment appears"
f76f5ddb-e2d1-4b72-8972-151102a49741,askacademia_train,losing_generate_llama,2,"2

This comment appears"
f76f5ddb-e2d1-4b72-8972-151102a49741,askacademia_train,losing_generate_mistral,2,"2

The comment provides"
f76f5ddb-e2d1-4b72-8972-151102a49741,askacademia_train,losing_generate_qwen,2,"2

The comment appears"
f76f5ddb-e2d1-4b72-8972-151102a49741,askacademia_train,losing_improve_claude,4,"4

This is a"
f76f5ddb-e2d1-4b72-8972-151102a49741,askacademia_train,losing_improve_gemini,4,"4

This comment provides"
f76f5ddb-e2d1-4b72-8972-151102a49741,askacademia_train,losing_improve_gpt4omini,3,3
f76f5ddb-e2d1-4b72-8972-151102a49741,askacademia_train,losing_improve_gpt5nano,4,"4

This comment provides"
f76f5ddb-e2d1-4b72-8972-151102a49741,askacademia_train,losing_improve_llama,2,"2

The comment provides"
f76f5ddb-e2d1-4b72-8972-151102a49741,askacademia_train,losing_improve_mistral,3,3
f76f5ddb-e2d1-4b72-8972-151102a49741,askacademia_train,losing_improve_qwen,4,"4

This is a"
f76f5ddb-e2d1-4b72-8972-151102a49741,askacademia_train,losing_paraphrase_claude,2,"2

This comment provides"
f76f5ddb-e2d1-4b72-8972-151102a49741,askacademia_train,losing_paraphrase_gemini,4,"4

This is a"
f76f5ddb-e2d1-4b72-8972-151102a49741,askacademia_train,losing_paraphrase_gpt4omini,4,"4

This comment provides"
f76f5ddb-e2d1-4b72-8972-151102a49741,askacademia_train,losing_paraphrase_gpt5nano,4,"4

This comment provides"
f76f5ddb-e2d1-4b72-8972-151102a49741,askacademia_train,losing_paraphrase_llama,4,4
f76f5ddb-e2d1-4b72-8972-151102a49741,askacademia_train,losing_paraphrase_mistral,2,"2

This comment provides"
f76f5ddb-e2d1-4b72-8972-151102a49741,askacademia_train,losing_paraphrase_qwen,4,"4

This is a"
89a700ea-d03a-464d-bcf4-8d11974bbe1d,askacademia_train,winning_text,4,"4

This is a"
89a700ea-d03a-464d-bcf4-8d11974bbe1d,askacademia_train,losing_text,2,"2

The comment provides"
89a700ea-d03a-464d-bcf4-8d11974bbe1d,askacademia_train,losing_generate_claude,3,"3

This comment provides"
89a700ea-d03a-464d-bcf4-8d11974bbe1d,askacademia_train,losing_generate_gemini,4,"4

This comment provides"
89a700ea-d03a-464d-bcf4-8d11974bbe1d,askacademia_train,losing_generate_gpt4omini,1,"1

This comment fails"
89a700ea-d03a-464d-bcf4-8d11974bbe1d,askacademia_train,losing_generate_gpt5nano,2,"2

This comment appears"
89a700ea-d03a-464d-bcf4-8d11974bbe1d,askacademia_train,losing_generate_llama,2,"2

This comment appears"
89a700ea-d03a-464d-bcf4-8d11974bbe1d,askacademia_train,losing_generate_mistral,2,"2

The comment provides"
89a700ea-d03a-464d-bcf4-8d11974bbe1d,askacademia_train,losing_generate_qwen,2,"2

This comment appears"
89a700ea-d03a-464d-bcf4-8d11974bbe1d,askacademia_train,losing_improve_claude,4,"4

This is a"
89a700ea-d03a-464d-bcf4-8d11974bbe1d,askacademia_train,losing_improve_gemini,3,"3

This comment provides"
89a700ea-d03a-464d-bcf4-8d11974bbe1d,askacademia_train,losing_improve_gpt4omini,4,4
89a700ea-d03a-464d-bcf4-8d11974bbe1d,askacademia_train,losing_improve_gpt5nano,3,"3

This comment provides"
89a700ea-d03a-464d-bcf4-8d11974bbe1d,askacademia_train,losing_improve_llama,3,3
89a700ea-d03a-464d-bcf4-8d11974bbe1d,askacademia_train,losing_improve_mistral,3,3
89a700ea-d03a-464d-bcf4-8d11974bbe1d,askacademia_train,losing_improve_qwen,4,"4

The comment provides"
89a700ea-d03a-464d-bcf4-8d11974bbe1d,askacademia_train,losing_paraphrase_claude,2,"2

This comment provides"
89a700ea-d03a-464d-bcf4-8d11974bbe1d,askacademia_train,losing_paraphrase_gemini,4,"4

This is a"
89a700ea-d03a-464d-bcf4-8d11974bbe1d,askacademia_train,losing_paraphrase_gpt4omini,4,"4

This comment provides"
89a700ea-d03a-464d-bcf4-8d11974bbe1d,askacademia_train,losing_paraphrase_gpt5nano,4,"4

This comment provides"
89a700ea-d03a-464d-bcf4-8d11974bbe1d,askacademia_train,losing_paraphrase_llama,4,4
89a700ea-d03a-464d-bcf4-8d11974bbe1d,askacademia_train,losing_paraphrase_mistral,2,2
89a700ea-d03a-464d-bcf4-8d11974bbe1d,askacademia_train,losing_paraphrase_qwen,4,"4

The comment provides"
c5a3dec0-8bfa-43a6-8d7a-0817e02ab038,askacademia_train,winning_text,2,2
c5a3dec0-8bfa-43a6-8d7a-0817e02ab038,askacademia_train,losing_text,2,"2

The comment provides"
c5a3dec0-8bfa-43a6-8d7a-0817e02ab038,askacademia_train,losing_generate_claude,4,"4

This is a"
c5a3dec0-8bfa-43a6-8d7a-0817e02ab038,askacademia_train,losing_generate_gemini,4,"4

This is a"
c5a3dec0-8bfa-43a6-8d7a-0817e02ab038,askacademia_train,losing_generate_gpt4omini,1,"1

This comment fails"
c5a3dec0-8bfa-43a6-8d7a-0817e02ab038,askacademia_train,losing_generate_gpt5nano,2,"2

This comment appears"
c5a3dec0-8bfa-43a6-8d7a-0817e02ab038,askacademia_train,losing_generate_llama,2,"2

This comment appears"
c5a3dec0-8bfa-43a6-8d7a-0817e02ab038,askacademia_train,losing_generate_mistral,3,"3

This comment provides"
c5a3dec0-8bfa-43a6-8d7a-0817e02ab038,askacademia_train,losing_generate_qwen,2,"2

This comment appears"
c5a3dec0-8bfa-43a6-8d7a-0817e02ab038,askacademia_train,losing_improve_claude,4,"4

This is a"
c5a3dec0-8bfa-43a6-8d7a-0817e02ab038,askacademia_train,losing_improve_gemini,4,"4

This comment provides"
c5a3dec0-8bfa-43a6-8d7a-0817e02ab038,askacademia_train,losing_improve_gpt4omini,3,3
c5a3dec0-8bfa-43a6-8d7a-0817e02ab038,askacademia_train,losing_improve_gpt5nano,2,"2

This comment provides"
c5a3dec0-8bfa-43a6-8d7a-0817e02ab038,askacademia_train,losing_improve_llama,3,3
c5a3dec0-8bfa-43a6-8d7a-0817e02ab038,askacademia_train,losing_improve_mistral,3,3
c5a3dec0-8bfa-43a6-8d7a-0817e02ab038,askacademia_train,losing_improve_qwen,4,"4

This is a"
c5a3dec0-8bfa-43a6-8d7a-0817e02ab038,askacademia_train,losing_paraphrase_claude,2,"2

This comment provides"
c5a3dec0-8bfa-43a6-8d7a-0817e02ab038,askacademia_train,losing_paraphrase_gemini,4,"4

This is a"
c5a3dec0-8bfa-43a6-8d7a-0817e02ab038,askacademia_train,losing_paraphrase_gpt4omini,4,"4

This comment provides"
c5a3dec0-8bfa-43a6-8d7a-0817e02ab038,askacademia_train,losing_paraphrase_gpt5nano,4,"4

This is a"
c5a3dec0-8bfa-43a6-8d7a-0817e02ab038,askacademia_train,losing_paraphrase_llama,4,4
c5a3dec0-8bfa-43a6-8d7a-0817e02ab038,askacademia_train,losing_paraphrase_mistral,2,"2

The comment provides"
c5a3dec0-8bfa-43a6-8d7a-0817e02ab038,askacademia_train,losing_paraphrase_qwen,4,"4

This is a"
f0c89ccf-d31e-479b-be2c-6bc18e13213f,askacademia_train,winning_text,3,"3

This comment provides"
f0c89ccf-d31e-479b-be2c-6bc18e13213f,askacademia_train,losing_text,4,"4

The comment provides"
f0c89ccf-d31e-479b-be2c-6bc18e13213f,askacademia_train,losing_generate_claude,4,"4

This is a"
f0c89ccf-d31e-479b-be2c-6bc18e13213f,askacademia_train,losing_generate_gemini,1,"1

This comment does"
f0c89ccf-d31e-479b-be2c-6bc18e13213f,askacademia_train,losing_generate_gpt4omini,1,"1

This comment fails"
f0c89ccf-d31e-479b-be2c-6bc18e13213f,askacademia_train,losing_generate_gpt5nano,1,"1

This comment completely"
f0c89ccf-d31e-479b-be2c-6bc18e13213f,askacademia_train,losing_generate_llama,2,"2

This comment appears"
f0c89ccf-d31e-479b-be2c-6bc18e13213f,askacademia_train,losing_generate_mistral,3,"3

This comment provides"
f0c89ccf-d31e-479b-be2c-6bc18e13213f,askacademia_train,losing_generate_qwen,2,"2

The comment appears"
f0c89ccf-d31e-479b-be2c-6bc18e13213f,askacademia_train,losing_improve_claude,2,2
f0c89ccf-d31e-479b-be2c-6bc18e13213f,askacademia_train,losing_improve_gemini,4,"4

This is a"
f0c89ccf-d31e-479b-be2c-6bc18e13213f,askacademia_train,losing_improve_gpt4omini,3,"3

This comment provides"
f0c89ccf-d31e-479b-be2c-6bc18e13213f,askacademia_train,losing_improve_gpt5nano,4,"4

This is a"
f0c89ccf-d31e-479b-be2c-6bc18e13213f,askacademia_train,losing_improve_llama,2,"2

The comment addresses"
f0c89ccf-d31e-479b-be2c-6bc18e13213f,askacademia_train,losing_improve_mistral,2,"2

The comment provides"
f0c89ccf-d31e-479b-be2c-6bc18e13213f,askacademia_train,losing_improve_qwen,2,"2

The comment provides"
f0c89ccf-d31e-479b-be2c-6bc18e13213f,askacademia_train,losing_paraphrase_claude,4,"4

This is a"
f0c89ccf-d31e-479b-be2c-6bc18e13213f,askacademia_train,losing_paraphrase_gemini,4,"4

This is a"
f0c89ccf-d31e-479b-be2c-6bc18e13213f,askacademia_train,losing_paraphrase_gpt4omini,3,"3

The comment provides"
f0c89ccf-d31e-479b-be2c-6bc18e13213f,askacademia_train,losing_paraphrase_gpt5nano,4,"4

The comment provides"
f0c89ccf-d31e-479b-be2c-6bc18e13213f,askacademia_train,losing_paraphrase_llama,2,"2

The comment provides"
f0c89ccf-d31e-479b-be2c-6bc18e13213f,askacademia_train,losing_paraphrase_mistral,4,"4

The comment provides"
f0c89ccf-d31e-479b-be2c-6bc18e13213f,askacademia_train,losing_paraphrase_qwen,3,"3

The comment provides"
cfbd749d-3a68-418b-a7ff-f2e7ba106d7e,askacademia_train,winning_text,AMBIG,I would rate this comment a
cfbd749d-3a68-418b-a7ff-f2e7ba106d7e,askacademia_train,losing_text,4,"4

The comment provides"
cfbd749d-3a68-418b-a7ff-f2e7ba106d7e,askacademia_train,losing_generate_claude,4,"4

This is a"
cfbd749d-3a68-418b-a7ff-f2e7ba106d7e,askacademia_train,losing_generate_gemini,4,"4

This comment provides"
cfbd749d-3a68-418b-a7ff-f2e7ba106d7e,askacademia_train,losing_generate_gpt4omini,2,"2

This comment provides"
cfbd749d-3a68-418b-a7ff-f2e7ba106d7e,askacademia_train,losing_generate_gpt5nano,4,"4

This is a"
cfbd749d-3a68-418b-a7ff-f2e7ba106d7e,askacademia_train,losing_generate_llama,2,"2

This comment appears"
cfbd749d-3a68-418b-a7ff-f2e7ba106d7e,askacademia_train,losing_generate_mistral,2,"2

The comment provides"
cfbd749d-3a68-418b-a7ff-f2e7ba106d7e,askacademia_train,losing_generate_qwen,2,"2

This comment appears"
cfbd749d-3a68-418b-a7ff-f2e7ba106d7e,askacademia_train,losing_improve_claude,2,"2

This comment appears"
cfbd749d-3a68-418b-a7ff-f2e7ba106d7e,askacademia_train,losing_improve_gemini,4,"4

This is a"
cfbd749d-3a68-418b-a7ff-f2e7ba106d7e,askacademia_train,losing_improve_gpt4omini,3,3
cfbd749d-3a68-418b-a7ff-f2e7ba106d7e,askacademia_train,losing_improve_gpt5nano,2,"2

This comment provides"
cfbd749d-3a68-418b-a7ff-f2e7ba106d7e,askacademia_train,losing_improve_llama,2,"2

This comment provides"
cfbd749d-3a68-418b-a7ff-f2e7ba106d7e,askacademia_train,losing_improve_mistral,2,"2

The comment provides"
cfbd749d-3a68-418b-a7ff-f2e7ba106d7e,askacademia_train,losing_improve_qwen,2,"2

The comment provides"
cfbd749d-3a68-418b-a7ff-f2e7ba106d7e,askacademia_train,losing_paraphrase_claude,4,"4

This comment provides"
cfbd749d-3a68-418b-a7ff-f2e7ba106d7e,askacademia_train,losing_paraphrase_gemini,4,"4

This is a"
cfbd749d-3a68-418b-a7ff-f2e7ba106d7e,askacademia_train,losing_paraphrase_gpt4omini,3,"3

The comment provides"
cfbd749d-3a68-418b-a7ff-f2e7ba106d7e,askacademia_train,losing_paraphrase_gpt5nano,4,"4

The comment provides"
cfbd749d-3a68-418b-a7ff-f2e7ba106d7e,askacademia_train,losing_paraphrase_llama,3,3
cfbd749d-3a68-418b-a7ff-f2e7ba106d7e,askacademia_train,losing_paraphrase_mistral,3,"3

This comment provides"
cfbd749d-3a68-418b-a7ff-f2e7ba106d7e,askacademia_train,losing_paraphrase_qwen,3,"3

The comment provides"
e1ef2b69-4b95-4ada-ac0a-493d2427d7c7,askacademia_train,winning_text,2,"2

The comment addresses"
e1ef2b69-4b95-4ada-ac0a-493d2427d7c7,askacademia_train,losing_text,4,"4

The comment provides"
e1ef2b69-4b95-4ada-ac0a-493d2427d7c7,askacademia_train,losing_generate_claude,1,1
e1ef2b69-4b95-4ada-ac0a-493d2427d7c7,askacademia_train,losing_generate_gemini,4,"4

This is a"
e1ef2b69-4b95-4ada-ac0a-493d2427d7c7,askacademia_train,losing_generate_gpt4omini,1,"1

This comment fails"
e1ef2b69-4b95-4ada-ac0a-493d2427d7c7,askacademia_train,losing_generate_gpt5nano,2,"2

This comment fails"
e1ef2b69-4b95-4ada-ac0a-493d2427d7c7,askacademia_train,losing_generate_llama,2,"2

This comment appears"
e1ef2b69-4b95-4ada-ac0a-493d2427d7c7,askacademia_train,losing_generate_mistral,2,"2

The comment provides"
e1ef2b69-4b95-4ada-ac0a-493d2427d7c7,askacademia_train,losing_generate_qwen,2,"2

The comment appears"
e1ef2b69-4b95-4ada-ac0a-493d2427d7c7,askacademia_train,losing_improve_claude,3,3
e1ef2b69-4b95-4ada-ac0a-493d2427d7c7,askacademia_train,losing_improve_gemini,4,4
e1ef2b69-4b95-4ada-ac0a-493d2427d7c7,askacademia_train,losing_improve_gpt4omini,2,"2

The comment provides"
e1ef2b69-4b95-4ada-ac0a-493d2427d7c7,askacademia_train,losing_improve_gpt5nano,2,"2

This comment provides"
e1ef2b69-4b95-4ada-ac0a-493d2427d7c7,askacademia_train,losing_improve_llama,2,"2

This comment provides"
e1ef2b69-4b95-4ada-ac0a-493d2427d7c7,askacademia_train,losing_improve_mistral,2,"2

The comment provides"
e1ef2b69-4b95-4ada-ac0a-493d2427d7c7,askacademia_train,losing_improve_qwen,2,"2

The comment provides"
e1ef2b69-4b95-4ada-ac0a-493d2427d7c7,askacademia_train,losing_paraphrase_claude,4,"4

The comment provides"
e1ef2b69-4b95-4ada-ac0a-493d2427d7c7,askacademia_train,losing_paraphrase_gemini,4,"4

This is a"
e1ef2b69-4b95-4ada-ac0a-493d2427d7c7,askacademia_train,losing_paraphrase_gpt4omini,3,"3

The comment provides"
e1ef2b69-4b95-4ada-ac0a-493d2427d7c7,askacademia_train,losing_paraphrase_gpt5nano,4,"4

This is a"
e1ef2b69-4b95-4ada-ac0a-493d2427d7c7,askacademia_train,losing_paraphrase_llama,2,"2

The comment provides"
e1ef2b69-4b95-4ada-ac0a-493d2427d7c7,askacademia_train,losing_paraphrase_mistral,3,"3

This comment provides"
e1ef2b69-4b95-4ada-ac0a-493d2427d7c7,askacademia_train,losing_paraphrase_qwen,3,"3

The comment provides"
9928a2d6-ca8f-4016-84e1-8b52c6fc22ed,askacademia_train,winning_text,3,"3

This comment provides"
9928a2d6-ca8f-4016-84e1-8b52c6fc22ed,askacademia_train,losing_text,4,"4

The comment provides"
9928a2d6-ca8f-4016-84e1-8b52c6fc22ed,askacademia_train,losing_generate_claude,5,"5

This comment is"
9928a2d6-ca8f-4016-84e1-8b52c6fc22ed,askacademia_train,losing_generate_gemini,4,"4

This comment provides"
9928a2d6-ca8f-4016-84e1-8b52c6fc22ed,askacademia_train,losing_generate_gpt4omini,1,"1

This comment fails"
9928a2d6-ca8f-4016-84e1-8b52c6fc22ed,askacademia_train,losing_generate_gpt5nano,1,"1

This comment completely"
9928a2d6-ca8f-4016-84e1-8b52c6fc22ed,askacademia_train,losing_generate_llama,2,"2

This comment appears"
9928a2d6-ca8f-4016-84e1-8b52c6fc22ed,askacademia_train,losing_generate_mistral,2,"2

The comment provides"
9928a2d6-ca8f-4016-84e1-8b52c6fc22ed,askacademia_train,losing_generate_qwen,2,"2

The comment appears"
9928a2d6-ca8f-4016-84e1-8b52c6fc22ed,askacademia_train,losing_improve_claude,3,3
9928a2d6-ca8f-4016-84e1-8b52c6fc22ed,askacademia_train,losing_improve_gemini,4,"4

This is a"
9928a2d6-ca8f-4016-84e1-8b52c6fc22ed,askacademia_train,losing_improve_gpt4omini,2,"2

The comment provides"
9928a2d6-ca8f-4016-84e1-8b52c6fc22ed,askacademia_train,losing_improve_gpt5nano,4,"4

This is a"
9928a2d6-ca8f-4016-84e1-8b52c6fc22ed,askacademia_train,losing_improve_llama,2,"2

The comment discusses"
9928a2d6-ca8f-4016-84e1-8b52c6fc22ed,askacademia_train,losing_improve_mistral,2,"2

The comment provides"
9928a2d6-ca8f-4016-84e1-8b52c6fc22ed,askacademia_train,losing_improve_qwen,3,3
9928a2d6-ca8f-4016-84e1-8b52c6fc22ed,askacademia_train,losing_paraphrase_claude,4,"4

The comment provides"
9928a2d6-ca8f-4016-84e1-8b52c6fc22ed,askacademia_train,losing_paraphrase_gemini,4,"4

This is a"
9928a2d6-ca8f-4016-84e1-8b52c6fc22ed,askacademia_train,losing_paraphrase_gpt4omini,4,"4

The comment provides"
9928a2d6-ca8f-4016-84e1-8b52c6fc22ed,askacademia_train,losing_paraphrase_gpt5nano,4,"4

The comment provides"
9928a2d6-ca8f-4016-84e1-8b52c6fc22ed,askacademia_train,losing_paraphrase_llama,2,"2

The comment mentions"
9928a2d6-ca8f-4016-84e1-8b52c6fc22ed,askacademia_train,losing_paraphrase_mistral,2,"2

The comment appears"
9928a2d6-ca8f-4016-84e1-8b52c6fc22ed,askacademia_train,losing_paraphrase_qwen,2,"2

The comment provides"
826f90c4-70e3-4654-8c4f-eb18ba76c704,askacademia_train,winning_text,4,"4

This is a"
826f90c4-70e3-4654-8c4f-eb18ba76c704,askacademia_train,losing_text,4,"4

The comment provides"
826f90c4-70e3-4654-8c4f-eb18ba76c704,askacademia_train,losing_generate_claude,4,"4

This is a"
826f90c4-70e3-4654-8c4f-eb18ba76c704,askacademia_train,losing_generate_gemini,4,"4

This is a"
826f90c4-70e3-4654-8c4f-eb18ba76c704,askacademia_train,losing_generate_gpt4omini,1,"1

This comment fails"
826f90c4-70e3-4654-8c4f-eb18ba76c704,askacademia_train,losing_generate_gpt5nano,2,"2

This comment appears"
826f90c4-70e3-4654-8c4f-eb18ba76c704,askacademia_train,losing_generate_llama,2,"2

This comment appears"
826f90c4-70e3-4654-8c4f-eb18ba76c704,askacademia_train,losing_generate_mistral,2,"2

This comment provides"
826f90c4-70e3-4654-8c4f-eb18ba76c704,askacademia_train,losing_generate_qwen,2,"2

The comment appears"
826f90c4-70e3-4654-8c4f-eb18ba76c704,askacademia_train,losing_improve_claude,2,"2

This comment appears"
826f90c4-70e3-4654-8c4f-eb18ba76c704,askacademia_train,losing_improve_gemini,4,"4

This is a"
826f90c4-70e3-4654-8c4f-eb18ba76c704,askacademia_train,losing_improve_gpt4omini,4,"4

This comment provides"
826f90c4-70e3-4654-8c4f-eb18ba76c704,askacademia_train,losing_improve_gpt5nano,4,"4

This is a"
826f90c4-70e3-4654-8c4f-eb18ba76c704,askacademia_train,losing_improve_llama,2,"2

The comment discusses"
826f90c4-70e3-4654-8c4f-eb18ba76c704,askacademia_train,losing_improve_mistral,2,"2

The comment provides"
826f90c4-70e3-4654-8c4f-eb18ba76c704,askacademia_train,losing_improve_qwen,3,3
826f90c4-70e3-4654-8c4f-eb18ba76c704,askacademia_train,losing_paraphrase_claude,4,"4

This is a"
826f90c4-70e3-4654-8c4f-eb18ba76c704,askacademia_train,losing_paraphrase_gemini,4,"4

This is a"
826f90c4-70e3-4654-8c4f-eb18ba76c704,askacademia_train,losing_paraphrase_gpt4omini,3,"3

The comment provides"
826f90c4-70e3-4654-8c4f-eb18ba76c704,askacademia_train,losing_paraphrase_gpt5nano,3,"3

The comment provides"
826f90c4-70e3-4654-8c4f-eb18ba76c704,askacademia_train,losing_paraphrase_llama,2,"2

The comment mentions"
826f90c4-70e3-4654-8c4f-eb18ba76c704,askacademia_train,losing_paraphrase_mistral,2,"2

The comment provides"
826f90c4-70e3-4654-8c4f-eb18ba76c704,askacademia_train,losing_paraphrase_qwen,2,"2

The comment provides"
9c0c7402-5534-4fc9-b69a-057bbcaded2c,askacademia_train,winning_text,2,"2

The comment addresses"
9c0c7402-5534-4fc9-b69a-057bbcaded2c,askacademia_train,losing_text,4,"4

The comment provides"
9c0c7402-5534-4fc9-b69a-057bbcaded2c,askacademia_train,losing_generate_claude,4,"4

This is a"
9c0c7402-5534-4fc9-b69a-057bbcaded2c,askacademia_train,losing_generate_gemini,4,"4

This is a"
9c0c7402-5534-4fc9-b69a-057bbcaded2c,askacademia_train,losing_generate_gpt4omini,1,"1

This comment fails"
9c0c7402-5534-4fc9-b69a-057bbcaded2c,askacademia_train,losing_generate_gpt5nano,1,"1

This comment completely"
9c0c7402-5534-4fc9-b69a-057bbcaded2c,askacademia_train,losing_generate_llama,2,"2

This comment appears"
9c0c7402-5534-4fc9-b69a-057bbcaded2c,askacademia_train,losing_generate_mistral,2,"2

The comment provides"
9c0c7402-5534-4fc9-b69a-057bbcaded2c,askacademia_train,losing_generate_qwen,2,"2

This comment appears"
9c0c7402-5534-4fc9-b69a-057bbcaded2c,askacademia_train,losing_improve_claude,3,"3

This comment provides"
9c0c7402-5534-4fc9-b69a-057bbcaded2c,askacademia_train,losing_improve_gemini,4,"4

This comment provides"
9c0c7402-5534-4fc9-b69a-057bbcaded2c,askacademia_train,losing_improve_gpt4omini,2,"2

This comment provides"
9c0c7402-5534-4fc9-b69a-057bbcaded2c,askacademia_train,losing_improve_gpt5nano,4,"4

This comment provides"
9c0c7402-5534-4fc9-b69a-057bbcaded2c,askacademia_train,losing_improve_llama,2,"2

The comment discusses"
9c0c7402-5534-4fc9-b69a-057bbcaded2c,askacademia_train,losing_improve_mistral,2,"2

The comment provides"
9c0c7402-5534-4fc9-b69a-057bbcaded2c,askacademia_train,losing_improve_qwen,3,3
9c0c7402-5534-4fc9-b69a-057bbcaded2c,askacademia_train,losing_paraphrase_claude,4,"4

The comment provides"
9c0c7402-5534-4fc9-b69a-057bbcaded2c,askacademia_train,losing_paraphrase_gemini,4,"4

This is a"
9c0c7402-5534-4fc9-b69a-057bbcaded2c,askacademia_train,losing_paraphrase_gpt4omini,2,"2

The comment provides"
9c0c7402-5534-4fc9-b69a-057bbcaded2c,askacademia_train,losing_paraphrase_gpt5nano,4,"4

The comment provides"
9c0c7402-5534-4fc9-b69a-057bbcaded2c,askacademia_train,losing_paraphrase_llama,2,"2

The comment discusses"
9c0c7402-5534-4fc9-b69a-057bbcaded2c,askacademia_train,losing_paraphrase_mistral,2,"2

The comment appears"
9c0c7402-5534-4fc9-b69a-057bbcaded2c,askacademia_train,losing_paraphrase_qwen,2,"2

The comment provides"
739d5d21-b433-4546-bbbb-85e4ee659a41,askacademia_train,winning_text,2,"2

The comment is"
739d5d21-b433-4546-bbbb-85e4ee659a41,askacademia_train,losing_text,2,"2

The comment appears"
739d5d21-b433-4546-bbbb-85e4ee659a41,askacademia_train,losing_generate_claude,4,"4

This is a"
739d5d21-b433-4546-bbbb-85e4ee659a41,askacademia_train,losing_generate_gemini,4,"4

This comment provides"
739d5d21-b433-4546-bbbb-85e4ee659a41,askacademia_train,losing_generate_gpt4omini,1,"1

This comment fails"
739d5d21-b433-4546-bbbb-85e4ee659a41,askacademia_train,losing_generate_gpt5nano,4,"4

This comment deser"
739d5d21-b433-4546-bbbb-85e4ee659a41,askacademia_train,losing_generate_llama,1,"1

This comment is"
739d5d21-b433-4546-bbbb-85e4ee659a41,askacademia_train,losing_generate_mistral,2,"2

This comment provides"
739d5d21-b433-4546-bbbb-85e4ee659a41,askacademia_train,losing_generate_qwen,2,"2

This comment appears"
739d5d21-b433-4546-bbbb-85e4ee659a41,askacademia_train,losing_improve_claude,3,"3

This comment provides"
739d5d21-b433-4546-bbbb-85e4ee659a41,askacademia_train,losing_improve_gemini,2,"2

The comment provides"
739d5d21-b433-4546-bbbb-85e4ee659a41,askacademia_train,losing_improve_gpt4omini,2,"2

This comment provides"
739d5d21-b433-4546-bbbb-85e4ee659a41,askacademia_train,losing_improve_gpt5nano,3,"3

This comment provides"
739d5d21-b433-4546-bbbb-85e4ee659a41,askacademia_train,losing_improve_llama,2,"2

This comment appears"
739d5d21-b433-4546-bbbb-85e4ee659a41,askacademia_train,losing_improve_mistral,2,"2

The comment provides"
739d5d21-b433-4546-bbbb-85e4ee659a41,askacademia_train,losing_improve_qwen,2,"2

The comment appears"
739d5d21-b433-4546-bbbb-85e4ee659a41,askacademia_train,losing_paraphrase_claude,2,"2

The comment provides"
739d5d21-b433-4546-bbbb-85e4ee659a41,askacademia_train,losing_paraphrase_gemini,3,"3

This comment asks"
739d5d21-b433-4546-bbbb-85e4ee659a41,askacademia_train,losing_paraphrase_gpt4omini,2,"2

This comment appears"
739d5d21-b433-4546-bbbb-85e4ee659a41,askacademia_train,losing_paraphrase_gpt5nano,2,"2

The comment appears"
739d5d21-b433-4546-bbbb-85e4ee659a41,askacademia_train,losing_paraphrase_llama,2,2
739d5d21-b433-4546-bbbb-85e4ee659a41,askacademia_train,losing_paraphrase_mistral,2,"2

The comment provides"
739d5d21-b433-4546-bbbb-85e4ee659a41,askacademia_train,losing_paraphrase_qwen,2,"2

The comment attempts"
98680199-d60a-4792-93f8-1fcbb8eb59f7,askacademia_train,winning_text,2,"2

The comment is"
98680199-d60a-4792-93f8-1fcbb8eb59f7,askacademia_train,losing_text,2,"2

This comment is"
98680199-d60a-4792-93f8-1fcbb8eb59f7,askacademia_train,losing_generate_claude,4,"4

This is a"
98680199-d60a-4792-93f8-1fcbb8eb59f7,askacademia_train,losing_generate_gemini,4,"4

This is a"
98680199-d60a-4792-93f8-1fcbb8eb59f7,askacademia_train,losing_generate_gpt4omini,2,"2

This comment provides"
98680199-d60a-4792-93f8-1fcbb8eb59f7,askacademia_train,losing_generate_gpt5nano,2,"2

This comment appears"
98680199-d60a-4792-93f8-1fcbb8eb59f7,askacademia_train,losing_generate_llama,2,"2

This comment appears"
98680199-d60a-4792-93f8-1fcbb8eb59f7,askacademia_train,losing_generate_mistral,1,"1

This comment appears"
98680199-d60a-4792-93f8-1fcbb8eb59f7,askacademia_train,losing_generate_qwen,2,"2

The comment appears"
98680199-d60a-4792-93f8-1fcbb8eb59f7,askacademia_train,losing_improve_claude,1,"1

This comment does"
98680199-d60a-4792-93f8-1fcbb8eb59f7,askacademia_train,losing_improve_gemini,2,"2

This comment is"
98680199-d60a-4792-93f8-1fcbb8eb59f7,askacademia_train,losing_improve_gpt4omini,2,"2

The comment provides"
98680199-d60a-4792-93f8-1fcbb8eb59f7,askacademia_train,losing_improve_gpt5nano,2,"2

The comment appears"
98680199-d60a-4792-93f8-1fcbb8eb59f7,askacademia_train,losing_improve_llama,2,"2

The comment provides"
98680199-d60a-4792-93f8-1fcbb8eb59f7,askacademia_train,losing_improve_mistral,2,"2

The comment addresses"
98680199-d60a-4792-93f8-1fcbb8eb59f7,askacademia_train,losing_improve_qwen,2,"2

The comment provides"
98680199-d60a-4792-93f8-1fcbb8eb59f7,askacademia_train,losing_paraphrase_claude,2,"2

This comment appears"
98680199-d60a-4792-93f8-1fcbb8eb59f7,askacademia_train,losing_paraphrase_gemini,3,"3

This comment asks"
98680199-d60a-4792-93f8-1fcbb8eb59f7,askacademia_train,losing_paraphrase_gpt4omini,1,"1

This comment appears"
98680199-d60a-4792-93f8-1fcbb8eb59f7,askacademia_train,losing_paraphrase_gpt5nano,2,"2

This comment appears"
98680199-d60a-4792-93f8-1fcbb8eb59f7,askacademia_train,losing_paraphrase_llama,2,"2

The comment appears"
98680199-d60a-4792-93f8-1fcbb8eb59f7,askacademia_train,losing_paraphrase_mistral,1,"1

This comment appears"
98680199-d60a-4792-93f8-1fcbb8eb59f7,askacademia_train,losing_paraphrase_qwen,2,"2

The comment addresses"
476a13a9-c38f-4865-9979-756b62c565e3,askacademia_train,winning_text,2,"2

This comment is"
476a13a9-c38f-4865-9979-756b62c565e3,askacademia_train,losing_text,2,"2

This comment is"
476a13a9-c38f-4865-9979-756b62c565e3,askacademia_train,losing_generate_claude,4,"4

This is a"
476a13a9-c38f-4865-9979-756b62c565e3,askacademia_train,losing_generate_gemini,4,"4

This is a"
476a13a9-c38f-4865-9979-756b62c565e3,askacademia_train,losing_generate_gpt4omini,2,"2

This comment provides"
476a13a9-c38f-4865-9979-756b62c565e3,askacademia_train,losing_generate_gpt5nano,2,"2

This comment does"
476a13a9-c38f-4865-9979-756b62c565e3,askacademia_train,losing_generate_llama,1,"1

This comment is"
476a13a9-c38f-4865-9979-756b62c565e3,askacademia_train,losing_generate_mistral,2,"2

The comment provides"
476a13a9-c38f-4865-9979-756b62c565e3,askacademia_train,losing_generate_qwen,2,"2

The comment appears"
476a13a9-c38f-4865-9979-756b62c565e3,askacademia_train,losing_improve_claude,2,"2

This comment appears"
476a13a9-c38f-4865-9979-756b62c565e3,askacademia_train,losing_improve_gemini,3,"3

This comment is"
476a13a9-c38f-4865-9979-756b62c565e3,askacademia_train,losing_improve_gpt4omini,2,"2

The comment provides"
476a13a9-c38f-4865-9979-756b62c565e3,askacademia_train,losing_improve_gpt5nano,2,"2

This comment appears"
476a13a9-c38f-4865-9979-756b62c565e3,askacademia_train,losing_improve_llama,2,"2

The comment provides"
476a13a9-c38f-4865-9979-756b62c565e3,askacademia_train,losing_improve_mistral,2,"2

The comment addresses"
476a13a9-c38f-4865-9979-756b62c565e3,askacademia_train,losing_improve_qwen,2,"2

The comment provides"
476a13a9-c38f-4865-9979-756b62c565e3,askacademia_train,losing_paraphrase_claude,2,"2

This comment appears"
476a13a9-c38f-4865-9979-756b62c565e3,askacademia_train,losing_paraphrase_gemini,1,"1

This comment is"
476a13a9-c38f-4865-9979-756b62c565e3,askacademia_train,losing_paraphrase_gpt4omini,1,"1

This comment appears"
476a13a9-c38f-4865-9979-756b62c565e3,askacademia_train,losing_paraphrase_gpt5nano,2,"2

This comment is"
476a13a9-c38f-4865-9979-756b62c565e3,askacademia_train,losing_paraphrase_llama,2,"2

The comment appears"
476a13a9-c38f-4865-9979-756b62c565e3,askacademia_train,losing_paraphrase_mistral,1,"1

This comment appears"
476a13a9-c38f-4865-9979-756b62c565e3,askacademia_train,losing_paraphrase_qwen,2,"2

The comment addresses"
7f0a423c-dba8-4c45-8dd9-bde39a0630e4,askacademia_train,winning_text,2,"2

This comment adds"
7f0a423c-dba8-4c45-8dd9-bde39a0630e4,askacademia_train,losing_text,2,"2

This comment is"
7f0a423c-dba8-4c45-8dd9-bde39a0630e4,askacademia_train,losing_generate_claude,4,"4

This is a"
7f0a423c-dba8-4c45-8dd9-bde39a0630e4,askacademia_train,losing_generate_gemini,4,"4

This comment provides"
7f0a423c-dba8-4c45-8dd9-bde39a0630e4,askacademia_train,losing_generate_gpt4omini,1,"1

This comment fails"
7f0a423c-dba8-4c45-8dd9-bde39a0630e4,askacademia_train,losing_generate_gpt5nano,1,"1

This comment fails"
7f0a423c-dba8-4c45-8dd9-bde39a0630e4,askacademia_train,losing_generate_llama,2,"2

This comment appears"
7f0a423c-dba8-4c45-8dd9-bde39a0630e4,askacademia_train,losing_generate_mistral,2,"2

The comment provides"
7f0a423c-dba8-4c45-8dd9-bde39a0630e4,askacademia_train,losing_generate_qwen,2,"2

This comment appears"
7f0a423c-dba8-4c45-8dd9-bde39a0630e4,askacademia_train,losing_improve_claude,2,"2

This comment appears"
7f0a423c-dba8-4c45-8dd9-bde39a0630e4,askacademia_train,losing_improve_gemini,3,"3

This comment is"
7f0a423c-dba8-4c45-8dd9-bde39a0630e4,askacademia_train,losing_improve_gpt4omini,2,"2

The comment provides"
7f0a423c-dba8-4c45-8dd9-bde39a0630e4,askacademia_train,losing_improve_gpt5nano,2,"2

The comment appears"
7f0a423c-dba8-4c45-8dd9-bde39a0630e4,askacademia_train,losing_improve_llama,2,"2

The comment provides"
7f0a423c-dba8-4c45-8dd9-bde39a0630e4,askacademia_train,losing_improve_mistral,2,"2

The comment addresses"
7f0a423c-dba8-4c45-8dd9-bde39a0630e4,askacademia_train,losing_improve_qwen,2,"2

The comment provides"
7f0a423c-dba8-4c45-8dd9-bde39a0630e4,askacademia_train,losing_paraphrase_claude,2,"2

This comment is"
7f0a423c-dba8-4c45-8dd9-bde39a0630e4,askacademia_train,losing_paraphrase_gemini,1,"1

This comment appears"
7f0a423c-dba8-4c45-8dd9-bde39a0630e4,askacademia_train,losing_paraphrase_gpt4omini,1,"1

This comment appears"
7f0a423c-dba8-4c45-8dd9-bde39a0630e4,askacademia_train,losing_paraphrase_gpt5nano,2,"2

This comment appears"
7f0a423c-dba8-4c45-8dd9-bde39a0630e4,askacademia_train,losing_paraphrase_llama,2,"2

The comment appears"
7f0a423c-dba8-4c45-8dd9-bde39a0630e4,askacademia_train,losing_paraphrase_mistral,2,"2

This comment appears"
7f0a423c-dba8-4c45-8dd9-bde39a0630e4,askacademia_train,losing_paraphrase_qwen,2,"2

The comment addresses"
b804bdaf-c5a5-4faa-b7bd-74f14b4e30d4,askacademia_train,winning_text,2,"2

This comment is"
b804bdaf-c5a5-4faa-b7bd-74f14b4e30d4,askacademia_train,losing_text,3,3
b804bdaf-c5a5-4faa-b7bd-74f14b4e30d4,askacademia_train,losing_generate_claude,3,"3

This comment provides"
b804bdaf-c5a5-4faa-b7bd-74f14b4e30d4,askacademia_train,losing_generate_gemini,4,"4

This is a"
b804bdaf-c5a5-4faa-b7bd-74f14b4e30d4,askacademia_train,losing_generate_gpt4omini,1,"1

This comment deser"
b804bdaf-c5a5-4faa-b7bd-74f14b4e30d4,askacademia_train,losing_generate_gpt5nano,2,"2

This comment fails"
b804bdaf-c5a5-4faa-b7bd-74f14b4e30d4,askacademia_train,losing_generate_llama,2,"2

This comment appears"
b804bdaf-c5a5-4faa-b7bd-74f14b4e30d4,askacademia_train,losing_generate_mistral,2,"2

The comment provides"
b804bdaf-c5a5-4faa-b7bd-74f14b4e30d4,askacademia_train,losing_generate_qwen,2,"2

The comment appears"
b804bdaf-c5a5-4faa-b7bd-74f14b4e30d4,askacademia_train,losing_improve_claude,4,"4

This is a"
b804bdaf-c5a5-4faa-b7bd-74f14b4e30d4,askacademia_train,losing_improve_gemini,2,"2

This comment discusses"
b804bdaf-c5a5-4faa-b7bd-74f14b4e30d4,askacademia_train,losing_improve_gpt4omini,2,"2

This comment provides"
b804bdaf-c5a5-4faa-b7bd-74f14b4e30d4,askacademia_train,losing_improve_gpt5nano,4,"4

This comment provides"
b804bdaf-c5a5-4faa-b7bd-74f14b4e30d4,askacademia_train,losing_improve_llama,2,"2

This comment appears"
b804bdaf-c5a5-4faa-b7bd-74f14b4e30d4,askacademia_train,losing_improve_mistral,2,"2

This comment appears"
b804bdaf-c5a5-4faa-b7bd-74f14b4e30d4,askacademia_train,losing_improve_qwen,3,3
b804bdaf-c5a5-4faa-b7bd-74f14b4e30d4,askacademia_train,losing_paraphrase_claude,2,2
b804bdaf-c5a5-4faa-b7bd-74f14b4e30d4,askacademia_train,losing_paraphrase_gemini,2,"2

This comment appears"
b804bdaf-c5a5-4faa-b7bd-74f14b4e30d4,askacademia_train,losing_paraphrase_gpt4omini,2,"2

This comment provides"
b804bdaf-c5a5-4faa-b7bd-74f14b4e30d4,askacademia_train,losing_paraphrase_gpt5nano,3,3
b804bdaf-c5a5-4faa-b7bd-74f14b4e30d4,askacademia_train,losing_paraphrase_llama,2,"2

The comment appears"
b804bdaf-c5a5-4faa-b7bd-74f14b4e30d4,askacademia_train,losing_paraphrase_mistral,3,3
b804bdaf-c5a5-4faa-b7bd-74f14b4e30d4,askacademia_train,losing_paraphrase_qwen,3,"3

The comment provides"
36a3c91b-d2de-452c-a3c6-5ac71f8efc8a,askacademia_train,winning_text,3,"3

This comment asks"
36a3c91b-d2de-452c-a3c6-5ac71f8efc8a,askacademia_train,losing_text,3,3
36a3c91b-d2de-452c-a3c6-5ac71f8efc8a,askacademia_train,losing_generate_claude,4,"4

This is a"
36a3c91b-d2de-452c-a3c6-5ac71f8efc8a,askacademia_train,losing_generate_gemini,4,"4

This is a"
36a3c91b-d2de-452c-a3c6-5ac71f8efc8a,askacademia_train,losing_generate_gpt4omini,2,"2

This comment provides"
36a3c91b-d2de-452c-a3c6-5ac71f8efc8a,askacademia_train,losing_generate_gpt5nano,2,"2

This comment significantly"
36a3c91b-d2de-452c-a3c6-5ac71f8efc8a,askacademia_train,losing_generate_llama,1,"1

This comment is"
36a3c91b-d2de-452c-a3c6-5ac71f8efc8a,askacademia_train,losing_generate_mistral,2,"2

The comment provides"
36a3c91b-d2de-452c-a3c6-5ac71f8efc8a,askacademia_train,losing_generate_qwen,2,"2

This comment appears"
36a3c91b-d2de-452c-a3c6-5ac71f8efc8a,askacademia_train,losing_improve_claude,4,"4

This is a"
36a3c91b-d2de-452c-a3c6-5ac71f8efc8a,askacademia_train,losing_improve_gemini,4,"4

This comment provides"
36a3c91b-d2de-452c-a3c6-5ac71f8efc8a,askacademia_train,losing_improve_gpt4omini,3,"3

This comment provides"
36a3c91b-d2de-452c-a3c6-5ac71f8efc8a,askacademia_train,losing_improve_gpt5nano,2,"2

This comment appears"
36a3c91b-d2de-452c-a3c6-5ac71f8efc8a,askacademia_train,losing_improve_llama,2,"2

This comment appears"
36a3c91b-d2de-452c-a3c6-5ac71f8efc8a,askacademia_train,losing_improve_mistral,2,"2

This comment appears"
36a3c91b-d2de-452c-a3c6-5ac71f8efc8a,askacademia_train,losing_improve_qwen,3,3
36a3c91b-d2de-452c-a3c6-5ac71f8efc8a,askacademia_train,losing_paraphrase_claude,2,"2

The comment makes"
36a3c91b-d2de-452c-a3c6-5ac71f8efc8a,askacademia_train,losing_paraphrase_gemini,AMBIG,I need to evaluate how well
36a3c91b-d2de-452c-a3c6-5ac71f8efc8a,askacademia_train,losing_paraphrase_gpt4omini,3,"3

This comment addresses"
36a3c91b-d2de-452c-a3c6-5ac71f8efc8a,askacademia_train,losing_paraphrase_gpt5nano,3,3
36a3c91b-d2de-452c-a3c6-5ac71f8efc8a,askacademia_train,losing_paraphrase_llama,2,"2

The comment appears"
36a3c91b-d2de-452c-a3c6-5ac71f8efc8a,askacademia_train,losing_paraphrase_mistral,3,3
36a3c91b-d2de-452c-a3c6-5ac71f8efc8a,askacademia_train,losing_paraphrase_qwen,3,3
1d823be5-ceae-4c60-b7fc-2bb418fbeca2,askacademia_train,winning_text,2,"2

This comment adds"
1d823be5-ceae-4c60-b7fc-2bb418fbeca2,askacademia_train,losing_text,3,3
1d823be5-ceae-4c60-b7fc-2bb418fbeca2,askacademia_train,losing_generate_claude,3,"3

This comment provides"
1d823be5-ceae-4c60-b7fc-2bb418fbeca2,askacademia_train,losing_generate_gemini,4,"4

This is a"
1d823be5-ceae-4c60-b7fc-2bb418fbeca2,askacademia_train,losing_generate_gpt4omini,1,"1

This comment fails"
1d823be5-ceae-4c60-b7fc-2bb418fbeca2,askacademia_train,losing_generate_gpt5nano,2,"2

The comment mis"
1d823be5-ceae-4c60-b7fc-2bb418fbeca2,askacademia_train,losing_generate_llama,2,"2

This comment appears"
1d823be5-ceae-4c60-b7fc-2bb418fbeca2,askacademia_train,losing_generate_mistral,2,"2

The comment provides"
1d823be5-ceae-4c60-b7fc-2bb418fbeca2,askacademia_train,losing_generate_qwen,2,"2

The comment appears"
1d823be5-ceae-4c60-b7fc-2bb418fbeca2,askacademia_train,losing_improve_claude,4,"4

This is a"
1d823be5-ceae-4c60-b7fc-2bb418fbeca2,askacademia_train,losing_improve_gemini,2,"2

This comment discusses"
1d823be5-ceae-4c60-b7fc-2bb418fbeca2,askacademia_train,losing_improve_gpt4omini,2,"2

This comment provides"
1d823be5-ceae-4c60-b7fc-2bb418fbeca2,askacademia_train,losing_improve_gpt5nano,4,4
1d823be5-ceae-4c60-b7fc-2bb418fbeca2,askacademia_train,losing_improve_llama,2,"2

This comment appears"
1d823be5-ceae-4c60-b7fc-2bb418fbeca2,askacademia_train,losing_improve_mistral,2,"2

This comment appears"
1d823be5-ceae-4c60-b7fc-2bb418fbeca2,askacademia_train,losing_improve_qwen,3,3
1d823be5-ceae-4c60-b7fc-2bb418fbeca2,askacademia_train,losing_paraphrase_claude,2,"2

The comment makes"
1d823be5-ceae-4c60-b7fc-2bb418fbeca2,askacademia_train,losing_paraphrase_gemini,2,"2

This comment appears"
1d823be5-ceae-4c60-b7fc-2bb418fbeca2,askacademia_train,losing_paraphrase_gpt4omini,3,"3

This comment provides"
1d823be5-ceae-4c60-b7fc-2bb418fbeca2,askacademia_train,losing_paraphrase_gpt5nano,3,3
1d823be5-ceae-4c60-b7fc-2bb418fbeca2,askacademia_train,losing_paraphrase_llama,2,"2

The comment appears"
1d823be5-ceae-4c60-b7fc-2bb418fbeca2,askacademia_train,losing_paraphrase_mistral,3,3
1d823be5-ceae-4c60-b7fc-2bb418fbeca2,askacademia_train,losing_paraphrase_qwen,3,3
f849d124-f5a6-4839-90ae-1d4961eecfdf,askacademia_train,winning_text,2,"2

This comment is"
f849d124-f5a6-4839-90ae-1d4961eecfdf,askacademia_train,losing_text,3,3
f849d124-f5a6-4839-90ae-1d4961eecfdf,askacademia_train,losing_generate_claude,4,"4

This is a"
f849d124-f5a6-4839-90ae-1d4961eecfdf,askacademia_train,losing_generate_gemini,4,"4

This comment provides"
f849d124-f5a6-4839-90ae-1d4961eecfdf,askacademia_train,losing_generate_gpt4omini,1,"1

This comment fails"
f849d124-f5a6-4839-90ae-1d4961eecfdf,askacademia_train,losing_generate_gpt5nano,1,"1

This comment is"
f849d124-f5a6-4839-90ae-1d4961eecfdf,askacademia_train,losing_generate_llama,2,"2

This comment appears"
f849d124-f5a6-4839-90ae-1d4961eecfdf,askacademia_train,losing_generate_mistral,2,"2

The comment provides"
f849d124-f5a6-4839-90ae-1d4961eecfdf,askacademia_train,losing_generate_qwen,2,"2

This comment appears"
f849d124-f5a6-4839-90ae-1d4961eecfdf,askacademia_train,losing_improve_claude,4,"4

This is a"
f849d124-f5a6-4839-90ae-1d4961eecfdf,askacademia_train,losing_improve_gemini,2,"2

The comment provides"
f849d124-f5a6-4839-90ae-1d4961eecfdf,askacademia_train,losing_improve_gpt4omini,2,"2

This comment provides"
f849d124-f5a6-4839-90ae-1d4961eecfdf,askacademia_train,losing_improve_gpt5nano,3,3
f849d124-f5a6-4839-90ae-1d4961eecfdf,askacademia_train,losing_improve_llama,2,"2

This comment appears"
f849d124-f5a6-4839-90ae-1d4961eecfdf,askacademia_train,losing_improve_mistral,2,"2

This comment appears"
f849d124-f5a6-4839-90ae-1d4961eecfdf,askacademia_train,losing_improve_qwen,3,3
f849d124-f5a6-4839-90ae-1d4961eecfdf,askacademia_train,losing_paraphrase_claude,2,"2

The comment makes"
f849d124-f5a6-4839-90ae-1d4961eecfdf,askacademia_train,losing_paraphrase_gemini,1,"1

This comment appears"
f849d124-f5a6-4839-90ae-1d4961eecfdf,askacademia_train,losing_paraphrase_gpt4omini,2,"2

This comment provides"
f849d124-f5a6-4839-90ae-1d4961eecfdf,askacademia_train,losing_paraphrase_gpt5nano,3,"3

This comment provides"
f849d124-f5a6-4839-90ae-1d4961eecfdf,askacademia_train,losing_paraphrase_llama,2,"2

The comment appears"
f849d124-f5a6-4839-90ae-1d4961eecfdf,askacademia_train,losing_paraphrase_mistral,3,3
f849d124-f5a6-4839-90ae-1d4961eecfdf,askacademia_train,losing_paraphrase_qwen,3,3
d94561e2-1314-4f9f-b36c-d6eaa82eccf7,askacademia_train,winning_text,2,"2

This comment adds"
d94561e2-1314-4f9f-b36c-d6eaa82eccf7,askacademia_train,losing_text,2,"2

This comment is"
d94561e2-1314-4f9f-b36c-d6eaa82eccf7,askacademia_train,losing_generate_claude,4,"4

This is a"
d94561e2-1314-4f9f-b36c-d6eaa82eccf7,askacademia_train,losing_generate_gemini,4,"4

This is a"
d94561e2-1314-4f9f-b36c-d6eaa82eccf7,askacademia_train,losing_generate_gpt4omini,2,"2

The comment provides"
d94561e2-1314-4f9f-b36c-d6eaa82eccf7,askacademia_train,losing_generate_gpt5nano,2,"2

This comment fails"
d94561e2-1314-4f9f-b36c-d6eaa82eccf7,askacademia_train,losing_generate_llama,2,"2

This comment appears"
d94561e2-1314-4f9f-b36c-d6eaa82eccf7,askacademia_train,losing_generate_mistral,2,"2

The comment provides"
d94561e2-1314-4f9f-b36c-d6eaa82eccf7,askacademia_train,losing_generate_qwen,2,"2

The comment appears"
d94561e2-1314-4f9f-b36c-d6eaa82eccf7,askacademia_train,losing_improve_claude,2,"2

The comment is"
d94561e2-1314-4f9f-b36c-d6eaa82eccf7,askacademia_train,losing_improve_gemini,4,"4

This is a"
d94561e2-1314-4f9f-b36c-d6eaa82eccf7,askacademia_train,losing_improve_gpt4omini,3,3
d94561e2-1314-4f9f-b36c-d6eaa82eccf7,askacademia_train,losing_improve_gpt5nano,3,3
d94561e2-1314-4f9f-b36c-d6eaa82eccf7,askacademia_train,losing_improve_llama,2,"2

The comment is"
d94561e2-1314-4f9f-b36c-d6eaa82eccf7,askacademia_train,losing_improve_mistral,2,"2

This comment is"
d94561e2-1314-4f9f-b36c-d6eaa82eccf7,askacademia_train,losing_improve_qwen,2,"2

This comment is"
d94561e2-1314-4f9f-b36c-d6eaa82eccf7,askacademia_train,losing_paraphrase_claude,2,"2

The comment is"
d94561e2-1314-4f9f-b36c-d6eaa82eccf7,askacademia_train,losing_paraphrase_gemini,2,"2

The comment appears"
d94561e2-1314-4f9f-b36c-d6eaa82eccf7,askacademia_train,losing_paraphrase_gpt4omini,2,"2

This comment is"
d94561e2-1314-4f9f-b36c-d6eaa82eccf7,askacademia_train,losing_paraphrase_gpt5nano,2,"2

This comment is"
d94561e2-1314-4f9f-b36c-d6eaa82eccf7,askacademia_train,losing_paraphrase_llama,2,2
d94561e2-1314-4f9f-b36c-d6eaa82eccf7,askacademia_train,losing_paraphrase_mistral,2,"2

This comment is"
d94561e2-1314-4f9f-b36c-d6eaa82eccf7,askacademia_train,losing_paraphrase_qwen,2,"2

This comment is"
e6a6cd28-b838-4f67-8a66-59d14ee066da,askacademia_train,winning_text,2,"2

This comment is"
e6a6cd28-b838-4f67-8a66-59d14ee066da,askacademia_train,losing_text,3,"3

This comment receives"
e6a6cd28-b838-4f67-8a66-59d14ee066da,askacademia_train,losing_generate_claude,4,"4

This is a"
e6a6cd28-b838-4f67-8a66-59d14ee066da,askacademia_train,losing_generate_gemini,4,"4

This comment provides"
e6a6cd28-b838-4f67-8a66-59d14ee066da,askacademia_train,losing_generate_gpt4omini,1,"1

This comment fails"
e6a6cd28-b838-4f67-8a66-59d14ee066da,askacademia_train,losing_generate_gpt5nano,2,"2

This comment mis"
e6a6cd28-b838-4f67-8a66-59d14ee066da,askacademia_train,losing_generate_llama,2,"2

This comment appears"
e6a6cd28-b838-4f67-8a66-59d14ee066da,askacademia_train,losing_generate_mistral,2,"2

This comment appears"
e6a6cd28-b838-4f67-8a66-59d14ee066da,askacademia_train,losing_generate_qwen,2,"2

The comment appears"
e6a6cd28-b838-4f67-8a66-59d14ee066da,askacademia_train,losing_improve_claude,2,"2

This comment appears"
e6a6cd28-b838-4f67-8a66-59d14ee066da,askacademia_train,losing_improve_gemini,4,"4

This is a"
e6a6cd28-b838-4f67-8a66-59d14ee066da,askacademia_train,losing_improve_gpt4omini,2,"2

This comment has"
e6a6cd28-b838-4f67-8a66-59d14ee066da,askacademia_train,losing_improve_gpt5nano,2,"2

This comment appears"
e6a6cd28-b838-4f67-8a66-59d14ee066da,askacademia_train,losing_improve_llama,2,"2

This comment appears"
e6a6cd28-b838-4f67-8a66-59d14ee066da,askacademia_train,losing_improve_mistral,2,"2

This comment appears"
e6a6cd28-b838-4f67-8a66-59d14ee066da,askacademia_train,losing_improve_qwen,3,"3

This comment receives"
e6a6cd28-b838-4f67-8a66-59d14ee066da,askacademia_train,losing_paraphrase_claude,2,"2

This comment references"
e6a6cd28-b838-4f67-8a66-59d14ee066da,askacademia_train,losing_paraphrase_gemini,2,2
e6a6cd28-b838-4f67-8a66-59d14ee066da,askacademia_train,losing_paraphrase_gpt4omini,3,"3

This comment receives"
e6a6cd28-b838-4f67-8a66-59d14ee066da,askacademia_train,losing_paraphrase_gpt5nano,2,"2

This comment references"
e6a6cd28-b838-4f67-8a66-59d14ee066da,askacademia_train,losing_paraphrase_llama,2,"2

This comment is"
e6a6cd28-b838-4f67-8a66-59d14ee066da,askacademia_train,losing_paraphrase_mistral,4,"4

This is a"
e6a6cd28-b838-4f67-8a66-59d14ee066da,askacademia_train,losing_paraphrase_qwen,2,"2

This comment receives"
1872d984-5432-4f1e-b5ba-b024d08a1bc2,askacademia_train,winning_text,2,"2

The comment is"
1872d984-5432-4f1e-b5ba-b024d08a1bc2,askacademia_train,losing_text,3,"3

This comment receives"
1872d984-5432-4f1e-b5ba-b024d08a1bc2,askacademia_train,losing_generate_claude,4,"4

This is a"
1872d984-5432-4f1e-b5ba-b024d08a1bc2,askacademia_train,losing_generate_gemini,4,"4

This is a"
1872d984-5432-4f1e-b5ba-b024d08a1bc2,askacademia_train,losing_generate_gpt4omini,1,"1

This comment fails"
1872d984-5432-4f1e-b5ba-b024d08a1bc2,askacademia_train,losing_generate_gpt5nano,2,"2

This comment mis"
1872d984-5432-4f1e-b5ba-b024d08a1bc2,askacademia_train,losing_generate_llama,1,"1

This comment fails"
1872d984-5432-4f1e-b5ba-b024d08a1bc2,askacademia_train,losing_generate_mistral,2,"2

The comment provides"
1872d984-5432-4f1e-b5ba-b024d08a1bc2,askacademia_train,losing_generate_qwen,2,"2

The comment appears"
1872d984-5432-4f1e-b5ba-b024d08a1bc2,askacademia_train,losing_improve_claude,2,"2

This comment appears"
1872d984-5432-4f1e-b5ba-b024d08a1bc2,askacademia_train,losing_improve_gemini,2,"2

This comment provides"
1872d984-5432-4f1e-b5ba-b024d08a1bc2,askacademia_train,losing_improve_gpt4omini,2,"2

This comment receives"
1872d984-5432-4f1e-b5ba-b024d08a1bc2,askacademia_train,losing_improve_gpt5nano,3,"3

This comment provides"
1872d984-5432-4f1e-b5ba-b024d08a1bc2,askacademia_train,losing_improve_llama,2,"2

This comment appears"
1872d984-5432-4f1e-b5ba-b024d08a1bc2,askacademia_train,losing_improve_mistral,2,"2

This comment appears"
1872d984-5432-4f1e-b5ba-b024d08a1bc2,askacademia_train,losing_improve_qwen,3,"3

This comment receives"
1872d984-5432-4f1e-b5ba-b024d08a1bc2,askacademia_train,losing_paraphrase_claude,2,"2

This comment references"
1872d984-5432-4f1e-b5ba-b024d08a1bc2,askacademia_train,losing_paraphrase_gemini,2,"2

This comment appears"
1872d984-5432-4f1e-b5ba-b024d08a1bc2,askacademia_train,losing_paraphrase_gpt4omini,3,"3

This comment receives"
1872d984-5432-4f1e-b5ba-b024d08a1bc2,askacademia_train,losing_paraphrase_gpt5nano,2,"2

This comment provides"
1872d984-5432-4f1e-b5ba-b024d08a1bc2,askacademia_train,losing_paraphrase_llama,2,"2

This comment is"
1872d984-5432-4f1e-b5ba-b024d08a1bc2,askacademia_train,losing_paraphrase_mistral,4,"4

This is a"
1872d984-5432-4f1e-b5ba-b024d08a1bc2,askacademia_train,losing_paraphrase_qwen,2,"2

This comment receives"
9afacd51-0226-44cc-a193-1b8f24214ccf,askacademia_train,winning_text,2,"2

The comment """
9afacd51-0226-44cc-a193-1b8f24214ccf,askacademia_train,losing_text,3,"3

This comment receives"
9afacd51-0226-44cc-a193-1b8f24214ccf,askacademia_train,losing_generate_claude,4,"4

This is a"
9afacd51-0226-44cc-a193-1b8f24214ccf,askacademia_train,losing_generate_gemini,4,"4

This comment provides"
9afacd51-0226-44cc-a193-1b8f24214ccf,askacademia_train,losing_generate_gpt4omini,1,"1

This comment fails"
9afacd51-0226-44cc-a193-1b8f24214ccf,askacademia_train,losing_generate_gpt5nano,2,"2

This comment assumes"
9afacd51-0226-44cc-a193-1b8f24214ccf,askacademia_train,losing_generate_llama,2,"2

This comment appears"
9afacd51-0226-44cc-a193-1b8f24214ccf,askacademia_train,losing_generate_mistral,2,"2

The comment provides"
9afacd51-0226-44cc-a193-1b8f24214ccf,askacademia_train,losing_generate_qwen,2,"2

The comment appears"
9afacd51-0226-44cc-a193-1b8f24214ccf,askacademia_train,losing_improve_claude,3,"3

This comment provides"
9afacd51-0226-44cc-a193-1b8f24214ccf,askacademia_train,losing_improve_gemini,4,"4

This is a"
9afacd51-0226-44cc-a193-1b8f24214ccf,askacademia_train,losing_improve_gpt4omini,2,"2

This comment appears"
9afacd51-0226-44cc-a193-1b8f24214ccf,askacademia_train,losing_improve_gpt5nano,2,"2

This comment appears"
9afacd51-0226-44cc-a193-1b8f24214ccf,askacademia_train,losing_improve_llama,2,"2

This comment appears"
9afacd51-0226-44cc-a193-1b8f24214ccf,askacademia_train,losing_improve_mistral,2,"2

This comment appears"
9afacd51-0226-44cc-a193-1b8f24214ccf,askacademia_train,losing_improve_qwen,3,"3

This comment receives"
9afacd51-0226-44cc-a193-1b8f24214ccf,askacademia_train,losing_paraphrase_claude,2,"2

The comment references"
9afacd51-0226-44cc-a193-1b8f24214ccf,askacademia_train,losing_paraphrase_gemini,AMBIG,I need to evaluate how well
9afacd51-0226-44cc-a193-1b8f24214ccf,askacademia_train,losing_paraphrase_gpt4omini,3,"3

This comment receives"
9afacd51-0226-44cc-a193-1b8f24214ccf,askacademia_train,losing_paraphrase_gpt5nano,2,"2

This comment provides"
9afacd51-0226-44cc-a193-1b8f24214ccf,askacademia_train,losing_paraphrase_llama,2,"2

This comment is"
9afacd51-0226-44cc-a193-1b8f24214ccf,askacademia_train,losing_paraphrase_mistral,4,"4

This is a"
9afacd51-0226-44cc-a193-1b8f24214ccf,askacademia_train,losing_paraphrase_qwen,2,"2

This comment receives"
fc56af8f-7321-4891-94c9-40ecd1f70263,askacademia_train,winning_text,3,"3

This comment asks"
fc56af8f-7321-4891-94c9-40ecd1f70263,askacademia_train,losing_text,3,"3

This comment receives"
fc56af8f-7321-4891-94c9-40ecd1f70263,askacademia_train,losing_generate_claude,4,"4

This is a"
fc56af8f-7321-4891-94c9-40ecd1f70263,askacademia_train,losing_generate_gemini,4,"4

This is a"
fc56af8f-7321-4891-94c9-40ecd1f70263,askacademia_train,losing_generate_gpt4omini,1,"1

This comment fails"
fc56af8f-7321-4891-94c9-40ecd1f70263,askacademia_train,losing_generate_gpt5nano,3,"3

This comment provides"
fc56af8f-7321-4891-94c9-40ecd1f70263,askacademia_train,losing_generate_llama,2,"2

This comment appears"
fc56af8f-7321-4891-94c9-40ecd1f70263,askacademia_train,losing_generate_mistral,2,"2

The comment provides"
fc56af8f-7321-4891-94c9-40ecd1f70263,askacademia_train,losing_generate_qwen,2,"2

The comment appears"
fc56af8f-7321-4891-94c9-40ecd1f70263,askacademia_train,losing_improve_claude,2,"2

This comment is"
fc56af8f-7321-4891-94c9-40ecd1f70263,askacademia_train,losing_improve_gemini,4,"4

This is a"
fc56af8f-7321-4891-94c9-40ecd1f70263,askacademia_train,losing_improve_gpt4omini,2,"2

This comment appears"
fc56af8f-7321-4891-94c9-40ecd1f70263,askacademia_train,losing_improve_gpt5nano,2,"2

This comment is"
fc56af8f-7321-4891-94c9-40ecd1f70263,askacademia_train,losing_improve_llama,2,2
fc56af8f-7321-4891-94c9-40ecd1f70263,askacademia_train,losing_improve_mistral,2,"2

This comment appears"
fc56af8f-7321-4891-94c9-40ecd1f70263,askacademia_train,losing_improve_qwen,3,"3

This comment receives"
fc56af8f-7321-4891-94c9-40ecd1f70263,askacademia_train,losing_paraphrase_claude,2,"2

The comment references"
fc56af8f-7321-4891-94c9-40ecd1f70263,askacademia_train,losing_paraphrase_gemini,3,"3

The comment raises"
fc56af8f-7321-4891-94c9-40ecd1f70263,askacademia_train,losing_paraphrase_gpt4omini,3,"3

This comment receives"
fc56af8f-7321-4891-94c9-40ecd1f70263,askacademia_train,losing_paraphrase_gpt5nano,2,"2

This comment references"
fc56af8f-7321-4891-94c9-40ecd1f70263,askacademia_train,losing_paraphrase_llama,2,"2

This comment is"
fc56af8f-7321-4891-94c9-40ecd1f70263,askacademia_train,losing_paraphrase_mistral,4,"4

This is a"
fc56af8f-7321-4891-94c9-40ecd1f70263,askacademia_train,losing_paraphrase_qwen,2,"2

This comment receives"
431086a1-cd8f-4a1d-93a0-40919cd4b1a5,askacademia_train,winning_text,2,"2

This comment adds"
431086a1-cd8f-4a1d-93a0-40919cd4b1a5,askacademia_train,losing_text,3,"3

This comment receives"
431086a1-cd8f-4a1d-93a0-40919cd4b1a5,askacademia_train,losing_generate_claude,3,"3

This comment provides"
431086a1-cd8f-4a1d-93a0-40919cd4b1a5,askacademia_train,losing_generate_gemini,4,"4

This is a"
431086a1-cd8f-4a1d-93a0-40919cd4b1a5,askacademia_train,losing_generate_gpt4omini,1,"1

This comment fails"
431086a1-cd8f-4a1d-93a0-40919cd4b1a5,askacademia_train,losing_generate_gpt5nano,2,"2

This comment fundament"
431086a1-cd8f-4a1d-93a0-40919cd4b1a5,askacademia_train,losing_generate_llama,2,"2

This comment appears"
431086a1-cd8f-4a1d-93a0-40919cd4b1a5,askacademia_train,losing_generate_mistral,2,"2

The comment provides"
431086a1-cd8f-4a1d-93a0-40919cd4b1a5,askacademia_train,losing_generate_qwen,2,"2

This comment appears"
431086a1-cd8f-4a1d-93a0-40919cd4b1a5,askacademia_train,losing_improve_claude,3,"3

This comment provides"
431086a1-cd8f-4a1d-93a0-40919cd4b1a5,askacademia_train,losing_improve_gemini,4,"4

This is a"
431086a1-cd8f-4a1d-93a0-40919cd4b1a5,askacademia_train,losing_improve_gpt4omini,2,"2

This comment receives"
431086a1-cd8f-4a1d-93a0-40919cd4b1a5,askacademia_train,losing_improve_gpt5nano,2,"2

This comment appears"
431086a1-cd8f-4a1d-93a0-40919cd4b1a5,askacademia_train,losing_improve_llama,2,"2

This comment appears"
431086a1-cd8f-4a1d-93a0-40919cd4b1a5,askacademia_train,losing_improve_mistral,2,"2

This comment appears"
431086a1-cd8f-4a1d-93a0-40919cd4b1a5,askacademia_train,losing_improve_qwen,3,"3

This comment receives"
431086a1-cd8f-4a1d-93a0-40919cd4b1a5,askacademia_train,losing_paraphrase_claude,2,"2

This comment provides"
431086a1-cd8f-4a1d-93a0-40919cd4b1a5,askacademia_train,losing_paraphrase_gemini,3,"3

The comment eng"
431086a1-cd8f-4a1d-93a0-40919cd4b1a5,askacademia_train,losing_paraphrase_gpt4omini,3,"3

This comment receives"
431086a1-cd8f-4a1d-93a0-40919cd4b1a5,askacademia_train,losing_paraphrase_gpt5nano,4,"4

This is a"
431086a1-cd8f-4a1d-93a0-40919cd4b1a5,askacademia_train,losing_paraphrase_llama,2,"2

This comment is"
431086a1-cd8f-4a1d-93a0-40919cd4b1a5,askacademia_train,losing_paraphrase_mistral,4,"4

This is a"
431086a1-cd8f-4a1d-93a0-40919cd4b1a5,askacademia_train,losing_paraphrase_qwen,2,"2

This comment receives"
a512b18d-c13e-4033-b316-d7d92bd9d0ad,askacademia_train,winning_text,3,"3

This comment provides"
a512b18d-c13e-4033-b316-d7d92bd9d0ad,askacademia_train,losing_text,3,"3

This comment receives"
a512b18d-c13e-4033-b316-d7d92bd9d0ad,askacademia_train,losing_generate_claude,3,"3

This comment provides"
a512b18d-c13e-4033-b316-d7d92bd9d0ad,askacademia_train,losing_generate_gemini,4,"4

This is a"
a512b18d-c13e-4033-b316-d7d92bd9d0ad,askacademia_train,losing_generate_gpt4omini,2,"2

The comment provides"
a512b18d-c13e-4033-b316-d7d92bd9d0ad,askacademia_train,losing_generate_gpt5nano,2,"2

This comment does"
a512b18d-c13e-4033-b316-d7d92bd9d0ad,askacademia_train,losing_generate_llama,1,"1

This comment is"
a512b18d-c13e-4033-b316-d7d92bd9d0ad,askacademia_train,losing_generate_mistral,2,"2

The comment provides"
a512b18d-c13e-4033-b316-d7d92bd9d0ad,askacademia_train,losing_generate_qwen,2,"2

This comment appears"
a512b18d-c13e-4033-b316-d7d92bd9d0ad,askacademia_train,losing_improve_claude,2,"2

This comment is"
a512b18d-c13e-4033-b316-d7d92bd9d0ad,askacademia_train,losing_improve_gemini,4,"4

This is a"
a512b18d-c13e-4033-b316-d7d92bd9d0ad,askacademia_train,losing_improve_gpt4omini,2,"2

This comment references"
a512b18d-c13e-4033-b316-d7d92bd9d0ad,askacademia_train,losing_improve_gpt5nano,2,"2

The comment appears"
a512b18d-c13e-4033-b316-d7d92bd9d0ad,askacademia_train,losing_improve_llama,2,"2

This comment appears"
a512b18d-c13e-4033-b316-d7d92bd9d0ad,askacademia_train,losing_improve_mistral,2,"2

This comment appears"
a512b18d-c13e-4033-b316-d7d92bd9d0ad,askacademia_train,losing_improve_qwen,3,"3

This comment receives"
a512b18d-c13e-4033-b316-d7d92bd9d0ad,askacademia_train,losing_paraphrase_claude,2,"2

The comment references"
a512b18d-c13e-4033-b316-d7d92bd9d0ad,askacademia_train,losing_paraphrase_gemini,2,"2

This comment appears"
a512b18d-c13e-4033-b316-d7d92bd9d0ad,askacademia_train,losing_paraphrase_gpt4omini,3,"3

This comment receives"
a512b18d-c13e-4033-b316-d7d92bd9d0ad,askacademia_train,losing_paraphrase_gpt5nano,3,"3

This comment provides"
a512b18d-c13e-4033-b316-d7d92bd9d0ad,askacademia_train,losing_paraphrase_llama,2,"2

This comment is"
a512b18d-c13e-4033-b316-d7d92bd9d0ad,askacademia_train,losing_paraphrase_mistral,4,"4

This is a"
a512b18d-c13e-4033-b316-d7d92bd9d0ad,askacademia_train,losing_paraphrase_qwen,2,"2

This comment receives"
ef39c5bc-dd81-441e-9171-20cf9c31b74b,askacademia_train,winning_text,2,"2

This comment is"
ef39c5bc-dd81-441e-9171-20cf9c31b74b,askacademia_train,losing_text,3,"3

This comment receives"
ef39c5bc-dd81-441e-9171-20cf9c31b74b,askacademia_train,losing_generate_claude,4,"4

This is a"
ef39c5bc-dd81-441e-9171-20cf9c31b74b,askacademia_train,losing_generate_gemini,4,"4

This is a"
ef39c5bc-dd81-441e-9171-20cf9c31b74b,askacademia_train,losing_generate_gpt4omini,1,"1

This comment fails"
ef39c5bc-dd81-441e-9171-20cf9c31b74b,askacademia_train,losing_generate_gpt5nano,2,"2

This comment does"
ef39c5bc-dd81-441e-9171-20cf9c31b74b,askacademia_train,losing_generate_llama,2,"2

This comment appears"
ef39c5bc-dd81-441e-9171-20cf9c31b74b,askacademia_train,losing_generate_mistral,1,"1

This comment appears"
ef39c5bc-dd81-441e-9171-20cf9c31b74b,askacademia_train,losing_generate_qwen,2,"2

This comment appears"
ef39c5bc-dd81-441e-9171-20cf9c31b74b,askacademia_train,losing_improve_claude,3,"3

This appears to"
ef39c5bc-dd81-441e-9171-20cf9c31b74b,askacademia_train,losing_improve_gemini,2,"2

This comment provides"
ef39c5bc-dd81-441e-9171-20cf9c31b74b,askacademia_train,losing_improve_gpt4omini,2,"2

This comment receives"
ef39c5bc-dd81-441e-9171-20cf9c31b74b,askacademia_train,losing_improve_gpt5nano,2,"2

This comment appears"
ef39c5bc-dd81-441e-9171-20cf9c31b74b,askacademia_train,losing_improve_llama,2,"2

This comment appears"
ef39c5bc-dd81-441e-9171-20cf9c31b74b,askacademia_train,losing_improve_mistral,2,"2

This comment appears"
ef39c5bc-dd81-441e-9171-20cf9c31b74b,askacademia_train,losing_improve_qwen,3,"3

This comment receives"
ef39c5bc-dd81-441e-9171-20cf9c31b74b,askacademia_train,losing_paraphrase_claude,2,"2

This comment references"
ef39c5bc-dd81-441e-9171-20cf9c31b74b,askacademia_train,losing_paraphrase_gemini,2,"2

This comment appears"
ef39c5bc-dd81-441e-9171-20cf9c31b74b,askacademia_train,losing_paraphrase_gpt4omini,3,"3

This comment receives"
ef39c5bc-dd81-441e-9171-20cf9c31b74b,askacademia_train,losing_paraphrase_gpt5nano,3,"3

The comment references"
ef39c5bc-dd81-441e-9171-20cf9c31b74b,askacademia_train,losing_paraphrase_llama,3,"3

This comment receives"
ef39c5bc-dd81-441e-9171-20cf9c31b74b,askacademia_train,losing_paraphrase_mistral,4,"4

This is a"
ef39c5bc-dd81-441e-9171-20cf9c31b74b,askacademia_train,losing_paraphrase_qwen,2,"2

This comment receives"
c00349d5-317e-434e-92cc-ec6347b8e31a,askacademia_train,winning_text,2,"2

The comment is"
c00349d5-317e-434e-92cc-ec6347b8e31a,askacademia_train,losing_text,2,"2

This comment is"
c00349d5-317e-434e-92cc-ec6347b8e31a,askacademia_train,losing_generate_claude,4,"4

This is a"
c00349d5-317e-434e-92cc-ec6347b8e31a,askacademia_train,losing_generate_gemini,4,"4

This is a"
c00349d5-317e-434e-92cc-ec6347b8e31a,askacademia_train,losing_generate_gpt4omini,1,"1

The comment completely"
c00349d5-317e-434e-92cc-ec6347b8e31a,askacademia_train,losing_generate_gpt5nano,1,"1

The comment completely"
c00349d5-317e-434e-92cc-ec6347b8e31a,askacademia_train,losing_generate_llama,2,"2

This comment appears"
c00349d5-317e-434e-92cc-ec6347b8e31a,askacademia_train,losing_generate_mistral,2,"2

The comment provides"
c00349d5-317e-434e-92cc-ec6347b8e31a,askacademia_train,losing_generate_qwen,2,"2

This comment appears"
c00349d5-317e-434e-92cc-ec6347b8e31a,askacademia_train,losing_improve_claude,1,"1

This comment is"
c00349d5-317e-434e-92cc-ec6347b8e31a,askacademia_train,losing_improve_gemini,2,"2

This comment acknowled"
c00349d5-317e-434e-92cc-ec6347b8e31a,askacademia_train,losing_improve_gpt4omini,2,"2

This comment is"
c00349d5-317e-434e-92cc-ec6347b8e31a,askacademia_train,losing_improve_gpt5nano,4,4
c00349d5-317e-434e-92cc-ec6347b8e31a,askacademia_train,losing_improve_llama,2,"2

The comment appears"
c00349d5-317e-434e-92cc-ec6347b8e31a,askacademia_train,losing_improve_mistral,2,"2

This comment acknowled"
c00349d5-317e-434e-92cc-ec6347b8e31a,askacademia_train,losing_improve_qwen,3,3
c00349d5-317e-434e-92cc-ec6347b8e31a,askacademia_train,losing_paraphrase_claude,2,2
c00349d5-317e-434e-92cc-ec6347b8e31a,askacademia_train,losing_paraphrase_gemini,2,"2

This comment appears"
c00349d5-317e-434e-92cc-ec6347b8e31a,askacademia_train,losing_paraphrase_gpt4omini,2,"2

This comment acknowled"
c00349d5-317e-434e-92cc-ec6347b8e31a,askacademia_train,losing_paraphrase_gpt5nano,2,"2

This comment is"
c00349d5-317e-434e-92cc-ec6347b8e31a,askacademia_train,losing_paraphrase_llama,2,"2

This comment shows"
c00349d5-317e-434e-92cc-ec6347b8e31a,askacademia_train,losing_paraphrase_mistral,2,"2

The comment exp"
c00349d5-317e-434e-92cc-ec6347b8e31a,askacademia_train,losing_paraphrase_qwen,2,"2

This comment is"
004036c7-55eb-4199-a086-6cdb5d40af52,askacademia_train,winning_text,3,"3

This comment asks"
004036c7-55eb-4199-a086-6cdb5d40af52,askacademia_train,losing_text,2,"2

This comment is"
004036c7-55eb-4199-a086-6cdb5d40af52,askacademia_train,losing_generate_claude,4,"4

This comment serves"
004036c7-55eb-4199-a086-6cdb5d40af52,askacademia_train,losing_generate_gemini,4,"4

This comment provides"
004036c7-55eb-4199-a086-6cdb5d40af52,askacademia_train,losing_generate_gpt4omini,1,"1

This comment fails"
004036c7-55eb-4199-a086-6cdb5d40af52,askacademia_train,losing_generate_gpt5nano,4,"4

This comment deser"
004036c7-55eb-4199-a086-6cdb5d40af52,askacademia_train,losing_generate_llama,2,"2

This comment appears"
004036c7-55eb-4199-a086-6cdb5d40af52,askacademia_train,losing_generate_mistral,2,"2

The comment provides"
004036c7-55eb-4199-a086-6cdb5d40af52,askacademia_train,losing_generate_qwen,2,"2

This comment appears"
004036c7-55eb-4199-a086-6cdb5d40af52,askacademia_train,losing_improve_claude,2,"2

This comment acknowled"
004036c7-55eb-4199-a086-6cdb5d40af52,askacademia_train,losing_improve_gemini,3,"3

This is a"
004036c7-55eb-4199-a086-6cdb5d40af52,askacademia_train,losing_improve_gpt4omini,2,"2

This comment is"
004036c7-55eb-4199-a086-6cdb5d40af52,askacademia_train,losing_improve_gpt5nano,4,"4

This is a"
004036c7-55eb-4199-a086-6cdb5d40af52,askacademia_train,losing_improve_llama,2,"2

The comment appears"
004036c7-55eb-4199-a086-6cdb5d40af52,askacademia_train,losing_improve_mistral,2,"2

This comment acknowled"
004036c7-55eb-4199-a086-6cdb5d40af52,askacademia_train,losing_improve_qwen,2,"2

The comment asks"
004036c7-55eb-4199-a086-6cdb5d40af52,askacademia_train,losing_paraphrase_claude,2,"2

This comment is"
004036c7-55eb-4199-a086-6cdb5d40af52,askacademia_train,losing_paraphrase_gemini,2,"2

This comment appears"
004036c7-55eb-4199-a086-6cdb5d40af52,askacademia_train,losing_paraphrase_gpt4omini,2,"2

This comment acknowled"
004036c7-55eb-4199-a086-6cdb5d40af52,askacademia_train,losing_paraphrase_gpt5nano,2,"2

This comment is"
004036c7-55eb-4199-a086-6cdb5d40af52,askacademia_train,losing_paraphrase_llama,2,"2

This comment shows"
004036c7-55eb-4199-a086-6cdb5d40af52,askacademia_train,losing_paraphrase_mistral,2,"2

This comment is"
004036c7-55eb-4199-a086-6cdb5d40af52,askacademia_train,losing_paraphrase_qwen,2,"2

This comment is"
0daa48a6-7d18-453f-9bd6-9997ad41376d,askacademia_train,winning_text,2,"2

This comment adds"
0daa48a6-7d18-453f-9bd6-9997ad41376d,askacademia_train,losing_text,2,"2

This comment is"
0daa48a6-7d18-453f-9bd6-9997ad41376d,askacademia_train,losing_generate_claude,4,"4

This is a"
0daa48a6-7d18-453f-9bd6-9997ad41376d,askacademia_train,losing_generate_gemini,4,"4

This comment provides"
0daa48a6-7d18-453f-9bd6-9997ad41376d,askacademia_train,losing_generate_gpt4omini,2,"2

This comment provides"
0daa48a6-7d18-453f-9bd6-9997ad41376d,askacademia_train,losing_generate_gpt5nano,5,"5

This comment deser"
0daa48a6-7d18-453f-9bd6-9997ad41376d,askacademia_train,losing_generate_llama,2,"2

This comment appears"
0daa48a6-7d18-453f-9bd6-9997ad41376d,askacademia_train,losing_generate_mistral,2,"2

The comment provides"
0daa48a6-7d18-453f-9bd6-9997ad41376d,askacademia_train,losing_generate_qwen,2,"2

The comment appears"
0daa48a6-7d18-453f-9bd6-9997ad41376d,askacademia_train,losing_improve_claude,2,"2

This comment acknowled"
0daa48a6-7d18-453f-9bd6-9997ad41376d,askacademia_train,losing_improve_gemini,2,"2

This comment acknowled"
0daa48a6-7d18-453f-9bd6-9997ad41376d,askacademia_train,losing_improve_gpt4omini,2,"2

This comment is"
0daa48a6-7d18-453f-9bd6-9997ad41376d,askacademia_train,losing_improve_gpt5nano,4,"4

This is a"
0daa48a6-7d18-453f-9bd6-9997ad41376d,askacademia_train,losing_improve_llama,2,"2

The comment appears"
0daa48a6-7d18-453f-9bd6-9997ad41376d,askacademia_train,losing_improve_mistral,2,"2

This comment acknowled"
0daa48a6-7d18-453f-9bd6-9997ad41376d,askacademia_train,losing_improve_qwen,2,"2

The comment asks"
0daa48a6-7d18-453f-9bd6-9997ad41376d,askacademia_train,losing_paraphrase_claude,2,"2

This comment is"
0daa48a6-7d18-453f-9bd6-9997ad41376d,askacademia_train,losing_paraphrase_gemini,2,"2

This comment does"
0daa48a6-7d18-453f-9bd6-9997ad41376d,askacademia_train,losing_paraphrase_gpt4omini,2,"2

This comment acknowled"
0daa48a6-7d18-453f-9bd6-9997ad41376d,askacademia_train,losing_paraphrase_gpt5nano,2,"2

This comment is"
0daa48a6-7d18-453f-9bd6-9997ad41376d,askacademia_train,losing_paraphrase_llama,2,"2

This comment shows"
0daa48a6-7d18-453f-9bd6-9997ad41376d,askacademia_train,losing_paraphrase_mistral,2,"2

This comment is"
0daa48a6-7d18-453f-9bd6-9997ad41376d,askacademia_train,losing_paraphrase_qwen,2,"2

This comment is"
94357f35-360d-4bab-a1ab-a9d6bb34113e,askacademia_train,winning_text,3,"3

This comment provides"
94357f35-360d-4bab-a1ab-a9d6bb34113e,askacademia_train,losing_text,2,"2

This comment is"
94357f35-360d-4bab-a1ab-a9d6bb34113e,askacademia_train,losing_generate_claude,4,"4

This is a"
94357f35-360d-4bab-a1ab-a9d6bb34113e,askacademia_train,losing_generate_gemini,4,"4

This is a"
94357f35-360d-4bab-a1ab-a9d6bb34113e,askacademia_train,losing_generate_gpt4omini,2,"2

This comment provides"
94357f35-360d-4bab-a1ab-a9d6bb34113e,askacademia_train,losing_generate_gpt5nano,2,"2

This comment fundament"
94357f35-360d-4bab-a1ab-a9d6bb34113e,askacademia_train,losing_generate_llama,2,"2

This comment appears"
94357f35-360d-4bab-a1ab-a9d6bb34113e,askacademia_train,losing_generate_mistral,3,"3

This comment provides"
94357f35-360d-4bab-a1ab-a9d6bb34113e,askacademia_train,losing_generate_qwen,2,"2

This comment appears"
94357f35-360d-4bab-a1ab-a9d6bb34113e,askacademia_train,losing_improve_claude,2,"2

This comment acknowled"
94357f35-360d-4bab-a1ab-a9d6bb34113e,askacademia_train,losing_improve_gemini,2,"2

This comment acknowled"
94357f35-360d-4bab-a1ab-a9d6bb34113e,askacademia_train,losing_improve_gpt4omini,2,"2

The comment attempts"
94357f35-360d-4bab-a1ab-a9d6bb34113e,askacademia_train,losing_improve_gpt5nano,3,"3

This comment provides"
94357f35-360d-4bab-a1ab-a9d6bb34113e,askacademia_train,losing_improve_llama,2,"2

The comment appears"
94357f35-360d-4bab-a1ab-a9d6bb34113e,askacademia_train,losing_improve_mistral,2,"2

This comment acknowled"
94357f35-360d-4bab-a1ab-a9d6bb34113e,askacademia_train,losing_improve_qwen,3,3
94357f35-360d-4bab-a1ab-a9d6bb34113e,askacademia_train,losing_paraphrase_claude,2,2
94357f35-360d-4bab-a1ab-a9d6bb34113e,askacademia_train,losing_paraphrase_gemini,2,"2

This comment does"
94357f35-360d-4bab-a1ab-a9d6bb34113e,askacademia_train,losing_paraphrase_gpt4omini,2,"2

This comment acknowled"
94357f35-360d-4bab-a1ab-a9d6bb34113e,askacademia_train,losing_paraphrase_gpt5nano,2,"2

The comment is"
94357f35-360d-4bab-a1ab-a9d6bb34113e,askacademia_train,losing_paraphrase_llama,2,"2

This comment shows"
94357f35-360d-4bab-a1ab-a9d6bb34113e,askacademia_train,losing_paraphrase_mistral,2,"2

This comment is"
94357f35-360d-4bab-a1ab-a9d6bb34113e,askacademia_train,losing_paraphrase_qwen,2,"2

This comment is"
b4612eb0-1772-4632-bfb5-cd44f8dbbfa3,askacademia_train,winning_text,ERROR,BATCH_ERROR: expired
b4612eb0-1772-4632-bfb5-cd44f8dbbfa3,askacademia_train,losing_text,2,"2

This comment is"
b4612eb0-1772-4632-bfb5-cd44f8dbbfa3,askacademia_train,losing_generate_claude,4,"4

This is a"
b4612eb0-1772-4632-bfb5-cd44f8dbbfa3,askacademia_train,losing_generate_gemini,4,"4

This is a"
b4612eb0-1772-4632-bfb5-cd44f8dbbfa3,askacademia_train,losing_generate_gpt4omini,1,"1

This comment fails"
b4612eb0-1772-4632-bfb5-cd44f8dbbfa3,askacademia_train,losing_generate_gpt5nano,2,"2

This comment appears"
b4612eb0-1772-4632-bfb5-cd44f8dbbfa3,askacademia_train,losing_generate_llama,2,"2

This comment appears"
b4612eb0-1772-4632-bfb5-cd44f8dbbfa3,askacademia_train,losing_generate_mistral,2,"2

The comment provides"
b4612eb0-1772-4632-bfb5-cd44f8dbbfa3,askacademia_train,losing_generate_qwen,2,"2

This comment appears"
b4612eb0-1772-4632-bfb5-cd44f8dbbfa3,askacademia_train,losing_improve_claude,2,"2

This comment acknowled"
b4612eb0-1772-4632-bfb5-cd44f8dbbfa3,askacademia_train,losing_improve_gemini,2,"2

This comment acknowled"
b4612eb0-1772-4632-bfb5-cd44f8dbbfa3,askacademia_train,losing_improve_gpt4omini,2,"2

This comment is"
b4612eb0-1772-4632-bfb5-cd44f8dbbfa3,askacademia_train,losing_improve_gpt5nano,4,"4

This is a"
b4612eb0-1772-4632-bfb5-cd44f8dbbfa3,askacademia_train,losing_improve_llama,2,"2

The comment appears"
b4612eb0-1772-4632-bfb5-cd44f8dbbfa3,askacademia_train,losing_improve_mistral,2,"2

This comment acknowled"
b4612eb0-1772-4632-bfb5-cd44f8dbbfa3,askacademia_train,losing_improve_qwen,2,"2

The comment asks"
b4612eb0-1772-4632-bfb5-cd44f8dbbfa3,askacademia_train,losing_paraphrase_claude,2,2
b4612eb0-1772-4632-bfb5-cd44f8dbbfa3,askacademia_train,losing_paraphrase_gemini,2,"2

This comment is"
b4612eb0-1772-4632-bfb5-cd44f8dbbfa3,askacademia_train,losing_paraphrase_gpt4omini,2,"2

This comment acknowled"
b4612eb0-1772-4632-bfb5-cd44f8dbbfa3,askacademia_train,losing_paraphrase_gpt5nano,2,"2

This comment is"
b4612eb0-1772-4632-bfb5-cd44f8dbbfa3,askacademia_train,losing_paraphrase_llama,2,"2

This comment shows"
b4612eb0-1772-4632-bfb5-cd44f8dbbfa3,askacademia_train,losing_paraphrase_mistral,2,"2

This comment is"
b4612eb0-1772-4632-bfb5-cd44f8dbbfa3,askacademia_train,losing_paraphrase_qwen,2,"2

This comment is"
11b7e63a-ade4-488c-a7ef-d4bbfc662559,askacademia_train,winning_text,2,"2

The comment is"
11b7e63a-ade4-488c-a7ef-d4bbfc662559,askacademia_train,losing_text,2,"2

The comment """
11b7e63a-ade4-488c-a7ef-d4bbfc662559,askacademia_train,losing_generate_claude,4,"4

This is a"
11b7e63a-ade4-488c-a7ef-d4bbfc662559,askacademia_train,losing_generate_gemini,4,"4

This is a"
11b7e63a-ade4-488c-a7ef-d4bbfc662559,askacademia_train,losing_generate_gpt4omini,1,"1

This comment fails"
11b7e63a-ade4-488c-a7ef-d4bbfc662559,askacademia_train,losing_generate_gpt5nano,3,"3

This comment provides"
11b7e63a-ade4-488c-a7ef-d4bbfc662559,askacademia_train,losing_generate_llama,2,"2

This comment appears"
11b7e63a-ade4-488c-a7ef-d4bbfc662559,askacademia_train,losing_generate_mistral,2,"2

The comment provides"
11b7e63a-ade4-488c-a7ef-d4bbfc662559,askacademia_train,losing_generate_qwen,2,"2

This comment appears"
11b7e63a-ade4-488c-a7ef-d4bbfc662559,askacademia_train,losing_improve_claude,2,"2

The comment being"
11b7e63a-ade4-488c-a7ef-d4bbfc662559,askacademia_train,losing_improve_gemini,2,"2

This comment is"
11b7e63a-ade4-488c-a7ef-d4bbfc662559,askacademia_train,losing_improve_gpt4omini,2,"2

This comment assumes"
11b7e63a-ade4-488c-a7ef-d4bbfc662559,askacademia_train,losing_improve_gpt5nano,2,"2

This comment is"
11b7e63a-ade4-488c-a7ef-d4bbfc662559,askacademia_train,losing_improve_llama,2,2
11b7e63a-ade4-488c-a7ef-d4bbfc662559,askacademia_train,losing_improve_mistral,2,"2

This comment does"
11b7e63a-ade4-488c-a7ef-d4bbfc662559,askacademia_train,losing_improve_qwen,2,"2

This comment is"
11b7e63a-ade4-488c-a7ef-d4bbfc662559,askacademia_train,losing_paraphrase_claude,2,"2

This comment is"
11b7e63a-ade4-488c-a7ef-d4bbfc662559,askacademia_train,losing_paraphrase_gemini,2,"2

This comment has"
11b7e63a-ade4-488c-a7ef-d4bbfc662559,askacademia_train,losing_paraphrase_gpt4omini,2,"2

This is a"
11b7e63a-ade4-488c-a7ef-d4bbfc662559,askacademia_train,losing_paraphrase_gpt5nano,2,"2

This is a"
11b7e63a-ade4-488c-a7ef-d4bbfc662559,askacademia_train,losing_paraphrase_llama,2,"2

The comment appears"
11b7e63a-ade4-488c-a7ef-d4bbfc662559,askacademia_train,losing_paraphrase_mistral,2,"2

This comment is"
11b7e63a-ade4-488c-a7ef-d4bbfc662559,askacademia_train,losing_paraphrase_qwen,2,"2

This comment is"
459c37cc-e7d0-4611-a21b-d018cfd98b54,askacademia_train,winning_text,3,"3

This comment asks"
459c37cc-e7d0-4611-a21b-d018cfd98b54,askacademia_train,losing_text,2,"2

The comment is"
459c37cc-e7d0-4611-a21b-d018cfd98b54,askacademia_train,losing_generate_claude,4,"4

This is a"
459c37cc-e7d0-4611-a21b-d018cfd98b54,askacademia_train,losing_generate_gemini,4,"4

This comment provides"
459c37cc-e7d0-4611-a21b-d018cfd98b54,askacademia_train,losing_generate_gpt4omini,1,"1

This comment fails"
459c37cc-e7d0-4611-a21b-d018cfd98b54,askacademia_train,losing_generate_gpt5nano,1,"1

This comment completely"
459c37cc-e7d0-4611-a21b-d018cfd98b54,askacademia_train,losing_generate_llama,2,"2

This comment appears"
459c37cc-e7d0-4611-a21b-d018cfd98b54,askacademia_train,losing_generate_mistral,2,"2

The comment provides"
459c37cc-e7d0-4611-a21b-d018cfd98b54,askacademia_train,losing_generate_qwen,2,"2

The comment appears"
459c37cc-e7d0-4611-a21b-d018cfd98b54,askacademia_train,losing_improve_claude,3,"3

This comment provides"
459c37cc-e7d0-4611-a21b-d018cfd98b54,askacademia_train,losing_improve_gemini,2,"2

The comment provides"
459c37cc-e7d0-4611-a21b-d018cfd98b54,askacademia_train,losing_improve_gpt4omini,2,"2

The comment provides"
459c37cc-e7d0-4611-a21b-d018cfd98b54,askacademia_train,losing_improve_gpt5nano,2,"2

This comment appears"
459c37cc-e7d0-4611-a21b-d018cfd98b54,askacademia_train,losing_improve_llama,2,"2

The comment provides"
459c37cc-e7d0-4611-a21b-d018cfd98b54,askacademia_train,losing_improve_mistral,2,"2

This comment is"
459c37cc-e7d0-4611-a21b-d018cfd98b54,askacademia_train,losing_improve_qwen,2,2
459c37cc-e7d0-4611-a21b-d018cfd98b54,askacademia_train,losing_paraphrase_claude,2,"2

The comment is"
459c37cc-e7d0-4611-a21b-d018cfd98b54,askacademia_train,losing_paraphrase_gemini,2,"2

This comment has"
459c37cc-e7d0-4611-a21b-d018cfd98b54,askacademia_train,losing_paraphrase_gpt4omini,2,"2

The comment is"
459c37cc-e7d0-4611-a21b-d018cfd98b54,askacademia_train,losing_paraphrase_gpt5nano,2,"2

This comment is"
459c37cc-e7d0-4611-a21b-d018cfd98b54,askacademia_train,losing_paraphrase_llama,2,"2

The comment is"
459c37cc-e7d0-4611-a21b-d018cfd98b54,askacademia_train,losing_paraphrase_mistral,2,"2

The comment """
459c37cc-e7d0-4611-a21b-d018cfd98b54,askacademia_train,losing_paraphrase_qwen,2,2
e57a8b1b-1050-457a-85c9-ecba94c63d02,askacademia_train,winning_text,2,"2

This comment adds"
e57a8b1b-1050-457a-85c9-ecba94c63d02,askacademia_train,losing_text,2,"2

The comment is"
e57a8b1b-1050-457a-85c9-ecba94c63d02,askacademia_train,losing_generate_claude,4,"4

This is a"
e57a8b1b-1050-457a-85c9-ecba94c63d02,askacademia_train,losing_generate_gemini,4,"4

This comment provides"
e57a8b1b-1050-457a-85c9-ecba94c63d02,askacademia_train,losing_generate_gpt4omini,2,"2

This comment provides"
e57a8b1b-1050-457a-85c9-ecba94c63d02,askacademia_train,losing_generate_gpt5nano,2,"2

This comment appears"
e57a8b1b-1050-457a-85c9-ecba94c63d02,askacademia_train,losing_generate_llama,2,"2

This comment appears"
e57a8b1b-1050-457a-85c9-ecba94c63d02,askacademia_train,losing_generate_mistral,2,"2

The comment provides"
e57a8b1b-1050-457a-85c9-ecba94c63d02,askacademia_train,losing_generate_qwen,2,"2

This comment appears"
e57a8b1b-1050-457a-85c9-ecba94c63d02,askacademia_train,losing_improve_claude,4,"4

This is a"
e57a8b1b-1050-457a-85c9-ecba94c63d02,askacademia_train,losing_improve_gemini,2,"2

The comment provides"
e57a8b1b-1050-457a-85c9-ecba94c63d02,askacademia_train,losing_improve_gpt4omini,2,"2

The comment provides"
e57a8b1b-1050-457a-85c9-ecba94c63d02,askacademia_train,losing_improve_gpt5nano,2,"2

The comment provides"
e57a8b1b-1050-457a-85c9-ecba94c63d02,askacademia_train,losing_improve_llama,2,"2

The comment provides"
e57a8b1b-1050-457a-85c9-ecba94c63d02,askacademia_train,losing_improve_mistral,2,"2

This comment is"
e57a8b1b-1050-457a-85c9-ecba94c63d02,askacademia_train,losing_improve_qwen,2,2
e57a8b1b-1050-457a-85c9-ecba94c63d02,askacademia_train,losing_paraphrase_claude,2,"2

This comment is"
e57a8b1b-1050-457a-85c9-ecba94c63d02,askacademia_train,losing_paraphrase_gemini,3,"3

This comment provides"
e57a8b1b-1050-457a-85c9-ecba94c63d02,askacademia_train,losing_paraphrase_gpt4omini,2,"2

This comment is"
e57a8b1b-1050-457a-85c9-ecba94c63d02,askacademia_train,losing_paraphrase_gpt5nano,2,"2

This comment is"
e57a8b1b-1050-457a-85c9-ecba94c63d02,askacademia_train,losing_paraphrase_llama,2,"2

The comment is"
e57a8b1b-1050-457a-85c9-ecba94c63d02,askacademia_train,losing_paraphrase_mistral,2,"2

The comment """
e57a8b1b-1050-457a-85c9-ecba94c63d02,askacademia_train,losing_paraphrase_qwen,2,2
f35c0b8d-f88b-4d21-b43b-7668069d026c,askacademia_train,winning_text,3,"3

This comment provides"
f35c0b8d-f88b-4d21-b43b-7668069d026c,askacademia_train,losing_text,2,"2

The comment is"
f35c0b8d-f88b-4d21-b43b-7668069d026c,askacademia_train,losing_generate_claude,4,"4

This is a"
f35c0b8d-f88b-4d21-b43b-7668069d026c,askacademia_train,losing_generate_gemini,4,"4

This comment provides"
f35c0b8d-f88b-4d21-b43b-7668069d026c,askacademia_train,losing_generate_gpt4omini,2,"2

This comment provides"
f35c0b8d-f88b-4d21-b43b-7668069d026c,askacademia_train,losing_generate_gpt5nano,2,"2

This comment appears"
f35c0b8d-f88b-4d21-b43b-7668069d026c,askacademia_train,losing_generate_llama,2,"2

This comment appears"
f35c0b8d-f88b-4d21-b43b-7668069d026c,askacademia_train,losing_generate_mistral,2,"2

The comment provides"
f35c0b8d-f88b-4d21-b43b-7668069d026c,askacademia_train,losing_generate_qwen,2,"2

This comment appears"
f35c0b8d-f88b-4d21-b43b-7668069d026c,askacademia_train,losing_improve_claude,4,"4

This is a"
f35c0b8d-f88b-4d21-b43b-7668069d026c,askacademia_train,losing_improve_gemini,4,"4

This is a"
f35c0b8d-f88b-4d21-b43b-7668069d026c,askacademia_train,losing_improve_gpt4omini,2,"2

The comment provides"
f35c0b8d-f88b-4d21-b43b-7668069d026c,askacademia_train,losing_improve_gpt5nano,2,"2

The comment appears"
f35c0b8d-f88b-4d21-b43b-7668069d026c,askacademia_train,losing_improve_llama,2,"2

The comment provides"
f35c0b8d-f88b-4d21-b43b-7668069d026c,askacademia_train,losing_improve_mistral,2,"2

This comment is"
f35c0b8d-f88b-4d21-b43b-7668069d026c,askacademia_train,losing_improve_qwen,2,2
f35c0b8d-f88b-4d21-b43b-7668069d026c,askacademia_train,losing_paraphrase_claude,2,"2

This comment is"
f35c0b8d-f88b-4d21-b43b-7668069d026c,askacademia_train,losing_paraphrase_gemini,3,"3

This comment provides"
f35c0b8d-f88b-4d21-b43b-7668069d026c,askacademia_train,losing_paraphrase_gpt4omini,2,"2

The comment is"
f35c0b8d-f88b-4d21-b43b-7668069d026c,askacademia_train,losing_paraphrase_gpt5nano,2,"2

This comment is"
f35c0b8d-f88b-4d21-b43b-7668069d026c,askacademia_train,losing_paraphrase_llama,2,"2

The comment is"
f35c0b8d-f88b-4d21-b43b-7668069d026c,askacademia_train,losing_paraphrase_mistral,2,"2

The comment """
f35c0b8d-f88b-4d21-b43b-7668069d026c,askacademia_train,losing_paraphrase_qwen,2,2
2d40847e-4874-4f1a-9eaf-f511ace256f2,askacademia_train,winning_text,2,"2

This comment is"
2d40847e-4874-4f1a-9eaf-f511ace256f2,askacademia_train,losing_text,2,"2

The comment is"
2d40847e-4874-4f1a-9eaf-f511ace256f2,askacademia_train,losing_generate_claude,4,"4

This comment serves"
2d40847e-4874-4f1a-9eaf-f511ace256f2,askacademia_train,losing_generate_gemini,4,"4

This is a"
2d40847e-4874-4f1a-9eaf-f511ace256f2,askacademia_train,losing_generate_gpt4omini,1,"1

This comment fails"
2d40847e-4874-4f1a-9eaf-f511ace256f2,askacademia_train,losing_generate_gpt5nano,2,"2

This comment fundament"
2d40847e-4874-4f1a-9eaf-f511ace256f2,askacademia_train,losing_generate_llama,2,"2

This comment appears"
2d40847e-4874-4f1a-9eaf-f511ace256f2,askacademia_train,losing_generate_mistral,2,"2

The comment provides"
2d40847e-4874-4f1a-9eaf-f511ace256f2,askacademia_train,losing_generate_qwen,2,"2

The comment appears"
2d40847e-4874-4f1a-9eaf-f511ace256f2,askacademia_train,losing_improve_claude,3,3
2d40847e-4874-4f1a-9eaf-f511ace256f2,askacademia_train,losing_improve_gemini,2,"2

The comment provides"
2d40847e-4874-4f1a-9eaf-f511ace256f2,askacademia_train,losing_improve_gpt4omini,2,"2

The comment provides"
2d40847e-4874-4f1a-9eaf-f511ace256f2,askacademia_train,losing_improve_gpt5nano,2,"2

The comment provides"
2d40847e-4874-4f1a-9eaf-f511ace256f2,askacademia_train,losing_improve_llama,2,"2

The comment provides"
2d40847e-4874-4f1a-9eaf-f511ace256f2,askacademia_train,losing_improve_mistral,2,"2

This comment is"
2d40847e-4874-4f1a-9eaf-f511ace256f2,askacademia_train,losing_improve_qwen,2,2
2d40847e-4874-4f1a-9eaf-f511ace256f2,askacademia_train,losing_paraphrase_claude,2,"2

The comment is"
2d40847e-4874-4f1a-9eaf-f511ace256f2,askacademia_train,losing_paraphrase_gemini,3,3
2d40847e-4874-4f1a-9eaf-f511ace256f2,askacademia_train,losing_paraphrase_gpt4omini,2,"2

The comment is"
2d40847e-4874-4f1a-9eaf-f511ace256f2,askacademia_train,losing_paraphrase_gpt5nano,2,"2

This comment is"
2d40847e-4874-4f1a-9eaf-f511ace256f2,askacademia_train,losing_paraphrase_llama,2,"2

The comment is"
2d40847e-4874-4f1a-9eaf-f511ace256f2,askacademia_train,losing_paraphrase_mistral,2,"2

The comment """
2d40847e-4874-4f1a-9eaf-f511ace256f2,askacademia_train,losing_paraphrase_qwen,2,2
60493546-6c01-4ad2-9892-1649796003fa,askacademia_train,winning_text,3,"3

This comment asks"
60493546-6c01-4ad2-9892-1649796003fa,askacademia_train,losing_text,2,"2

This comment is"
60493546-6c01-4ad2-9892-1649796003fa,askacademia_train,losing_generate_claude,4,"4

This is a"
60493546-6c01-4ad2-9892-1649796003fa,askacademia_train,losing_generate_gemini,4,"4

This is a"
60493546-6c01-4ad2-9892-1649796003fa,askacademia_train,losing_generate_gpt4omini,2,"2

This comment provides"
60493546-6c01-4ad2-9892-1649796003fa,askacademia_train,losing_generate_gpt5nano,4,"4

This is a"
60493546-6c01-4ad2-9892-1649796003fa,askacademia_train,losing_generate_llama,2,"2

This comment appears"
60493546-6c01-4ad2-9892-1649796003fa,askacademia_train,losing_generate_mistral,1,"1

This comment appears"
60493546-6c01-4ad2-9892-1649796003fa,askacademia_train,losing_generate_qwen,2,"2

The comment appears"
60493546-6c01-4ad2-9892-1649796003fa,askacademia_train,losing_improve_claude,2,"2

The comment """
60493546-6c01-4ad2-9892-1649796003fa,askacademia_train,losing_improve_gemini,2,"2

This comment is"
60493546-6c01-4ad2-9892-1649796003fa,askacademia_train,losing_improve_gpt4omini,2,"2

This comment assumes"
60493546-6c01-4ad2-9892-1649796003fa,askacademia_train,losing_improve_gpt5nano,2,"2

This comment appears"
60493546-6c01-4ad2-9892-1649796003fa,askacademia_train,losing_improve_llama,2,2
60493546-6c01-4ad2-9892-1649796003fa,askacademia_train,losing_improve_mistral,2,"2

This comment is"
60493546-6c01-4ad2-9892-1649796003fa,askacademia_train,losing_improve_qwen,2,"2

This comment is"
60493546-6c01-4ad2-9892-1649796003fa,askacademia_train,losing_paraphrase_claude,3,"3

This comment receives"
60493546-6c01-4ad2-9892-1649796003fa,askacademia_train,losing_paraphrase_gemini,4,"4

This is a"
60493546-6c01-4ad2-9892-1649796003fa,askacademia_train,losing_paraphrase_gpt4omini,2,"2

This is a"
60493546-6c01-4ad2-9892-1649796003fa,askacademia_train,losing_paraphrase_gpt5nano,2,"2

This is a"
60493546-6c01-4ad2-9892-1649796003fa,askacademia_train,losing_paraphrase_llama,2,"2

The comment appears"
60493546-6c01-4ad2-9892-1649796003fa,askacademia_train,losing_paraphrase_mistral,2,"2

This is a"
60493546-6c01-4ad2-9892-1649796003fa,askacademia_train,losing_paraphrase_qwen,2,"2

This comment is"
2cbae963-1778-487d-9072-3a36b97bfed8,askacademia_train,winning_text,2,"2

This comment adds"
2cbae963-1778-487d-9072-3a36b97bfed8,askacademia_train,losing_text,2,"2

The comment """
2cbae963-1778-487d-9072-3a36b97bfed8,askacademia_train,losing_generate_claude,3,"3

This comment provides"
2cbae963-1778-487d-9072-3a36b97bfed8,askacademia_train,losing_generate_gemini,4,"4

This is a"
2cbae963-1778-487d-9072-3a36b97bfed8,askacademia_train,losing_generate_gpt4omini,2,"2

This comment provides"
2cbae963-1778-487d-9072-3a36b97bfed8,askacademia_train,losing_generate_gpt5nano,2,"2

This comment provides"
2cbae963-1778-487d-9072-3a36b97bfed8,askacademia_train,losing_generate_llama,2,"2

This comment appears"
2cbae963-1778-487d-9072-3a36b97bfed8,askacademia_train,losing_generate_mistral,2,"2

The comment provides"
2cbae963-1778-487d-9072-3a36b97bfed8,askacademia_train,losing_generate_qwen,2,"2

The comment appears"
2cbae963-1778-487d-9072-3a36b97bfed8,askacademia_train,losing_improve_claude,1,1
2cbae963-1778-487d-9072-3a36b97bfed8,askacademia_train,losing_improve_gemini,2,"2

This comment is"
2cbae963-1778-487d-9072-3a36b97bfed8,askacademia_train,losing_improve_gpt4omini,2,"2

This comment is"
2cbae963-1778-487d-9072-3a36b97bfed8,askacademia_train,losing_improve_gpt5nano,2,"2

This comment appears"
2cbae963-1778-487d-9072-3a36b97bfed8,askacademia_train,losing_improve_llama,2,2
2cbae963-1778-487d-9072-3a36b97bfed8,askacademia_train,losing_improve_mistral,2,"2

This comment is"
2cbae963-1778-487d-9072-3a36b97bfed8,askacademia_train,losing_improve_qwen,2,"2

This comment is"
2cbae963-1778-487d-9072-3a36b97bfed8,askacademia_train,losing_paraphrase_claude,3,"3

This comment receives"
2cbae963-1778-487d-9072-3a36b97bfed8,askacademia_train,losing_paraphrase_gemini,2,"2

This comment provides"
2cbae963-1778-487d-9072-3a36b97bfed8,askacademia_train,losing_paraphrase_gpt4omini,2,"2

This is a"
2cbae963-1778-487d-9072-3a36b97bfed8,askacademia_train,losing_paraphrase_gpt5nano,2,"2

This is a"
2cbae963-1778-487d-9072-3a36b97bfed8,askacademia_train,losing_paraphrase_llama,2,"2

The comment appears"
2cbae963-1778-487d-9072-3a36b97bfed8,askacademia_train,losing_paraphrase_mistral,2,"2

This comment is"
2cbae963-1778-487d-9072-3a36b97bfed8,askacademia_train,losing_paraphrase_qwen,2,"2

This comment is"
0a8e03e1-ad7e-424e-97ee-0e527fe92137,askacademia_train,winning_text,3,"3

This comment provides"
0a8e03e1-ad7e-424e-97ee-0e527fe92137,askacademia_train,losing_text,2,"2

The comment """
0a8e03e1-ad7e-424e-97ee-0e527fe92137,askacademia_train,losing_generate_claude,4,"4

This is a"
0a8e03e1-ad7e-424e-97ee-0e527fe92137,askacademia_train,losing_generate_gemini,4,"4

This comment provides"
0a8e03e1-ad7e-424e-97ee-0e527fe92137,askacademia_train,losing_generate_gpt4omini,1,"1

This comment fails"
0a8e03e1-ad7e-424e-97ee-0e527fe92137,askacademia_train,losing_generate_gpt5nano,2,"2

The comment provides"
0a8e03e1-ad7e-424e-97ee-0e527fe92137,askacademia_train,losing_generate_llama,2,"2

This comment appears"
0a8e03e1-ad7e-424e-97ee-0e527fe92137,askacademia_train,losing_generate_mistral,2,"2

This comment provides"
0a8e03e1-ad7e-424e-97ee-0e527fe92137,askacademia_train,losing_generate_qwen,2,"2

The comment appears"
0a8e03e1-ad7e-424e-97ee-0e527fe92137,askacademia_train,losing_improve_claude,2,"2

This comment is"
0a8e03e1-ad7e-424e-97ee-0e527fe92137,askacademia_train,losing_improve_gemini,2,"2

This comment is"
0a8e03e1-ad7e-424e-97ee-0e527fe92137,askacademia_train,losing_improve_gpt4omini,2,"2

This comment is"
0a8e03e1-ad7e-424e-97ee-0e527fe92137,askacademia_train,losing_improve_gpt5nano,2,"2

This comment appears"
0a8e03e1-ad7e-424e-97ee-0e527fe92137,askacademia_train,losing_improve_llama,2,2
0a8e03e1-ad7e-424e-97ee-0e527fe92137,askacademia_train,losing_improve_mistral,2,"2

This comment is"
0a8e03e1-ad7e-424e-97ee-0e527fe92137,askacademia_train,losing_improve_qwen,2,"2

This comment is"
0a8e03e1-ad7e-424e-97ee-0e527fe92137,askacademia_train,losing_paraphrase_claude,2,"2

This comment is"
0a8e03e1-ad7e-424e-97ee-0e527fe92137,askacademia_train,losing_paraphrase_gemini,3,"3

This comment provides"
0a8e03e1-ad7e-424e-97ee-0e527fe92137,askacademia_train,losing_paraphrase_gpt4omini,2,"2

This is a"
0a8e03e1-ad7e-424e-97ee-0e527fe92137,askacademia_train,losing_paraphrase_gpt5nano,2,"2

This is a"
0a8e03e1-ad7e-424e-97ee-0e527fe92137,askacademia_train,losing_paraphrase_llama,2,"2

The comment appears"
0a8e03e1-ad7e-424e-97ee-0e527fe92137,askacademia_train,losing_paraphrase_mistral,2,"2

This comment is"
0a8e03e1-ad7e-424e-97ee-0e527fe92137,askacademia_train,losing_paraphrase_qwen,2,"2

This comment is"
d3b6ae73-47de-4e1b-b1a3-7888337424ac,askacademia_train,winning_text,2,"2

This comment is"
d3b6ae73-47de-4e1b-b1a3-7888337424ac,askacademia_train,losing_text,2,"2

The comment """
d3b6ae73-47de-4e1b-b1a3-7888337424ac,askacademia_train,losing_generate_claude,4,"4

This is a"
d3b6ae73-47de-4e1b-b1a3-7888337424ac,askacademia_train,losing_generate_gemini,4,"4

This comment provides"
d3b6ae73-47de-4e1b-b1a3-7888337424ac,askacademia_train,losing_generate_gpt4omini,1,"1

This comment fails"
d3b6ae73-47de-4e1b-b1a3-7888337424ac,askacademia_train,losing_generate_gpt5nano,1,"1

This comment completely"
d3b6ae73-47de-4e1b-b1a3-7888337424ac,askacademia_train,losing_generate_llama,2,"2

This comment appears"
d3b6ae73-47de-4e1b-b1a3-7888337424ac,askacademia_train,losing_generate_mistral,2,"2

This comment provides"
d3b6ae73-47de-4e1b-b1a3-7888337424ac,askacademia_train,losing_generate_qwen,2,"2

The comment appears"
d3b6ae73-47de-4e1b-b1a3-7888337424ac,askacademia_train,losing_improve_claude,2,2
d3b6ae73-47de-4e1b-b1a3-7888337424ac,askacademia_train,losing_improve_gemini,2,"2

This comment is"
d3b6ae73-47de-4e1b-b1a3-7888337424ac,askacademia_train,losing_improve_gpt4omini,2,"2

This comment assumes"
d3b6ae73-47de-4e1b-b1a3-7888337424ac,askacademia_train,losing_improve_gpt5nano,2,"2

This comment appears"
d3b6ae73-47de-4e1b-b1a3-7888337424ac,askacademia_train,losing_improve_llama,2,2
d3b6ae73-47de-4e1b-b1a3-7888337424ac,askacademia_train,losing_improve_mistral,2,"2

This comment is"
d3b6ae73-47de-4e1b-b1a3-7888337424ac,askacademia_train,losing_improve_qwen,2,"2

This comment is"
d3b6ae73-47de-4e1b-b1a3-7888337424ac,askacademia_train,losing_paraphrase_claude,2,"2

This comment is"
d3b6ae73-47de-4e1b-b1a3-7888337424ac,askacademia_train,losing_paraphrase_gemini,3,"3

This comment provides"
d3b6ae73-47de-4e1b-b1a3-7888337424ac,askacademia_train,losing_paraphrase_gpt4omini,2,"2

This is a"
d3b6ae73-47de-4e1b-b1a3-7888337424ac,askacademia_train,losing_paraphrase_gpt5nano,2,"2

This is a"
d3b6ae73-47de-4e1b-b1a3-7888337424ac,askacademia_train,losing_paraphrase_llama,2,"2

The comment appears"
d3b6ae73-47de-4e1b-b1a3-7888337424ac,askacademia_train,losing_paraphrase_mistral,2,"2

This comment is"
d3b6ae73-47de-4e1b-b1a3-7888337424ac,askacademia_train,losing_paraphrase_qwen,2,"2

This comment is"
01440904-0e40-4b7c-a877-41993417f19e,askacademia_train,winning_text,3,"3

This comment asks"
01440904-0e40-4b7c-a877-41993417f19e,askacademia_train,losing_text,2,"2

This comment is"
01440904-0e40-4b7c-a877-41993417f19e,askacademia_train,losing_generate_claude,4,"4

This is a"
01440904-0e40-4b7c-a877-41993417f19e,askacademia_train,losing_generate_gemini,4,"4

This comment provides"
01440904-0e40-4b7c-a877-41993417f19e,askacademia_train,losing_generate_gpt4omini,1,"1

This comment fails"
01440904-0e40-4b7c-a877-41993417f19e,askacademia_train,losing_generate_gpt5nano,2,"2

The comment mis"
01440904-0e40-4b7c-a877-41993417f19e,askacademia_train,losing_generate_llama,2,"2

This comment appears"
01440904-0e40-4b7c-a877-41993417f19e,askacademia_train,losing_generate_mistral,2,"2

The comment provides"
01440904-0e40-4b7c-a877-41993417f19e,askacademia_train,losing_generate_qwen,2,"2

This comment appears"
01440904-0e40-4b7c-a877-41993417f19e,askacademia_train,losing_improve_claude,2,"2

This comment appears"
01440904-0e40-4b7c-a877-41993417f19e,askacademia_train,losing_improve_gemini,2,"2

This comment is"
01440904-0e40-4b7c-a877-41993417f19e,askacademia_train,losing_improve_gpt4omini,2,"2

This comment provides"
01440904-0e40-4b7c-a877-41993417f19e,askacademia_train,losing_improve_gpt5nano,2,"2

This comment provides"
01440904-0e40-4b7c-a877-41993417f19e,askacademia_train,losing_improve_llama,2,"2

The comment provides"
01440904-0e40-4b7c-a877-41993417f19e,askacademia_train,losing_improve_mistral,2,"2

This comment does"
01440904-0e40-4b7c-a877-41993417f19e,askacademia_train,losing_improve_qwen,2,"2

The comment appears"
01440904-0e40-4b7c-a877-41993417f19e,askacademia_train,losing_paraphrase_claude,2,"2

The comment exp"
01440904-0e40-4b7c-a877-41993417f19e,askacademia_train,losing_paraphrase_gemini,3,"3

This comment provides"
01440904-0e40-4b7c-a877-41993417f19e,askacademia_train,losing_paraphrase_gpt4omini,2,"2

This comment is"
01440904-0e40-4b7c-a877-41993417f19e,askacademia_train,losing_paraphrase_gpt5nano,2,"2

This comment is"
01440904-0e40-4b7c-a877-41993417f19e,askacademia_train,losing_paraphrase_llama,3,"3

This comment provides"
01440904-0e40-4b7c-a877-41993417f19e,askacademia_train,losing_paraphrase_mistral,2,"2

This comment is"
01440904-0e40-4b7c-a877-41993417f19e,askacademia_train,losing_paraphrase_qwen,2,"2

This comment is"
3b5c48da-a8fe-4ab6-a587-c1a6772191f5,askacademia_train,winning_text,2,"2

This comment adds"
3b5c48da-a8fe-4ab6-a587-c1a6772191f5,askacademia_train,losing_text,2,"2

This comment is"
3b5c48da-a8fe-4ab6-a587-c1a6772191f5,askacademia_train,losing_generate_claude,4,"4

This is a"
3b5c48da-a8fe-4ab6-a587-c1a6772191f5,askacademia_train,losing_generate_gemini,4,"4

This comment provides"
3b5c48da-a8fe-4ab6-a587-c1a6772191f5,askacademia_train,losing_generate_gpt4omini,1,"1

This comment fails"
3b5c48da-a8fe-4ab6-a587-c1a6772191f5,askacademia_train,losing_generate_gpt5nano,2,"2

This comment does"
3b5c48da-a8fe-4ab6-a587-c1a6772191f5,askacademia_train,losing_generate_llama,1,"1

This comment is"
3b5c48da-a8fe-4ab6-a587-c1a6772191f5,askacademia_train,losing_generate_mistral,2,"2

The comment provides"
3b5c48da-a8fe-4ab6-a587-c1a6772191f5,askacademia_train,losing_generate_qwen,2,"2

The comment appears"
3b5c48da-a8fe-4ab6-a587-c1a6772191f5,askacademia_train,losing_improve_claude,2,"2

This comment appears"
3b5c48da-a8fe-4ab6-a587-c1a6772191f5,askacademia_train,losing_improve_gemini,2,"2

The comment is"
3b5c48da-a8fe-4ab6-a587-c1a6772191f5,askacademia_train,losing_improve_gpt4omini,2,"2

This comment provides"
3b5c48da-a8fe-4ab6-a587-c1a6772191f5,askacademia_train,losing_improve_gpt5nano,2,"2

This comment provides"
3b5c48da-a8fe-4ab6-a587-c1a6772191f5,askacademia_train,losing_improve_llama,2,"2

The comment provides"
3b5c48da-a8fe-4ab6-a587-c1a6772191f5,askacademia_train,losing_improve_mistral,2,"2

This comment does"
3b5c48da-a8fe-4ab6-a587-c1a6772191f5,askacademia_train,losing_improve_qwen,2,"2

This comment appears"
3b5c48da-a8fe-4ab6-a587-c1a6772191f5,askacademia_train,losing_paraphrase_claude,2,"2

The comment exp"
3b5c48da-a8fe-4ab6-a587-c1a6772191f5,askacademia_train,losing_paraphrase_gemini,4,"4

This is a"
3b5c48da-a8fe-4ab6-a587-c1a6772191f5,askacademia_train,losing_paraphrase_gpt4omini,2,"2

This comment is"
3b5c48da-a8fe-4ab6-a587-c1a6772191f5,askacademia_train,losing_paraphrase_gpt5nano,2,"2

This comment is"
3b5c48da-a8fe-4ab6-a587-c1a6772191f5,askacademia_train,losing_paraphrase_llama,3,"3

This comment provides"
3b5c48da-a8fe-4ab6-a587-c1a6772191f5,askacademia_train,losing_paraphrase_mistral,2,"2

This comment is"
3b5c48da-a8fe-4ab6-a587-c1a6772191f5,askacademia_train,losing_paraphrase_qwen,2,"2

This comment is"
3ed5aec2-7dfe-4686-8c17-3fa4db2b7963,askacademia_train,winning_text,3,"3

This comment provides"
3ed5aec2-7dfe-4686-8c17-3fa4db2b7963,askacademia_train,losing_text,2,"2

This comment is"
3ed5aec2-7dfe-4686-8c17-3fa4db2b7963,askacademia_train,losing_generate_claude,4,"4

This is a"
3ed5aec2-7dfe-4686-8c17-3fa4db2b7963,askacademia_train,losing_generate_gemini,4,"4

This is a"
3ed5aec2-7dfe-4686-8c17-3fa4db2b7963,askacademia_train,losing_generate_gpt4omini,1,"1

This comment fails"
3ed5aec2-7dfe-4686-8c17-3fa4db2b7963,askacademia_train,losing_generate_gpt5nano,2,"2

The comment mis"
3ed5aec2-7dfe-4686-8c17-3fa4db2b7963,askacademia_train,losing_generate_llama,2,"2

This comment appears"
3ed5aec2-7dfe-4686-8c17-3fa4db2b7963,askacademia_train,losing_generate_mistral,2,"2

The comment provides"
3ed5aec2-7dfe-4686-8c17-3fa4db2b7963,askacademia_train,losing_generate_qwen,2,"2

The comment appears"
3ed5aec2-7dfe-4686-8c17-3fa4db2b7963,askacademia_train,losing_improve_claude,4,"4

This comment serves"
3ed5aec2-7dfe-4686-8c17-3fa4db2b7963,askacademia_train,losing_improve_gemini,2,"2

This comment is"
3ed5aec2-7dfe-4686-8c17-3fa4db2b7963,askacademia_train,losing_improve_gpt4omini,2,"2

The comment provides"
3ed5aec2-7dfe-4686-8c17-3fa4db2b7963,askacademia_train,losing_improve_gpt5nano,2,"2

The comment doesn"
3ed5aec2-7dfe-4686-8c17-3fa4db2b7963,askacademia_train,losing_improve_llama,2,"2

The comment provides"
3ed5aec2-7dfe-4686-8c17-3fa4db2b7963,askacademia_train,losing_improve_mistral,2,"2

This comment does"
3ed5aec2-7dfe-4686-8c17-3fa4db2b7963,askacademia_train,losing_improve_qwen,2,"2

This comment appears"
3ed5aec2-7dfe-4686-8c17-3fa4db2b7963,askacademia_train,losing_paraphrase_claude,2,"2

The comment exp"
3ed5aec2-7dfe-4686-8c17-3fa4db2b7963,askacademia_train,losing_paraphrase_gemini,4,"4

This comment serves"
3ed5aec2-7dfe-4686-8c17-3fa4db2b7963,askacademia_train,losing_paraphrase_gpt4omini,2,"2

This comment is"
3ed5aec2-7dfe-4686-8c17-3fa4db2b7963,askacademia_train,losing_paraphrase_gpt5nano,2,"2

This comment is"
3ed5aec2-7dfe-4686-8c17-3fa4db2b7963,askacademia_train,losing_paraphrase_llama,3,"3

This comment provides"
3ed5aec2-7dfe-4686-8c17-3fa4db2b7963,askacademia_train,losing_paraphrase_mistral,2,"2

This comment is"
3ed5aec2-7dfe-4686-8c17-3fa4db2b7963,askacademia_train,losing_paraphrase_qwen,2,"2

This comment is"
6b8ea25c-868e-4f79-94cb-dd747a5d4666,askacademia_train,winning_text,2,"2

This comment is"
6b8ea25c-868e-4f79-94cb-dd747a5d4666,askacademia_train,losing_text,2,"2

This comment is"
6b8ea25c-868e-4f79-94cb-dd747a5d4666,askacademia_train,losing_generate_claude,4,"4

This is a"
6b8ea25c-868e-4f79-94cb-dd747a5d4666,askacademia_train,losing_generate_gemini,4,"4

This comment provides"
6b8ea25c-868e-4f79-94cb-dd747a5d4666,askacademia_train,losing_generate_gpt4omini,1,"1

This comment fails"
6b8ea25c-868e-4f79-94cb-dd747a5d4666,askacademia_train,losing_generate_gpt5nano,2,"2

This comment fails"
6b8ea25c-868e-4f79-94cb-dd747a5d4666,askacademia_train,losing_generate_llama,2,"2

This comment appears"
6b8ea25c-868e-4f79-94cb-dd747a5d4666,askacademia_train,losing_generate_mistral,2,"2

This comment appears"
6b8ea25c-868e-4f79-94cb-dd747a5d4666,askacademia_train,losing_generate_qwen,2,"2

The comment appears"
6b8ea25c-868e-4f79-94cb-dd747a5d4666,askacademia_train,losing_improve_claude,2,"2

This comment appears"
6b8ea25c-868e-4f79-94cb-dd747a5d4666,askacademia_train,losing_improve_gemini,2,"2

This comment is"
6b8ea25c-868e-4f79-94cb-dd747a5d4666,askacademia_train,losing_improve_gpt4omini,2,"2

The comment provides"
6b8ea25c-868e-4f79-94cb-dd747a5d4666,askacademia_train,losing_improve_gpt5nano,3,"3

This comment provides"
6b8ea25c-868e-4f79-94cb-dd747a5d4666,askacademia_train,losing_improve_llama,2,"2

The comment provides"
6b8ea25c-868e-4f79-94cb-dd747a5d4666,askacademia_train,losing_improve_mistral,2,"2

This comment does"
6b8ea25c-868e-4f79-94cb-dd747a5d4666,askacademia_train,losing_improve_qwen,2,"2

This comment appears"
6b8ea25c-868e-4f79-94cb-dd747a5d4666,askacademia_train,losing_paraphrase_claude,2,"2

The comment is"
6b8ea25c-868e-4f79-94cb-dd747a5d4666,askacademia_train,losing_paraphrase_gemini,3,"3

This comment provides"
6b8ea25c-868e-4f79-94cb-dd747a5d4666,askacademia_train,losing_paraphrase_gpt4omini,2,"2

This comment is"
6b8ea25c-868e-4f79-94cb-dd747a5d4666,askacademia_train,losing_paraphrase_gpt5nano,2,"2

This comment is"
6b8ea25c-868e-4f79-94cb-dd747a5d4666,askacademia_train,losing_paraphrase_llama,3,"3

This comment provides"
6b8ea25c-868e-4f79-94cb-dd747a5d4666,askacademia_train,losing_paraphrase_mistral,2,"2

This comment is"
6b8ea25c-868e-4f79-94cb-dd747a5d4666,askacademia_train,losing_paraphrase_qwen,2,"2

This comment is"
174a7dd7-d1e2-4448-9bc6-72daa891763c,askacademia_train,winning_text,2,"2

This comment adds"
174a7dd7-d1e2-4448-9bc6-72daa891763c,askacademia_train,losing_text,3,"3

This comment asks"
174a7dd7-d1e2-4448-9bc6-72daa891763c,askacademia_train,losing_generate_claude,4,"4

This is a"
174a7dd7-d1e2-4448-9bc6-72daa891763c,askacademia_train,losing_generate_gemini,4,"4

This is a"
174a7dd7-d1e2-4448-9bc6-72daa891763c,askacademia_train,losing_generate_gpt4omini,1,"1

This comment fails"
174a7dd7-d1e2-4448-9bc6-72daa891763c,askacademia_train,losing_generate_gpt5nano,3,"3

The comment provides"
174a7dd7-d1e2-4448-9bc6-72daa891763c,askacademia_train,losing_generate_llama,2,"2

This comment appears"
174a7dd7-d1e2-4448-9bc6-72daa891763c,askacademia_train,losing_generate_mistral,2,"2

The comment provides"
174a7dd7-d1e2-4448-9bc6-72daa891763c,askacademia_train,losing_generate_qwen,2,"2

The comment appears"
174a7dd7-d1e2-4448-9bc6-72daa891763c,askacademia_train,losing_improve_claude,4,"4

This comment provides"
174a7dd7-d1e2-4448-9bc6-72daa891763c,askacademia_train,losing_improve_gemini,3,3
174a7dd7-d1e2-4448-9bc6-72daa891763c,askacademia_train,losing_improve_gpt4omini,2,"2

This comment provides"
174a7dd7-d1e2-4448-9bc6-72daa891763c,askacademia_train,losing_improve_gpt5nano,4,"4

This is a"
174a7dd7-d1e2-4448-9bc6-72daa891763c,askacademia_train,losing_improve_llama,2,"2

The comment provides"
174a7dd7-d1e2-4448-9bc6-72daa891763c,askacademia_train,losing_improve_mistral,3,"3

The comment asks"
174a7dd7-d1e2-4448-9bc6-72daa891763c,askacademia_train,losing_improve_qwen,4,"4

This is a"
174a7dd7-d1e2-4448-9bc6-72daa891763c,askacademia_train,losing_paraphrase_claude,3,"3

The comment asks"
174a7dd7-d1e2-4448-9bc6-72daa891763c,askacademia_train,losing_paraphrase_gemini,2,"2

This comment provides"
174a7dd7-d1e2-4448-9bc6-72daa891763c,askacademia_train,losing_paraphrase_gpt4omini,3,"3

The comment asks"
174a7dd7-d1e2-4448-9bc6-72daa891763c,askacademia_train,losing_paraphrase_gpt5nano,3,"3

This comment asks"
174a7dd7-d1e2-4448-9bc6-72daa891763c,askacademia_train,losing_paraphrase_llama,3,3
174a7dd7-d1e2-4448-9bc6-72daa891763c,askacademia_train,losing_paraphrase_mistral,3,"3

This comment raises"
174a7dd7-d1e2-4448-9bc6-72daa891763c,askacademia_train,losing_paraphrase_qwen,3,"3

This comment asks"
ef92f861-e5b4-4ce1-b984-9eac475a3517,askacademia_train,winning_text,2,"2

This comment is"
ef92f861-e5b4-4ce1-b984-9eac475a3517,askacademia_train,losing_text,3,"3

This comment asks"
ef92f861-e5b4-4ce1-b984-9eac475a3517,askacademia_train,losing_generate_claude,4,"4

This is a"
ef92f861-e5b4-4ce1-b984-9eac475a3517,askacademia_train,losing_generate_gemini,4,"4

This comment provides"
ef92f861-e5b4-4ce1-b984-9eac475a3517,askacademia_train,losing_generate_gpt4omini,2,"2

This comment provides"
ef92f861-e5b4-4ce1-b984-9eac475a3517,askacademia_train,losing_generate_gpt5nano,4,"4

This is a"
ef92f861-e5b4-4ce1-b984-9eac475a3517,askacademia_train,losing_generate_llama,2,"2

This comment appears"
ef92f861-e5b4-4ce1-b984-9eac475a3517,askacademia_train,losing_generate_mistral,2,"2

The comment provides"
ef92f861-e5b4-4ce1-b984-9eac475a3517,askacademia_train,losing_generate_qwen,2,"2

The comment appears"
ef92f861-e5b4-4ce1-b984-9eac475a3517,askacademia_train,losing_improve_claude,4,"4

This is a"
ef92f861-e5b4-4ce1-b984-9eac475a3517,askacademia_train,losing_improve_gemini,3,3
ef92f861-e5b4-4ce1-b984-9eac475a3517,askacademia_train,losing_improve_gpt4omini,2,"2

The comment provides"
ef92f861-e5b4-4ce1-b984-9eac475a3517,askacademia_train,losing_improve_gpt5nano,3,"3

This comment provides"
ef92f861-e5b4-4ce1-b984-9eac475a3517,askacademia_train,losing_improve_llama,2,"2

The comment provides"
ef92f861-e5b4-4ce1-b984-9eac475a3517,askacademia_train,losing_improve_mistral,3,"3

The comment asks"
ef92f861-e5b4-4ce1-b984-9eac475a3517,askacademia_train,losing_improve_qwen,4,"4

This is a"
ef92f861-e5b4-4ce1-b984-9eac475a3517,askacademia_train,losing_paraphrase_claude,3,3
ef92f861-e5b4-4ce1-b984-9eac475a3517,askacademia_train,losing_paraphrase_gemini,2,"2

This comment provides"
ef92f861-e5b4-4ce1-b984-9eac475a3517,askacademia_train,losing_paraphrase_gpt4omini,3,"3

The comment asks"
ef92f861-e5b4-4ce1-b984-9eac475a3517,askacademia_train,losing_paraphrase_gpt5nano,3,3
ef92f861-e5b4-4ce1-b984-9eac475a3517,askacademia_train,losing_paraphrase_llama,3,3
ef92f861-e5b4-4ce1-b984-9eac475a3517,askacademia_train,losing_paraphrase_mistral,3,"3

The comment raises"
ef92f861-e5b4-4ce1-b984-9eac475a3517,askacademia_train,losing_paraphrase_qwen,4,"4

This is a"
70643603-a227-4b43-b42a-95518e2adfb7,askacademia_train,winning_text,3,"3

This comment provides"
70643603-a227-4b43-b42a-95518e2adfb7,askacademia_train,losing_text,2,"2

This comment has"
70643603-a227-4b43-b42a-95518e2adfb7,askacademia_train,losing_generate_claude,4,"4

This is a"
70643603-a227-4b43-b42a-95518e2adfb7,askacademia_train,losing_generate_gemini,4,"4

This comment provides"
70643603-a227-4b43-b42a-95518e2adfb7,askacademia_train,losing_generate_gpt4omini,1,"1

This comment fails"
70643603-a227-4b43-b42a-95518e2adfb7,askacademia_train,losing_generate_gpt5nano,3,"3

This comment provides"
70643603-a227-4b43-b42a-95518e2adfb7,askacademia_train,losing_generate_llama,2,"2

This comment appears"
70643603-a227-4b43-b42a-95518e2adfb7,askacademia_train,losing_generate_mistral,2,"2

The comment provides"
70643603-a227-4b43-b42a-95518e2adfb7,askacademia_train,losing_generate_qwen,2,"2

The comment appears"
70643603-a227-4b43-b42a-95518e2adfb7,askacademia_train,losing_improve_claude,1,"1

This comment does"
70643603-a227-4b43-b42a-95518e2adfb7,askacademia_train,losing_improve_gemini,2,"2

This comment discusses"
70643603-a227-4b43-b42a-95518e2adfb7,askacademia_train,losing_improve_gpt4omini,2,"2

The comment makes"
70643603-a227-4b43-b42a-95518e2adfb7,askacademia_train,losing_improve_gpt5nano,3,"3

This comment provides"
70643603-a227-4b43-b42a-95518e2adfb7,askacademia_train,losing_improve_llama,2,"2

This comment appears"
70643603-a227-4b43-b42a-95518e2adfb7,askacademia_train,losing_improve_mistral,2,"2

This comment has"
70643603-a227-4b43-b42a-95518e2adfb7,askacademia_train,losing_improve_qwen,2,"2

This comment appears"
70643603-a227-4b43-b42a-95518e2adfb7,askacademia_train,losing_paraphrase_claude,2,"2

The comment provides"
70643603-a227-4b43-b42a-95518e2adfb7,askacademia_train,losing_paraphrase_gemini,2,"2

This comment provides"
70643603-a227-4b43-b42a-95518e2adfb7,askacademia_train,losing_paraphrase_gpt4omini,2,"2

This comment is"
70643603-a227-4b43-b42a-95518e2adfb7,askacademia_train,losing_paraphrase_gpt5nano,2,"2

This comment is"
70643603-a227-4b43-b42a-95518e2adfb7,askacademia_train,losing_paraphrase_llama,2,"2

The comment appears"
70643603-a227-4b43-b42a-95518e2adfb7,askacademia_train,losing_paraphrase_mistral,2,"2

This comment is"
70643603-a227-4b43-b42a-95518e2adfb7,askacademia_train,losing_paraphrase_qwen,2,"2

This comment has"
037e6f05-8ec2-4a92-a4dd-f931bd1fa52d,askacademia_train,winning_text,2,"2

This comment appears"
037e6f05-8ec2-4a92-a4dd-f931bd1fa52d,askacademia_train,losing_text,2,"2

This comment has"
037e6f05-8ec2-4a92-a4dd-f931bd1fa52d,askacademia_train,losing_generate_claude,5,"5

This comment is"
037e6f05-8ec2-4a92-a4dd-f931bd1fa52d,askacademia_train,losing_generate_gemini,4,"4

This comment provides"
037e6f05-8ec2-4a92-a4dd-f931bd1fa52d,askacademia_train,losing_generate_gpt4omini,1,"1

This comment fails"
037e6f05-8ec2-4a92-a4dd-f931bd1fa52d,askacademia_train,losing_generate_gpt5nano,3,"3

This comment provides"
037e6f05-8ec2-4a92-a4dd-f931bd1fa52d,askacademia_train,losing_generate_llama,2,"2

This comment appears"
037e6f05-8ec2-4a92-a4dd-f931bd1fa52d,askacademia_train,losing_generate_mistral,2,"2

The comment provides"
037e6f05-8ec2-4a92-a4dd-f931bd1fa52d,askacademia_train,losing_generate_qwen,2,"2

This comment appears"
037e6f05-8ec2-4a92-a4dd-f931bd1fa52d,askacademia_train,losing_improve_claude,4,"4

This comment serves"
037e6f05-8ec2-4a92-a4dd-f931bd1fa52d,askacademia_train,losing_improve_gemini,2,"2

This comment shares"
037e6f05-8ec2-4a92-a4dd-f931bd1fa52d,askacademia_train,losing_improve_gpt4omini,2,"2

This comment provides"
037e6f05-8ec2-4a92-a4dd-f931bd1fa52d,askacademia_train,losing_improve_gpt5nano,2,"2

This comment appears"
037e6f05-8ec2-4a92-a4dd-f931bd1fa52d,askacademia_train,losing_improve_llama,2,"2

This comment appears"
037e6f05-8ec2-4a92-a4dd-f931bd1fa52d,askacademia_train,losing_improve_mistral,2,"2

This comment has"
037e6f05-8ec2-4a92-a4dd-f931bd1fa52d,askacademia_train,losing_improve_qwen,2,"2

This comment appears"
037e6f05-8ec2-4a92-a4dd-f931bd1fa52d,askacademia_train,losing_paraphrase_claude,2,"2

This comment provides"
037e6f05-8ec2-4a92-a4dd-f931bd1fa52d,askacademia_train,losing_paraphrase_gemini,3,"3

This comment provides"
037e6f05-8ec2-4a92-a4dd-f931bd1fa52d,askacademia_train,losing_paraphrase_gpt4omini,2,"2

This comment is"
037e6f05-8ec2-4a92-a4dd-f931bd1fa52d,askacademia_train,losing_paraphrase_gpt5nano,AMBIG,I would rate this comment a
037e6f05-8ec2-4a92-a4dd-f931bd1fa52d,askacademia_train,losing_paraphrase_llama,2,"2

The comment appears"
037e6f05-8ec2-4a92-a4dd-f931bd1fa52d,askacademia_train,losing_paraphrase_mistral,2,"2

This comment is"
037e6f05-8ec2-4a92-a4dd-f931bd1fa52d,askacademia_train,losing_paraphrase_qwen,2,"2

This comment has"
852ddcb1-21da-4644-a98b-b944d731d8df,askacademia_train,winning_text,2,"2

This comment is"
852ddcb1-21da-4644-a98b-b944d731d8df,askacademia_train,losing_text,2,"2

This comment has"
852ddcb1-21da-4644-a98b-b944d731d8df,askacademia_train,losing_generate_claude,4,"4

This is a"
852ddcb1-21da-4644-a98b-b944d731d8df,askacademia_train,losing_generate_gemini,ERROR,BATCH_ERROR: expired
852ddcb1-21da-4644-a98b-b944d731d8df,askacademia_train,losing_generate_gpt4omini,1,"1

This comment fails"
852ddcb1-21da-4644-a98b-b944d731d8df,askacademia_train,losing_generate_gpt5nano,2,"2

This comment does"
852ddcb1-21da-4644-a98b-b944d731d8df,askacademia_train,losing_generate_llama,2,"2

This comment appears"
852ddcb1-21da-4644-a98b-b944d731d8df,askacademia_train,losing_generate_mistral,2,"2

The comment provides"
852ddcb1-21da-4644-a98b-b944d731d8df,askacademia_train,losing_generate_qwen,2,"2

The comment appears"
852ddcb1-21da-4644-a98b-b944d731d8df,askacademia_train,losing_improve_claude,1,"1

This comment completely"
852ddcb1-21da-4644-a98b-b944d731d8df,askacademia_train,losing_improve_gemini,3,"3

This comment provides"
852ddcb1-21da-4644-a98b-b944d731d8df,askacademia_train,losing_improve_gpt4omini,2,"2

The comment provides"
852ddcb1-21da-4644-a98b-b944d731d8df,askacademia_train,losing_improve_gpt5nano,2,"2

This comment provides"
852ddcb1-21da-4644-a98b-b944d731d8df,askacademia_train,losing_improve_llama,2,"2

This comment appears"
852ddcb1-21da-4644-a98b-b944d731d8df,askacademia_train,losing_improve_mistral,2,"2

This comment shares"
852ddcb1-21da-4644-a98b-b944d731d8df,askacademia_train,losing_improve_qwen,2,"2

This comment appears"
852ddcb1-21da-4644-a98b-b944d731d8df,askacademia_train,losing_paraphrase_claude,2,"2

This comment has"
852ddcb1-21da-4644-a98b-b944d731d8df,askacademia_train,losing_paraphrase_gemini,2,"2

This comment provides"
852ddcb1-21da-4644-a98b-b944d731d8df,askacademia_train,losing_paraphrase_gpt4omini,2,"2

This comment is"
852ddcb1-21da-4644-a98b-b944d731d8df,askacademia_train,losing_paraphrase_gpt5nano,2,"2

This comment is"
852ddcb1-21da-4644-a98b-b944d731d8df,askacademia_train,losing_paraphrase_llama,2,"2

The comment appears"
852ddcb1-21da-4644-a98b-b944d731d8df,askacademia_train,losing_paraphrase_mistral,2,"2

This comment is"
852ddcb1-21da-4644-a98b-b944d731d8df,askacademia_train,losing_paraphrase_qwen,2,"2

This comment has"
669ff101-0eb4-4387-97a3-50cb6e2ceaa0,askacademia_train,winning_text,2,"2

This comment is"
669ff101-0eb4-4387-97a3-50cb6e2ceaa0,askacademia_train,losing_text,3,"3

This comment provides"
669ff101-0eb4-4387-97a3-50cb6e2ceaa0,askacademia_train,losing_generate_claude,1,1
669ff101-0eb4-4387-97a3-50cb6e2ceaa0,askacademia_train,losing_generate_gemini,4,"4

This comment provides"
669ff101-0eb4-4387-97a3-50cb6e2ceaa0,askacademia_train,losing_generate_gpt4omini,1,"1

This comment fails"
669ff101-0eb4-4387-97a3-50cb6e2ceaa0,askacademia_train,losing_generate_gpt5nano,1,"1

This comment completely"
669ff101-0eb4-4387-97a3-50cb6e2ceaa0,askacademia_train,losing_generate_llama,2,"2

This comment appears"
669ff101-0eb4-4387-97a3-50cb6e2ceaa0,askacademia_train,losing_generate_mistral,2,"2

The comment provides"
669ff101-0eb4-4387-97a3-50cb6e2ceaa0,askacademia_train,losing_generate_qwen,2,"2

The comment appears"
669ff101-0eb4-4387-97a3-50cb6e2ceaa0,askacademia_train,losing_improve_claude,3,3
669ff101-0eb4-4387-97a3-50cb6e2ceaa0,askacademia_train,losing_improve_gemini,2,"2

The comment provides"
669ff101-0eb4-4387-97a3-50cb6e2ceaa0,askacademia_train,losing_improve_gpt4omini,3,"3

This comment provides"
669ff101-0eb4-4387-97a3-50cb6e2ceaa0,askacademia_train,losing_improve_gpt5nano,3,"3

This comment provides"
669ff101-0eb4-4387-97a3-50cb6e2ceaa0,askacademia_train,losing_improve_llama,2,"2

This comment provides"
669ff101-0eb4-4387-97a3-50cb6e2ceaa0,askacademia_train,losing_improve_mistral,2,"2

This comment makes"
669ff101-0eb4-4387-97a3-50cb6e2ceaa0,askacademia_train,losing_improve_qwen,3,"3

This comment provides"
669ff101-0eb4-4387-97a3-50cb6e2ceaa0,askacademia_train,losing_paraphrase_claude,2,"2

This comment makes"
669ff101-0eb4-4387-97a3-50cb6e2ceaa0,askacademia_train,losing_paraphrase_gemini,4,"4

This comment serves"
669ff101-0eb4-4387-97a3-50cb6e2ceaa0,askacademia_train,losing_paraphrase_gpt4omini,2,"2

The comment makes"
669ff101-0eb4-4387-97a3-50cb6e2ceaa0,askacademia_train,losing_paraphrase_gpt5nano,2,"2

The comment appears"
669ff101-0eb4-4387-97a3-50cb6e2ceaa0,askacademia_train,losing_paraphrase_llama,2,"2

This comment makes"
669ff101-0eb4-4387-97a3-50cb6e2ceaa0,askacademia_train,losing_paraphrase_mistral,2,"2

The comment provides"
669ff101-0eb4-4387-97a3-50cb6e2ceaa0,askacademia_train,losing_paraphrase_qwen,3,"3

This comment provides"
7ec12c56-e577-4088-8315-3d9ff4afea8d,askacademia_train,winning_text,2,"2

This comment is"
7ec12c56-e577-4088-8315-3d9ff4afea8d,askacademia_train,losing_text,2,"2

This comment appears"
7ec12c56-e577-4088-8315-3d9ff4afea8d,askacademia_train,losing_generate_claude,1,1
7ec12c56-e577-4088-8315-3d9ff4afea8d,askacademia_train,losing_generate_gemini,4,"4

This comment provides"
7ec12c56-e577-4088-8315-3d9ff4afea8d,askacademia_train,losing_generate_gpt4omini,1,"1

This comment fails"
7ec12c56-e577-4088-8315-3d9ff4afea8d,askacademia_train,losing_generate_gpt5nano,2,"2

This comment does"
7ec12c56-e577-4088-8315-3d9ff4afea8d,askacademia_train,losing_generate_llama,2,"2

This comment appears"
7ec12c56-e577-4088-8315-3d9ff4afea8d,askacademia_train,losing_generate_mistral,2,"2

The comment provides"
7ec12c56-e577-4088-8315-3d9ff4afea8d,askacademia_train,losing_generate_qwen,2,"2

The comment appears"
7ec12c56-e577-4088-8315-3d9ff4afea8d,askacademia_train,losing_improve_claude,AMBIG,I would rate this comment a
7ec12c56-e577-4088-8315-3d9ff4afea8d,askacademia_train,losing_improve_gemini,2,"2

This comment is"
7ec12c56-e577-4088-8315-3d9ff4afea8d,askacademia_train,losing_improve_gpt4omini,2,"2

This comment appears"
7ec12c56-e577-4088-8315-3d9ff4afea8d,askacademia_train,losing_improve_gpt5nano,2,"2

This comment appears"
7ec12c56-e577-4088-8315-3d9ff4afea8d,askacademia_train,losing_improve_llama,1,"1

This comment appears"
7ec12c56-e577-4088-8315-3d9ff4afea8d,askacademia_train,losing_improve_mistral,2,"2

This comment appears"
7ec12c56-e577-4088-8315-3d9ff4afea8d,askacademia_train,losing_improve_qwen,2,"2

This comment appears"
7ec12c56-e577-4088-8315-3d9ff4afea8d,askacademia_train,losing_paraphrase_claude,2,"2

The comment is"
7ec12c56-e577-4088-8315-3d9ff4afea8d,askacademia_train,losing_paraphrase_gemini,4,"4

This comment serves"
7ec12c56-e577-4088-8315-3d9ff4afea8d,askacademia_train,losing_paraphrase_gpt4omini,2,"2

This comment appears"
7ec12c56-e577-4088-8315-3d9ff4afea8d,askacademia_train,losing_paraphrase_gpt5nano,2,"2

This comment is"
7ec12c56-e577-4088-8315-3d9ff4afea8d,askacademia_train,losing_paraphrase_llama,2,"2

This comment is"
7ec12c56-e577-4088-8315-3d9ff4afea8d,askacademia_train,losing_paraphrase_mistral,2,"2

This comment appears"
7ec12c56-e577-4088-8315-3d9ff4afea8d,askacademia_train,losing_paraphrase_qwen,2,"2

This comment appears"
3543e4db-1d24-432d-9f46-91d358490d40,askacademia_train,winning_text,3,"3

This comment provides"
3543e4db-1d24-432d-9f46-91d358490d40,askacademia_train,losing_text,2,"2

This comment appears"
3543e4db-1d24-432d-9f46-91d358490d40,askacademia_train,losing_generate_claude,4,"4

This is a"
3543e4db-1d24-432d-9f46-91d358490d40,askacademia_train,losing_generate_gemini,4,"4

This is a"
3543e4db-1d24-432d-9f46-91d358490d40,askacademia_train,losing_generate_gpt4omini,2,"2

This comment provides"
3543e4db-1d24-432d-9f46-91d358490d40,askacademia_train,losing_generate_gpt5nano,4,"4

This is a"
3543e4db-1d24-432d-9f46-91d358490d40,askacademia_train,losing_generate_llama,2,"2

This comment appears"
3543e4db-1d24-432d-9f46-91d358490d40,askacademia_train,losing_generate_mistral,2,"2

The comment provides"
3543e4db-1d24-432d-9f46-91d358490d40,askacademia_train,losing_generate_qwen,2,"2

The comment appears"
3543e4db-1d24-432d-9f46-91d358490d40,askacademia_train,losing_improve_claude,1,"1

This comment completely"
3543e4db-1d24-432d-9f46-91d358490d40,askacademia_train,losing_improve_gemini,2,"2

This comment does"
3543e4db-1d24-432d-9f46-91d358490d40,askacademia_train,losing_improve_gpt4omini,4,"4

This is a"
3543e4db-1d24-432d-9f46-91d358490d40,askacademia_train,losing_improve_gpt5nano,4,"4

This comment deser"
3543e4db-1d24-432d-9f46-91d358490d40,askacademia_train,losing_improve_llama,2,"2

The comment does"
3543e4db-1d24-432d-9f46-91d358490d40,askacademia_train,losing_improve_mistral,2,"2

This comment reads"
3543e4db-1d24-432d-9f46-91d358490d40,askacademia_train,losing_improve_qwen,2,"2

This comment provides"
3543e4db-1d24-432d-9f46-91d358490d40,askacademia_train,losing_paraphrase_claude,2,"2

This comment reads"
3543e4db-1d24-432d-9f46-91d358490d40,askacademia_train,losing_paraphrase_gemini,4,"4

This comment serves"
3543e4db-1d24-432d-9f46-91d358490d40,askacademia_train,losing_paraphrase_gpt4omini,3,"3

This comment provides"
3543e4db-1d24-432d-9f46-91d358490d40,askacademia_train,losing_paraphrase_gpt5nano,3,"3

This comment receives"
3543e4db-1d24-432d-9f46-91d358490d40,askacademia_train,losing_paraphrase_llama,2,"2

This comment does"
3543e4db-1d24-432d-9f46-91d358490d40,askacademia_train,losing_paraphrase_mistral,2,"2

This comment appears"
3543e4db-1d24-432d-9f46-91d358490d40,askacademia_train,losing_paraphrase_qwen,2,"2

This comment does"
5ae23fae-e8ff-4a1a-a668-6f93b9384fe5,askacademia_train,winning_text,2,"2

The comment discusses"
5ae23fae-e8ff-4a1a-a668-6f93b9384fe5,askacademia_train,losing_text,2,"2

This comment appears"
5ae23fae-e8ff-4a1a-a668-6f93b9384fe5,askacademia_train,losing_generate_claude,1,1
5ae23fae-e8ff-4a1a-a668-6f93b9384fe5,askacademia_train,losing_generate_gemini,4,"4

This comment provides"
5ae23fae-e8ff-4a1a-a668-6f93b9384fe5,askacademia_train,losing_generate_gpt4omini,1,"1

This comment fails"
5ae23fae-e8ff-4a1a-a668-6f93b9384fe5,askacademia_train,losing_generate_gpt5nano,1,"1

This comment fails"
5ae23fae-e8ff-4a1a-a668-6f93b9384fe5,askacademia_train,losing_generate_llama,2,"2

This comment appears"
5ae23fae-e8ff-4a1a-a668-6f93b9384fe5,askacademia_train,losing_generate_mistral,2,"2

This comment appears"
5ae23fae-e8ff-4a1a-a668-6f93b9384fe5,askacademia_train,losing_generate_qwen,2,"2

The comment appears"
5ae23fae-e8ff-4a1a-a668-6f93b9384fe5,askacademia_train,losing_improve_claude,1,"1

This comment completely"
5ae23fae-e8ff-4a1a-a668-6f93b9384fe5,askacademia_train,losing_improve_gemini,4,"4

This comment serves"
5ae23fae-e8ff-4a1a-a668-6f93b9384fe5,askacademia_train,losing_improve_gpt4omini,4,"4

This is a"
5ae23fae-e8ff-4a1a-a668-6f93b9384fe5,askacademia_train,losing_improve_gpt5nano,3,"3

This comment provides"
5ae23fae-e8ff-4a1a-a668-6f93b9384fe5,askacademia_train,losing_improve_llama,2,"2

The comment does"
5ae23fae-e8ff-4a1a-a668-6f93b9384fe5,askacademia_train,losing_improve_mistral,2,"2

This comment reads"
5ae23fae-e8ff-4a1a-a668-6f93b9384fe5,askacademia_train,losing_improve_qwen,2,"2

This comment provides"
5ae23fae-e8ff-4a1a-a668-6f93b9384fe5,askacademia_train,losing_paraphrase_claude,2,"2

This comment does"
5ae23fae-e8ff-4a1a-a668-6f93b9384fe5,askacademia_train,losing_paraphrase_gemini,2,"2

This comment is"
5ae23fae-e8ff-4a1a-a668-6f93b9384fe5,askacademia_train,losing_paraphrase_gpt4omini,2,"2

This comment appears"
5ae23fae-e8ff-4a1a-a668-6f93b9384fe5,askacademia_train,losing_paraphrase_gpt5nano,3,"3

This comment shares"
5ae23fae-e8ff-4a1a-a668-6f93b9384fe5,askacademia_train,losing_paraphrase_llama,2,"2

This comment does"
5ae23fae-e8ff-4a1a-a668-6f93b9384fe5,askacademia_train,losing_paraphrase_mistral,2,"2

This comment appears"
5ae23fae-e8ff-4a1a-a668-6f93b9384fe5,askacademia_train,losing_paraphrase_qwen,2,"2

This comment does"
a1bf7718-0903-4259-bee0-1896ba005896,askacademia_train,winning_text,4,"4

This comment provides"
a1bf7718-0903-4259-bee0-1896ba005896,askacademia_train,losing_text,2,"2

This comment appears"
a1bf7718-0903-4259-bee0-1896ba005896,askacademia_train,losing_generate_claude,3,"3

This comment provides"
a1bf7718-0903-4259-bee0-1896ba005896,askacademia_train,losing_generate_gemini,4,"4

This comment provides"
a1bf7718-0903-4259-bee0-1896ba005896,askacademia_train,losing_generate_gpt4omini,1,"1

This comment fails"
a1bf7718-0903-4259-bee0-1896ba005896,askacademia_train,losing_generate_gpt5nano,1,"1

This comment completely"
a1bf7718-0903-4259-bee0-1896ba005896,askacademia_train,losing_generate_llama,2,"2

This comment appears"
a1bf7718-0903-4259-bee0-1896ba005896,askacademia_train,losing_generate_mistral,2,"2

The comment provides"
a1bf7718-0903-4259-bee0-1896ba005896,askacademia_train,losing_generate_qwen,2,"2

The comment appears"
a1bf7718-0903-4259-bee0-1896ba005896,askacademia_train,losing_improve_claude,1,"1

This comment completely"
a1bf7718-0903-4259-bee0-1896ba005896,askacademia_train,losing_improve_gemini,2,"2

This comment appears"
a1bf7718-0903-4259-bee0-1896ba005896,askacademia_train,losing_improve_gpt4omini,4,"4

This is a"
a1bf7718-0903-4259-bee0-1896ba005896,askacademia_train,losing_improve_gpt5nano,1,"1

This comment is"
a1bf7718-0903-4259-bee0-1896ba005896,askacademia_train,losing_improve_llama,2,"2

The comment does"
a1bf7718-0903-4259-bee0-1896ba005896,askacademia_train,losing_improve_mistral,2,"2

This comment reads"
a1bf7718-0903-4259-bee0-1896ba005896,askacademia_train,losing_improve_qwen,3,3
a1bf7718-0903-4259-bee0-1896ba005896,askacademia_train,losing_paraphrase_claude,2,"2

This comment does"
a1bf7718-0903-4259-bee0-1896ba005896,askacademia_train,losing_paraphrase_gemini,2,"2

This comment discusses"
a1bf7718-0903-4259-bee0-1896ba005896,askacademia_train,losing_paraphrase_gpt4omini,2,"2

This comment appears"
a1bf7718-0903-4259-bee0-1896ba005896,askacademia_train,losing_paraphrase_gpt5nano,3,"3

This comment describes"
a1bf7718-0903-4259-bee0-1896ba005896,askacademia_train,losing_paraphrase_llama,2,"2

This comment appears"
a1bf7718-0903-4259-bee0-1896ba005896,askacademia_train,losing_paraphrase_mistral,2,"2

This comment appears"
a1bf7718-0903-4259-bee0-1896ba005896,askacademia_train,losing_paraphrase_qwen,3,"3

This comment appears"
fd7a8939-54da-4f73-aa5a-b6ceb3206110,askacademia_train,winning_text,AMBIG,I would rate this comment a
fd7a8939-54da-4f73-aa5a-b6ceb3206110,askacademia_train,losing_text,3,"3

This comment is"
fd7a8939-54da-4f73-aa5a-b6ceb3206110,askacademia_train,losing_generate_claude,3,"3

This comment provides"
fd7a8939-54da-4f73-aa5a-b6ceb3206110,askacademia_train,losing_generate_gemini,4,"4

This is a"
fd7a8939-54da-4f73-aa5a-b6ceb3206110,askacademia_train,losing_generate_gpt4omini,2,"2

This comment provides"
fd7a8939-54da-4f73-aa5a-b6ceb3206110,askacademia_train,losing_generate_gpt5nano,2,"2

The comment completely"
fd7a8939-54da-4f73-aa5a-b6ceb3206110,askacademia_train,losing_generate_llama,2,"2

This comment appears"
fd7a8939-54da-4f73-aa5a-b6ceb3206110,askacademia_train,losing_generate_mistral,2,"2

This comment provides"
fd7a8939-54da-4f73-aa5a-b6ceb3206110,askacademia_train,losing_generate_qwen,2,"2

This comment appears"
fd7a8939-54da-4f73-aa5a-b6ceb3206110,askacademia_train,losing_improve_claude,1,"1

This comment appears"
fd7a8939-54da-4f73-aa5a-b6ceb3206110,askacademia_train,losing_improve_gemini,1,"1

This comment does"
fd7a8939-54da-4f73-aa5a-b6ceb3206110,askacademia_train,losing_improve_gpt4omini,2,"2

The comment provides"
fd7a8939-54da-4f73-aa5a-b6ceb3206110,askacademia_train,losing_improve_gpt5nano,3,3
fd7a8939-54da-4f73-aa5a-b6ceb3206110,askacademia_train,losing_improve_llama,2,"2

The comment makes"
fd7a8939-54da-4f73-aa5a-b6ceb3206110,askacademia_train,losing_improve_mistral,2,"2

This comment appears"
fd7a8939-54da-4f73-aa5a-b6ceb3206110,askacademia_train,losing_improve_qwen,2,"2

This comment appears"
fd7a8939-54da-4f73-aa5a-b6ceb3206110,askacademia_train,losing_paraphrase_claude,3,"3

This comment provides"
fd7a8939-54da-4f73-aa5a-b6ceb3206110,askacademia_train,losing_paraphrase_gemini,4,"4

The comment provides"
fd7a8939-54da-4f73-aa5a-b6ceb3206110,askacademia_train,losing_paraphrase_gpt4omini,3,"3

This comment receives"
fd7a8939-54da-4f73-aa5a-b6ceb3206110,askacademia_train,losing_paraphrase_gpt5nano,3,"3

This comment receives"
fd7a8939-54da-4f73-aa5a-b6ceb3206110,askacademia_train,losing_paraphrase_llama,AMBIG,I need to evaluate how well
fd7a8939-54da-4f73-aa5a-b6ceb3206110,askacademia_train,losing_paraphrase_mistral,2,"2

This comment appears"
fd7a8939-54da-4f73-aa5a-b6ceb3206110,askacademia_train,losing_paraphrase_qwen,2,"2

The comment discusses"
b7be74dc-8d2c-4ccf-a1aa-1d6380f899e6,askacademia_train,winning_text,2,"2

The comment discusses"
b7be74dc-8d2c-4ccf-a1aa-1d6380f899e6,askacademia_train,losing_text,3,"3

This comment receives"
b7be74dc-8d2c-4ccf-a1aa-1d6380f899e6,askacademia_train,losing_generate_claude,4,"4

This is a"
b7be74dc-8d2c-4ccf-a1aa-1d6380f899e6,askacademia_train,losing_generate_gemini,4,"4

This comment provides"
b7be74dc-8d2c-4ccf-a1aa-1d6380f899e6,askacademia_train,losing_generate_gpt4omini,1,"1

This comment fails"
b7be74dc-8d2c-4ccf-a1aa-1d6380f899e6,askacademia_train,losing_generate_gpt5nano,1,"1

This comment fails"
b7be74dc-8d2c-4ccf-a1aa-1d6380f899e6,askacademia_train,losing_generate_llama,2,"2

This comment appears"
b7be74dc-8d2c-4ccf-a1aa-1d6380f899e6,askacademia_train,losing_generate_mistral,2,"2

The comment provides"
b7be74dc-8d2c-4ccf-a1aa-1d6380f899e6,askacademia_train,losing_generate_qwen,2,"2

This comment appears"
b7be74dc-8d2c-4ccf-a1aa-1d6380f899e6,askacademia_train,losing_improve_claude,3,"3

This comment provides"
b7be74dc-8d2c-4ccf-a1aa-1d6380f899e6,askacademia_train,losing_improve_gemini,1,"1

This comment does"
b7be74dc-8d2c-4ccf-a1aa-1d6380f899e6,askacademia_train,losing_improve_gpt4omini,2,2
b7be74dc-8d2c-4ccf-a1aa-1d6380f899e6,askacademia_train,losing_improve_gpt5nano,3,"3

This comment provides"
b7be74dc-8d2c-4ccf-a1aa-1d6380f899e6,askacademia_train,losing_improve_llama,2,"2

The comment makes"
b7be74dc-8d2c-4ccf-a1aa-1d6380f899e6,askacademia_train,losing_improve_mistral,1,"1

This comment does"
b7be74dc-8d2c-4ccf-a1aa-1d6380f899e6,askacademia_train,losing_improve_qwen,2,"2

This comment appears"
b7be74dc-8d2c-4ccf-a1aa-1d6380f899e6,askacademia_train,losing_paraphrase_claude,2,"2

This comment appears"
b7be74dc-8d2c-4ccf-a1aa-1d6380f899e6,askacademia_train,losing_paraphrase_gemini,4,"4

The comment provides"
b7be74dc-8d2c-4ccf-a1aa-1d6380f899e6,askacademia_train,losing_paraphrase_gpt4omini,2,"2

This comment appears"
b7be74dc-8d2c-4ccf-a1aa-1d6380f899e6,askacademia_train,losing_paraphrase_gpt5nano,3,"3

This comment provides"
b7be74dc-8d2c-4ccf-a1aa-1d6380f899e6,askacademia_train,losing_paraphrase_llama,2,"2

This comment makes"
b7be74dc-8d2c-4ccf-a1aa-1d6380f899e6,askacademia_train,losing_paraphrase_mistral,2,"2

This comment is"
b7be74dc-8d2c-4ccf-a1aa-1d6380f899e6,askacademia_train,losing_paraphrase_qwen,2,"2

The comment discusses"
8e3a45bb-53da-4669-b7b4-24cf00e66d62,askacademia_train,winning_text,2,"2

This comment provides"
8e3a45bb-53da-4669-b7b4-24cf00e66d62,askacademia_train,losing_text,4,"4

This comment serves"
8e3a45bb-53da-4669-b7b4-24cf00e66d62,askacademia_train,losing_generate_claude,4,"4

This comment serves"
8e3a45bb-53da-4669-b7b4-24cf00e66d62,askacademia_train,losing_generate_gemini,4,"4

This comment provides"
8e3a45bb-53da-4669-b7b4-24cf00e66d62,askacademia_train,losing_generate_gpt4omini,1,"1

This comment fails"
8e3a45bb-53da-4669-b7b4-24cf00e66d62,askacademia_train,losing_generate_gpt5nano,2,"2

This comment provides"
8e3a45bb-53da-4669-b7b4-24cf00e66d62,askacademia_train,losing_generate_llama,2,"2

This comment appears"
8e3a45bb-53da-4669-b7b4-24cf00e66d62,askacademia_train,losing_generate_mistral,2,"2

The comment provides"
8e3a45bb-53da-4669-b7b4-24cf00e66d62,askacademia_train,losing_generate_qwen,2,"2

This comment appears"
8e3a45bb-53da-4669-b7b4-24cf00e66d62,askacademia_train,losing_improve_claude,1,"1

This comment completely"
8e3a45bb-53da-4669-b7b4-24cf00e66d62,askacademia_train,losing_improve_gemini,3,"3

This comment provides"
8e3a45bb-53da-4669-b7b4-24cf00e66d62,askacademia_train,losing_improve_gpt4omini,2,"2

The comment appears"
8e3a45bb-53da-4669-b7b4-24cf00e66d62,askacademia_train,losing_improve_gpt5nano,4,"4

This is a"
8e3a45bb-53da-4669-b7b4-24cf00e66d62,askacademia_train,losing_improve_llama,2,"2

The comment makes"
8e3a45bb-53da-4669-b7b4-24cf00e66d62,askacademia_train,losing_improve_mistral,3,"3

This comment provides"
8e3a45bb-53da-4669-b7b4-24cf00e66d62,askacademia_train,losing_improve_qwen,2,"2

This comment appears"
8e3a45bb-53da-4669-b7b4-24cf00e66d62,askacademia_train,losing_paraphrase_claude,3,"3

This comment provides"
8e3a45bb-53da-4669-b7b4-24cf00e66d62,askacademia_train,losing_paraphrase_gemini,4,"4

The comment provides"
8e3a45bb-53da-4669-b7b4-24cf00e66d62,askacademia_train,losing_paraphrase_gpt4omini,3,"3

This comment receives"
8e3a45bb-53da-4669-b7b4-24cf00e66d62,askacademia_train,losing_paraphrase_gpt5nano,3,"3

This comment receives"
8e3a45bb-53da-4669-b7b4-24cf00e66d62,askacademia_train,losing_paraphrase_llama,AMBIG,I need to evaluate how well
8e3a45bb-53da-4669-b7b4-24cf00e66d62,askacademia_train,losing_paraphrase_mistral,2,"2

This comment is"
8e3a45bb-53da-4669-b7b4-24cf00e66d62,askacademia_train,losing_paraphrase_qwen,2,"2

The comment discusses"
24c000fd-f544-4887-b521-1d6f7c74602d,askacademia_train,winning_text,4,"4

This comment provides"
24c000fd-f544-4887-b521-1d6f7c74602d,askacademia_train,losing_text,3,"3

This comment provides"
24c000fd-f544-4887-b521-1d6f7c74602d,askacademia_train,losing_generate_claude,4,"4

This is a"
24c000fd-f544-4887-b521-1d6f7c74602d,askacademia_train,losing_generate_gemini,4,"4

This comment provides"
24c000fd-f544-4887-b521-1d6f7c74602d,askacademia_train,losing_generate_gpt4omini,1,"1

This comment fails"
24c000fd-f544-4887-b521-1d6f7c74602d,askacademia_train,losing_generate_gpt5nano,3,"3

This comment provides"
24c000fd-f544-4887-b521-1d6f7c74602d,askacademia_train,losing_generate_llama,2,"2

This comment appears"
24c000fd-f544-4887-b521-1d6f7c74602d,askacademia_train,losing_generate_mistral,2,"2

The comment provides"
24c000fd-f544-4887-b521-1d6f7c74602d,askacademia_train,losing_generate_qwen,2,"2

This comment appears"
24c000fd-f544-4887-b521-1d6f7c74602d,askacademia_train,losing_improve_claude,3,"3

This comment provides"
24c000fd-f544-4887-b521-1d6f7c74602d,askacademia_train,losing_improve_gemini,3,"3

This comment provides"
24c000fd-f544-4887-b521-1d6f7c74602d,askacademia_train,losing_improve_gpt4omini,2,"2

This comment appears"
24c000fd-f544-4887-b521-1d6f7c74602d,askacademia_train,losing_improve_gpt5nano,3,"3

This comment provides"
24c000fd-f544-4887-b521-1d6f7c74602d,askacademia_train,losing_improve_llama,2,"2

The comment makes"
24c000fd-f544-4887-b521-1d6f7c74602d,askacademia_train,losing_improve_mistral,2,"2

This comment appears"
24c000fd-f544-4887-b521-1d6f7c74602d,askacademia_train,losing_improve_qwen,2,"2

This comment appears"
24c000fd-f544-4887-b521-1d6f7c74602d,askacademia_train,losing_paraphrase_claude,3,"3

This comment provides"
24c000fd-f544-4887-b521-1d6f7c74602d,askacademia_train,losing_paraphrase_gemini,2,"2

This comment shares"
24c000fd-f544-4887-b521-1d6f7c74602d,askacademia_train,losing_paraphrase_gpt4omini,3,"3

This comment receives"
24c000fd-f544-4887-b521-1d6f7c74602d,askacademia_train,losing_paraphrase_gpt5nano,4,"4

This comment serves"
24c000fd-f544-4887-b521-1d6f7c74602d,askacademia_train,losing_paraphrase_llama,2,"2

This comment makes"
24c000fd-f544-4887-b521-1d6f7c74602d,askacademia_train,losing_paraphrase_mistral,2,"2

This comment reads"
24c000fd-f544-4887-b521-1d6f7c74602d,askacademia_train,losing_paraphrase_qwen,2,"2

The comment discusses"
c7a84565-29f2-45e1-b5c8-ea830089dafd,askacademia_train,winning_text,3,"3

This comment provides"
c7a84565-29f2-45e1-b5c8-ea830089dafd,askacademia_train,losing_text,3,"3

This comment receives"
c7a84565-29f2-45e1-b5c8-ea830089dafd,askacademia_train,losing_generate_claude,4,"4

This is a"
c7a84565-29f2-45e1-b5c8-ea830089dafd,askacademia_train,losing_generate_gemini,4,"4

This comment provides"
c7a84565-29f2-45e1-b5c8-ea830089dafd,askacademia_train,losing_generate_gpt4omini,1,"1

This comment fails"
c7a84565-29f2-45e1-b5c8-ea830089dafd,askacademia_train,losing_generate_gpt5nano,5,"5

This comment is"
c7a84565-29f2-45e1-b5c8-ea830089dafd,askacademia_train,losing_generate_llama,2,"2

This comment appears"
c7a84565-29f2-45e1-b5c8-ea830089dafd,askacademia_train,losing_generate_mistral,2,"2

The comment provides"
c7a84565-29f2-45e1-b5c8-ea830089dafd,askacademia_train,losing_generate_qwen,2,"2

The comment appears"
c7a84565-29f2-45e1-b5c8-ea830089dafd,askacademia_train,losing_improve_claude,3,"3

**Reasoning"
c7a84565-29f2-45e1-b5c8-ea830089dafd,askacademia_train,losing_improve_gemini,3,"3

This comment provides"
c7a84565-29f2-45e1-b5c8-ea830089dafd,askacademia_train,losing_improve_gpt4omini,2,"2

The comment appears"
c7a84565-29f2-45e1-b5c8-ea830089dafd,askacademia_train,losing_improve_gpt5nano,4,"4

This is a"
c7a84565-29f2-45e1-b5c8-ea830089dafd,askacademia_train,losing_improve_llama,2,"2

The comment makes"
c7a84565-29f2-45e1-b5c8-ea830089dafd,askacademia_train,losing_improve_mistral,2,"2

This comment appears"
c7a84565-29f2-45e1-b5c8-ea830089dafd,askacademia_train,losing_improve_qwen,2,"2

This comment appears"
c7a84565-29f2-45e1-b5c8-ea830089dafd,askacademia_train,losing_paraphrase_claude,3,"3

This comment provides"
c7a84565-29f2-45e1-b5c8-ea830089dafd,askacademia_train,losing_paraphrase_gemini,2,"2

This comment provides"
c7a84565-29f2-45e1-b5c8-ea830089dafd,askacademia_train,losing_paraphrase_gpt4omini,3,"3

This comment receives"
c7a84565-29f2-45e1-b5c8-ea830089dafd,askacademia_train,losing_paraphrase_gpt5nano,4,"4

This comment serves"
c7a84565-29f2-45e1-b5c8-ea830089dafd,askacademia_train,losing_paraphrase_llama,2,"2

This comment makes"
c7a84565-29f2-45e1-b5c8-ea830089dafd,askacademia_train,losing_paraphrase_mistral,2,"2

This comment reads"
c7a84565-29f2-45e1-b5c8-ea830089dafd,askacademia_train,losing_paraphrase_qwen,3,"3

This comment receives"
833f55c8-5a97-42cb-b2a8-07dec8394f66,askacademia_train,winning_text,2,"2

This comment shares"
833f55c8-5a97-42cb-b2a8-07dec8394f66,askacademia_train,losing_text,3,"3

This comment receives"
833f55c8-5a97-42cb-b2a8-07dec8394f66,askacademia_train,losing_generate_claude,4,"4

This is a"
833f55c8-5a97-42cb-b2a8-07dec8394f66,askacademia_train,losing_generate_gemini,4,"4

This is a"
833f55c8-5a97-42cb-b2a8-07dec8394f66,askacademia_train,losing_generate_gpt4omini,2,"2

This comment provides"
833f55c8-5a97-42cb-b2a8-07dec8394f66,askacademia_train,losing_generate_gpt5nano,4,"4

This is a"
833f55c8-5a97-42cb-b2a8-07dec8394f66,askacademia_train,losing_generate_llama,2,"2

This comment appears"
833f55c8-5a97-42cb-b2a8-07dec8394f66,askacademia_train,losing_generate_mistral,2,"2

The comment provides"
833f55c8-5a97-42cb-b2a8-07dec8394f66,askacademia_train,losing_generate_qwen,2,"2

This comment does"
833f55c8-5a97-42cb-b2a8-07dec8394f66,askacademia_train,losing_improve_claude,3,"3

This comment provides"
833f55c8-5a97-42cb-b2a8-07dec8394f66,askacademia_train,losing_improve_gemini,1,"1

This comment does"
833f55c8-5a97-42cb-b2a8-07dec8394f66,askacademia_train,losing_improve_gpt4omini,3,"3

This comment provides"
833f55c8-5a97-42cb-b2a8-07dec8394f66,askacademia_train,losing_improve_gpt5nano,3,3
833f55c8-5a97-42cb-b2a8-07dec8394f66,askacademia_train,losing_improve_llama,2,"2

This comment reads"
833f55c8-5a97-42cb-b2a8-07dec8394f66,askacademia_train,losing_improve_mistral,3,"3

This comment provides"
833f55c8-5a97-42cb-b2a8-07dec8394f66,askacademia_train,losing_improve_qwen,2,"2

This comment appears"
833f55c8-5a97-42cb-b2a8-07dec8394f66,askacademia_train,losing_paraphrase_claude,2,"2

This comment appears"
833f55c8-5a97-42cb-b2a8-07dec8394f66,askacademia_train,losing_paraphrase_gemini,2,"2

This comment shares"
833f55c8-5a97-42cb-b2a8-07dec8394f66,askacademia_train,losing_paraphrase_gpt4omini,3,"3

This comment receives"
833f55c8-5a97-42cb-b2a8-07dec8394f66,askacademia_train,losing_paraphrase_gpt5nano,3,"3

This comment provides"
833f55c8-5a97-42cb-b2a8-07dec8394f66,askacademia_train,losing_paraphrase_llama,2,"2

This comment makes"
833f55c8-5a97-42cb-b2a8-07dec8394f66,askacademia_train,losing_paraphrase_mistral,2,"2

This comment reads"
833f55c8-5a97-42cb-b2a8-07dec8394f66,askacademia_train,losing_paraphrase_qwen,2,"2

This comment appears"
63dc3813-04cd-4278-9793-1606f591dbdd,askacademia_train,winning_text,4,4
63dc3813-04cd-4278-9793-1606f591dbdd,askacademia_train,losing_text,3,"3

This comment receives"
63dc3813-04cd-4278-9793-1606f591dbdd,askacademia_train,losing_generate_claude,5,"5

This comment is"
63dc3813-04cd-4278-9793-1606f591dbdd,askacademia_train,losing_generate_gemini,4,"4

This is a"
63dc3813-04cd-4278-9793-1606f591dbdd,askacademia_train,losing_generate_gpt4omini,2,"2

This comment provides"
63dc3813-04cd-4278-9793-1606f591dbdd,askacademia_train,losing_generate_gpt5nano,2,"2

This comment appears"
63dc3813-04cd-4278-9793-1606f591dbdd,askacademia_train,losing_generate_llama,1,"1

This comment is"
63dc3813-04cd-4278-9793-1606f591dbdd,askacademia_train,losing_generate_mistral,2,"2

The comment provides"
63dc3813-04cd-4278-9793-1606f591dbdd,askacademia_train,losing_generate_qwen,2,"2

This comment appears"
63dc3813-04cd-4278-9793-1606f591dbdd,askacademia_train,losing_improve_claude,2,"2

**Reasoning"
63dc3813-04cd-4278-9793-1606f591dbdd,askacademia_train,losing_improve_gemini,3,"3

This comment provides"
63dc3813-04cd-4278-9793-1606f591dbdd,askacademia_train,losing_improve_gpt4omini,2,"2

The comment provides"
63dc3813-04cd-4278-9793-1606f591dbdd,askacademia_train,losing_improve_gpt5nano,2,"2

This comment appears"
63dc3813-04cd-4278-9793-1606f591dbdd,askacademia_train,losing_improve_llama,2,2
63dc3813-04cd-4278-9793-1606f591dbdd,askacademia_train,losing_improve_mistral,2,"2

This comment appears"
63dc3813-04cd-4278-9793-1606f591dbdd,askacademia_train,losing_improve_qwen,2,"2

This comment appears"
63dc3813-04cd-4278-9793-1606f591dbdd,askacademia_train,losing_paraphrase_claude,2,"2

This comment appears"
63dc3813-04cd-4278-9793-1606f591dbdd,askacademia_train,losing_paraphrase_gemini,2,"2

This comment shares"
63dc3813-04cd-4278-9793-1606f591dbdd,askacademia_train,losing_paraphrase_gpt4omini,2,"2

This comment appears"
63dc3813-04cd-4278-9793-1606f591dbdd,askacademia_train,losing_paraphrase_gpt5nano,3,"3

This comment receives"
63dc3813-04cd-4278-9793-1606f591dbdd,askacademia_train,losing_paraphrase_llama,2,"2

This comment makes"
63dc3813-04cd-4278-9793-1606f591dbdd,askacademia_train,losing_paraphrase_mistral,2,"2

This comment is"
63dc3813-04cd-4278-9793-1606f591dbdd,askacademia_train,losing_paraphrase_qwen,2,"2

The comment appears"
f9eb28f5-033f-4795-b0ad-d94f4e4eb0df,askacademia_train,winning_text,3,3
f9eb28f5-033f-4795-b0ad-d94f4e4eb0df,askacademia_train,losing_text,3,"3

This comment receives"
f9eb28f5-033f-4795-b0ad-d94f4e4eb0df,askacademia_train,losing_generate_claude,5,"5

This comment is"
f9eb28f5-033f-4795-b0ad-d94f4e4eb0df,askacademia_train,losing_generate_gemini,4,"4

This comment provides"
f9eb28f5-033f-4795-b0ad-d94f4e4eb0df,askacademia_train,losing_generate_gpt4omini,1,"1

This comment fails"
f9eb28f5-033f-4795-b0ad-d94f4e4eb0df,askacademia_train,losing_generate_gpt5nano,2,"2

This comment provides"
f9eb28f5-033f-4795-b0ad-d94f4e4eb0df,askacademia_train,losing_generate_llama,2,"2

This comment appears"
f9eb28f5-033f-4795-b0ad-d94f4e4eb0df,askacademia_train,losing_generate_mistral,2,"2

The comment provides"
f9eb28f5-033f-4795-b0ad-d94f4e4eb0df,askacademia_train,losing_generate_qwen,2,"2

The comment appears"
f9eb28f5-033f-4795-b0ad-d94f4e4eb0df,askacademia_train,losing_improve_claude,2,"2

This comment appears"
f9eb28f5-033f-4795-b0ad-d94f4e4eb0df,askacademia_train,losing_improve_gemini,3,"3

This comment provides"
f9eb28f5-033f-4795-b0ad-d94f4e4eb0df,askacademia_train,losing_improve_gpt4omini,1,"1

The comment appears"
f9eb28f5-033f-4795-b0ad-d94f4e4eb0df,askacademia_train,losing_improve_gpt5nano,2,"2

This comment appears"
f9eb28f5-033f-4795-b0ad-d94f4e4eb0df,askacademia_train,losing_improve_llama,2,"2

The comment makes"
f9eb28f5-033f-4795-b0ad-d94f4e4eb0df,askacademia_train,losing_improve_mistral,2,"2

This comment appears"
f9eb28f5-033f-4795-b0ad-d94f4e4eb0df,askacademia_train,losing_improve_qwen,2,"2

This comment appears"
f9eb28f5-033f-4795-b0ad-d94f4e4eb0df,askacademia_train,losing_paraphrase_claude,3,"3

This comment provides"
f9eb28f5-033f-4795-b0ad-d94f4e4eb0df,askacademia_train,losing_paraphrase_gemini,2,"2

This comment shares"
f9eb28f5-033f-4795-b0ad-d94f4e4eb0df,askacademia_train,losing_paraphrase_gpt4omini,2,"2

This comment appears"
f9eb28f5-033f-4795-b0ad-d94f4e4eb0df,askacademia_train,losing_paraphrase_gpt5nano,3,"3

This comment provides"
f9eb28f5-033f-4795-b0ad-d94f4e4eb0df,askacademia_train,losing_paraphrase_llama,2,"2

This comment makes"
f9eb28f5-033f-4795-b0ad-d94f4e4eb0df,askacademia_train,losing_paraphrase_mistral,2,"2

This comment appears"
f9eb28f5-033f-4795-b0ad-d94f4e4eb0df,askacademia_train,losing_paraphrase_qwen,2,"2

The comment provides"
a0ec2689-dd6b-449a-a8d8-2262aacfe8e5,askacademia_train,winning_text,2,"2

This comment addresses"
a0ec2689-dd6b-449a-a8d8-2262aacfe8e5,askacademia_train,losing_text,AMBIG,I would rate this comment a
a0ec2689-dd6b-449a-a8d8-2262aacfe8e5,askacademia_train,losing_generate_claude,4,"4

This is a"
a0ec2689-dd6b-449a-a8d8-2262aacfe8e5,askacademia_train,losing_generate_gemini,4,"4

This comment provides"
a0ec2689-dd6b-449a-a8d8-2262aacfe8e5,askacademia_train,losing_generate_gpt4omini,2,"2

This comment provides"
a0ec2689-dd6b-449a-a8d8-2262aacfe8e5,askacademia_train,losing_generate_gpt5nano,2,"2

This comment appears"
a0ec2689-dd6b-449a-a8d8-2262aacfe8e5,askacademia_train,losing_generate_llama,2,"2

This comment appears"
a0ec2689-dd6b-449a-a8d8-2262aacfe8e5,askacademia_train,losing_generate_mistral,2,"2

The comment provides"
a0ec2689-dd6b-449a-a8d8-2262aacfe8e5,askacademia_train,losing_generate_qwen,2,"2

The comment appears"
a0ec2689-dd6b-449a-a8d8-2262aacfe8e5,askacademia_train,losing_improve_claude,4,"4

This comment serves"
a0ec2689-dd6b-449a-a8d8-2262aacfe8e5,askacademia_train,losing_improve_gemini,2,"2

This comment appears"
a0ec2689-dd6b-449a-a8d8-2262aacfe8e5,askacademia_train,losing_improve_gpt4omini,2,"2

This comment provides"
a0ec2689-dd6b-449a-a8d8-2262aacfe8e5,askacademia_train,losing_improve_gpt5nano,4,"4

This is a"
a0ec2689-dd6b-449a-a8d8-2262aacfe8e5,askacademia_train,losing_improve_llama,2,"2

This appears to"
a0ec2689-dd6b-449a-a8d8-2262aacfe8e5,askacademia_train,losing_improve_mistral,AMBIG,I would rate this comment a
a0ec2689-dd6b-449a-a8d8-2262aacfe8e5,askacademia_train,losing_improve_qwen,3,3
a0ec2689-dd6b-449a-a8d8-2262aacfe8e5,askacademia_train,losing_paraphrase_claude,4,"4

This comment provides"
a0ec2689-dd6b-449a-a8d8-2262aacfe8e5,askacademia_train,losing_paraphrase_gemini,2,"2

This comment shares"
a0ec2689-dd6b-449a-a8d8-2262aacfe8e5,askacademia_train,losing_paraphrase_gpt4omini,2,"2

This comment is"
a0ec2689-dd6b-449a-a8d8-2262aacfe8e5,askacademia_train,losing_paraphrase_gpt5nano,AMBIG,I need to evaluate how well
a0ec2689-dd6b-449a-a8d8-2262aacfe8e5,askacademia_train,losing_paraphrase_llama,2,"2

This comment appears"
a0ec2689-dd6b-449a-a8d8-2262aacfe8e5,askacademia_train,losing_paraphrase_mistral,AMBIG,I need to evaluate how well
a0ec2689-dd6b-449a-a8d8-2262aacfe8e5,askacademia_train,losing_paraphrase_qwen,3,"3

This comment provides"
b9a7dce2-b5e5-43e3-a806-b688108049ce,askacademia_train,winning_text,4,"4

This comment provides"
b9a7dce2-b5e5-43e3-a806-b688108049ce,askacademia_train,losing_text,AMBIG,I would rate this comment a
b9a7dce2-b5e5-43e3-a806-b688108049ce,askacademia_train,losing_generate_claude,4,"4

This is a"
b9a7dce2-b5e5-43e3-a806-b688108049ce,askacademia_train,losing_generate_gemini,4,"4

This comment provides"
b9a7dce2-b5e5-43e3-a806-b688108049ce,askacademia_train,losing_generate_gpt4omini,1,"1

This comment fails"
b9a7dce2-b5e5-43e3-a806-b688108049ce,askacademia_train,losing_generate_gpt5nano,2,"2

This comment fails"
b9a7dce2-b5e5-43e3-a806-b688108049ce,askacademia_train,losing_generate_llama,2,"2

This comment appears"
b9a7dce2-b5e5-43e3-a806-b688108049ce,askacademia_train,losing_generate_mistral,1,"1

This comment does"
b9a7dce2-b5e5-43e3-a806-b688108049ce,askacademia_train,losing_generate_qwen,2,"2

The comment appears"
b9a7dce2-b5e5-43e3-a806-b688108049ce,askacademia_train,losing_improve_claude,4,"4

This is a"
b9a7dce2-b5e5-43e3-a806-b688108049ce,askacademia_train,losing_improve_gemini,2,"2

This comment appears"
b9a7dce2-b5e5-43e3-a806-b688108049ce,askacademia_train,losing_improve_gpt4omini,3,"3

This comment provides"
b9a7dce2-b5e5-43e3-a806-b688108049ce,askacademia_train,losing_improve_gpt5nano,4,"4

This is a"
b9a7dce2-b5e5-43e3-a806-b688108049ce,askacademia_train,losing_improve_llama,2,"2

This appears to"
b9a7dce2-b5e5-43e3-a806-b688108049ce,askacademia_train,losing_improve_mistral,4,4
b9a7dce2-b5e5-43e3-a806-b688108049ce,askacademia_train,losing_improve_qwen,2,2
b9a7dce2-b5e5-43e3-a806-b688108049ce,askacademia_train,losing_paraphrase_claude,4,"4

This comment provides"
b9a7dce2-b5e5-43e3-a806-b688108049ce,askacademia_train,losing_paraphrase_gemini,2,"2

This comment shares"
b9a7dce2-b5e5-43e3-a806-b688108049ce,askacademia_train,losing_paraphrase_gpt4omini,2,"2

This comment provides"
b9a7dce2-b5e5-43e3-a806-b688108049ce,askacademia_train,losing_paraphrase_gpt5nano,2,"2

This comment appears"
b9a7dce2-b5e5-43e3-a806-b688108049ce,askacademia_train,losing_paraphrase_llama,2,"2

This comment appears"
b9a7dce2-b5e5-43e3-a806-b688108049ce,askacademia_train,losing_paraphrase_mistral,AMBIG,I would rate this comment a
b9a7dce2-b5e5-43e3-a806-b688108049ce,askacademia_train,losing_paraphrase_qwen,3,"3

This comment provides"
5acb90f4-26ff-4bbe-8703-efd78c8bb85a,askacademia_train,winning_text,4,4
5acb90f4-26ff-4bbe-8703-efd78c8bb85a,askacademia_train,losing_text,AMBIG,I would rate this comment a
5acb90f4-26ff-4bbe-8703-efd78c8bb85a,askacademia_train,losing_generate_claude,3,"3

This comment provides"
5acb90f4-26ff-4bbe-8703-efd78c8bb85a,askacademia_train,losing_generate_gemini,4,"4

This comment provides"
5acb90f4-26ff-4bbe-8703-efd78c8bb85a,askacademia_train,losing_generate_gpt4omini,1,"1

This comment fails"
5acb90f4-26ff-4bbe-8703-efd78c8bb85a,askacademia_train,losing_generate_gpt5nano,3,"3

This comment provides"
5acb90f4-26ff-4bbe-8703-efd78c8bb85a,askacademia_train,losing_generate_llama,2,"2

This comment appears"
5acb90f4-26ff-4bbe-8703-efd78c8bb85a,askacademia_train,losing_generate_mistral,2,"2

The comment provides"
5acb90f4-26ff-4bbe-8703-efd78c8bb85a,askacademia_train,losing_generate_qwen,2,"2

The comment appears"
5acb90f4-26ff-4bbe-8703-efd78c8bb85a,askacademia_train,losing_improve_claude,4,"4

This is a"
5acb90f4-26ff-4bbe-8703-efd78c8bb85a,askacademia_train,losing_improve_gemini,2,"2

This comment appears"
5acb90f4-26ff-4bbe-8703-efd78c8bb85a,askacademia_train,losing_improve_gpt4omini,4,"4

This is a"
5acb90f4-26ff-4bbe-8703-efd78c8bb85a,askacademia_train,losing_improve_gpt5nano,3,"3

This comment provides"
5acb90f4-26ff-4bbe-8703-efd78c8bb85a,askacademia_train,losing_improve_llama,2,"2

This appears to"
5acb90f4-26ff-4bbe-8703-efd78c8bb85a,askacademia_train,losing_improve_mistral,2,"2

This comment makes"
5acb90f4-26ff-4bbe-8703-efd78c8bb85a,askacademia_train,losing_improve_qwen,2,2
5acb90f4-26ff-4bbe-8703-efd78c8bb85a,askacademia_train,losing_paraphrase_claude,4,"4

This comment provides"
5acb90f4-26ff-4bbe-8703-efd78c8bb85a,askacademia_train,losing_paraphrase_gemini,2,"2

The comment provides"
5acb90f4-26ff-4bbe-8703-efd78c8bb85a,askacademia_train,losing_paraphrase_gpt4omini,2,"2

This comment provides"
5acb90f4-26ff-4bbe-8703-efd78c8bb85a,askacademia_train,losing_paraphrase_gpt5nano,2,"2

This comment appears"
5acb90f4-26ff-4bbe-8703-efd78c8bb85a,askacademia_train,losing_paraphrase_llama,2,"2

This comment appears"
5acb90f4-26ff-4bbe-8703-efd78c8bb85a,askacademia_train,losing_paraphrase_mistral,3,"3

This comment provides"
5acb90f4-26ff-4bbe-8703-efd78c8bb85a,askacademia_train,losing_paraphrase_qwen,3,"3

This comment provides"
61eab7a2-63aa-48f1-9122-8994e78ed7ac,askacademia_train,winning_text,3,3
61eab7a2-63aa-48f1-9122-8994e78ed7ac,askacademia_train,losing_text,AMBIG,I would rate this comment a
61eab7a2-63aa-48f1-9122-8994e78ed7ac,askacademia_train,losing_generate_claude,4,"4

This is a"
61eab7a2-63aa-48f1-9122-8994e78ed7ac,askacademia_train,losing_generate_gemini,4,"4

This is a"
61eab7a2-63aa-48f1-9122-8994e78ed7ac,askacademia_train,losing_generate_gpt4omini,2,"2

This comment provides"
61eab7a2-63aa-48f1-9122-8994e78ed7ac,askacademia_train,losing_generate_gpt5nano,4,"4

This is a"
61eab7a2-63aa-48f1-9122-8994e78ed7ac,askacademia_train,losing_generate_llama,2,"2

This comment appears"
61eab7a2-63aa-48f1-9122-8994e78ed7ac,askacademia_train,losing_generate_mistral,2,"2

The comment provides"
61eab7a2-63aa-48f1-9122-8994e78ed7ac,askacademia_train,losing_generate_qwen,2,"2

This comment appears"
61eab7a2-63aa-48f1-9122-8994e78ed7ac,askacademia_train,losing_improve_claude,2,"2

This comment appears"
61eab7a2-63aa-48f1-9122-8994e78ed7ac,askacademia_train,losing_improve_gemini,2,"2

This comment appears"
61eab7a2-63aa-48f1-9122-8994e78ed7ac,askacademia_train,losing_improve_gpt4omini,2,"2

This comment provides"
61eab7a2-63aa-48f1-9122-8994e78ed7ac,askacademia_train,losing_improve_gpt5nano,2,"2

This comment appears"
61eab7a2-63aa-48f1-9122-8994e78ed7ac,askacademia_train,losing_improve_llama,2,"2

This appears to"
61eab7a2-63aa-48f1-9122-8994e78ed7ac,askacademia_train,losing_improve_mistral,2,"2

The comment discusses"
61eab7a2-63aa-48f1-9122-8994e78ed7ac,askacademia_train,losing_improve_qwen,3,3
61eab7a2-63aa-48f1-9122-8994e78ed7ac,askacademia_train,losing_paraphrase_claude,4,"4

This comment provides"
61eab7a2-63aa-48f1-9122-8994e78ed7ac,askacademia_train,losing_paraphrase_gemini,4,"4

This comment provides"
61eab7a2-63aa-48f1-9122-8994e78ed7ac,askacademia_train,losing_paraphrase_gpt4omini,2,"2

This comment is"
61eab7a2-63aa-48f1-9122-8994e78ed7ac,askacademia_train,losing_paraphrase_gpt5nano,2,"2

This comment provides"
61eab7a2-63aa-48f1-9122-8994e78ed7ac,askacademia_train,losing_paraphrase_llama,2,"2

This comment appears"
61eab7a2-63aa-48f1-9122-8994e78ed7ac,askacademia_train,losing_paraphrase_mistral,2,"2

This comment discusses"
61eab7a2-63aa-48f1-9122-8994e78ed7ac,askacademia_train,losing_paraphrase_qwen,3,"3

This comment provides"
24f3a231-59a6-4bd0-885d-0e8db6e59c16,askacademia_train,winning_text,4,"4

This comment provides"
24f3a231-59a6-4bd0-885d-0e8db6e59c16,askacademia_train,losing_text,2,"2

The comment discusses"
24f3a231-59a6-4bd0-885d-0e8db6e59c16,askacademia_train,losing_generate_claude,3,"3

This is a"
24f3a231-59a6-4bd0-885d-0e8db6e59c16,askacademia_train,losing_generate_gemini,4,"4

This is a"
24f3a231-59a6-4bd0-885d-0e8db6e59c16,askacademia_train,losing_generate_gpt4omini,1,"1

This comment fails"
24f3a231-59a6-4bd0-885d-0e8db6e59c16,askacademia_train,losing_generate_gpt5nano,2,"2

This comment appears"
24f3a231-59a6-4bd0-885d-0e8db6e59c16,askacademia_train,losing_generate_llama,2,"2

This comment appears"
24f3a231-59a6-4bd0-885d-0e8db6e59c16,askacademia_train,losing_generate_mistral,2,"2

The comment provides"
24f3a231-59a6-4bd0-885d-0e8db6e59c16,askacademia_train,losing_generate_qwen,2,"2

This comment appears"
24f3a231-59a6-4bd0-885d-0e8db6e59c16,askacademia_train,losing_improve_claude,4,"4

This is a"
24f3a231-59a6-4bd0-885d-0e8db6e59c16,askacademia_train,losing_improve_gemini,3,"3

This comment provides"
24f3a231-59a6-4bd0-885d-0e8db6e59c16,askacademia_train,losing_improve_gpt4omini,2,"2

This comment makes"
24f3a231-59a6-4bd0-885d-0e8db6e59c16,askacademia_train,losing_improve_gpt5nano,4,"4

This is a"
24f3a231-59a6-4bd0-885d-0e8db6e59c16,askacademia_train,losing_improve_llama,2,"2

This comment is"
24f3a231-59a6-4bd0-885d-0e8db6e59c16,askacademia_train,losing_improve_mistral,2,"2

This comment appears"
24f3a231-59a6-4bd0-885d-0e8db6e59c16,askacademia_train,losing_improve_qwen,2,"2

This comment doesn"
24f3a231-59a6-4bd0-885d-0e8db6e59c16,askacademia_train,losing_paraphrase_claude,2,"2

This comment discusses"
24f3a231-59a6-4bd0-885d-0e8db6e59c16,askacademia_train,losing_paraphrase_gemini,4,4
24f3a231-59a6-4bd0-885d-0e8db6e59c16,askacademia_train,losing_paraphrase_gpt4omini,2,"2

This comment is"
24f3a231-59a6-4bd0-885d-0e8db6e59c16,askacademia_train,losing_paraphrase_gpt5nano,2,"2

This comment appears"
24f3a231-59a6-4bd0-885d-0e8db6e59c16,askacademia_train,losing_paraphrase_llama,2,"2

The comment appears"
24f3a231-59a6-4bd0-885d-0e8db6e59c16,askacademia_train,losing_paraphrase_mistral,2,"2

This comment is"
24f3a231-59a6-4bd0-885d-0e8db6e59c16,askacademia_train,losing_paraphrase_qwen,2,"2

The comment appears"
bc931a97-f7cc-4370-a10d-d413648094a2,askacademia_train,winning_text,4,"4

This comment provides"
bc931a97-f7cc-4370-a10d-d413648094a2,askacademia_train,losing_text,2,"2

This comment addresses"
bc931a97-f7cc-4370-a10d-d413648094a2,askacademia_train,losing_generate_claude,4,"4

This is a"
bc931a97-f7cc-4370-a10d-d413648094a2,askacademia_train,losing_generate_gemini,4,"4

This comment provides"
bc931a97-f7cc-4370-a10d-d413648094a2,askacademia_train,losing_generate_gpt4omini,1,"1

This comment deser"
bc931a97-f7cc-4370-a10d-d413648094a2,askacademia_train,losing_generate_gpt5nano,2,"2

This comment provides"
bc931a97-f7cc-4370-a10d-d413648094a2,askacademia_train,losing_generate_llama,2,"2

This comment appears"
bc931a97-f7cc-4370-a10d-d413648094a2,askacademia_train,losing_generate_mistral,2,"2

The comment provides"
bc931a97-f7cc-4370-a10d-d413648094a2,askacademia_train,losing_generate_qwen,2,"2

The comment appears"
bc931a97-f7cc-4370-a10d-d413648094a2,askacademia_train,losing_improve_claude,4,"4

This is a"
bc931a97-f7cc-4370-a10d-d413648094a2,askacademia_train,losing_improve_gemini,4,"4

This is a"
bc931a97-f7cc-4370-a10d-d413648094a2,askacademia_train,losing_improve_gpt4omini,3,"3

This comment provides"
bc931a97-f7cc-4370-a10d-d413648094a2,askacademia_train,losing_improve_gpt5nano,2,"2

This comment provides"
bc931a97-f7cc-4370-a10d-d413648094a2,askacademia_train,losing_improve_llama,2,"2

This comment discusses"
bc931a97-f7cc-4370-a10d-d413648094a2,askacademia_train,losing_improve_mistral,2,"2

The comment provides"
bc931a97-f7cc-4370-a10d-d413648094a2,askacademia_train,losing_improve_qwen,3,3
bc931a97-f7cc-4370-a10d-d413648094a2,askacademia_train,losing_paraphrase_claude,4,"4

This is a"
bc931a97-f7cc-4370-a10d-d413648094a2,askacademia_train,losing_paraphrase_gemini,2,"2

This comment appears"
bc931a97-f7cc-4370-a10d-d413648094a2,askacademia_train,losing_paraphrase_gpt4omini,2,"2

This comment appears"
bc931a97-f7cc-4370-a10d-d413648094a2,askacademia_train,losing_paraphrase_gpt5nano,2,"2

This comment provides"
bc931a97-f7cc-4370-a10d-d413648094a2,askacademia_train,losing_paraphrase_llama,3,"3

This comment addresses"
bc931a97-f7cc-4370-a10d-d413648094a2,askacademia_train,losing_paraphrase_mistral,2,"2

This comment discusses"
bc931a97-f7cc-4370-a10d-d413648094a2,askacademia_train,losing_paraphrase_qwen,3,3
92c8bc45-ef94-4171-a433-e71f36e592be,askacademia_train,winning_text,4,4
92c8bc45-ef94-4171-a433-e71f36e592be,askacademia_train,losing_text,4,"4

This is a"
92c8bc45-ef94-4171-a433-e71f36e592be,askacademia_train,losing_generate_claude,4,"4

This is a"
92c8bc45-ef94-4171-a433-e71f36e592be,askacademia_train,losing_generate_gemini,4,"4

This comment provides"
92c8bc45-ef94-4171-a433-e71f36e592be,askacademia_train,losing_generate_gpt4omini,1,"1

This comment fails"
92c8bc45-ef94-4171-a433-e71f36e592be,askacademia_train,losing_generate_gpt5nano,3,"3

This comment provides"
92c8bc45-ef94-4171-a433-e71f36e592be,askacademia_train,losing_generate_llama,2,"2

This comment appears"
92c8bc45-ef94-4171-a433-e71f36e592be,askacademia_train,losing_generate_mistral,2,"2

The comment provides"
92c8bc45-ef94-4171-a433-e71f36e592be,askacademia_train,losing_generate_qwen,2,"2

The comment appears"
92c8bc45-ef94-4171-a433-e71f36e592be,askacademia_train,losing_improve_claude,4,"4

This is a"
92c8bc45-ef94-4171-a433-e71f36e592be,askacademia_train,losing_improve_gemini,4,"4

This is a"
92c8bc45-ef94-4171-a433-e71f36e592be,askacademia_train,losing_improve_gpt4omini,2,"2

This comment provides"
92c8bc45-ef94-4171-a433-e71f36e592be,askacademia_train,losing_improve_gpt5nano,4,"4

This comment provides"
92c8bc45-ef94-4171-a433-e71f36e592be,askacademia_train,losing_improve_llama,2,"2

The comment provides"
92c8bc45-ef94-4171-a433-e71f36e592be,askacademia_train,losing_improve_mistral,4,"4

This is a"
92c8bc45-ef94-4171-a433-e71f36e592be,askacademia_train,losing_improve_qwen,2,"2

The comment provides"
92c8bc45-ef94-4171-a433-e71f36e592be,askacademia_train,losing_paraphrase_claude,4,"4

This is a"
92c8bc45-ef94-4171-a433-e71f36e592be,askacademia_train,losing_paraphrase_gemini,2,"2

This comment appears"
92c8bc45-ef94-4171-a433-e71f36e592be,askacademia_train,losing_paraphrase_gpt4omini,4,"4

This is a"
92c8bc45-ef94-4171-a433-e71f36e592be,askacademia_train,losing_paraphrase_gpt5nano,4,"4

This is a"
92c8bc45-ef94-4171-a433-e71f36e592be,askacademia_train,losing_paraphrase_llama,4,4
92c8bc45-ef94-4171-a433-e71f36e592be,askacademia_train,losing_paraphrase_mistral,3,"3

This comment provides"
92c8bc45-ef94-4171-a433-e71f36e592be,askacademia_train,losing_paraphrase_qwen,3,"3

The comment provides"
df72e015-8417-47b6-9eaf-8205041ea649,askacademia_train,winning_text,2,"2

This comment provides"
df72e015-8417-47b6-9eaf-8205041ea649,askacademia_train,losing_text,3,"3

This comment provides"
df72e015-8417-47b6-9eaf-8205041ea649,askacademia_train,losing_generate_claude,4,"4

This is a"
df72e015-8417-47b6-9eaf-8205041ea649,askacademia_train,losing_generate_gemini,4,"4

This comment provides"
df72e015-8417-47b6-9eaf-8205041ea649,askacademia_train,losing_generate_gpt4omini,1,"1

This comment fails"
df72e015-8417-47b6-9eaf-8205041ea649,askacademia_train,losing_generate_gpt5nano,2,"2

This comment assumes"
df72e015-8417-47b6-9eaf-8205041ea649,askacademia_train,losing_generate_llama,2,"2

This comment appears"
df72e015-8417-47b6-9eaf-8205041ea649,askacademia_train,losing_generate_mistral,2,"2

The comment provides"
df72e015-8417-47b6-9eaf-8205041ea649,askacademia_train,losing_generate_qwen,2,"2

The comment appears"
df72e015-8417-47b6-9eaf-8205041ea649,askacademia_train,losing_improve_claude,4,"4

This is a"
df72e015-8417-47b6-9eaf-8205041ea649,askacademia_train,losing_improve_gemini,4,"4

This is a"
df72e015-8417-47b6-9eaf-8205041ea649,askacademia_train,losing_improve_gpt4omini,2,"2

The comment provides"
df72e015-8417-47b6-9eaf-8205041ea649,askacademia_train,losing_improve_gpt5nano,3,"3

This comment provides"
df72e015-8417-47b6-9eaf-8205041ea649,askacademia_train,losing_improve_llama,2,"2

The comment provides"
df72e015-8417-47b6-9eaf-8205041ea649,askacademia_train,losing_improve_mistral,2,"2

The comment provides"
df72e015-8417-47b6-9eaf-8205041ea649,askacademia_train,losing_improve_qwen,2,"2

The comment provides"
df72e015-8417-47b6-9eaf-8205041ea649,askacademia_train,losing_paraphrase_claude,4,"4

This is a"
df72e015-8417-47b6-9eaf-8205041ea649,askacademia_train,losing_paraphrase_gemini,2,"2

This comment addresses"
df72e015-8417-47b6-9eaf-8205041ea649,askacademia_train,losing_paraphrase_gpt4omini,3,"3

This comment provides"
df72e015-8417-47b6-9eaf-8205041ea649,askacademia_train,losing_paraphrase_gpt5nano,3,"3

This comment provides"
df72e015-8417-47b6-9eaf-8205041ea649,askacademia_train,losing_paraphrase_llama,4,"4

The comment provides"
df72e015-8417-47b6-9eaf-8205041ea649,askacademia_train,losing_paraphrase_mistral,3,3
df72e015-8417-47b6-9eaf-8205041ea649,askacademia_train,losing_paraphrase_qwen,3,"3

The comment provides"
bf8673d4-22f3-43d7-b8f0-2ca036a168b9,askacademia_train,winning_text,2,"2

This comment shares"
bf8673d4-22f3-43d7-b8f0-2ca036a168b9,askacademia_train,losing_text,2,"2

This comment shares"
bf8673d4-22f3-43d7-b8f0-2ca036a168b9,askacademia_train,losing_generate_claude,4,"4

This comment serves"
bf8673d4-22f3-43d7-b8f0-2ca036a168b9,askacademia_train,losing_generate_gemini,4,"4

This is a"
bf8673d4-22f3-43d7-b8f0-2ca036a168b9,askacademia_train,losing_generate_gpt4omini,1,"1

The comment completely"
bf8673d4-22f3-43d7-b8f0-2ca036a168b9,askacademia_train,losing_generate_gpt5nano,2,"2

The comment mis"
bf8673d4-22f3-43d7-b8f0-2ca036a168b9,askacademia_train,losing_generate_llama,2,"2

This comment appears"
bf8673d4-22f3-43d7-b8f0-2ca036a168b9,askacademia_train,losing_generate_mistral,1,"1

This comment appears"
bf8673d4-22f3-43d7-b8f0-2ca036a168b9,askacademia_train,losing_generate_qwen,2,"2

The comment appears"
bf8673d4-22f3-43d7-b8f0-2ca036a168b9,askacademia_train,losing_improve_claude,4,"4

This is a"
bf8673d4-22f3-43d7-b8f0-2ca036a168b9,askacademia_train,losing_improve_gemini,2,"2

This comment does"
bf8673d4-22f3-43d7-b8f0-2ca036a168b9,askacademia_train,losing_improve_gpt4omini,2,"2

This comment provides"
bf8673d4-22f3-43d7-b8f0-2ca036a168b9,askacademia_train,losing_improve_gpt5nano,2,"2

This comment provides"
bf8673d4-22f3-43d7-b8f0-2ca036a168b9,askacademia_train,losing_improve_llama,2,"2

This comment appears"
bf8673d4-22f3-43d7-b8f0-2ca036a168b9,askacademia_train,losing_improve_mistral,2,"2

This comment provides"
bf8673d4-22f3-43d7-b8f0-2ca036a168b9,askacademia_train,losing_improve_qwen,3,"3

This comment provides"
bf8673d4-22f3-43d7-b8f0-2ca036a168b9,askacademia_train,losing_paraphrase_claude,2,"2

This comment provides"
bf8673d4-22f3-43d7-b8f0-2ca036a168b9,askacademia_train,losing_paraphrase_gemini,2,"2

This comment shares"
bf8673d4-22f3-43d7-b8f0-2ca036a168b9,askacademia_train,losing_paraphrase_gpt4omini,4,"4

This is a"
bf8673d4-22f3-43d7-b8f0-2ca036a168b9,askacademia_train,losing_paraphrase_gpt5nano,2,"2

This comment appears"
bf8673d4-22f3-43d7-b8f0-2ca036a168b9,askacademia_train,losing_paraphrase_llama,2,"2

This comment provides"
bf8673d4-22f3-43d7-b8f0-2ca036a168b9,askacademia_train,losing_paraphrase_mistral,2,"2

This comment provides"
bf8673d4-22f3-43d7-b8f0-2ca036a168b9,askacademia_train,losing_paraphrase_qwen,2,"2

This comment appears"
a6e15ca2-b43c-4d81-a71b-051aebe7282a,askacademia_train,winning_text,4,4
a6e15ca2-b43c-4d81-a71b-051aebe7282a,askacademia_train,losing_text,2,"2

This comment shares"
a6e15ca2-b43c-4d81-a71b-051aebe7282a,askacademia_train,losing_generate_claude,4,"4

This is a"
a6e15ca2-b43c-4d81-a71b-051aebe7282a,askacademia_train,losing_generate_gemini,4,"4

This is a"
a6e15ca2-b43c-4d81-a71b-051aebe7282a,askacademia_train,losing_generate_gpt4omini,1,"1

This comment fails"
a6e15ca2-b43c-4d81-a71b-051aebe7282a,askacademia_train,losing_generate_gpt5nano,1,"1

This comment completely"
a6e15ca2-b43c-4d81-a71b-051aebe7282a,askacademia_train,losing_generate_llama,2,"2

This comment appears"
a6e15ca2-b43c-4d81-a71b-051aebe7282a,askacademia_train,losing_generate_mistral,2,"2

The comment provides"
a6e15ca2-b43c-4d81-a71b-051aebe7282a,askacademia_train,losing_generate_qwen,2,"2

The comment appears"
a6e15ca2-b43c-4d81-a71b-051aebe7282a,askacademia_train,losing_improve_claude,4,"4

This comment provides"
a6e15ca2-b43c-4d81-a71b-051aebe7282a,askacademia_train,losing_improve_gemini,4,"4

This is a"
a6e15ca2-b43c-4d81-a71b-051aebe7282a,askacademia_train,losing_improve_gpt4omini,2,"2

This comment provides"
a6e15ca2-b43c-4d81-a71b-051aebe7282a,askacademia_train,losing_improve_gpt5nano,4,"4

This is a"
a6e15ca2-b43c-4d81-a71b-051aebe7282a,askacademia_train,losing_improve_llama,2,"2

This comment appears"
a6e15ca2-b43c-4d81-a71b-051aebe7282a,askacademia_train,losing_improve_mistral,2,"2

The comment describes"
a6e15ca2-b43c-4d81-a71b-051aebe7282a,askacademia_train,losing_improve_qwen,3,3
a6e15ca2-b43c-4d81-a71b-051aebe7282a,askacademia_train,losing_paraphrase_claude,2,"2

This comment provides"
a6e15ca2-b43c-4d81-a71b-051aebe7282a,askacademia_train,losing_paraphrase_gemini,2,"2

This comment provides"
a6e15ca2-b43c-4d81-a71b-051aebe7282a,askacademia_train,losing_paraphrase_gpt4omini,2,"2

This comment provides"
a6e15ca2-b43c-4d81-a71b-051aebe7282a,askacademia_train,losing_paraphrase_gpt5nano,2,"2

This comment provides"
a6e15ca2-b43c-4d81-a71b-051aebe7282a,askacademia_train,losing_paraphrase_llama,2,"2

This comment provides"
a6e15ca2-b43c-4d81-a71b-051aebe7282a,askacademia_train,losing_paraphrase_mistral,2,"2

This comment provides"
a6e15ca2-b43c-4d81-a71b-051aebe7282a,askacademia_train,losing_paraphrase_qwen,2,"2

This comment provides"
aef4bb36-e9fc-4419-b4eb-d73502e0021f,askacademia_train,winning_text,3,3
aef4bb36-e9fc-4419-b4eb-d73502e0021f,askacademia_train,losing_text,2,"2

This comment shares"
aef4bb36-e9fc-4419-b4eb-d73502e0021f,askacademia_train,losing_generate_claude,3,"3

This comment provides"
aef4bb36-e9fc-4419-b4eb-d73502e0021f,askacademia_train,losing_generate_gemini,4,"4

This comment provides"
aef4bb36-e9fc-4419-b4eb-d73502e0021f,askacademia_train,losing_generate_gpt4omini,1,"1

This comment fails"
aef4bb36-e9fc-4419-b4eb-d73502e0021f,askacademia_train,losing_generate_gpt5nano,2,"2

This comment appears"
aef4bb36-e9fc-4419-b4eb-d73502e0021f,askacademia_train,losing_generate_llama,2,"2

This comment appears"
aef4bb36-e9fc-4419-b4eb-d73502e0021f,askacademia_train,losing_generate_mistral,2,"2

The comment provides"
aef4bb36-e9fc-4419-b4eb-d73502e0021f,askacademia_train,losing_generate_qwen,2,"2

The comment appears"
aef4bb36-e9fc-4419-b4eb-d73502e0021f,askacademia_train,losing_improve_claude,2,"2

This comment appears"
aef4bb36-e9fc-4419-b4eb-d73502e0021f,askacademia_train,losing_improve_gemini,4,"4

This is a"
aef4bb36-e9fc-4419-b4eb-d73502e0021f,askacademia_train,losing_improve_gpt4omini,2,"2

This comment provides"
aef4bb36-e9fc-4419-b4eb-d73502e0021f,askacademia_train,losing_improve_gpt5nano,2,"2

This comment appears"
aef4bb36-e9fc-4419-b4eb-d73502e0021f,askacademia_train,losing_improve_llama,2,"2

This comment appears"
aef4bb36-e9fc-4419-b4eb-d73502e0021f,askacademia_train,losing_improve_mistral,2,"2

The comment describes"
aef4bb36-e9fc-4419-b4eb-d73502e0021f,askacademia_train,losing_improve_qwen,3,"3

This comment provides"
aef4bb36-e9fc-4419-b4eb-d73502e0021f,askacademia_train,losing_paraphrase_claude,2,"2

This comment provides"
aef4bb36-e9fc-4419-b4eb-d73502e0021f,askacademia_train,losing_paraphrase_gemini,3,3
aef4bb36-e9fc-4419-b4eb-d73502e0021f,askacademia_train,losing_paraphrase_gpt4omini,2,"2

This comment provides"
aef4bb36-e9fc-4419-b4eb-d73502e0021f,askacademia_train,losing_paraphrase_gpt5nano,2,"2

This comment provides"
aef4bb36-e9fc-4419-b4eb-d73502e0021f,askacademia_train,losing_paraphrase_llama,2,"2

This comment provides"
aef4bb36-e9fc-4419-b4eb-d73502e0021f,askacademia_train,losing_paraphrase_mistral,2,"2

This comment provides"
aef4bb36-e9fc-4419-b4eb-d73502e0021f,askacademia_train,losing_paraphrase_qwen,2,"2

This comment appears"
feb7c33e-9721-4abb-a759-cbcb57c3b392,askacademia_train,winning_text,4,4
feb7c33e-9721-4abb-a759-cbcb57c3b392,askacademia_train,losing_text,2,"2

This comment shares"
feb7c33e-9721-4abb-a759-cbcb57c3b392,askacademia_train,losing_generate_claude,4,"4

This is a"
feb7c33e-9721-4abb-a759-cbcb57c3b392,askacademia_train,losing_generate_gemini,4,"4

This comment provides"
feb7c33e-9721-4abb-a759-cbcb57c3b392,askacademia_train,losing_generate_gpt4omini,1,"1

This comment fails"
feb7c33e-9721-4abb-a759-cbcb57c3b392,askacademia_train,losing_generate_gpt5nano,2,"2

This comment mis"
feb7c33e-9721-4abb-a759-cbcb57c3b392,askacademia_train,losing_generate_llama,2,"2

This comment appears"
feb7c33e-9721-4abb-a759-cbcb57c3b392,askacademia_train,losing_generate_mistral,2,"2

The comment provides"
feb7c33e-9721-4abb-a759-cbcb57c3b392,askacademia_train,losing_generate_qwen,2,"2

This comment does"
feb7c33e-9721-4abb-a759-cbcb57c3b392,askacademia_train,losing_improve_claude,2,"2

This comment has"
feb7c33e-9721-4abb-a759-cbcb57c3b392,askacademia_train,losing_improve_gemini,2,"2

This comment shares"
feb7c33e-9721-4abb-a759-cbcb57c3b392,askacademia_train,losing_improve_gpt4omini,4,"4

This is a"
feb7c33e-9721-4abb-a759-cbcb57c3b392,askacademia_train,losing_improve_gpt5nano,4,"4

This is a"
feb7c33e-9721-4abb-a759-cbcb57c3b392,askacademia_train,losing_improve_llama,3,"3

This comment provides"
feb7c33e-9721-4abb-a759-cbcb57c3b392,askacademia_train,losing_improve_mistral,4,"4

This is a"
feb7c33e-9721-4abb-a759-cbcb57c3b392,askacademia_train,losing_improve_qwen,3,3
feb7c33e-9721-4abb-a759-cbcb57c3b392,askacademia_train,losing_paraphrase_claude,4,"4

This comment serves"
feb7c33e-9721-4abb-a759-cbcb57c3b392,askacademia_train,losing_paraphrase_gemini,4,"4

This comment provides"
feb7c33e-9721-4abb-a759-cbcb57c3b392,askacademia_train,losing_paraphrase_gpt4omini,3,"3

This comment provides"
feb7c33e-9721-4abb-a759-cbcb57c3b392,askacademia_train,losing_paraphrase_gpt5nano,2,"2

The comment shares"
feb7c33e-9721-4abb-a759-cbcb57c3b392,askacademia_train,losing_paraphrase_llama,2,"2

This comment has"
feb7c33e-9721-4abb-a759-cbcb57c3b392,askacademia_train,losing_paraphrase_mistral,2,"2

This comment shares"
feb7c33e-9721-4abb-a759-cbcb57c3b392,askacademia_train,losing_paraphrase_qwen,AMBIG,I need to evaluate how well
d178a956-b16a-4b9f-b1a8-445332c73a27,askacademia_train,winning_text,3,3
d178a956-b16a-4b9f-b1a8-445332c73a27,askacademia_train,losing_text,2,"2

This comment shares"
d178a956-b16a-4b9f-b1a8-445332c73a27,askacademia_train,losing_generate_claude,4,"4

This is a"
d178a956-b16a-4b9f-b1a8-445332c73a27,askacademia_train,losing_generate_gemini,4,"4

This comment provides"
d178a956-b16a-4b9f-b1a8-445332c73a27,askacademia_train,losing_generate_gpt4omini,2,"2

This comment provides"
d178a956-b16a-4b9f-b1a8-445332c73a27,askacademia_train,losing_generate_gpt5nano,4,"4

This comment provides"
d178a956-b16a-4b9f-b1a8-445332c73a27,askacademia_train,losing_generate_llama,2,"2

This comment appears"
d178a956-b16a-4b9f-b1a8-445332c73a27,askacademia_train,losing_generate_mistral,2,"2

The comment provides"
d178a956-b16a-4b9f-b1a8-445332c73a27,askacademia_train,losing_generate_qwen,2,"2

This comment appears"
d178a956-b16a-4b9f-b1a8-445332c73a27,askacademia_train,losing_improve_claude,3,"3

This comment provides"
d178a956-b16a-4b9f-b1a8-445332c73a27,askacademia_train,losing_improve_gemini,4,"4

This comment serves"
d178a956-b16a-4b9f-b1a8-445332c73a27,askacademia_train,losing_improve_gpt4omini,4,"4

This is a"
d178a956-b16a-4b9f-b1a8-445332c73a27,askacademia_train,losing_improve_gpt5nano,3,"3

This comment provides"
d178a956-b16a-4b9f-b1a8-445332c73a27,askacademia_train,losing_improve_llama,2,"2

This comment has"
d178a956-b16a-4b9f-b1a8-445332c73a27,askacademia_train,losing_improve_mistral,4,"4

This is a"
d178a956-b16a-4b9f-b1a8-445332c73a27,askacademia_train,losing_improve_qwen,3,3
d178a956-b16a-4b9f-b1a8-445332c73a27,askacademia_train,losing_paraphrase_claude,4,"4

This comment serves"
d178a956-b16a-4b9f-b1a8-445332c73a27,askacademia_train,losing_paraphrase_gemini,3,"3

This comment provides"
d178a956-b16a-4b9f-b1a8-445332c73a27,askacademia_train,losing_paraphrase_gpt4omini,2,"2

This comment shares"
d178a956-b16a-4b9f-b1a8-445332c73a27,askacademia_train,losing_paraphrase_gpt5nano,2,"2

This comment shares"
d178a956-b16a-4b9f-b1a8-445332c73a27,askacademia_train,losing_paraphrase_llama,2,"2

This comment has"
d178a956-b16a-4b9f-b1a8-445332c73a27,askacademia_train,losing_paraphrase_mistral,2,"2

This comment shares"
d178a956-b16a-4b9f-b1a8-445332c73a27,askacademia_train,losing_paraphrase_qwen,AMBIG,I need to evaluate how well
856688b1-4e7d-4e12-8d8b-20142c12524c,askacademia_train,winning_text,3,"3

This comment provides"
856688b1-4e7d-4e12-8d8b-20142c12524c,askacademia_train,losing_text,2,"2

This comment provides"
856688b1-4e7d-4e12-8d8b-20142c12524c,askacademia_train,losing_generate_claude,4,"4

This is a"
856688b1-4e7d-4e12-8d8b-20142c12524c,askacademia_train,losing_generate_gemini,4,"4

This comment provides"
856688b1-4e7d-4e12-8d8b-20142c12524c,askacademia_train,losing_generate_gpt4omini,1,"1

This comment fails"
856688b1-4e7d-4e12-8d8b-20142c12524c,askacademia_train,losing_generate_gpt5nano,2,"2

The comment fundament"
856688b1-4e7d-4e12-8d8b-20142c12524c,askacademia_train,losing_generate_llama,2,"2

This comment appears"
856688b1-4e7d-4e12-8d8b-20142c12524c,askacademia_train,losing_generate_mistral,2,"2

This comment provides"
856688b1-4e7d-4e12-8d8b-20142c12524c,askacademia_train,losing_generate_qwen,2,"2

The comment appears"
856688b1-4e7d-4e12-8d8b-20142c12524c,askacademia_train,losing_improve_claude,3,"3

This comment provides"
856688b1-4e7d-4e12-8d8b-20142c12524c,askacademia_train,losing_improve_gemini,3,"3

This comment provides"
856688b1-4e7d-4e12-8d8b-20142c12524c,askacademia_train,losing_improve_gpt4omini,2,"2

This comment provides"
856688b1-4e7d-4e12-8d8b-20142c12524c,askacademia_train,losing_improve_gpt5nano,2,"2

This comment provides"
856688b1-4e7d-4e12-8d8b-20142c12524c,askacademia_train,losing_improve_llama,2,"2

This comment provides"
856688b1-4e7d-4e12-8d8b-20142c12524c,askacademia_train,losing_improve_mistral,2,"2

This comment provides"
856688b1-4e7d-4e12-8d8b-20142c12524c,askacademia_train,losing_improve_qwen,4,4
856688b1-4e7d-4e12-8d8b-20142c12524c,askacademia_train,losing_paraphrase_claude,2,"2

This comment provides"
856688b1-4e7d-4e12-8d8b-20142c12524c,askacademia_train,losing_paraphrase_gemini,2,"2

This comment shares"
856688b1-4e7d-4e12-8d8b-20142c12524c,askacademia_train,losing_paraphrase_gpt4omini,2,"2

The comment provides"
856688b1-4e7d-4e12-8d8b-20142c12524c,askacademia_train,losing_paraphrase_gpt5nano,2,2
856688b1-4e7d-4e12-8d8b-20142c12524c,askacademia_train,losing_paraphrase_llama,2,"2

This comment provides"
856688b1-4e7d-4e12-8d8b-20142c12524c,askacademia_train,losing_paraphrase_mistral,2,"2

This comment provides"
856688b1-4e7d-4e12-8d8b-20142c12524c,askacademia_train,losing_paraphrase_qwen,2,"2

This comment provides"
1dc550b9-6e71-4eb6-93ae-59c608152902,askacademia_train,winning_text,2,"2

The comment """
1dc550b9-6e71-4eb6-93ae-59c608152902,askacademia_train,losing_text,2,"2

This comment provides"
1dc550b9-6e71-4eb6-93ae-59c608152902,askacademia_train,losing_generate_claude,4,"4

This is a"
1dc550b9-6e71-4eb6-93ae-59c608152902,askacademia_train,losing_generate_gemini,4,"4

This is a"
1dc550b9-6e71-4eb6-93ae-59c608152902,askacademia_train,losing_generate_gpt4omini,1,"1

This comment fails"
1dc550b9-6e71-4eb6-93ae-59c608152902,askacademia_train,losing_generate_gpt5nano,2,"2

This comment fails"
1dc550b9-6e71-4eb6-93ae-59c608152902,askacademia_train,losing_generate_llama,2,"2

This comment appears"
1dc550b9-6e71-4eb6-93ae-59c608152902,askacademia_train,losing_generate_mistral,2,"2

The comment provides"
1dc550b9-6e71-4eb6-93ae-59c608152902,askacademia_train,losing_generate_qwen,2,"2

The comment appears"
1dc550b9-6e71-4eb6-93ae-59c608152902,askacademia_train,losing_improve_claude,3,"3

This comment provides"
1dc550b9-6e71-4eb6-93ae-59c608152902,askacademia_train,losing_improve_gemini,3,"3

This comment provides"
1dc550b9-6e71-4eb6-93ae-59c608152902,askacademia_train,losing_improve_gpt4omini,3,"3

This comment provides"
1dc550b9-6e71-4eb6-93ae-59c608152902,askacademia_train,losing_improve_gpt5nano,3,"3

This comment provides"
1dc550b9-6e71-4eb6-93ae-59c608152902,askacademia_train,losing_improve_llama,2,"2

This comment provides"
1dc550b9-6e71-4eb6-93ae-59c608152902,askacademia_train,losing_improve_mistral,2,"2

This comment provides"
1dc550b9-6e71-4eb6-93ae-59c608152902,askacademia_train,losing_improve_qwen,4,4
1dc550b9-6e71-4eb6-93ae-59c608152902,askacademia_train,losing_paraphrase_claude,2,"2

This comment provides"
1dc550b9-6e71-4eb6-93ae-59c608152902,askacademia_train,losing_paraphrase_gemini,2,"2

This comment shares"
1dc550b9-6e71-4eb6-93ae-59c608152902,askacademia_train,losing_paraphrase_gpt4omini,2,"2

This comment provides"
1dc550b9-6e71-4eb6-93ae-59c608152902,askacademia_train,losing_paraphrase_gpt5nano,2,2
1dc550b9-6e71-4eb6-93ae-59c608152902,askacademia_train,losing_paraphrase_llama,2,"2

This comment provides"
1dc550b9-6e71-4eb6-93ae-59c608152902,askacademia_train,losing_paraphrase_mistral,2,"2

This comment provides"
1dc550b9-6e71-4eb6-93ae-59c608152902,askacademia_train,losing_paraphrase_qwen,2,"2

This comment provides"
949ad9c2-d435-41ba-8a75-8fb6e6d13498,askacademia_train,winning_text,2,"2

This comment provides"
949ad9c2-d435-41ba-8a75-8fb6e6d13498,askacademia_train,losing_text,2,"2

This comment provides"
949ad9c2-d435-41ba-8a75-8fb6e6d13498,askacademia_train,losing_generate_claude,3,"3

This comment provides"
949ad9c2-d435-41ba-8a75-8fb6e6d13498,askacademia_train,losing_generate_gemini,4,"4

This is a"
949ad9c2-d435-41ba-8a75-8fb6e6d13498,askacademia_train,losing_generate_gpt4omini,2,"2

This comment provides"
949ad9c2-d435-41ba-8a75-8fb6e6d13498,askacademia_train,losing_generate_gpt5nano,2,"2

This comment provides"
949ad9c2-d435-41ba-8a75-8fb6e6d13498,askacademia_train,losing_generate_llama,2,"2

This comment appears"
949ad9c2-d435-41ba-8a75-8fb6e6d13498,askacademia_train,losing_generate_mistral,2,"2

This comment reads"
949ad9c2-d435-41ba-8a75-8fb6e6d13498,askacademia_train,losing_generate_qwen,2,"2

The comment appears"
949ad9c2-d435-41ba-8a75-8fb6e6d13498,askacademia_train,losing_improve_claude,3,"3

This comment provides"
949ad9c2-d435-41ba-8a75-8fb6e6d13498,askacademia_train,losing_improve_gemini,3,"3

This comment provides"
949ad9c2-d435-41ba-8a75-8fb6e6d13498,askacademia_train,losing_improve_gpt4omini,2,"2

This comment provides"
949ad9c2-d435-41ba-8a75-8fb6e6d13498,askacademia_train,losing_improve_gpt5nano,3,"3

This comment provides"
949ad9c2-d435-41ba-8a75-8fb6e6d13498,askacademia_train,losing_improve_llama,2,"2

This comment provides"
949ad9c2-d435-41ba-8a75-8fb6e6d13498,askacademia_train,losing_improve_mistral,2,"2

This comment provides"
949ad9c2-d435-41ba-8a75-8fb6e6d13498,askacademia_train,losing_improve_qwen,4,4
949ad9c2-d435-41ba-8a75-8fb6e6d13498,askacademia_train,losing_paraphrase_claude,2,"2

This comment provides"
949ad9c2-d435-41ba-8a75-8fb6e6d13498,askacademia_train,losing_paraphrase_gemini,2,"2

This comment shares"
949ad9c2-d435-41ba-8a75-8fb6e6d13498,askacademia_train,losing_paraphrase_gpt4omini,2,"2

This comment provides"
949ad9c2-d435-41ba-8a75-8fb6e6d13498,askacademia_train,losing_paraphrase_gpt5nano,2,"2

This comment provides"
949ad9c2-d435-41ba-8a75-8fb6e6d13498,askacademia_train,losing_paraphrase_llama,2,"2

This comment provides"
949ad9c2-d435-41ba-8a75-8fb6e6d13498,askacademia_train,losing_paraphrase_mistral,2,"2

This comment provides"
949ad9c2-d435-41ba-8a75-8fb6e6d13498,askacademia_train,losing_paraphrase_qwen,2,"2

This comment provides"
976159cf-a337-4afb-ad15-88f10c21143d,askacademia_train,winning_text,2,"2

The comment """
976159cf-a337-4afb-ad15-88f10c21143d,askacademia_train,losing_text,2,"2

This comment provides"
976159cf-a337-4afb-ad15-88f10c21143d,askacademia_train,losing_generate_claude,4,"4

This is a"
976159cf-a337-4afb-ad15-88f10c21143d,askacademia_train,losing_generate_gemini,4,"4

This is a"
976159cf-a337-4afb-ad15-88f10c21143d,askacademia_train,losing_generate_gpt4omini,1,"1

This comment fails"
976159cf-a337-4afb-ad15-88f10c21143d,askacademia_train,losing_generate_gpt5nano,2,"2

This comment is"
976159cf-a337-4afb-ad15-88f10c21143d,askacademia_train,losing_generate_llama,2,"2

This comment appears"
976159cf-a337-4afb-ad15-88f10c21143d,askacademia_train,losing_generate_mistral,2,"2

The comment provides"
976159cf-a337-4afb-ad15-88f10c21143d,askacademia_train,losing_generate_qwen,2,"2

The comment appears"
976159cf-a337-4afb-ad15-88f10c21143d,askacademia_train,losing_improve_claude,3,"3

This comment provides"
976159cf-a337-4afb-ad15-88f10c21143d,askacademia_train,losing_improve_gemini,4,"4

This comment provides"
976159cf-a337-4afb-ad15-88f10c21143d,askacademia_train,losing_improve_gpt4omini,2,"2

This comment provides"
976159cf-a337-4afb-ad15-88f10c21143d,askacademia_train,losing_improve_gpt5nano,4,"4

This is a"
976159cf-a337-4afb-ad15-88f10c21143d,askacademia_train,losing_improve_llama,2,"2

This comment provides"
976159cf-a337-4afb-ad15-88f10c21143d,askacademia_train,losing_improve_mistral,2,"2

This comment provides"
976159cf-a337-4afb-ad15-88f10c21143d,askacademia_train,losing_improve_qwen,2,"2

This comment provides"
976159cf-a337-4afb-ad15-88f10c21143d,askacademia_train,losing_paraphrase_claude,2,"2

This comment provides"
976159cf-a337-4afb-ad15-88f10c21143d,askacademia_train,losing_paraphrase_gemini,2,"2

This comment shares"
976159cf-a337-4afb-ad15-88f10c21143d,askacademia_train,losing_paraphrase_gpt4omini,2,"2

This comment provides"
976159cf-a337-4afb-ad15-88f10c21143d,askacademia_train,losing_paraphrase_gpt5nano,4,"4

This comment provides"
976159cf-a337-4afb-ad15-88f10c21143d,askacademia_train,losing_paraphrase_llama,4,"4

This is a"
976159cf-a337-4afb-ad15-88f10c21143d,askacademia_train,losing_paraphrase_mistral,2,"2

This comment provides"
976159cf-a337-4afb-ad15-88f10c21143d,askacademia_train,losing_paraphrase_qwen,2,"2

The comment provides"
26c117b6-0b46-48d8-bc44-239ab5526699,askacademia_train,winning_text,2,"2

This comment provides"
26c117b6-0b46-48d8-bc44-239ab5526699,askacademia_train,losing_text,2,"2

This comment provides"
26c117b6-0b46-48d8-bc44-239ab5526699,askacademia_train,losing_generate_claude,3,"3

This comment provides"
26c117b6-0b46-48d8-bc44-239ab5526699,askacademia_train,losing_generate_gemini,4,"4

This is a"
26c117b6-0b46-48d8-bc44-239ab5526699,askacademia_train,losing_generate_gpt4omini,1,"1

This comment fails"
26c117b6-0b46-48d8-bc44-239ab5526699,askacademia_train,losing_generate_gpt5nano,4,"4

This is a"
26c117b6-0b46-48d8-bc44-239ab5526699,askacademia_train,losing_generate_llama,2,"2

This comment appears"
26c117b6-0b46-48d8-bc44-239ab5526699,askacademia_train,losing_generate_mistral,2,"2

The comment provides"
26c117b6-0b46-48d8-bc44-239ab5526699,askacademia_train,losing_generate_qwen,2,"2

The comment appears"
26c117b6-0b46-48d8-bc44-239ab5526699,askacademia_train,losing_improve_claude,2,"2

This comment appears"
26c117b6-0b46-48d8-bc44-239ab5526699,askacademia_train,losing_improve_gemini,4,"4

This comment provides"
26c117b6-0b46-48d8-bc44-239ab5526699,askacademia_train,losing_improve_gpt4omini,2,"2

This comment provides"
26c117b6-0b46-48d8-bc44-239ab5526699,askacademia_train,losing_improve_gpt5nano,4,"4

This comment provides"
26c117b6-0b46-48d8-bc44-239ab5526699,askacademia_train,losing_improve_llama,2,"2

This comment provides"
26c117b6-0b46-48d8-bc44-239ab5526699,askacademia_train,losing_improve_mistral,2,"2

This comment provides"
26c117b6-0b46-48d8-bc44-239ab5526699,askacademia_train,losing_improve_qwen,2,"2

This comment provides"
26c117b6-0b46-48d8-bc44-239ab5526699,askacademia_train,losing_paraphrase_claude,4,"4

This comment provides"
26c117b6-0b46-48d8-bc44-239ab5526699,askacademia_train,losing_paraphrase_gemini,2,"2

This comment shares"
26c117b6-0b46-48d8-bc44-239ab5526699,askacademia_train,losing_paraphrase_gpt4omini,2,"2

This comment provides"
26c117b6-0b46-48d8-bc44-239ab5526699,askacademia_train,losing_paraphrase_gpt5nano,4,"4

This is a"
26c117b6-0b46-48d8-bc44-239ab5526699,askacademia_train,losing_paraphrase_llama,4,"4

This is a"
26c117b6-0b46-48d8-bc44-239ab5526699,askacademia_train,losing_paraphrase_mistral,2,"2

This comment provides"
26c117b6-0b46-48d8-bc44-239ab5526699,askacademia_train,losing_paraphrase_qwen,2,"2

The comment provides"
c18349ca-4644-41f3-b50d-8c475423cc11,askacademia_train,winning_text,2,"2

The comment """
c18349ca-4644-41f3-b50d-8c475423cc11,askacademia_train,losing_text,3,"3

This comment provides"
c18349ca-4644-41f3-b50d-8c475423cc11,askacademia_train,losing_generate_claude,3,"3

This comment provides"
c18349ca-4644-41f3-b50d-8c475423cc11,askacademia_train,losing_generate_gemini,4,"4

This comment provides"
c18349ca-4644-41f3-b50d-8c475423cc11,askacademia_train,losing_generate_gpt4omini,1,"1

This comment fails"
c18349ca-4644-41f3-b50d-8c475423cc11,askacademia_train,losing_generate_gpt5nano,4,"4

This is a"
c18349ca-4644-41f3-b50d-8c475423cc11,askacademia_train,losing_generate_llama,1,"1

This comment fails"
c18349ca-4644-41f3-b50d-8c475423cc11,askacademia_train,losing_generate_mistral,2,"2

The comment provides"
c18349ca-4644-41f3-b50d-8c475423cc11,askacademia_train,losing_generate_qwen,2,"2

The comment appears"
c18349ca-4644-41f3-b50d-8c475423cc11,askacademia_train,losing_improve_claude,4,"4

This is a"
c18349ca-4644-41f3-b50d-8c475423cc11,askacademia_train,losing_improve_gemini,2,"2

This comment appears"
c18349ca-4644-41f3-b50d-8c475423cc11,askacademia_train,losing_improve_gpt4omini,2,"2

This comment appears"
c18349ca-4644-41f3-b50d-8c475423cc11,askacademia_train,losing_improve_gpt5nano,4,"4

This is a"
c18349ca-4644-41f3-b50d-8c475423cc11,askacademia_train,losing_improve_llama,2,"2

This comment exp"
c18349ca-4644-41f3-b50d-8c475423cc11,askacademia_train,losing_improve_mistral,2,"2

This comment provides"
c18349ca-4644-41f3-b50d-8c475423cc11,askacademia_train,losing_improve_qwen,2,"2

This comment provides"
c18349ca-4644-41f3-b50d-8c475423cc11,askacademia_train,losing_paraphrase_claude,2,"2

This comment appears"
c18349ca-4644-41f3-b50d-8c475423cc11,askacademia_train,losing_paraphrase_gemini,2,"2

This comment shares"
c18349ca-4644-41f3-b50d-8c475423cc11,askacademia_train,losing_paraphrase_gpt4omini,2,2
c18349ca-4644-41f3-b50d-8c475423cc11,askacademia_train,losing_paraphrase_gpt5nano,2,"2

This comment provides"
c18349ca-4644-41f3-b50d-8c475423cc11,askacademia_train,losing_paraphrase_llama,2,"2

This comment exp"
c18349ca-4644-41f3-b50d-8c475423cc11,askacademia_train,losing_paraphrase_mistral,2,"2

This comment provides"
c18349ca-4644-41f3-b50d-8c475423cc11,askacademia_train,losing_paraphrase_qwen,2,"2

This comment offers"
bab2f96a-9142-4b38-8168-9cf4a3e041ea,askacademia_train,winning_text,4,"4

This comment provides"
bab2f96a-9142-4b38-8168-9cf4a3e041ea,askacademia_train,losing_text,3,"3

This comment provides"
bab2f96a-9142-4b38-8168-9cf4a3e041ea,askacademia_train,losing_generate_claude,4,"4

This is a"
bab2f96a-9142-4b38-8168-9cf4a3e041ea,askacademia_train,losing_generate_gemini,4,"4

This comment provides"
bab2f96a-9142-4b38-8168-9cf4a3e041ea,askacademia_train,losing_generate_gpt4omini,1,"1

This comment fails"
bab2f96a-9142-4b38-8168-9cf4a3e041ea,askacademia_train,losing_generate_gpt5nano,2,"2

This comment demonstrates"
bab2f96a-9142-4b38-8168-9cf4a3e041ea,askacademia_train,losing_generate_llama,2,"2

This comment appears"
bab2f96a-9142-4b38-8168-9cf4a3e041ea,askacademia_train,losing_generate_mistral,1,"1

This comment does"
bab2f96a-9142-4b38-8168-9cf4a3e041ea,askacademia_train,losing_generate_qwen,2,"2

The comment appears"
bab2f96a-9142-4b38-8168-9cf4a3e041ea,askacademia_train,losing_improve_claude,4,"4

This comment serves"
bab2f96a-9142-4b38-8168-9cf4a3e041ea,askacademia_train,losing_improve_gemini,2,"2

This comment appears"
bab2f96a-9142-4b38-8168-9cf4a3e041ea,askacademia_train,losing_improve_gpt4omini,2,"2

This comment appears"
bab2f96a-9142-4b38-8168-9cf4a3e041ea,askacademia_train,losing_improve_gpt5nano,3,"3

This comment provides"
bab2f96a-9142-4b38-8168-9cf4a3e041ea,askacademia_train,losing_improve_llama,2,"2

This comment exp"
bab2f96a-9142-4b38-8168-9cf4a3e041ea,askacademia_train,losing_improve_mistral,2,"2

This comment provides"
bab2f96a-9142-4b38-8168-9cf4a3e041ea,askacademia_train,losing_improve_qwen,2,"2

This comment provides"
bab2f96a-9142-4b38-8168-9cf4a3e041ea,askacademia_train,losing_paraphrase_claude,AMBIG,I need to evaluate how well
bab2f96a-9142-4b38-8168-9cf4a3e041ea,askacademia_train,losing_paraphrase_gemini,2,"2

This comment provides"
bab2f96a-9142-4b38-8168-9cf4a3e041ea,askacademia_train,losing_paraphrase_gpt4omini,2,"2

This comment provides"
bab2f96a-9142-4b38-8168-9cf4a3e041ea,askacademia_train,losing_paraphrase_gpt5nano,3,"3

This comment provides"
bab2f96a-9142-4b38-8168-9cf4a3e041ea,askacademia_train,losing_paraphrase_llama,2,2
bab2f96a-9142-4b38-8168-9cf4a3e041ea,askacademia_train,losing_paraphrase_mistral,2,"2

This comment provides"
bab2f96a-9142-4b38-8168-9cf4a3e041ea,askacademia_train,losing_paraphrase_qwen,2,"2

This comment offers"
0d2dcd56-8c40-49e3-81fc-d242a1234019,askacademia_train,winning_text,2,"2

This comment provides"
0d2dcd56-8c40-49e3-81fc-d242a1234019,askacademia_train,losing_text,3,"3

This comment provides"
0d2dcd56-8c40-49e3-81fc-d242a1234019,askacademia_train,losing_generate_claude,4,"4

This is a"
0d2dcd56-8c40-49e3-81fc-d242a1234019,askacademia_train,losing_generate_gemini,4,"4

This comment provides"
0d2dcd56-8c40-49e3-81fc-d242a1234019,askacademia_train,losing_generate_gpt4omini,1,"1

This comment deser"
0d2dcd56-8c40-49e3-81fc-d242a1234019,askacademia_train,losing_generate_gpt5nano,2,"2

This comment fails"
0d2dcd56-8c40-49e3-81fc-d242a1234019,askacademia_train,losing_generate_llama,2,"2

This comment appears"
0d2dcd56-8c40-49e3-81fc-d242a1234019,askacademia_train,losing_generate_mistral,2,"2

The comment provides"
0d2dcd56-8c40-49e3-81fc-d242a1234019,askacademia_train,losing_generate_qwen,2,"2

This comment appears"
0d2dcd56-8c40-49e3-81fc-d242a1234019,askacademia_train,losing_improve_claude,3,"3

This comment provides"
0d2dcd56-8c40-49e3-81fc-d242a1234019,askacademia_train,losing_improve_gemini,1,1
0d2dcd56-8c40-49e3-81fc-d242a1234019,askacademia_train,losing_improve_gpt4omini,2,"2

This comment appears"
0d2dcd56-8c40-49e3-81fc-d242a1234019,askacademia_train,losing_improve_gpt5nano,4,"4

This comment provides"
0d2dcd56-8c40-49e3-81fc-d242a1234019,askacademia_train,losing_improve_llama,2,"2

This comment exp"
0d2dcd56-8c40-49e3-81fc-d242a1234019,askacademia_train,losing_improve_mistral,2,"2

This comment appears"
0d2dcd56-8c40-49e3-81fc-d242a1234019,askacademia_train,losing_improve_qwen,2,"2

This comment provides"
0d2dcd56-8c40-49e3-81fc-d242a1234019,askacademia_train,losing_paraphrase_claude,AMBIG,I need to evaluate how well
0d2dcd56-8c40-49e3-81fc-d242a1234019,askacademia_train,losing_paraphrase_gemini,2,"2

The comment provides"
0d2dcd56-8c40-49e3-81fc-d242a1234019,askacademia_train,losing_paraphrase_gpt4omini,3,"3

This comment provides"
0d2dcd56-8c40-49e3-81fc-d242a1234019,askacademia_train,losing_paraphrase_gpt5nano,2,"2

This comment offers"
0d2dcd56-8c40-49e3-81fc-d242a1234019,askacademia_train,losing_paraphrase_llama,2,2
0d2dcd56-8c40-49e3-81fc-d242a1234019,askacademia_train,losing_paraphrase_mistral,2,"2

This comment provides"
0d2dcd56-8c40-49e3-81fc-d242a1234019,askacademia_train,losing_paraphrase_qwen,2,"2

This comment offers"
88a37316-58ed-4403-a25c-0571cab3f6fa,askacademia_train,winning_text,2,"2

This comment provides"
88a37316-58ed-4403-a25c-0571cab3f6fa,askacademia_train,losing_text,2,"2

The comment """
88a37316-58ed-4403-a25c-0571cab3f6fa,askacademia_train,losing_generate_claude,4,"4

This is a"
88a37316-58ed-4403-a25c-0571cab3f6fa,askacademia_train,losing_generate_gemini,4,"4

This comment provides"
88a37316-58ed-4403-a25c-0571cab3f6fa,askacademia_train,losing_generate_gpt4omini,1,"1

This comment deser"
88a37316-58ed-4403-a25c-0571cab3f6fa,askacademia_train,losing_generate_gpt5nano,3,"3

This comment provides"
88a37316-58ed-4403-a25c-0571cab3f6fa,askacademia_train,losing_generate_llama,2,"2

This comment appears"
88a37316-58ed-4403-a25c-0571cab3f6fa,askacademia_train,losing_generate_mistral,2,"2

The comment provides"
88a37316-58ed-4403-a25c-0571cab3f6fa,askacademia_train,losing_generate_qwen,2,"2

The comment appears"
88a37316-58ed-4403-a25c-0571cab3f6fa,askacademia_train,losing_improve_claude,1,1
88a37316-58ed-4403-a25c-0571cab3f6fa,askacademia_train,losing_improve_gemini,2,"2

The comment provides"
88a37316-58ed-4403-a25c-0571cab3f6fa,askacademia_train,losing_improve_gpt4omini,2,"2

This comment appears"
88a37316-58ed-4403-a25c-0571cab3f6fa,askacademia_train,losing_improve_gpt5nano,2,"2

This comment provides"
88a37316-58ed-4403-a25c-0571cab3f6fa,askacademia_train,losing_improve_llama,2,"2

This comment appears"
88a37316-58ed-4403-a25c-0571cab3f6fa,askacademia_train,losing_improve_mistral,2,"2

This comment provides"
88a37316-58ed-4403-a25c-0571cab3f6fa,askacademia_train,losing_improve_qwen,2,"2

The comment provides"
88a37316-58ed-4403-a25c-0571cab3f6fa,askacademia_train,losing_paraphrase_claude,2,"2

The comment provides"
88a37316-58ed-4403-a25c-0571cab3f6fa,askacademia_train,losing_paraphrase_gemini,2,"2

The comment provides"
88a37316-58ed-4403-a25c-0571cab3f6fa,askacademia_train,losing_paraphrase_gpt4omini,2,"2

The comment """
88a37316-58ed-4403-a25c-0571cab3f6fa,askacademia_train,losing_paraphrase_gpt5nano,2,"2

The comment """
88a37316-58ed-4403-a25c-0571cab3f6fa,askacademia_train,losing_paraphrase_llama,2,"2

This comment appears"
88a37316-58ed-4403-a25c-0571cab3f6fa,askacademia_train,losing_paraphrase_mistral,2,"2

The comment """
88a37316-58ed-4403-a25c-0571cab3f6fa,askacademia_train,losing_paraphrase_qwen,2,"2

The comment provides"
339fd86c-fad2-4098-bee3-3344cd719af7,askacademia_train,winning_text,2,"2

This comment provides"
339fd86c-fad2-4098-bee3-3344cd719af7,askacademia_train,losing_text,4,"4

This comment provides"
339fd86c-fad2-4098-bee3-3344cd719af7,askacademia_train,losing_generate_claude,4,"4

This is a"
339fd86c-fad2-4098-bee3-3344cd719af7,askacademia_train,losing_generate_gemini,4,"4

This comment provides"
339fd86c-fad2-4098-bee3-3344cd719af7,askacademia_train,losing_generate_gpt4omini,1,"1

This comment fails"
339fd86c-fad2-4098-bee3-3344cd719af7,askacademia_train,losing_generate_gpt5nano,2,"2

This comment provides"
339fd86c-fad2-4098-bee3-3344cd719af7,askacademia_train,losing_generate_llama,2,"2

This comment appears"
339fd86c-fad2-4098-bee3-3344cd719af7,askacademia_train,losing_generate_mistral,2,"2

The comment provides"
339fd86c-fad2-4098-bee3-3344cd719af7,askacademia_train,losing_generate_qwen,2,"2

The comment appears"
339fd86c-fad2-4098-bee3-3344cd719af7,askacademia_train,losing_improve_claude,4,"4

This comment serves"
339fd86c-fad2-4098-bee3-3344cd719af7,askacademia_train,losing_improve_gemini,4,"4

This comment provides"
339fd86c-fad2-4098-bee3-3344cd719af7,askacademia_train,losing_improve_gpt4omini,3,3
339fd86c-fad2-4098-bee3-3344cd719af7,askacademia_train,losing_improve_gpt5nano,3,"3

This comment provides"
339fd86c-fad2-4098-bee3-3344cd719af7,askacademia_train,losing_improve_llama,2,2
339fd86c-fad2-4098-bee3-3344cd719af7,askacademia_train,losing_improve_mistral,2,"2

This comment provides"
339fd86c-fad2-4098-bee3-3344cd719af7,askacademia_train,losing_improve_qwen,4,"4

This comment provides"
339fd86c-fad2-4098-bee3-3344cd719af7,askacademia_train,losing_paraphrase_claude,4,"4

This is a"
339fd86c-fad2-4098-bee3-3344cd719af7,askacademia_train,losing_paraphrase_gemini,2,"2

The comment provides"
339fd86c-fad2-4098-bee3-3344cd719af7,askacademia_train,losing_paraphrase_gpt4omini,3,"3

This comment provides"
339fd86c-fad2-4098-bee3-3344cd719af7,askacademia_train,losing_paraphrase_gpt5nano,4,"4

This comment provides"
339fd86c-fad2-4098-bee3-3344cd719af7,askacademia_train,losing_paraphrase_llama,2,"2

This comment provides"
339fd86c-fad2-4098-bee3-3344cd719af7,askacademia_train,losing_paraphrase_mistral,3,"3

This comment provides"
339fd86c-fad2-4098-bee3-3344cd719af7,askacademia_train,losing_paraphrase_qwen,3,"3

This comment provides"
9dba669a-a94f-4f94-9a87-a9ca5f8108f3,askacademia_train,winning_text,2,"2

This comment acknowled"
9dba669a-a94f-4f94-9a87-a9ca5f8108f3,askacademia_train,losing_text,4,"4

This comment serves"
9dba669a-a94f-4f94-9a87-a9ca5f8108f3,askacademia_train,losing_generate_claude,4,"4

This is a"
9dba669a-a94f-4f94-9a87-a9ca5f8108f3,askacademia_train,losing_generate_gemini,4,"4

This comment provides"
9dba669a-a94f-4f94-9a87-a9ca5f8108f3,askacademia_train,losing_generate_gpt4omini,2,"2

This comment provides"
9dba669a-a94f-4f94-9a87-a9ca5f8108f3,askacademia_train,losing_generate_gpt5nano,2,"2

This comment fails"
9dba669a-a94f-4f94-9a87-a9ca5f8108f3,askacademia_train,losing_generate_llama,2,"2

This comment appears"
9dba669a-a94f-4f94-9a87-a9ca5f8108f3,askacademia_train,losing_generate_mistral,1,"1

This comment does"
9dba669a-a94f-4f94-9a87-a9ca5f8108f3,askacademia_train,losing_generate_qwen,2,"2

The comment appears"
9dba669a-a94f-4f94-9a87-a9ca5f8108f3,askacademia_train,losing_improve_claude,4,"4

This is a"
9dba669a-a94f-4f94-9a87-a9ca5f8108f3,askacademia_train,losing_improve_gemini,2,"2

This comment reads"
9dba669a-a94f-4f94-9a87-a9ca5f8108f3,askacademia_train,losing_improve_gpt4omini,3,"3

This comment provides"
9dba669a-a94f-4f94-9a87-a9ca5f8108f3,askacademia_train,losing_improve_gpt5nano,3,"3

**Reasoning"
9dba669a-a94f-4f94-9a87-a9ca5f8108f3,askacademia_train,losing_improve_llama,2,"2

This comment provides"
9dba669a-a94f-4f94-9a87-a9ca5f8108f3,askacademia_train,losing_improve_mistral,AMBIG,I need to evaluate how well
9dba669a-a94f-4f94-9a87-a9ca5f8108f3,askacademia_train,losing_improve_qwen,2,"2

This comment shares"
9dba669a-a94f-4f94-9a87-a9ca5f8108f3,askacademia_train,losing_paraphrase_claude,2,"2

This comment is"
9dba669a-a94f-4f94-9a87-a9ca5f8108f3,askacademia_train,losing_paraphrase_gemini,2,"2

This comment provides"
9dba669a-a94f-4f94-9a87-a9ca5f8108f3,askacademia_train,losing_paraphrase_gpt4omini,4,"4

This comment serves"
9dba669a-a94f-4f94-9a87-a9ca5f8108f3,askacademia_train,losing_paraphrase_gpt5nano,2,"2

This comment is"
9dba669a-a94f-4f94-9a87-a9ca5f8108f3,askacademia_train,losing_paraphrase_llama,2,"2

This comment appears"
9dba669a-a94f-4f94-9a87-a9ca5f8108f3,askacademia_train,losing_paraphrase_mistral,4,"4

This comment serves"
9dba669a-a94f-4f94-9a87-a9ca5f8108f3,askacademia_train,losing_paraphrase_qwen,2,"2

This comment shares"
3dbe3bd2-a538-439d-adc7-d61946765c4b,askacademia_train,winning_text,2,"2

This comment acknowled"
3dbe3bd2-a538-439d-adc7-d61946765c4b,askacademia_train,losing_text,4,"4

This comment serves"
3dbe3bd2-a538-439d-adc7-d61946765c4b,askacademia_train,losing_generate_claude,4,"4

This is a"
3dbe3bd2-a538-439d-adc7-d61946765c4b,askacademia_train,losing_generate_gemini,4,"4

This comment provides"
3dbe3bd2-a538-439d-adc7-d61946765c4b,askacademia_train,losing_generate_gpt4omini,1,"1

This comment fails"
3dbe3bd2-a538-439d-adc7-d61946765c4b,askacademia_train,losing_generate_gpt5nano,2,"2

This comment appears"
3dbe3bd2-a538-439d-adc7-d61946765c4b,askacademia_train,losing_generate_llama,2,"2

This comment appears"
3dbe3bd2-a538-439d-adc7-d61946765c4b,askacademia_train,losing_generate_mistral,1,"1

This comment does"
3dbe3bd2-a538-439d-adc7-d61946765c4b,askacademia_train,losing_generate_qwen,2,"2

This comment appears"
3dbe3bd2-a538-439d-adc7-d61946765c4b,askacademia_train,losing_improve_claude,4,"4

This is a"
3dbe3bd2-a538-439d-adc7-d61946765c4b,askacademia_train,losing_improve_gemini,4,"4

This is a"
3dbe3bd2-a538-439d-adc7-d61946765c4b,askacademia_train,losing_improve_gpt4omini,3,3
3dbe3bd2-a538-439d-adc7-d61946765c4b,askacademia_train,losing_improve_gpt5nano,3,"3

This comment provides"
3dbe3bd2-a538-439d-adc7-d61946765c4b,askacademia_train,losing_improve_llama,3,3
3dbe3bd2-a538-439d-adc7-d61946765c4b,askacademia_train,losing_improve_mistral,2,"2

This comment provides"
3dbe3bd2-a538-439d-adc7-d61946765c4b,askacademia_train,losing_improve_qwen,2,"2

The comment provides"
3dbe3bd2-a538-439d-adc7-d61946765c4b,askacademia_train,losing_paraphrase_claude,4,"4

This is a"
3dbe3bd2-a538-439d-adc7-d61946765c4b,askacademia_train,losing_paraphrase_gemini,2,"2

This comment provides"
3dbe3bd2-a538-439d-adc7-d61946765c4b,askacademia_train,losing_paraphrase_gpt4omini,2,"2

This comment provides"
3dbe3bd2-a538-439d-adc7-d61946765c4b,askacademia_train,losing_paraphrase_gpt5nano,3,"3

This comment provides"
3dbe3bd2-a538-439d-adc7-d61946765c4b,askacademia_train,losing_paraphrase_llama,3,3
3dbe3bd2-a538-439d-adc7-d61946765c4b,askacademia_train,losing_paraphrase_mistral,3,3
3dbe3bd2-a538-439d-adc7-d61946765c4b,askacademia_train,losing_paraphrase_qwen,2,"2

This comment provides"
330627be-087d-4a3a-94d8-75dfc601cf71,askacademia_train,winning_text,3,3
330627be-087d-4a3a-94d8-75dfc601cf71,askacademia_train,losing_text,4,"4

This comment serves"
330627be-087d-4a3a-94d8-75dfc601cf71,askacademia_train,losing_generate_claude,1,1
330627be-087d-4a3a-94d8-75dfc601cf71,askacademia_train,losing_generate_gemini,4,"4

This is a"
330627be-087d-4a3a-94d8-75dfc601cf71,askacademia_train,losing_generate_gpt4omini,2,"2

This comment provides"
330627be-087d-4a3a-94d8-75dfc601cf71,askacademia_train,losing_generate_gpt5nano,1,"1

This comment completely"
330627be-087d-4a3a-94d8-75dfc601cf71,askacademia_train,losing_generate_llama,2,"2

This comment appears"
330627be-087d-4a3a-94d8-75dfc601cf71,askacademia_train,losing_generate_mistral,2,"2

This comment provides"
330627be-087d-4a3a-94d8-75dfc601cf71,askacademia_train,losing_generate_qwen,2,"2

This comment appears"
330627be-087d-4a3a-94d8-75dfc601cf71,askacademia_train,losing_improve_claude,4,"4

This is a"
330627be-087d-4a3a-94d8-75dfc601cf71,askacademia_train,losing_improve_gemini,4,"4

This is a"
330627be-087d-4a3a-94d8-75dfc601cf71,askacademia_train,losing_improve_gpt4omini,4,"4

This is a"
330627be-087d-4a3a-94d8-75dfc601cf71,askacademia_train,losing_improve_gpt5nano,4,"4

This is a"
330627be-087d-4a3a-94d8-75dfc601cf71,askacademia_train,losing_improve_llama,3,3
330627be-087d-4a3a-94d8-75dfc601cf71,askacademia_train,losing_improve_mistral,2,"2

This comment provides"
330627be-087d-4a3a-94d8-75dfc601cf71,askacademia_train,losing_improve_qwen,2,"2

The comment provides"
330627be-087d-4a3a-94d8-75dfc601cf71,askacademia_train,losing_paraphrase_claude,4,"4

This is a"
330627be-087d-4a3a-94d8-75dfc601cf71,askacademia_train,losing_paraphrase_gemini,2,"2

The comment provides"
330627be-087d-4a3a-94d8-75dfc601cf71,askacademia_train,losing_paraphrase_gpt4omini,2,"2

This comment provides"
330627be-087d-4a3a-94d8-75dfc601cf71,askacademia_train,losing_paraphrase_gpt5nano,2,"2

This comment provides"
330627be-087d-4a3a-94d8-75dfc601cf71,askacademia_train,losing_paraphrase_llama,3,3
330627be-087d-4a3a-94d8-75dfc601cf71,askacademia_train,losing_paraphrase_mistral,2,"2

This comment provides"
330627be-087d-4a3a-94d8-75dfc601cf71,askacademia_train,losing_paraphrase_qwen,2,"2

This comment provides"
b33dabd3-932b-4388-9339-3f44ffa6f1bb,askacademia_train,winning_text,2,"2

This comment appears"
b33dabd3-932b-4388-9339-3f44ffa6f1bb,askacademia_train,losing_text,4,"4

This comment serves"
b33dabd3-932b-4388-9339-3f44ffa6f1bb,askacademia_train,losing_generate_claude,4,"4

This is a"
b33dabd3-932b-4388-9339-3f44ffa6f1bb,askacademia_train,losing_generate_gemini,4,"4

This comment provides"
b33dabd3-932b-4388-9339-3f44ffa6f1bb,askacademia_train,losing_generate_gpt4omini,1,"1

This comment fails"
b33dabd3-932b-4388-9339-3f44ffa6f1bb,askacademia_train,losing_generate_gpt5nano,2,"2

This comment demonstrates"
b33dabd3-932b-4388-9339-3f44ffa6f1bb,askacademia_train,losing_generate_llama,1,"1

This comment fails"
b33dabd3-932b-4388-9339-3f44ffa6f1bb,askacademia_train,losing_generate_mistral,2,"2

This comment provides"
b33dabd3-932b-4388-9339-3f44ffa6f1bb,askacademia_train,losing_generate_qwen,2,"2

The comment appears"
b33dabd3-932b-4388-9339-3f44ffa6f1bb,askacademia_train,losing_improve_claude,4,"4

This is a"
b33dabd3-932b-4388-9339-3f44ffa6f1bb,askacademia_train,losing_improve_gemini,4,"4

This is a"
b33dabd3-932b-4388-9339-3f44ffa6f1bb,askacademia_train,losing_improve_gpt4omini,3,"3

This comment provides"
b33dabd3-932b-4388-9339-3f44ffa6f1bb,askacademia_train,losing_improve_gpt5nano,4,"4

This is a"
b33dabd3-932b-4388-9339-3f44ffa6f1bb,askacademia_train,losing_improve_llama,3,3
b33dabd3-932b-4388-9339-3f44ffa6f1bb,askacademia_train,losing_improve_mistral,2,"2

This comment provides"
b33dabd3-932b-4388-9339-3f44ffa6f1bb,askacademia_train,losing_improve_qwen,3,"3

The comment provides"
b33dabd3-932b-4388-9339-3f44ffa6f1bb,askacademia_train,losing_paraphrase_claude,4,"4

This is a"
b33dabd3-932b-4388-9339-3f44ffa6f1bb,askacademia_train,losing_paraphrase_gemini,3,3
b33dabd3-932b-4388-9339-3f44ffa6f1bb,askacademia_train,losing_paraphrase_gpt4omini,2,"2

This comment provides"
b33dabd3-932b-4388-9339-3f44ffa6f1bb,askacademia_train,losing_paraphrase_gpt5nano,3,"3

This comment provides"
b33dabd3-932b-4388-9339-3f44ffa6f1bb,askacademia_train,losing_paraphrase_llama,3,3
b33dabd3-932b-4388-9339-3f44ffa6f1bb,askacademia_train,losing_paraphrase_mistral,2,"2

This comment provides"
b33dabd3-932b-4388-9339-3f44ffa6f1bb,askacademia_train,losing_paraphrase_qwen,2,"2

This comment provides"
1e772bc6-525d-41c0-91b8-9bf8159f3a41,askacademia_train,winning_text,2,"2

This comment shares"
1e772bc6-525d-41c0-91b8-9bf8159f3a41,askacademia_train,losing_text,4,"4

This comment serves"
1e772bc6-525d-41c0-91b8-9bf8159f3a41,askacademia_train,losing_generate_claude,4,"4

This is a"
1e772bc6-525d-41c0-91b8-9bf8159f3a41,askacademia_train,losing_generate_gemini,4,"4

This comment provides"
1e772bc6-525d-41c0-91b8-9bf8159f3a41,askacademia_train,losing_generate_gpt4omini,1,"1

This comment fails"
1e772bc6-525d-41c0-91b8-9bf8159f3a41,askacademia_train,losing_generate_gpt5nano,1,"1

This comment completely"
1e772bc6-525d-41c0-91b8-9bf8159f3a41,askacademia_train,losing_generate_llama,2,"2

This comment appears"
1e772bc6-525d-41c0-91b8-9bf8159f3a41,askacademia_train,losing_generate_mistral,2,"2

The comment provides"
1e772bc6-525d-41c0-91b8-9bf8159f3a41,askacademia_train,losing_generate_qwen,2,"2

The comment appears"
1e772bc6-525d-41c0-91b8-9bf8159f3a41,askacademia_train,losing_improve_claude,4,"4

This is a"
1e772bc6-525d-41c0-91b8-9bf8159f3a41,askacademia_train,losing_improve_gemini,4,"4

This is a"
1e772bc6-525d-41c0-91b8-9bf8159f3a41,askacademia_train,losing_improve_gpt4omini,4,"4

This is a"
1e772bc6-525d-41c0-91b8-9bf8159f3a41,askacademia_train,losing_improve_gpt5nano,4,"4

This comment provides"
1e772bc6-525d-41c0-91b8-9bf8159f3a41,askacademia_train,losing_improve_llama,3,3
1e772bc6-525d-41c0-91b8-9bf8159f3a41,askacademia_train,losing_improve_mistral,2,"2

This comment provides"
1e772bc6-525d-41c0-91b8-9bf8159f3a41,askacademia_train,losing_improve_qwen,3,"3

This comment provides"
1e772bc6-525d-41c0-91b8-9bf8159f3a41,askacademia_train,losing_paraphrase_claude,4,"4

This is a"
1e772bc6-525d-41c0-91b8-9bf8159f3a41,askacademia_train,losing_paraphrase_gemini,3,3
1e772bc6-525d-41c0-91b8-9bf8159f3a41,askacademia_train,losing_paraphrase_gpt4omini,2,"2

This comment provides"
1e772bc6-525d-41c0-91b8-9bf8159f3a41,askacademia_train,losing_paraphrase_gpt5nano,2,"2

This comment shares"
1e772bc6-525d-41c0-91b8-9bf8159f3a41,askacademia_train,losing_paraphrase_llama,3,3
1e772bc6-525d-41c0-91b8-9bf8159f3a41,askacademia_train,losing_paraphrase_mistral,2,"2

This comment provides"
1e772bc6-525d-41c0-91b8-9bf8159f3a41,askacademia_train,losing_paraphrase_qwen,2,"2

This comment provides"
4c3aa170-60df-4402-984f-ee3c07815bdb,askacademia_train,winning_text,3,3
4c3aa170-60df-4402-984f-ee3c07815bdb,askacademia_train,losing_text,4,"4

This is a"
4c3aa170-60df-4402-984f-ee3c07815bdb,askacademia_train,losing_generate_claude,1,1
4c3aa170-60df-4402-984f-ee3c07815bdb,askacademia_train,losing_generate_gemini,4,"4

This is a"
4c3aa170-60df-4402-984f-ee3c07815bdb,askacademia_train,losing_generate_gpt4omini,2,"2

This comment provides"
4c3aa170-60df-4402-984f-ee3c07815bdb,askacademia_train,losing_generate_gpt5nano,1,"1

This comment completely"
4c3aa170-60df-4402-984f-ee3c07815bdb,askacademia_train,losing_generate_llama,2,"2

This comment appears"
4c3aa170-60df-4402-984f-ee3c07815bdb,askacademia_train,losing_generate_mistral,2,"2

The comment provides"
4c3aa170-60df-4402-984f-ee3c07815bdb,askacademia_train,losing_generate_qwen,2,"2

The comment appears"
4c3aa170-60df-4402-984f-ee3c07815bdb,askacademia_train,losing_improve_claude,4,4
4c3aa170-60df-4402-984f-ee3c07815bdb,askacademia_train,losing_improve_gemini,4,4
4c3aa170-60df-4402-984f-ee3c07815bdb,askacademia_train,losing_improve_gpt4omini,2,"2

This comment provides"
4c3aa170-60df-4402-984f-ee3c07815bdb,askacademia_train,losing_improve_gpt5nano,3,"3

This comment receives"
4c3aa170-60df-4402-984f-ee3c07815bdb,askacademia_train,losing_improve_llama,2,"2

This comment appears"
4c3aa170-60df-4402-984f-ee3c07815bdb,askacademia_train,losing_improve_mistral,2,"2

This comment provides"
4c3aa170-60df-4402-984f-ee3c07815bdb,askacademia_train,losing_improve_qwen,2,"2

This comment appears"
4c3aa170-60df-4402-984f-ee3c07815bdb,askacademia_train,losing_paraphrase_claude,2,"2

The comment provides"
4c3aa170-60df-4402-984f-ee3c07815bdb,askacademia_train,losing_paraphrase_gemini,3,3
4c3aa170-60df-4402-984f-ee3c07815bdb,askacademia_train,losing_paraphrase_gpt4omini,3,"3

This comment provides"
4c3aa170-60df-4402-984f-ee3c07815bdb,askacademia_train,losing_paraphrase_gpt5nano,2,"2

The comment references"
4c3aa170-60df-4402-984f-ee3c07815bdb,askacademia_train,losing_paraphrase_llama,2,"2

This comment is"
4c3aa170-60df-4402-984f-ee3c07815bdb,askacademia_train,losing_paraphrase_mistral,2,"2

The comment provides"
4c3aa170-60df-4402-984f-ee3c07815bdb,askacademia_train,losing_paraphrase_qwen,2,"2

This comment provides"
f22703a8-bc88-4735-aa93-f7c0c511effd,askacademia_train,winning_text,2,"2

This comment appears"
f22703a8-bc88-4735-aa93-f7c0c511effd,askacademia_train,losing_text,4,"4

This is a"
f22703a8-bc88-4735-aa93-f7c0c511effd,askacademia_train,losing_generate_claude,4,"4

This is a"
f22703a8-bc88-4735-aa93-f7c0c511effd,askacademia_train,losing_generate_gemini,4,"4

This is a"
f22703a8-bc88-4735-aa93-f7c0c511effd,askacademia_train,losing_generate_gpt4omini,2,"2

This comment provides"
f22703a8-bc88-4735-aa93-f7c0c511effd,askacademia_train,losing_generate_gpt5nano,1,"1

This comment does"
f22703a8-bc88-4735-aa93-f7c0c511effd,askacademia_train,losing_generate_llama,2,"2

This comment appears"
f22703a8-bc88-4735-aa93-f7c0c511effd,askacademia_train,losing_generate_mistral,2,"2

This comment provides"
f22703a8-bc88-4735-aa93-f7c0c511effd,askacademia_train,losing_generate_qwen,2,"2

This comment appears"
f22703a8-bc88-4735-aa93-f7c0c511effd,askacademia_train,losing_improve_claude,4,4
f22703a8-bc88-4735-aa93-f7c0c511effd,askacademia_train,losing_improve_gemini,4,4
f22703a8-bc88-4735-aa93-f7c0c511effd,askacademia_train,losing_improve_gpt4omini,2,"2

This comment provides"
f22703a8-bc88-4735-aa93-f7c0c511effd,askacademia_train,losing_improve_gpt5nano,2,"2

This comment provides"
f22703a8-bc88-4735-aa93-f7c0c511effd,askacademia_train,losing_improve_llama,2,"2

This comment appears"
f22703a8-bc88-4735-aa93-f7c0c511effd,askacademia_train,losing_improve_mistral,2,"2

This comment provides"
f22703a8-bc88-4735-aa93-f7c0c511effd,askacademia_train,losing_improve_qwen,2,"2

This comment appears"
f22703a8-bc88-4735-aa93-f7c0c511effd,askacademia_train,losing_paraphrase_claude,3,"3

This comment provides"
f22703a8-bc88-4735-aa93-f7c0c511effd,askacademia_train,losing_paraphrase_gemini,3,3
f22703a8-bc88-4735-aa93-f7c0c511effd,askacademia_train,losing_paraphrase_gpt4omini,2,"2

The comment provides"
f22703a8-bc88-4735-aa93-f7c0c511effd,askacademia_train,losing_paraphrase_gpt5nano,2,"2

The comment provides"
f22703a8-bc88-4735-aa93-f7c0c511effd,askacademia_train,losing_paraphrase_llama,2,"2

This comment is"
f22703a8-bc88-4735-aa93-f7c0c511effd,askacademia_train,losing_paraphrase_mistral,2,"2

The comment provides"
f22703a8-bc88-4735-aa93-f7c0c511effd,askacademia_train,losing_paraphrase_qwen,2,"2

This comment provides"
39893cb4-6c35-4d03-b2da-1e6a54772de3,askacademia_train,winning_text,2,"2

This comment shares"
39893cb4-6c35-4d03-b2da-1e6a54772de3,askacademia_train,losing_text,4,"4

This is a"
39893cb4-6c35-4d03-b2da-1e6a54772de3,askacademia_train,losing_generate_claude,1,1
39893cb4-6c35-4d03-b2da-1e6a54772de3,askacademia_train,losing_generate_gemini,4,"4

This is a"
39893cb4-6c35-4d03-b2da-1e6a54772de3,askacademia_train,losing_generate_gpt4omini,1,"1

This comment fails"
39893cb4-6c35-4d03-b2da-1e6a54772de3,askacademia_train,losing_generate_gpt5nano,1,"1

This comment completely"
39893cb4-6c35-4d03-b2da-1e6a54772de3,askacademia_train,losing_generate_llama,2,"2

This comment appears"
39893cb4-6c35-4d03-b2da-1e6a54772de3,askacademia_train,losing_generate_mistral,2,"2

The comment provides"
39893cb4-6c35-4d03-b2da-1e6a54772de3,askacademia_train,losing_generate_qwen,2,"2

This comment appears"
39893cb4-6c35-4d03-b2da-1e6a54772de3,askacademia_train,losing_improve_claude,4,4
39893cb4-6c35-4d03-b2da-1e6a54772de3,askacademia_train,losing_improve_gemini,2,"2

This comment acknowled"
39893cb4-6c35-4d03-b2da-1e6a54772de3,askacademia_train,losing_improve_gpt4omini,2,"2

This comment provides"
39893cb4-6c35-4d03-b2da-1e6a54772de3,askacademia_train,losing_improve_gpt5nano,4,4
39893cb4-6c35-4d03-b2da-1e6a54772de3,askacademia_train,losing_improve_llama,2,"2

This comment appears"
39893cb4-6c35-4d03-b2da-1e6a54772de3,askacademia_train,losing_improve_mistral,2,"2

This comment provides"
39893cb4-6c35-4d03-b2da-1e6a54772de3,askacademia_train,losing_improve_qwen,2,"2

This comment appears"
39893cb4-6c35-4d03-b2da-1e6a54772de3,askacademia_train,losing_paraphrase_claude,3,"3

This comment provides"
39893cb4-6c35-4d03-b2da-1e6a54772de3,askacademia_train,losing_paraphrase_gemini,3,3
39893cb4-6c35-4d03-b2da-1e6a54772de3,askacademia_train,losing_paraphrase_gpt4omini,2,"2

The comment provides"
39893cb4-6c35-4d03-b2da-1e6a54772de3,askacademia_train,losing_paraphrase_gpt5nano,2,"2

The comment provides"
39893cb4-6c35-4d03-b2da-1e6a54772de3,askacademia_train,losing_paraphrase_llama,2,"2

This comment is"
39893cb4-6c35-4d03-b2da-1e6a54772de3,askacademia_train,losing_paraphrase_mistral,2,"2

This comment provides"
39893cb4-6c35-4d03-b2da-1e6a54772de3,askacademia_train,losing_paraphrase_qwen,2,"2

This comment provides"
f940a1ac-6630-4c4f-8ffd-a79d4c6d292d,askacademia_train,winning_text,2,"2

This comment appears"
f940a1ac-6630-4c4f-8ffd-a79d4c6d292d,askacademia_train,losing_text,3,"3

The comment exp"
f940a1ac-6630-4c4f-8ffd-a79d4c6d292d,askacademia_train,losing_generate_claude,4,"4

This is a"
f940a1ac-6630-4c4f-8ffd-a79d4c6d292d,askacademia_train,losing_generate_gemini,4,"4

This comment provides"
f940a1ac-6630-4c4f-8ffd-a79d4c6d292d,askacademia_train,losing_generate_gpt4omini,2,"2

The comment provides"
f940a1ac-6630-4c4f-8ffd-a79d4c6d292d,askacademia_train,losing_generate_gpt5nano,1,"1

This comment completely"
f940a1ac-6630-4c4f-8ffd-a79d4c6d292d,askacademia_train,losing_generate_llama,2,"2

This comment appears"
f940a1ac-6630-4c4f-8ffd-a79d4c6d292d,askacademia_train,losing_generate_mistral,2,"2

The comment provides"
f940a1ac-6630-4c4f-8ffd-a79d4c6d292d,askacademia_train,losing_generate_qwen,2,"2

The comment appears"
f940a1ac-6630-4c4f-8ffd-a79d4c6d292d,askacademia_train,losing_improve_claude,4,4
f940a1ac-6630-4c4f-8ffd-a79d4c6d292d,askacademia_train,losing_improve_gemini,2,"2

The comment exp"
f940a1ac-6630-4c4f-8ffd-a79d4c6d292d,askacademia_train,losing_improve_gpt4omini,2,"2

This comment is"
f940a1ac-6630-4c4f-8ffd-a79d4c6d292d,askacademia_train,losing_improve_gpt5nano,5,"5

This comment deser"
f940a1ac-6630-4c4f-8ffd-a79d4c6d292d,askacademia_train,losing_improve_llama,2,"2

This comment appears"
f940a1ac-6630-4c4f-8ffd-a79d4c6d292d,askacademia_train,losing_improve_mistral,2,"2

The comment is"
f940a1ac-6630-4c4f-8ffd-a79d4c6d292d,askacademia_train,losing_improve_qwen,2,"2

This comment appears"
f940a1ac-6630-4c4f-8ffd-a79d4c6d292d,askacademia_train,losing_paraphrase_claude,3,"3

The comment exp"
f940a1ac-6630-4c4f-8ffd-a79d4c6d292d,askacademia_train,losing_paraphrase_gemini,3,3
f940a1ac-6630-4c4f-8ffd-a79d4c6d292d,askacademia_train,losing_paraphrase_gpt4omini,2,"2

The comment exp"
f940a1ac-6630-4c4f-8ffd-a79d4c6d292d,askacademia_train,losing_paraphrase_gpt5nano,2,"2

The comment exp"
f940a1ac-6630-4c4f-8ffd-a79d4c6d292d,askacademia_train,losing_paraphrase_llama,2,"2

This comment is"
f940a1ac-6630-4c4f-8ffd-a79d4c6d292d,askacademia_train,losing_paraphrase_mistral,3,3
f940a1ac-6630-4c4f-8ffd-a79d4c6d292d,askacademia_train,losing_paraphrase_qwen,2,"2

This comment is"
fab31d67-2a56-49d6-a76e-4be1baf119bd,askacademia_train,winning_text,3,"3

This comment receives"
fab31d67-2a56-49d6-a76e-4be1baf119bd,askacademia_train,losing_text,3,3
fab31d67-2a56-49d6-a76e-4be1baf119bd,askacademia_train,losing_generate_claude,4,"4

This is a"
fab31d67-2a56-49d6-a76e-4be1baf119bd,askacademia_train,losing_generate_gemini,4,"4

This is a"
fab31d67-2a56-49d6-a76e-4be1baf119bd,askacademia_train,losing_generate_gpt4omini,1,"1

This comment fails"
fab31d67-2a56-49d6-a76e-4be1baf119bd,askacademia_train,losing_generate_gpt5nano,1,"1

This comment completely"
fab31d67-2a56-49d6-a76e-4be1baf119bd,askacademia_train,losing_generate_llama,2,"2

This comment appears"
fab31d67-2a56-49d6-a76e-4be1baf119bd,askacademia_train,losing_generate_mistral,2,"2

The comment provides"
fab31d67-2a56-49d6-a76e-4be1baf119bd,askacademia_train,losing_generate_qwen,2,"2

The comment appears"
fab31d67-2a56-49d6-a76e-4be1baf119bd,askacademia_train,losing_improve_claude,4,"4

This is a"
fab31d67-2a56-49d6-a76e-4be1baf119bd,askacademia_train,losing_improve_gemini,2,"2

The comment responds"
fab31d67-2a56-49d6-a76e-4be1baf119bd,askacademia_train,losing_improve_gpt4omini,2,"2

This comment is"
fab31d67-2a56-49d6-a76e-4be1baf119bd,askacademia_train,losing_improve_gpt5nano,2,"2

The comment provides"
fab31d67-2a56-49d6-a76e-4be1baf119bd,askacademia_train,losing_improve_llama,2,"2

This comment appears"
fab31d67-2a56-49d6-a76e-4be1baf119bd,askacademia_train,losing_improve_mistral,2,"2

The comment is"
fab31d67-2a56-49d6-a76e-4be1baf119bd,askacademia_train,losing_improve_qwen,2,"2

This comment appears"
fab31d67-2a56-49d6-a76e-4be1baf119bd,askacademia_train,losing_paraphrase_claude,3,"3

The comment exp"
fab31d67-2a56-49d6-a76e-4be1baf119bd,askacademia_train,losing_paraphrase_gemini,4,4
fab31d67-2a56-49d6-a76e-4be1baf119bd,askacademia_train,losing_paraphrase_gpt4omini,2,"2

The comment exp"
fab31d67-2a56-49d6-a76e-4be1baf119bd,askacademia_train,losing_paraphrase_gpt5nano,3,3
fab31d67-2a56-49d6-a76e-4be1baf119bd,askacademia_train,losing_paraphrase_llama,2,"2

This comment is"
fab31d67-2a56-49d6-a76e-4be1baf119bd,askacademia_train,losing_paraphrase_mistral,3,3
fab31d67-2a56-49d6-a76e-4be1baf119bd,askacademia_train,losing_paraphrase_qwen,2,"2

This comment is"
3ba8d33d-6b79-4aab-91a8-937348b21a94,askacademia_train,winning_text,2,"2

This comment appears"
3ba8d33d-6b79-4aab-91a8-937348b21a94,askacademia_train,losing_text,2,"2

This comment is"
3ba8d33d-6b79-4aab-91a8-937348b21a94,askacademia_train,losing_generate_claude,3,"3

This comment provides"
3ba8d33d-6b79-4aab-91a8-937348b21a94,askacademia_train,losing_generate_gemini,4,"4

This comment provides"
3ba8d33d-6b79-4aab-91a8-937348b21a94,askacademia_train,losing_generate_gpt4omini,1,"1

This comment fails"
3ba8d33d-6b79-4aab-91a8-937348b21a94,askacademia_train,losing_generate_gpt5nano,2,"2

The comment mis"
3ba8d33d-6b79-4aab-91a8-937348b21a94,askacademia_train,losing_generate_llama,2,"2

This comment appears"
3ba8d33d-6b79-4aab-91a8-937348b21a94,askacademia_train,losing_generate_mistral,2,"2

The comment provides"
3ba8d33d-6b79-4aab-91a8-937348b21a94,askacademia_train,losing_generate_qwen,2,"2

The comment appears"
3ba8d33d-6b79-4aab-91a8-937348b21a94,askacademia_train,losing_improve_claude,3,"3

This comment provides"
3ba8d33d-6b79-4aab-91a8-937348b21a94,askacademia_train,losing_improve_gemini,2,"2

This comment shares"
3ba8d33d-6b79-4aab-91a8-937348b21a94,askacademia_train,losing_improve_gpt4omini,2,"2

This comment appears"
3ba8d33d-6b79-4aab-91a8-937348b21a94,askacademia_train,losing_improve_gpt5nano,4,"4

This comment deser"
3ba8d33d-6b79-4aab-91a8-937348b21a94,askacademia_train,losing_improve_llama,2,"2

The comment provides"
3ba8d33d-6b79-4aab-91a8-937348b21a94,askacademia_train,losing_improve_mistral,2,"2

The comment provides"
3ba8d33d-6b79-4aab-91a8-937348b21a94,askacademia_train,losing_improve_qwen,4,"4

This is a"
3ba8d33d-6b79-4aab-91a8-937348b21a94,askacademia_train,losing_paraphrase_claude,3,"3

This comment provides"
3ba8d33d-6b79-4aab-91a8-937348b21a94,askacademia_train,losing_paraphrase_gemini,4,"4

This comment provides"
3ba8d33d-6b79-4aab-91a8-937348b21a94,askacademia_train,losing_paraphrase_gpt4omini,2,"2

This comment shares"
3ba8d33d-6b79-4aab-91a8-937348b21a94,askacademia_train,losing_paraphrase_gpt5nano,2,"2

This comment shares"
3ba8d33d-6b79-4aab-91a8-937348b21a94,askacademia_train,losing_paraphrase_llama,3,"3

This comment appears"
3ba8d33d-6b79-4aab-91a8-937348b21a94,askacademia_train,losing_paraphrase_mistral,2,"2

This comment is"
3ba8d33d-6b79-4aab-91a8-937348b21a94,askacademia_train,losing_paraphrase_qwen,2,"2

The comment provides"
bea0e60a-0685-4d09-a541-4cbd34b4cc70,askacademia_train,winning_text,2,"2

This comment shares"
bea0e60a-0685-4d09-a541-4cbd34b4cc70,askacademia_train,losing_text,2,"2

This comment is"
bea0e60a-0685-4d09-a541-4cbd34b4cc70,askacademia_train,losing_generate_claude,5,"5

This comment is"
bea0e60a-0685-4d09-a541-4cbd34b4cc70,askacademia_train,losing_generate_gemini,4,"4

This is a"
bea0e60a-0685-4d09-a541-4cbd34b4cc70,askacademia_train,losing_generate_gpt4omini,2,"2

This comment provides"
bea0e60a-0685-4d09-a541-4cbd34b4cc70,askacademia_train,losing_generate_gpt5nano,2,"2

This comment does"
bea0e60a-0685-4d09-a541-4cbd34b4cc70,askacademia_train,losing_generate_llama,2,"2

This comment appears"
bea0e60a-0685-4d09-a541-4cbd34b4cc70,askacademia_train,losing_generate_mistral,2,"2

The comment provides"
bea0e60a-0685-4d09-a541-4cbd34b4cc70,askacademia_train,losing_generate_qwen,2,"2

The comment appears"
bea0e60a-0685-4d09-a541-4cbd34b4cc70,askacademia_train,losing_improve_claude,AMBIG,I need to evaluate how well
bea0e60a-0685-4d09-a541-4cbd34b4cc70,askacademia_train,losing_improve_gemini,2,"2

This comment shares"
bea0e60a-0685-4d09-a541-4cbd34b4cc70,askacademia_train,losing_improve_gpt4omini,4,"4

This comment provides"
bea0e60a-0685-4d09-a541-4cbd34b4cc70,askacademia_train,losing_improve_gpt5nano,4,"4

This is a"
bea0e60a-0685-4d09-a541-4cbd34b4cc70,askacademia_train,losing_improve_llama,2,"2

The comment provides"
bea0e60a-0685-4d09-a541-4cbd34b4cc70,askacademia_train,losing_improve_mistral,2,"2

The comment provides"
bea0e60a-0685-4d09-a541-4cbd34b4cc70,askacademia_train,losing_improve_qwen,2,"2

This comment provides"
bea0e60a-0685-4d09-a541-4cbd34b4cc70,askacademia_train,losing_paraphrase_claude,2,"2

This comment shares"
bea0e60a-0685-4d09-a541-4cbd34b4cc70,askacademia_train,losing_paraphrase_gemini,2,"2

This comment provides"
bea0e60a-0685-4d09-a541-4cbd34b4cc70,askacademia_train,losing_paraphrase_gpt4omini,2,"2

This comment reads"
bea0e60a-0685-4d09-a541-4cbd34b4cc70,askacademia_train,losing_paraphrase_gpt5nano,2,"2

This comment appears"
bea0e60a-0685-4d09-a541-4cbd34b4cc70,askacademia_train,losing_paraphrase_llama,3,"3

This comment appears"
bea0e60a-0685-4d09-a541-4cbd34b4cc70,askacademia_train,losing_paraphrase_mistral,2,"2

This comment has"
bea0e60a-0685-4d09-a541-4cbd34b4cc70,askacademia_train,losing_paraphrase_qwen,2,"2

The comment provides"
0f81cb3d-79b9-4029-ad69-a74200d00b31,askacademia_train,winning_text,2,"2

The comment """
0f81cb3d-79b9-4029-ad69-a74200d00b31,askacademia_train,losing_text,2,"2

This comment shares"
0f81cb3d-79b9-4029-ad69-a74200d00b31,askacademia_train,losing_generate_claude,4,"4

This is a"
0f81cb3d-79b9-4029-ad69-a74200d00b31,askacademia_train,losing_generate_gemini,4,"4

This is a"
0f81cb3d-79b9-4029-ad69-a74200d00b31,askacademia_train,losing_generate_gpt4omini,1,"1

This comment fails"
0f81cb3d-79b9-4029-ad69-a74200d00b31,askacademia_train,losing_generate_gpt5nano,1,"1

This comment completely"
0f81cb3d-79b9-4029-ad69-a74200d00b31,askacademia_train,losing_generate_llama,2,"2

This comment appears"
0f81cb3d-79b9-4029-ad69-a74200d00b31,askacademia_train,losing_generate_mistral,2,"2

The comment provides"
0f81cb3d-79b9-4029-ad69-a74200d00b31,askacademia_train,losing_generate_qwen,2,"2

This comment appears"
0f81cb3d-79b9-4029-ad69-a74200d00b31,askacademia_train,losing_improve_claude,2,"2

This comment shares"
0f81cb3d-79b9-4029-ad69-a74200d00b31,askacademia_train,losing_improve_gemini,2,"2

This comment shares"
0f81cb3d-79b9-4029-ad69-a74200d00b31,askacademia_train,losing_improve_gpt4omini,2,"2

The comment provides"
0f81cb3d-79b9-4029-ad69-a74200d00b31,askacademia_train,losing_improve_gpt5nano,5,"5

This is an"
0f81cb3d-79b9-4029-ad69-a74200d00b31,askacademia_train,losing_improve_llama,2,"2

The comment provides"
0f81cb3d-79b9-4029-ad69-a74200d00b31,askacademia_train,losing_improve_mistral,2,"2

The comment provides"
0f81cb3d-79b9-4029-ad69-a74200d00b31,askacademia_train,losing_improve_qwen,3,"3

This comment provides"
0f81cb3d-79b9-4029-ad69-a74200d00b31,askacademia_train,losing_paraphrase_claude,3,"3

This comment provides"
0f81cb3d-79b9-4029-ad69-a74200d00b31,askacademia_train,losing_paraphrase_gemini,2,"2

This comment provides"
0f81cb3d-79b9-4029-ad69-a74200d00b31,askacademia_train,losing_paraphrase_gpt4omini,2,"2

This comment shares"
0f81cb3d-79b9-4029-ad69-a74200d00b31,askacademia_train,losing_paraphrase_gpt5nano,2,"2

The comment shares"
0f81cb3d-79b9-4029-ad69-a74200d00b31,askacademia_train,losing_paraphrase_llama,3,"3

This comment appears"
0f81cb3d-79b9-4029-ad69-a74200d00b31,askacademia_train,losing_paraphrase_mistral,2,"2

This comment has"
0f81cb3d-79b9-4029-ad69-a74200d00b31,askacademia_train,losing_paraphrase_qwen,2,"2

The comment provides"
a7170204-5866-4a08-8699-1b12666f09e3,askacademia_train,winning_text,2,"2

This comment shares"
a7170204-5866-4a08-8699-1b12666f09e3,askacademia_train,losing_text,2,"2

This comment appears"
a7170204-5866-4a08-8699-1b12666f09e3,askacademia_train,losing_generate_claude,4,"4

This is a"
a7170204-5866-4a08-8699-1b12666f09e3,askacademia_train,losing_generate_gemini,4,"4

This comment provides"
a7170204-5866-4a08-8699-1b12666f09e3,askacademia_train,losing_generate_gpt4omini,1,"1

This comment appears"
a7170204-5866-4a08-8699-1b12666f09e3,askacademia_train,losing_generate_gpt5nano,1,"1

This comment completely"
a7170204-5866-4a08-8699-1b12666f09e3,askacademia_train,losing_generate_llama,2,"2

This comment appears"
a7170204-5866-4a08-8699-1b12666f09e3,askacademia_train,losing_generate_mistral,2,"2

The comment provides"
a7170204-5866-4a08-8699-1b12666f09e3,askacademia_train,losing_generate_qwen,2,"2

This comment appears"
a7170204-5866-4a08-8699-1b12666f09e3,askacademia_train,losing_improve_claude,1,"1

This comment appears"
a7170204-5866-4a08-8699-1b12666f09e3,askacademia_train,losing_improve_gemini,2,"2

This comment is"
a7170204-5866-4a08-8699-1b12666f09e3,askacademia_train,losing_improve_gpt4omini,1,"1

This comment appears"
a7170204-5866-4a08-8699-1b12666f09e3,askacademia_train,losing_improve_gpt5nano,1,"1

This comment appears"
a7170204-5866-4a08-8699-1b12666f09e3,askacademia_train,losing_improve_llama,1,"1

This comment appears"
a7170204-5866-4a08-8699-1b12666f09e3,askacademia_train,losing_improve_mistral,2,"2

This comment appears"
a7170204-5866-4a08-8699-1b12666f09e3,askacademia_train,losing_improve_qwen,1,"1

The comment appears"
a7170204-5866-4a08-8699-1b12666f09e3,askacademia_train,losing_paraphrase_claude,2,"2

This comment appears"
a7170204-5866-4a08-8699-1b12666f09e3,askacademia_train,losing_paraphrase_gemini,2,"2

This comment is"
a7170204-5866-4a08-8699-1b12666f09e3,askacademia_train,losing_paraphrase_gpt4omini,2,"2

This comment is"
a7170204-5866-4a08-8699-1b12666f09e3,askacademia_train,losing_paraphrase_gpt5nano,2,"2

This comment is"
a7170204-5866-4a08-8699-1b12666f09e3,askacademia_train,losing_paraphrase_llama,1,"1

This comment appears"
a7170204-5866-4a08-8699-1b12666f09e3,askacademia_train,losing_paraphrase_mistral,1,"1

This comment is"
a7170204-5866-4a08-8699-1b12666f09e3,askacademia_train,losing_paraphrase_qwen,2,"2

This comment is"
2e5d903b-e25b-4e6f-9a8d-d0150aea538c,askacademia_train,winning_text,3,"3

This comment receives"
2e5d903b-e25b-4e6f-9a8d-d0150aea538c,askacademia_train,losing_text,4,"4

This comment provides"
2e5d903b-e25b-4e6f-9a8d-d0150aea538c,askacademia_train,losing_generate_claude,3,"3

This comment provides"
2e5d903b-e25b-4e6f-9a8d-d0150aea538c,askacademia_train,losing_generate_gemini,4,"4

This comment provides"
2e5d903b-e25b-4e6f-9a8d-d0150aea538c,askacademia_train,losing_generate_gpt4omini,1,"1

This comment fails"
2e5d903b-e25b-4e6f-9a8d-d0150aea538c,askacademia_train,losing_generate_gpt5nano,4,"4

This comment deser"
2e5d903b-e25b-4e6f-9a8d-d0150aea538c,askacademia_train,losing_generate_llama,2,"2

This comment appears"
2e5d903b-e25b-4e6f-9a8d-d0150aea538c,askacademia_train,losing_generate_mistral,2,"2

This comment provides"
2e5d903b-e25b-4e6f-9a8d-d0150aea538c,askacademia_train,losing_generate_qwen,2,"2

The comment appears"
2e5d903b-e25b-4e6f-9a8d-d0150aea538c,askacademia_train,losing_improve_claude,4,"4

This is a"
2e5d903b-e25b-4e6f-9a8d-d0150aea538c,askacademia_train,losing_improve_gemini,4,"4

This is a"
2e5d903b-e25b-4e6f-9a8d-d0150aea538c,askacademia_train,losing_improve_gpt4omini,4,"4

This comment provides"
2e5d903b-e25b-4e6f-9a8d-d0150aea538c,askacademia_train,losing_improve_gpt5nano,5,"5

This comment is"
2e5d903b-e25b-4e6f-9a8d-d0150aea538c,askacademia_train,losing_improve_llama,2,"2

This comment provides"
2e5d903b-e25b-4e6f-9a8d-d0150aea538c,askacademia_train,losing_improve_mistral,4,"4

This is a"
2e5d903b-e25b-4e6f-9a8d-d0150aea538c,askacademia_train,losing_improve_qwen,4,4
2e5d903b-e25b-4e6f-9a8d-d0150aea538c,askacademia_train,losing_paraphrase_claude,4,"4

This is a"
2e5d903b-e25b-4e6f-9a8d-d0150aea538c,askacademia_train,losing_paraphrase_gemini,2,"2

This comment is"
2e5d903b-e25b-4e6f-9a8d-d0150aea538c,askacademia_train,losing_paraphrase_gpt4omini,4,"4

This comment provides"
2e5d903b-e25b-4e6f-9a8d-d0150aea538c,askacademia_train,losing_paraphrase_gpt5nano,3,"3

This comment provides"
2e5d903b-e25b-4e6f-9a8d-d0150aea538c,askacademia_train,losing_paraphrase_llama,4,"4

This is a"
2e5d903b-e25b-4e6f-9a8d-d0150aea538c,askacademia_train,losing_paraphrase_mistral,4,"4

This comment provides"
2e5d903b-e25b-4e6f-9a8d-d0150aea538c,askacademia_train,losing_paraphrase_qwen,2,"2

This comment appears"
18d541ba-c96a-47ad-8ce4-0d550961262f,askacademia_train,winning_text,2,"2

The comment """
18d541ba-c96a-47ad-8ce4-0d550961262f,askacademia_train,losing_text,4,"4

This comment provides"
18d541ba-c96a-47ad-8ce4-0d550961262f,askacademia_train,losing_generate_claude,4,"4

This is a"
18d541ba-c96a-47ad-8ce4-0d550961262f,askacademia_train,losing_generate_gemini,4,"4

This comment provides"
18d541ba-c96a-47ad-8ce4-0d550961262f,askacademia_train,losing_generate_gpt4omini,1,"1

This comment fails"
18d541ba-c96a-47ad-8ce4-0d550961262f,askacademia_train,losing_generate_gpt5nano,1,"1

This comment completely"
18d541ba-c96a-47ad-8ce4-0d550961262f,askacademia_train,losing_generate_llama,2,"2

This comment appears"
18d541ba-c96a-47ad-8ce4-0d550961262f,askacademia_train,losing_generate_mistral,2,"2

The comment provides"
18d541ba-c96a-47ad-8ce4-0d550961262f,askacademia_train,losing_generate_qwen,2,"2

The comment appears"
18d541ba-c96a-47ad-8ce4-0d550961262f,askacademia_train,losing_improve_claude,4,"4

This comment provides"
18d541ba-c96a-47ad-8ce4-0d550961262f,askacademia_train,losing_improve_gemini,3,"3

This comment provides"
18d541ba-c96a-47ad-8ce4-0d550961262f,askacademia_train,losing_improve_gpt4omini,4,"4

This comment serves"
18d541ba-c96a-47ad-8ce4-0d550961262f,askacademia_train,losing_improve_gpt5nano,4,"4

This is a"
18d541ba-c96a-47ad-8ce4-0d550961262f,askacademia_train,losing_improve_llama,2,"2

This comment provides"
18d541ba-c96a-47ad-8ce4-0d550961262f,askacademia_train,losing_improve_mistral,4,"4

This is a"
18d541ba-c96a-47ad-8ce4-0d550961262f,askacademia_train,losing_improve_qwen,4,4
18d541ba-c96a-47ad-8ce4-0d550961262f,askacademia_train,losing_paraphrase_claude,4,"4

This comment provides"
18d541ba-c96a-47ad-8ce4-0d550961262f,askacademia_train,losing_paraphrase_gemini,2,"2

This comment is"
18d541ba-c96a-47ad-8ce4-0d550961262f,askacademia_train,losing_paraphrase_gpt4omini,4,"4

This comment provides"
18d541ba-c96a-47ad-8ce4-0d550961262f,askacademia_train,losing_paraphrase_gpt5nano,4,"4

This comment provides"
18d541ba-c96a-47ad-8ce4-0d550961262f,askacademia_train,losing_paraphrase_llama,4,"4

This is a"
18d541ba-c96a-47ad-8ce4-0d550961262f,askacademia_train,losing_paraphrase_mistral,4,"4

This comment provides"
18d541ba-c96a-47ad-8ce4-0d550961262f,askacademia_train,losing_paraphrase_qwen,2,"2

This comment appears"
fa2da8ca-e819-487a-b16f-335736ebc47a,askacademia_train,winning_text,2,"2

This comment acknowled"
fa2da8ca-e819-487a-b16f-335736ebc47a,askacademia_train,losing_text,4,"4

This comment provides"
fa2da8ca-e819-487a-b16f-335736ebc47a,askacademia_train,losing_generate_claude,4,"4

This is a"
fa2da8ca-e819-487a-b16f-335736ebc47a,askacademia_train,losing_generate_gemini,4,"4

This is a"
fa2da8ca-e819-487a-b16f-335736ebc47a,askacademia_train,losing_generate_gpt4omini,2,"2

This comment provides"
fa2da8ca-e819-487a-b16f-335736ebc47a,askacademia_train,losing_generate_gpt5nano,2,"2

This comment mis"
fa2da8ca-e819-487a-b16f-335736ebc47a,askacademia_train,losing_generate_llama,2,"2

This comment appears"
fa2da8ca-e819-487a-b16f-335736ebc47a,askacademia_train,losing_generate_mistral,2,"2

The comment provides"
fa2da8ca-e819-487a-b16f-335736ebc47a,askacademia_train,losing_generate_qwen,2,"2

The comment appears"
fa2da8ca-e819-487a-b16f-335736ebc47a,askacademia_train,losing_improve_claude,4,"4

This is a"
fa2da8ca-e819-487a-b16f-335736ebc47a,askacademia_train,losing_improve_gemini,4,"4

This is a"
fa2da8ca-e819-487a-b16f-335736ebc47a,askacademia_train,losing_improve_gpt4omini,4,"4

This comment serves"
fa2da8ca-e819-487a-b16f-335736ebc47a,askacademia_train,losing_improve_gpt5nano,4,"4

This is a"
fa2da8ca-e819-487a-b16f-335736ebc47a,askacademia_train,losing_improve_llama,2,"2

This comment provides"
fa2da8ca-e819-487a-b16f-335736ebc47a,askacademia_train,losing_improve_mistral,4,"4

This is a"
fa2da8ca-e819-487a-b16f-335736ebc47a,askacademia_train,losing_improve_qwen,4,4
fa2da8ca-e819-487a-b16f-335736ebc47a,askacademia_train,losing_paraphrase_claude,4,"4

This comment provides"
fa2da8ca-e819-487a-b16f-335736ebc47a,askacademia_train,losing_paraphrase_gemini,4,"4

This is a"
fa2da8ca-e819-487a-b16f-335736ebc47a,askacademia_train,losing_paraphrase_gpt4omini,4,"4

This comment provides"
fa2da8ca-e819-487a-b16f-335736ebc47a,askacademia_train,losing_paraphrase_gpt5nano,4,"4

This comment provides"
fa2da8ca-e819-487a-b16f-335736ebc47a,askacademia_train,losing_paraphrase_llama,4,"4

This is a"
fa2da8ca-e819-487a-b16f-335736ebc47a,askacademia_train,losing_paraphrase_mistral,4,"4

This comment provides"
fa2da8ca-e819-487a-b16f-335736ebc47a,askacademia_train,losing_paraphrase_qwen,2,"2

This comment appears"
e958443e-fd36-40e0-8fad-124bfc0baa3c,askacademia_train,winning_text,2,"2

This comment provides"
e958443e-fd36-40e0-8fad-124bfc0baa3c,askacademia_train,losing_text,3,"3

This comment shares"
e958443e-fd36-40e0-8fad-124bfc0baa3c,askacademia_train,losing_generate_claude,4,"4

This is a"
e958443e-fd36-40e0-8fad-124bfc0baa3c,askacademia_train,losing_generate_gemini,4,"4

This comment provides"
e958443e-fd36-40e0-8fad-124bfc0baa3c,askacademia_train,losing_generate_gpt4omini,1,"1

This comment fails"
e958443e-fd36-40e0-8fad-124bfc0baa3c,askacademia_train,losing_generate_gpt5nano,2,"2

This comment has"
e958443e-fd36-40e0-8fad-124bfc0baa3c,askacademia_train,losing_generate_llama,2,"2

This comment appears"
e958443e-fd36-40e0-8fad-124bfc0baa3c,askacademia_train,losing_generate_mistral,2,"2

The comment provides"
e958443e-fd36-40e0-8fad-124bfc0baa3c,askacademia_train,losing_generate_qwen,2,"2

The comment appears"
e958443e-fd36-40e0-8fad-124bfc0baa3c,askacademia_train,losing_improve_claude,3,"3

This comment provides"
e958443e-fd36-40e0-8fad-124bfc0baa3c,askacademia_train,losing_improve_gemini,4,"4

This is a"
e958443e-fd36-40e0-8fad-124bfc0baa3c,askacademia_train,losing_improve_gpt4omini,4,"4

This is a"
e958443e-fd36-40e0-8fad-124bfc0baa3c,askacademia_train,losing_improve_gpt5nano,4,"4

This is a"
e958443e-fd36-40e0-8fad-124bfc0baa3c,askacademia_train,losing_improve_llama,2,"2

This comment does"
e958443e-fd36-40e0-8fad-124bfc0baa3c,askacademia_train,losing_improve_mistral,2,"2

This comment reads"
e958443e-fd36-40e0-8fad-124bfc0baa3c,askacademia_train,losing_improve_qwen,4,4
e958443e-fd36-40e0-8fad-124bfc0baa3c,askacademia_train,losing_paraphrase_claude,2,"2

This comment reads"
e958443e-fd36-40e0-8fad-124bfc0baa3c,askacademia_train,losing_paraphrase_gemini,4,"4

This is a"
e958443e-fd36-40e0-8fad-124bfc0baa3c,askacademia_train,losing_paraphrase_gpt4omini,2,"2

This comment reads"
e958443e-fd36-40e0-8fad-124bfc0baa3c,askacademia_train,losing_paraphrase_gpt5nano,3,"3

This comment receives"
e958443e-fd36-40e0-8fad-124bfc0baa3c,askacademia_train,losing_paraphrase_llama,3,"3

This comment appears"
e958443e-fd36-40e0-8fad-124bfc0baa3c,askacademia_train,losing_paraphrase_mistral,3,"3

This comment shares"
e958443e-fd36-40e0-8fad-124bfc0baa3c,askacademia_train,losing_paraphrase_qwen,3,"3

This comment shares"
b7d7db3e-78ac-48ad-aeb8-8eee7f44834f,askacademia_train,winning_text,2,"2

The comment """
b7d7db3e-78ac-48ad-aeb8-8eee7f44834f,askacademia_train,losing_text,3,"3

This comment shares"
b7d7db3e-78ac-48ad-aeb8-8eee7f44834f,askacademia_train,losing_generate_claude,5,"5

This comment is"
b7d7db3e-78ac-48ad-aeb8-8eee7f44834f,askacademia_train,losing_generate_gemini,4,"4

This is a"
b7d7db3e-78ac-48ad-aeb8-8eee7f44834f,askacademia_train,losing_generate_gpt4omini,2,"2

This comment provides"
b7d7db3e-78ac-48ad-aeb8-8eee7f44834f,askacademia_train,losing_generate_gpt5nano,4,"4

This comment deser"
b7d7db3e-78ac-48ad-aeb8-8eee7f44834f,askacademia_train,losing_generate_llama,2,"2

This comment appears"
b7d7db3e-78ac-48ad-aeb8-8eee7f44834f,askacademia_train,losing_generate_mistral,2,"2

This comment provides"
b7d7db3e-78ac-48ad-aeb8-8eee7f44834f,askacademia_train,losing_generate_qwen,2,"2

The comment appears"
b7d7db3e-78ac-48ad-aeb8-8eee7f44834f,askacademia_train,losing_improve_claude,3,"3

This comment provides"
b7d7db3e-78ac-48ad-aeb8-8eee7f44834f,askacademia_train,losing_improve_gemini,4,4
b7d7db3e-78ac-48ad-aeb8-8eee7f44834f,askacademia_train,losing_improve_gpt4omini,4,"4

This is a"
b7d7db3e-78ac-48ad-aeb8-8eee7f44834f,askacademia_train,losing_improve_gpt5nano,5,"5

This comment is"
b7d7db3e-78ac-48ad-aeb8-8eee7f44834f,askacademia_train,losing_improve_llama,2,"2

The comment appears"
b7d7db3e-78ac-48ad-aeb8-8eee7f44834f,askacademia_train,losing_improve_mistral,2,"2

This comment reads"
b7d7db3e-78ac-48ad-aeb8-8eee7f44834f,askacademia_train,losing_improve_qwen,4,4
b7d7db3e-78ac-48ad-aeb8-8eee7f44834f,askacademia_train,losing_paraphrase_claude,2,"2

This comment reads"
b7d7db3e-78ac-48ad-aeb8-8eee7f44834f,askacademia_train,losing_paraphrase_gemini,4,"4

This is a"
b7d7db3e-78ac-48ad-aeb8-8eee7f44834f,askacademia_train,losing_paraphrase_gpt4omini,2,"2

This comment reads"
b7d7db3e-78ac-48ad-aeb8-8eee7f44834f,askacademia_train,losing_paraphrase_gpt5nano,3,"3

This comment shares"
b7d7db3e-78ac-48ad-aeb8-8eee7f44834f,askacademia_train,losing_paraphrase_llama,3,"3

This comment appears"
b7d7db3e-78ac-48ad-aeb8-8eee7f44834f,askacademia_train,losing_paraphrase_mistral,3,"3

This comment shares"
b7d7db3e-78ac-48ad-aeb8-8eee7f44834f,askacademia_train,losing_paraphrase_qwen,3,"3

This comment shares"
9a8ab3db-646a-43b2-9d47-8b4e139ebe1e,askacademia_train,winning_text,2,"2

This comment acknowled"
9a8ab3db-646a-43b2-9d47-8b4e139ebe1e,askacademia_train,losing_text,3,"3

This comment shares"
9a8ab3db-646a-43b2-9d47-8b4e139ebe1e,askacademia_train,losing_generate_claude,4,"4

This is a"
9a8ab3db-646a-43b2-9d47-8b4e139ebe1e,askacademia_train,losing_generate_gemini,4,"4

This is a"
9a8ab3db-646a-43b2-9d47-8b4e139ebe1e,askacademia_train,losing_generate_gpt4omini,1,"1

This comment fails"
9a8ab3db-646a-43b2-9d47-8b4e139ebe1e,askacademia_train,losing_generate_gpt5nano,2,"2

This comment does"
9a8ab3db-646a-43b2-9d47-8b4e139ebe1e,askacademia_train,losing_generate_llama,2,"2

This comment appears"
9a8ab3db-646a-43b2-9d47-8b4e139ebe1e,askacademia_train,losing_generate_mistral,2,"2

The comment provides"
9a8ab3db-646a-43b2-9d47-8b4e139ebe1e,askacademia_train,losing_generate_qwen,2,"2

This comment appears"
9a8ab3db-646a-43b2-9d47-8b4e139ebe1e,askacademia_train,losing_improve_claude,4,"4

This comment serves"
9a8ab3db-646a-43b2-9d47-8b4e139ebe1e,askacademia_train,losing_improve_gemini,4,4
9a8ab3db-646a-43b2-9d47-8b4e139ebe1e,askacademia_train,losing_improve_gpt4omini,4,"4

This is a"
9a8ab3db-646a-43b2-9d47-8b4e139ebe1e,askacademia_train,losing_improve_gpt5nano,4,"4

This is a"
9a8ab3db-646a-43b2-9d47-8b4e139ebe1e,askacademia_train,losing_improve_llama,2,"2

The comment appears"
9a8ab3db-646a-43b2-9d47-8b4e139ebe1e,askacademia_train,losing_improve_mistral,2,"2

This comment reads"
9a8ab3db-646a-43b2-9d47-8b4e139ebe1e,askacademia_train,losing_improve_qwen,4,4
9a8ab3db-646a-43b2-9d47-8b4e139ebe1e,askacademia_train,losing_paraphrase_claude,2,"2

This comment reads"
9a8ab3db-646a-43b2-9d47-8b4e139ebe1e,askacademia_train,losing_paraphrase_gemini,4,"4

The comment provides"
9a8ab3db-646a-43b2-9d47-8b4e139ebe1e,askacademia_train,losing_paraphrase_gpt4omini,2,"2

This comment reads"
9a8ab3db-646a-43b2-9d47-8b4e139ebe1e,askacademia_train,losing_paraphrase_gpt5nano,2,"2

This comment shares"
9a8ab3db-646a-43b2-9d47-8b4e139ebe1e,askacademia_train,losing_paraphrase_llama,3,"3

This comment appears"
9a8ab3db-646a-43b2-9d47-8b4e139ebe1e,askacademia_train,losing_paraphrase_mistral,3,"3

This comment shares"
9a8ab3db-646a-43b2-9d47-8b4e139ebe1e,askacademia_train,losing_paraphrase_qwen,3,"3

This comment shares"
4923804c-d23f-48af-936f-5521521f271f,askacademia_train,winning_text,3,3
4923804c-d23f-48af-936f-5521521f271f,askacademia_train,losing_text,3,"3

This comment shares"
4923804c-d23f-48af-936f-5521521f271f,askacademia_train,losing_generate_claude,4,"4

This is a"
4923804c-d23f-48af-936f-5521521f271f,askacademia_train,losing_generate_gemini,4,"4

This comment provides"
4923804c-d23f-48af-936f-5521521f271f,askacademia_train,losing_generate_gpt4omini,1,"1

This comment fails"
4923804c-d23f-48af-936f-5521521f271f,askacademia_train,losing_generate_gpt5nano,2,"2

This comment provides"
4923804c-d23f-48af-936f-5521521f271f,askacademia_train,losing_generate_llama,2,"2

This comment appears"
4923804c-d23f-48af-936f-5521521f271f,askacademia_train,losing_generate_mistral,2,"2

The comment provides"
4923804c-d23f-48af-936f-5521521f271f,askacademia_train,losing_generate_qwen,2,"2

The comment appears"
4923804c-d23f-48af-936f-5521521f271f,askacademia_train,losing_improve_claude,2,"2

This comment appears"
4923804c-d23f-48af-936f-5521521f271f,askacademia_train,losing_improve_gemini,4,"4

This is a"
4923804c-d23f-48af-936f-5521521f271f,askacademia_train,losing_improve_gpt4omini,4,"4

This is a"
4923804c-d23f-48af-936f-5521521f271f,askacademia_train,losing_improve_gpt5nano,4,"4

This is a"
4923804c-d23f-48af-936f-5521521f271f,askacademia_train,losing_improve_llama,3,"3

This comment appears"
4923804c-d23f-48af-936f-5521521f271f,askacademia_train,losing_improve_mistral,2,"2

This comment reads"
4923804c-d23f-48af-936f-5521521f271f,askacademia_train,losing_improve_qwen,4,4
4923804c-d23f-48af-936f-5521521f271f,askacademia_train,losing_paraphrase_claude,2,"2

This comment reads"
4923804c-d23f-48af-936f-5521521f271f,askacademia_train,losing_paraphrase_gemini,4,"4

The comment provides"
4923804c-d23f-48af-936f-5521521f271f,askacademia_train,losing_paraphrase_gpt4omini,2,"2

This comment reads"
4923804c-d23f-48af-936f-5521521f271f,askacademia_train,losing_paraphrase_gpt5nano,3,"3

This comment receives"
4923804c-d23f-48af-936f-5521521f271f,askacademia_train,losing_paraphrase_llama,3,"3

This comment appears"
4923804c-d23f-48af-936f-5521521f271f,askacademia_train,losing_paraphrase_mistral,3,"3

This comment shares"
4923804c-d23f-48af-936f-5521521f271f,askacademia_train,losing_paraphrase_qwen,3,"3

This comment shares"
0407aee2-00f8-41cb-9423-fc52bdaf3e70,askacademia_train,winning_text,2,"2

This comment shares"
0407aee2-00f8-41cb-9423-fc52bdaf3e70,askacademia_train,losing_text,3,"3

This comment shares"
0407aee2-00f8-41cb-9423-fc52bdaf3e70,askacademia_train,losing_generate_claude,4,"4

This is a"
0407aee2-00f8-41cb-9423-fc52bdaf3e70,askacademia_train,losing_generate_gemini,4,"4

This comment provides"
0407aee2-00f8-41cb-9423-fc52bdaf3e70,askacademia_train,losing_generate_gpt4omini,1,"1

This comment fails"
0407aee2-00f8-41cb-9423-fc52bdaf3e70,askacademia_train,losing_generate_gpt5nano,1,"1

This comment completely"
0407aee2-00f8-41cb-9423-fc52bdaf3e70,askacademia_train,losing_generate_llama,2,"2

This comment appears"
0407aee2-00f8-41cb-9423-fc52bdaf3e70,askacademia_train,losing_generate_mistral,2,"2

This comment provides"
0407aee2-00f8-41cb-9423-fc52bdaf3e70,askacademia_train,losing_generate_qwen,2,"2

The comment appears"
0407aee2-00f8-41cb-9423-fc52bdaf3e70,askacademia_train,losing_improve_claude,4,"4

This is a"
0407aee2-00f8-41cb-9423-fc52bdaf3e70,askacademia_train,losing_improve_gemini,4,"4

This is a"
0407aee2-00f8-41cb-9423-fc52bdaf3e70,askacademia_train,losing_improve_gpt4omini,4,"4

This is a"
0407aee2-00f8-41cb-9423-fc52bdaf3e70,askacademia_train,losing_improve_gpt5nano,4,"4

This is a"
0407aee2-00f8-41cb-9423-fc52bdaf3e70,askacademia_train,losing_improve_llama,2,"2

This comment appears"
0407aee2-00f8-41cb-9423-fc52bdaf3e70,askacademia_train,losing_improve_mistral,3,"3

This comment shares"
0407aee2-00f8-41cb-9423-fc52bdaf3e70,askacademia_train,losing_improve_qwen,4,4
0407aee2-00f8-41cb-9423-fc52bdaf3e70,askacademia_train,losing_paraphrase_claude,2,"2

This comment reads"
0407aee2-00f8-41cb-9423-fc52bdaf3e70,askacademia_train,losing_paraphrase_gemini,4,"4

The comment provides"
0407aee2-00f8-41cb-9423-fc52bdaf3e70,askacademia_train,losing_paraphrase_gpt4omini,2,"2

This comment reads"
0407aee2-00f8-41cb-9423-fc52bdaf3e70,askacademia_train,losing_paraphrase_gpt5nano,3,"3

This comment shares"
0407aee2-00f8-41cb-9423-fc52bdaf3e70,askacademia_train,losing_paraphrase_llama,3,"3

This comment appears"
0407aee2-00f8-41cb-9423-fc52bdaf3e70,askacademia_train,losing_paraphrase_mistral,3,"3

This comment shares"
0407aee2-00f8-41cb-9423-fc52bdaf3e70,askacademia_train,losing_paraphrase_qwen,3,"3

This comment shares"
61533577-d6c3-4b4c-9ffa-5e7a8242b82f,askacademia_train,winning_text,2,"2

This comment provides"
61533577-d6c3-4b4c-9ffa-5e7a8242b82f,askacademia_train,losing_text,4,"4

This comment provides"
61533577-d6c3-4b4c-9ffa-5e7a8242b82f,askacademia_train,losing_generate_claude,4,"4

This is a"
61533577-d6c3-4b4c-9ffa-5e7a8242b82f,askacademia_train,losing_generate_gemini,4,"4

This is a"
61533577-d6c3-4b4c-9ffa-5e7a8242b82f,askacademia_train,losing_generate_gpt4omini,1,"1

This comment fails"
61533577-d6c3-4b4c-9ffa-5e7a8242b82f,askacademia_train,losing_generate_gpt5nano,4,"4

This comment deser"
61533577-d6c3-4b4c-9ffa-5e7a8242b82f,askacademia_train,losing_generate_llama,1,"1

This comment fails"
61533577-d6c3-4b4c-9ffa-5e7a8242b82f,askacademia_train,losing_generate_mistral,2,"2

The comment provides"
61533577-d6c3-4b4c-9ffa-5e7a8242b82f,askacademia_train,losing_generate_qwen,2,"2

The comment appears"
61533577-d6c3-4b4c-9ffa-5e7a8242b82f,askacademia_train,losing_improve_claude,4,"4

This is a"
61533577-d6c3-4b4c-9ffa-5e7a8242b82f,askacademia_train,losing_improve_gemini,4,"4

This is a"
61533577-d6c3-4b4c-9ffa-5e7a8242b82f,askacademia_train,losing_improve_gpt4omini,2,"2

This comment provides"
61533577-d6c3-4b4c-9ffa-5e7a8242b82f,askacademia_train,losing_improve_gpt5nano,1,"1

This comment fails"
61533577-d6c3-4b4c-9ffa-5e7a8242b82f,askacademia_train,losing_improve_llama,4,"4

This comment provides"
61533577-d6c3-4b4c-9ffa-5e7a8242b82f,askacademia_train,losing_improve_mistral,2,"2

This comment me"
61533577-d6c3-4b4c-9ffa-5e7a8242b82f,askacademia_train,losing_improve_qwen,3,3
61533577-d6c3-4b4c-9ffa-5e7a8242b82f,askacademia_train,losing_paraphrase_claude,3,"3

This comment provides"
61533577-d6c3-4b4c-9ffa-5e7a8242b82f,askacademia_train,losing_paraphrase_gemini,4,"4

This is a"
61533577-d6c3-4b4c-9ffa-5e7a8242b82f,askacademia_train,losing_paraphrase_gpt4omini,2,"2

This comment provides"
61533577-d6c3-4b4c-9ffa-5e7a8242b82f,askacademia_train,losing_paraphrase_gpt5nano,2,"2

This comment provides"
61533577-d6c3-4b4c-9ffa-5e7a8242b82f,askacademia_train,losing_paraphrase_llama,2,"2

This comment provides"
61533577-d6c3-4b4c-9ffa-5e7a8242b82f,askacademia_train,losing_paraphrase_mistral,3,"3

This comment provides"
61533577-d6c3-4b4c-9ffa-5e7a8242b82f,askacademia_train,losing_paraphrase_qwen,2,"2

This comment provides"
3f75fa1c-9694-484d-adac-f8cf0ad93f10,askacademia_train,winning_text,2,"2

The comment """
3f75fa1c-9694-484d-adac-f8cf0ad93f10,askacademia_train,losing_text,4,"4

This comment provides"
3f75fa1c-9694-484d-adac-f8cf0ad93f10,askacademia_train,losing_generate_claude,4,"4

This comment serves"
3f75fa1c-9694-484d-adac-f8cf0ad93f10,askacademia_train,losing_generate_gemini,4,"4

This comment provides"
3f75fa1c-9694-484d-adac-f8cf0ad93f10,askacademia_train,losing_generate_gpt4omini,2,"2

This comment provides"
3f75fa1c-9694-484d-adac-f8cf0ad93f10,askacademia_train,losing_generate_gpt5nano,1,"1

This comment completely"
3f75fa1c-9694-484d-adac-f8cf0ad93f10,askacademia_train,losing_generate_llama,2,"2

This comment appears"
3f75fa1c-9694-484d-adac-f8cf0ad93f10,askacademia_train,losing_generate_mistral,2,"2

The comment provides"
3f75fa1c-9694-484d-adac-f8cf0ad93f10,askacademia_train,losing_generate_qwen,2,"2

The comment appears"
3f75fa1c-9694-484d-adac-f8cf0ad93f10,askacademia_train,losing_improve_claude,4,"4

This is a"
3f75fa1c-9694-484d-adac-f8cf0ad93f10,askacademia_train,losing_improve_gemini,4,"4

This is a"
3f75fa1c-9694-484d-adac-f8cf0ad93f10,askacademia_train,losing_improve_gpt4omini,2,"2

This comment appears"
3f75fa1c-9694-484d-adac-f8cf0ad93f10,askacademia_train,losing_improve_gpt5nano,4,"4

This is a"
3f75fa1c-9694-484d-adac-f8cf0ad93f10,askacademia_train,losing_improve_llama,3,"3

This comment provides"
3f75fa1c-9694-484d-adac-f8cf0ad93f10,askacademia_train,losing_improve_mistral,2,"2

This comment me"
3f75fa1c-9694-484d-adac-f8cf0ad93f10,askacademia_train,losing_improve_qwen,3,"3

This comment receives"
3f75fa1c-9694-484d-adac-f8cf0ad93f10,askacademia_train,losing_paraphrase_claude,4,"4

This comment serves"
3f75fa1c-9694-484d-adac-f8cf0ad93f10,askacademia_train,losing_paraphrase_gemini,4,"4

This is a"
3f75fa1c-9694-484d-adac-f8cf0ad93f10,askacademia_train,losing_paraphrase_gpt4omini,4,"4

This comment provides"
3f75fa1c-9694-484d-adac-f8cf0ad93f10,askacademia_train,losing_paraphrase_gpt5nano,4,"4

This comment provides"
3f75fa1c-9694-484d-adac-f8cf0ad93f10,askacademia_train,losing_paraphrase_llama,2,"2

This comment provides"
3f75fa1c-9694-484d-adac-f8cf0ad93f10,askacademia_train,losing_paraphrase_mistral,3,"3

This comment provides"
3f75fa1c-9694-484d-adac-f8cf0ad93f10,askacademia_train,losing_paraphrase_qwen,2,"2

This comment provides"
3b679ead-6b5e-4121-ad59-976b2ff2750f,askacademia_train,winning_text,2,"2

This comment acknowled"
3b679ead-6b5e-4121-ad59-976b2ff2750f,askacademia_train,losing_text,4,"4

This comment provides"
3b679ead-6b5e-4121-ad59-976b2ff2750f,askacademia_train,losing_generate_claude,4,"4

This is a"
3b679ead-6b5e-4121-ad59-976b2ff2750f,askacademia_train,losing_generate_gemini,4,"4

This comment provides"
3b679ead-6b5e-4121-ad59-976b2ff2750f,askacademia_train,losing_generate_gpt4omini,2,"2

This comment provides"
3b679ead-6b5e-4121-ad59-976b2ff2750f,askacademia_train,losing_generate_gpt5nano,4,"4

This comment provides"
3b679ead-6b5e-4121-ad59-976b2ff2750f,askacademia_train,losing_generate_llama,2,"2

This comment appears"
3b679ead-6b5e-4121-ad59-976b2ff2750f,askacademia_train,losing_generate_mistral,2,"2

The comment provides"
3b679ead-6b5e-4121-ad59-976b2ff2750f,askacademia_train,losing_generate_qwen,2,"2

This comment appears"
3b679ead-6b5e-4121-ad59-976b2ff2750f,askacademia_train,losing_improve_claude,4,"4

This is a"
3b679ead-6b5e-4121-ad59-976b2ff2750f,askacademia_train,losing_improve_gemini,4,"4

This comment provides"
3b679ead-6b5e-4121-ad59-976b2ff2750f,askacademia_train,losing_improve_gpt4omini,2,"2

This comment provides"
3b679ead-6b5e-4121-ad59-976b2ff2750f,askacademia_train,losing_improve_gpt5nano,4,"4

This is a"
3b679ead-6b5e-4121-ad59-976b2ff2750f,askacademia_train,losing_improve_llama,3,"3

This comment provides"
3b679ead-6b5e-4121-ad59-976b2ff2750f,askacademia_train,losing_improve_mistral,2,"2

This comment provides"
3b679ead-6b5e-4121-ad59-976b2ff2750f,askacademia_train,losing_improve_qwen,2,"2

This comment appears"
3b679ead-6b5e-4121-ad59-976b2ff2750f,askacademia_train,losing_paraphrase_claude,4,"4

This comment provides"
3b679ead-6b5e-4121-ad59-976b2ff2750f,askacademia_train,losing_paraphrase_gemini,4,"4

The comment provides"
3b679ead-6b5e-4121-ad59-976b2ff2750f,askacademia_train,losing_paraphrase_gpt4omini,2,"2

This comment provides"
3b679ead-6b5e-4121-ad59-976b2ff2750f,askacademia_train,losing_paraphrase_gpt5nano,4,"4

This comment provides"
3b679ead-6b5e-4121-ad59-976b2ff2750f,askacademia_train,losing_paraphrase_llama,2,"2

This comment is"
3b679ead-6b5e-4121-ad59-976b2ff2750f,askacademia_train,losing_paraphrase_mistral,3,"3

This comment provides"
3b679ead-6b5e-4121-ad59-976b2ff2750f,askacademia_train,losing_paraphrase_qwen,2,"2

This comment provides"
de5452ab-ed8b-4160-a37d-28ceb7d23f34,askacademia_train,winning_text,3,3
de5452ab-ed8b-4160-a37d-28ceb7d23f34,askacademia_train,losing_text,4,"4

This comment provides"
de5452ab-ed8b-4160-a37d-28ceb7d23f34,askacademia_train,losing_generate_claude,4,"4

This is a"
de5452ab-ed8b-4160-a37d-28ceb7d23f34,askacademia_train,losing_generate_gemini,4,"4

This is a"
de5452ab-ed8b-4160-a37d-28ceb7d23f34,askacademia_train,losing_generate_gpt4omini,2,"2

This comment provides"
de5452ab-ed8b-4160-a37d-28ceb7d23f34,askacademia_train,losing_generate_gpt5nano,1,"1

This comment completely"
de5452ab-ed8b-4160-a37d-28ceb7d23f34,askacademia_train,losing_generate_llama,2,"2

This comment appears"
de5452ab-ed8b-4160-a37d-28ceb7d23f34,askacademia_train,losing_generate_mistral,2,"2

The comment provides"
de5452ab-ed8b-4160-a37d-28ceb7d23f34,askacademia_train,losing_generate_qwen,2,"2

The comment appears"
de5452ab-ed8b-4160-a37d-28ceb7d23f34,askacademia_train,losing_improve_claude,4,"4

This is a"
de5452ab-ed8b-4160-a37d-28ceb7d23f34,askacademia_train,losing_improve_gemini,4,"4

This is a"
de5452ab-ed8b-4160-a37d-28ceb7d23f34,askacademia_train,losing_improve_gpt4omini,2,"2

This comment provides"
de5452ab-ed8b-4160-a37d-28ceb7d23f34,askacademia_train,losing_improve_gpt5nano,4,"4

This is a"
de5452ab-ed8b-4160-a37d-28ceb7d23f34,askacademia_train,losing_improve_llama,3,"3

This comment provides"
de5452ab-ed8b-4160-a37d-28ceb7d23f34,askacademia_train,losing_improve_mistral,3,"3

This comment provides"
de5452ab-ed8b-4160-a37d-28ceb7d23f34,askacademia_train,losing_improve_qwen,2,"2

This comment provides"
de5452ab-ed8b-4160-a37d-28ceb7d23f34,askacademia_train,losing_paraphrase_claude,4,"4

This comment provides"
de5452ab-ed8b-4160-a37d-28ceb7d23f34,askacademia_train,losing_paraphrase_gemini,2,"2

The comment appears"
de5452ab-ed8b-4160-a37d-28ceb7d23f34,askacademia_train,losing_paraphrase_gpt4omini,2,"2

This comment provides"
de5452ab-ed8b-4160-a37d-28ceb7d23f34,askacademia_train,losing_paraphrase_gpt5nano,3,"3

This comment provides"
de5452ab-ed8b-4160-a37d-28ceb7d23f34,askacademia_train,losing_paraphrase_llama,2,"2

This comment provides"
de5452ab-ed8b-4160-a37d-28ceb7d23f34,askacademia_train,losing_paraphrase_mistral,2,"2

This comment provides"
de5452ab-ed8b-4160-a37d-28ceb7d23f34,askacademia_train,losing_paraphrase_qwen,2,"2

The comment provides"
be255f5a-bc30-4f59-b35b-ed15113d00b2,askacademia_train,winning_text,2,"2

This comment shares"
be255f5a-bc30-4f59-b35b-ed15113d00b2,askacademia_train,losing_text,4,"4

This comment provides"
be255f5a-bc30-4f59-b35b-ed15113d00b2,askacademia_train,losing_generate_claude,1,1
be255f5a-bc30-4f59-b35b-ed15113d00b2,askacademia_train,losing_generate_gemini,4,"4

This comment provides"
be255f5a-bc30-4f59-b35b-ed15113d00b2,askacademia_train,losing_generate_gpt4omini,1,"1

This comment fails"
be255f5a-bc30-4f59-b35b-ed15113d00b2,askacademia_train,losing_generate_gpt5nano,1,1
be255f5a-bc30-4f59-b35b-ed15113d00b2,askacademia_train,losing_generate_llama,2,"2

This comment appears"
be255f5a-bc30-4f59-b35b-ed15113d00b2,askacademia_train,losing_generate_mistral,2,"2

The comment provides"
be255f5a-bc30-4f59-b35b-ed15113d00b2,askacademia_train,losing_generate_qwen,2,"2

The comment appears"
be255f5a-bc30-4f59-b35b-ed15113d00b2,askacademia_train,losing_improve_claude,5,"5

This comment is"
be255f5a-bc30-4f59-b35b-ed15113d00b2,askacademia_train,losing_improve_gemini,4,"4

This comment provides"
be255f5a-bc30-4f59-b35b-ed15113d00b2,askacademia_train,losing_improve_gpt4omini,3,"3

This comment provides"
be255f5a-bc30-4f59-b35b-ed15113d00b2,askacademia_train,losing_improve_gpt5nano,4,"4

This is a"
be255f5a-bc30-4f59-b35b-ed15113d00b2,askacademia_train,losing_improve_llama,3,"3

This comment provides"
be255f5a-bc30-4f59-b35b-ed15113d00b2,askacademia_train,losing_improve_mistral,2,"2

This comment provides"
be255f5a-bc30-4f59-b35b-ed15113d00b2,askacademia_train,losing_improve_qwen,3,"3

This comment receives"
be255f5a-bc30-4f59-b35b-ed15113d00b2,askacademia_train,losing_paraphrase_claude,4,"4

This comment provides"
be255f5a-bc30-4f59-b35b-ed15113d00b2,askacademia_train,losing_paraphrase_gemini,2,"2

The comment appears"
be255f5a-bc30-4f59-b35b-ed15113d00b2,askacademia_train,losing_paraphrase_gpt4omini,3,"3

This comment provides"
be255f5a-bc30-4f59-b35b-ed15113d00b2,askacademia_train,losing_paraphrase_gpt5nano,2,"2

This comment provides"
be255f5a-bc30-4f59-b35b-ed15113d00b2,askacademia_train,losing_paraphrase_llama,2,"2

This comment is"
be255f5a-bc30-4f59-b35b-ed15113d00b2,askacademia_train,losing_paraphrase_mistral,3,"3

This comment provides"
be255f5a-bc30-4f59-b35b-ed15113d00b2,askacademia_train,losing_paraphrase_qwen,2,"2

The comment addresses"
15740e09-95d5-4fdf-b4db-7ecc6d553184,askacademia_train,winning_text,2,"2

This comment appears"
15740e09-95d5-4fdf-b4db-7ecc6d553184,askacademia_train,losing_text,4,"4

This comment provides"
15740e09-95d5-4fdf-b4db-7ecc6d553184,askacademia_train,losing_generate_claude,3,"3

This comment provides"
15740e09-95d5-4fdf-b4db-7ecc6d553184,askacademia_train,losing_generate_gemini,4,"4

This comment provides"
15740e09-95d5-4fdf-b4db-7ecc6d553184,askacademia_train,losing_generate_gpt4omini,1,"1

This comment fails"
15740e09-95d5-4fdf-b4db-7ecc6d553184,askacademia_train,losing_generate_gpt5nano,1,"1

This comment completely"
15740e09-95d5-4fdf-b4db-7ecc6d553184,askacademia_train,losing_generate_llama,2,"2

This comment appears"
15740e09-95d5-4fdf-b4db-7ecc6d553184,askacademia_train,losing_generate_mistral,1,"1

This comment appears"
15740e09-95d5-4fdf-b4db-7ecc6d553184,askacademia_train,losing_generate_qwen,2,"2

The comment appears"
15740e09-95d5-4fdf-b4db-7ecc6d553184,askacademia_train,losing_improve_claude,4,"4

This is a"
15740e09-95d5-4fdf-b4db-7ecc6d553184,askacademia_train,losing_improve_gemini,4,"4

This is a"
15740e09-95d5-4fdf-b4db-7ecc6d553184,askacademia_train,losing_improve_gpt4omini,2,"2

This comment provides"
15740e09-95d5-4fdf-b4db-7ecc6d553184,askacademia_train,losing_improve_gpt5nano,3,3
15740e09-95d5-4fdf-b4db-7ecc6d553184,askacademia_train,losing_improve_llama,3,"3

This comment provides"
15740e09-95d5-4fdf-b4db-7ecc6d553184,askacademia_train,losing_improve_mistral,3,"3

This comment provides"
15740e09-95d5-4fdf-b4db-7ecc6d553184,askacademia_train,losing_improve_qwen,3,3
15740e09-95d5-4fdf-b4db-7ecc6d553184,askacademia_train,losing_paraphrase_claude,4,"4

This comment provides"
15740e09-95d5-4fdf-b4db-7ecc6d553184,askacademia_train,losing_paraphrase_gemini,2,"2

This comment is"
15740e09-95d5-4fdf-b4db-7ecc6d553184,askacademia_train,losing_paraphrase_gpt4omini,2,"2

This comment provides"
15740e09-95d5-4fdf-b4db-7ecc6d553184,askacademia_train,losing_paraphrase_gpt5nano,3,"3

This comment provides"
15740e09-95d5-4fdf-b4db-7ecc6d553184,askacademia_train,losing_paraphrase_llama,2,"2

This comment is"
15740e09-95d5-4fdf-b4db-7ecc6d553184,askacademia_train,losing_paraphrase_mistral,3,"3

This comment provides"
15740e09-95d5-4fdf-b4db-7ecc6d553184,askacademia_train,losing_paraphrase_qwen,2,"2

The comment provides"
2a700365-6ef5-4fb2-b9e2-42d1b0269ef0,askacademia_train,winning_text,4,"4

This comment serves"
2a700365-6ef5-4fb2-b9e2-42d1b0269ef0,askacademia_train,losing_text,4,"4

This comment provides"
2a700365-6ef5-4fb2-b9e2-42d1b0269ef0,askacademia_train,losing_generate_claude,1,1
2a700365-6ef5-4fb2-b9e2-42d1b0269ef0,askacademia_train,losing_generate_gemini,4,"4

This comment provides"
2a700365-6ef5-4fb2-b9e2-42d1b0269ef0,askacademia_train,losing_generate_gpt4omini,1,"1

This comment fails"
2a700365-6ef5-4fb2-b9e2-42d1b0269ef0,askacademia_train,losing_generate_gpt5nano,2,"2

This comment mis"
2a700365-6ef5-4fb2-b9e2-42d1b0269ef0,askacademia_train,losing_generate_llama,2,"2

This comment appears"
2a700365-6ef5-4fb2-b9e2-42d1b0269ef0,askacademia_train,losing_generate_mistral,2,"2

The comment provides"
2a700365-6ef5-4fb2-b9e2-42d1b0269ef0,askacademia_train,losing_generate_qwen,2,"2

This comment appears"
2a700365-6ef5-4fb2-b9e2-42d1b0269ef0,askacademia_train,losing_improve_claude,4,"4

This is a"
2a700365-6ef5-4fb2-b9e2-42d1b0269ef0,askacademia_train,losing_improve_gemini,4,"4

This comment provides"
2a700365-6ef5-4fb2-b9e2-42d1b0269ef0,askacademia_train,losing_improve_gpt4omini,2,"2

This comment provides"
2a700365-6ef5-4fb2-b9e2-42d1b0269ef0,askacademia_train,losing_improve_gpt5nano,4,"4

This is a"
2a700365-6ef5-4fb2-b9e2-42d1b0269ef0,askacademia_train,losing_improve_llama,3,"3

This comment provides"
2a700365-6ef5-4fb2-b9e2-42d1b0269ef0,askacademia_train,losing_improve_mistral,2,"2

This comment provides"
2a700365-6ef5-4fb2-b9e2-42d1b0269ef0,askacademia_train,losing_improve_qwen,3,"3

This comment receives"
2a700365-6ef5-4fb2-b9e2-42d1b0269ef0,askacademia_train,losing_paraphrase_claude,4,"4

This comment provides"
2a700365-6ef5-4fb2-b9e2-42d1b0269ef0,askacademia_train,losing_paraphrase_gemini,2,"2

The comment is"
2a700365-6ef5-4fb2-b9e2-42d1b0269ef0,askacademia_train,losing_paraphrase_gpt4omini,3,"3

This comment provides"
2a700365-6ef5-4fb2-b9e2-42d1b0269ef0,askacademia_train,losing_paraphrase_gpt5nano,3,"3

This comment provides"
2a700365-6ef5-4fb2-b9e2-42d1b0269ef0,askacademia_train,losing_paraphrase_llama,2,"2

This comment provides"
2a700365-6ef5-4fb2-b9e2-42d1b0269ef0,askacademia_train,losing_paraphrase_mistral,2,"2

This comment provides"
2a700365-6ef5-4fb2-b9e2-42d1b0269ef0,askacademia_train,losing_paraphrase_qwen,2,"2

The comment provides"
d0600aa4-23a5-47fb-a38d-b6c72f15af92,askacademia_train,winning_text,2,"2

This comment shows"
d0600aa4-23a5-47fb-a38d-b6c72f15af92,askacademia_train,losing_text,4,"4

This comment provides"
d0600aa4-23a5-47fb-a38d-b6c72f15af92,askacademia_train,losing_generate_claude,1,1
d0600aa4-23a5-47fb-a38d-b6c72f15af92,askacademia_train,losing_generate_gemini,4,"4

This comment provides"
d0600aa4-23a5-47fb-a38d-b6c72f15af92,askacademia_train,losing_generate_gpt4omini,2,"2

This comment provides"
d0600aa4-23a5-47fb-a38d-b6c72f15af92,askacademia_train,losing_generate_gpt5nano,3,"3

This comment provides"
d0600aa4-23a5-47fb-a38d-b6c72f15af92,askacademia_train,losing_generate_llama,2,"2

This comment appears"
d0600aa4-23a5-47fb-a38d-b6c72f15af92,askacademia_train,losing_generate_mistral,2,"2

The comment provides"
d0600aa4-23a5-47fb-a38d-b6c72f15af92,askacademia_train,losing_generate_qwen,2,"2

This comment appears"
d0600aa4-23a5-47fb-a38d-b6c72f15af92,askacademia_train,losing_improve_claude,4,"4

This is a"
d0600aa4-23a5-47fb-a38d-b6c72f15af92,askacademia_train,losing_improve_gemini,4,"4

This is a"
d0600aa4-23a5-47fb-a38d-b6c72f15af92,askacademia_train,losing_improve_gpt4omini,2,"2

This comment provides"
d0600aa4-23a5-47fb-a38d-b6c72f15af92,askacademia_train,losing_improve_gpt5nano,4,"4

This is a"
d0600aa4-23a5-47fb-a38d-b6c72f15af92,askacademia_train,losing_improve_llama,3,"3

This comment provides"
d0600aa4-23a5-47fb-a38d-b6c72f15af92,askacademia_train,losing_improve_mistral,2,"2

This comment provides"
d0600aa4-23a5-47fb-a38d-b6c72f15af92,askacademia_train,losing_improve_qwen,2,"2

This comment provides"
d0600aa4-23a5-47fb-a38d-b6c72f15af92,askacademia_train,losing_paraphrase_claude,3,"3

This comment provides"
d0600aa4-23a5-47fb-a38d-b6c72f15af92,askacademia_train,losing_paraphrase_gemini,3,"3

This comment provides"
d0600aa4-23a5-47fb-a38d-b6c72f15af92,askacademia_train,losing_paraphrase_gpt4omini,2,"2

This comment provides"
d0600aa4-23a5-47fb-a38d-b6c72f15af92,askacademia_train,losing_paraphrase_gpt5nano,3,"3

This comment provides"
d0600aa4-23a5-47fb-a38d-b6c72f15af92,askacademia_train,losing_paraphrase_llama,2,"2

This comment provides"
d0600aa4-23a5-47fb-a38d-b6c72f15af92,askacademia_train,losing_paraphrase_mistral,3,"3

This comment provides"
d0600aa4-23a5-47fb-a38d-b6c72f15af92,askacademia_train,losing_paraphrase_qwen,2,"2

The comment provides"
f701811d-8ebc-4e8c-8337-c922fdfb6911,askacademia_train,winning_text,2,"2

This comment is"
f701811d-8ebc-4e8c-8337-c922fdfb6911,askacademia_train,losing_text,4,"4

This comment provides"
f701811d-8ebc-4e8c-8337-c922fdfb6911,askacademia_train,losing_generate_claude,4,"4

This is a"
f701811d-8ebc-4e8c-8337-c922fdfb6911,askacademia_train,losing_generate_gemini,4,"4

This is a"
f701811d-8ebc-4e8c-8337-c922fdfb6911,askacademia_train,losing_generate_gpt4omini,1,"1

This comment fails"
f701811d-8ebc-4e8c-8337-c922fdfb6911,askacademia_train,losing_generate_gpt5nano,3,"3

This comment provides"
f701811d-8ebc-4e8c-8337-c922fdfb6911,askacademia_train,losing_generate_llama,1,"1

This comment fails"
f701811d-8ebc-4e8c-8337-c922fdfb6911,askacademia_train,losing_generate_mistral,2,"2

The comment provides"
f701811d-8ebc-4e8c-8337-c922fdfb6911,askacademia_train,losing_generate_qwen,2,"2

This comment appears"
f701811d-8ebc-4e8c-8337-c922fdfb6911,askacademia_train,losing_improve_claude,4,"4

This is a"
f701811d-8ebc-4e8c-8337-c922fdfb6911,askacademia_train,losing_improve_gemini,4,"4

This comment provides"
f701811d-8ebc-4e8c-8337-c922fdfb6911,askacademia_train,losing_improve_gpt4omini,2,"2

This comment provides"
f701811d-8ebc-4e8c-8337-c922fdfb6911,askacademia_train,losing_improve_gpt5nano,4,"4

This comment provides"
f701811d-8ebc-4e8c-8337-c922fdfb6911,askacademia_train,losing_improve_llama,3,"3

This comment provides"
f701811d-8ebc-4e8c-8337-c922fdfb6911,askacademia_train,losing_improve_mistral,3,"3

This comment provides"
f701811d-8ebc-4e8c-8337-c922fdfb6911,askacademia_train,losing_improve_qwen,3,3
f701811d-8ebc-4e8c-8337-c922fdfb6911,askacademia_train,losing_paraphrase_claude,3,"3

This comment provides"
f701811d-8ebc-4e8c-8337-c922fdfb6911,askacademia_train,losing_paraphrase_gemini,3,3
f701811d-8ebc-4e8c-8337-c922fdfb6911,askacademia_train,losing_paraphrase_gpt4omini,3,"3

This comment provides"
f701811d-8ebc-4e8c-8337-c922fdfb6911,askacademia_train,losing_paraphrase_gpt5nano,2,"2

This comment provides"
f701811d-8ebc-4e8c-8337-c922fdfb6911,askacademia_train,losing_paraphrase_llama,2,"2

This comment is"
f701811d-8ebc-4e8c-8337-c922fdfb6911,askacademia_train,losing_paraphrase_mistral,3,"3

This comment provides"
f701811d-8ebc-4e8c-8337-c922fdfb6911,askacademia_train,losing_paraphrase_qwen,2,"2

This comment provides"
9d4841c7-b34c-440b-a58b-4e9e16c4cf0f,askacademia_train,winning_text,2,"2

The comment """
9d4841c7-b34c-440b-a58b-4e9e16c4cf0f,askacademia_train,losing_text,2,"2

This comment provides"
9d4841c7-b34c-440b-a58b-4e9e16c4cf0f,askacademia_train,losing_generate_claude,1,1
9d4841c7-b34c-440b-a58b-4e9e16c4cf0f,askacademia_train,losing_generate_gemini,4,"4

This comment provides"
9d4841c7-b34c-440b-a58b-4e9e16c4cf0f,askacademia_train,losing_generate_gpt4omini,1,"1

This comment fails"
9d4841c7-b34c-440b-a58b-4e9e16c4cf0f,askacademia_train,losing_generate_gpt5nano,4,"4

This comment deser"
9d4841c7-b34c-440b-a58b-4e9e16c4cf0f,askacademia_train,losing_generate_llama,2,"2

This comment appears"
9d4841c7-b34c-440b-a58b-4e9e16c4cf0f,askacademia_train,losing_generate_mistral,2,"2

The comment provides"
9d4841c7-b34c-440b-a58b-4e9e16c4cf0f,askacademia_train,losing_generate_qwen,2,"2

The comment appears"
9d4841c7-b34c-440b-a58b-4e9e16c4cf0f,askacademia_train,losing_improve_claude,2,"2

This comment provides"
9d4841c7-b34c-440b-a58b-4e9e16c4cf0f,askacademia_train,losing_improve_gemini,4,"4

This is a"
9d4841c7-b34c-440b-a58b-4e9e16c4cf0f,askacademia_train,losing_improve_gpt4omini,2,"2

This comment provides"
9d4841c7-b34c-440b-a58b-4e9e16c4cf0f,askacademia_train,losing_improve_gpt5nano,4,"4

This is a"
9d4841c7-b34c-440b-a58b-4e9e16c4cf0f,askacademia_train,losing_improve_llama,2,"2

This comment appears"
9d4841c7-b34c-440b-a58b-4e9e16c4cf0f,askacademia_train,losing_improve_mistral,3,"3

This comment provides"
9d4841c7-b34c-440b-a58b-4e9e16c4cf0f,askacademia_train,losing_improve_qwen,2,"2

This comment appears"
9d4841c7-b34c-440b-a58b-4e9e16c4cf0f,askacademia_train,losing_paraphrase_claude,2,"2

This comment provides"
9d4841c7-b34c-440b-a58b-4e9e16c4cf0f,askacademia_train,losing_paraphrase_gemini,3,"3

This comment addresses"
9d4841c7-b34c-440b-a58b-4e9e16c4cf0f,askacademia_train,losing_paraphrase_gpt4omini,2,"2

This comment provides"
9d4841c7-b34c-440b-a58b-4e9e16c4cf0f,askacademia_train,losing_paraphrase_gpt5nano,2,"2

This comment provides"
9d4841c7-b34c-440b-a58b-4e9e16c4cf0f,askacademia_train,losing_paraphrase_llama,2,"2

This comment provides"
9d4841c7-b34c-440b-a58b-4e9e16c4cf0f,askacademia_train,losing_paraphrase_mistral,2,"2

This comment provides"
9d4841c7-b34c-440b-a58b-4e9e16c4cf0f,askacademia_train,losing_paraphrase_qwen,2,"2

This comment provides"
8b63169c-2889-4c01-808c-4006b5c9c986,askacademia_train,winning_text,2,"2

This comment acknowled"
8b63169c-2889-4c01-808c-4006b5c9c986,askacademia_train,losing_text,2,"2

This comment provides"
8b63169c-2889-4c01-808c-4006b5c9c986,askacademia_train,losing_generate_claude,4,"4

This is a"
8b63169c-2889-4c01-808c-4006b5c9c986,askacademia_train,losing_generate_gemini,4,"4

This comment provides"
8b63169c-2889-4c01-808c-4006b5c9c986,askacademia_train,losing_generate_gpt4omini,1,"1

This comment fails"
8b63169c-2889-4c01-808c-4006b5c9c986,askacademia_train,losing_generate_gpt5nano,2,"2

This comment is"
8b63169c-2889-4c01-808c-4006b5c9c986,askacademia_train,losing_generate_llama,2,"2

This comment appears"
8b63169c-2889-4c01-808c-4006b5c9c986,askacademia_train,losing_generate_mistral,2,"2

The comment provides"
8b63169c-2889-4c01-808c-4006b5c9c986,askacademia_train,losing_generate_qwen,2,"2

The comment appears"
8b63169c-2889-4c01-808c-4006b5c9c986,askacademia_train,losing_improve_claude,4,"4

This is a"
8b63169c-2889-4c01-808c-4006b5c9c986,askacademia_train,losing_improve_gemini,4,"4

This is a"
8b63169c-2889-4c01-808c-4006b5c9c986,askacademia_train,losing_improve_gpt4omini,2,"2

This comment is"
8b63169c-2889-4c01-808c-4006b5c9c986,askacademia_train,losing_improve_gpt5nano,5,"5

This comment is"
8b63169c-2889-4c01-808c-4006b5c9c986,askacademia_train,losing_improve_llama,2,"2

This comment appears"
8b63169c-2889-4c01-808c-4006b5c9c986,askacademia_train,losing_improve_mistral,2,"2

This comment provides"
8b63169c-2889-4c01-808c-4006b5c9c986,askacademia_train,losing_improve_qwen,2,2
8b63169c-2889-4c01-808c-4006b5c9c986,askacademia_train,losing_paraphrase_claude,2,"2

This comment provides"
8b63169c-2889-4c01-808c-4006b5c9c986,askacademia_train,losing_paraphrase_gemini,3,3
8b63169c-2889-4c01-808c-4006b5c9c986,askacademia_train,losing_paraphrase_gpt4omini,2,"2

This comment provides"
8b63169c-2889-4c01-808c-4006b5c9c986,askacademia_train,losing_paraphrase_gpt5nano,3,3
8b63169c-2889-4c01-808c-4006b5c9c986,askacademia_train,losing_paraphrase_llama,2,"2

This comment provides"
8b63169c-2889-4c01-808c-4006b5c9c986,askacademia_train,losing_paraphrase_mistral,2,"2

This comment provides"
8b63169c-2889-4c01-808c-4006b5c9c986,askacademia_train,losing_paraphrase_qwen,2,"2

This comment provides"
4157e6b0-d32b-4b68-85dd-bf06cb8df1ca,askacademia_train,winning_text,3,"3

The comment provides"
4157e6b0-d32b-4b68-85dd-bf06cb8df1ca,askacademia_train,losing_text,4,"4

This comment serves"
4157e6b0-d32b-4b68-85dd-bf06cb8df1ca,askacademia_train,losing_generate_claude,4,"4

This is a"
4157e6b0-d32b-4b68-85dd-bf06cb8df1ca,askacademia_train,losing_generate_gemini,4,"4

This is a"
4157e6b0-d32b-4b68-85dd-bf06cb8df1ca,askacademia_train,losing_generate_gpt4omini,1,"1

This comment fails"
4157e6b0-d32b-4b68-85dd-bf06cb8df1ca,askacademia_train,losing_generate_gpt5nano,1,"1

This comment completely"
4157e6b0-d32b-4b68-85dd-bf06cb8df1ca,askacademia_train,losing_generate_llama,2,"2

This comment appears"
4157e6b0-d32b-4b68-85dd-bf06cb8df1ca,askacademia_train,losing_generate_mistral,2,"2

This comment provides"
4157e6b0-d32b-4b68-85dd-bf06cb8df1ca,askacademia_train,losing_generate_qwen,2,"2

This comment appears"
4157e6b0-d32b-4b68-85dd-bf06cb8df1ca,askacademia_train,losing_improve_claude,5,"5

This comment is"
4157e6b0-d32b-4b68-85dd-bf06cb8df1ca,askacademia_train,losing_improve_gemini,4,"4

This is a"
4157e6b0-d32b-4b68-85dd-bf06cb8df1ca,askacademia_train,losing_improve_gpt4omini,4,"4

This comment serves"
4157e6b0-d32b-4b68-85dd-bf06cb8df1ca,askacademia_train,losing_improve_gpt5nano,4,"4

This is a"
4157e6b0-d32b-4b68-85dd-bf06cb8df1ca,askacademia_train,losing_improve_llama,2,"2

This comment shares"
4157e6b0-d32b-4b68-85dd-bf06cb8df1ca,askacademia_train,losing_improve_mistral,4,"4

This comment serves"
4157e6b0-d32b-4b68-85dd-bf06cb8df1ca,askacademia_train,losing_improve_qwen,2,"2

This comment appears"
4157e6b0-d32b-4b68-85dd-bf06cb8df1ca,askacademia_train,losing_paraphrase_claude,4,"4

This comment serves"
4157e6b0-d32b-4b68-85dd-bf06cb8df1ca,askacademia_train,losing_paraphrase_gemini,2,"2

The comment is"
4157e6b0-d32b-4b68-85dd-bf06cb8df1ca,askacademia_train,losing_paraphrase_gpt4omini,3,"3

This comment provides"
4157e6b0-d32b-4b68-85dd-bf06cb8df1ca,askacademia_train,losing_paraphrase_gpt5nano,4,"4

This comment provides"
4157e6b0-d32b-4b68-85dd-bf06cb8df1ca,askacademia_train,losing_paraphrase_llama,2,"2

This comment provides"
4157e6b0-d32b-4b68-85dd-bf06cb8df1ca,askacademia_train,losing_paraphrase_mistral,3,"3

This comment provides"
4157e6b0-d32b-4b68-85dd-bf06cb8df1ca,askacademia_train,losing_paraphrase_qwen,2,"2

This comment provides"
60ab52b3-4696-484b-9631-a3053571b485,askacademia_train,winning_text,4,"4

This comment serves"
60ab52b3-4696-484b-9631-a3053571b485,askacademia_train,losing_text,4,"4

This comment serves"
60ab52b3-4696-484b-9631-a3053571b485,askacademia_train,losing_generate_claude,4,"4

This is a"
60ab52b3-4696-484b-9631-a3053571b485,askacademia_train,losing_generate_gemini,4,"4

This comment provides"
60ab52b3-4696-484b-9631-a3053571b485,askacademia_train,losing_generate_gpt4omini,2,"2

This comment provides"
60ab52b3-4696-484b-9631-a3053571b485,askacademia_train,losing_generate_gpt5nano,3,"3

This comment provides"
60ab52b3-4696-484b-9631-a3053571b485,askacademia_train,losing_generate_llama,2,"2

This comment appears"
60ab52b3-4696-484b-9631-a3053571b485,askacademia_train,losing_generate_mistral,2,"2

This comment provides"
60ab52b3-4696-484b-9631-a3053571b485,askacademia_train,losing_generate_qwen,2,"2

The comment appears"
60ab52b3-4696-484b-9631-a3053571b485,askacademia_train,losing_improve_claude,3,"3

This meta-"
60ab52b3-4696-484b-9631-a3053571b485,askacademia_train,losing_improve_gemini,4,"4

This is a"
60ab52b3-4696-484b-9631-a3053571b485,askacademia_train,losing_improve_gpt4omini,4,"4

This comment serves"
60ab52b3-4696-484b-9631-a3053571b485,askacademia_train,losing_improve_gpt5nano,4,"4

This is a"
60ab52b3-4696-484b-9631-a3053571b485,askacademia_train,losing_improve_llama,2,"2

This comment shares"
60ab52b3-4696-484b-9631-a3053571b485,askacademia_train,losing_improve_mistral,4,"4

This is a"
60ab52b3-4696-484b-9631-a3053571b485,askacademia_train,losing_improve_qwen,2,"2

This comment appears"
60ab52b3-4696-484b-9631-a3053571b485,askacademia_train,losing_paraphrase_claude,4,"4

This comment serves"
60ab52b3-4696-484b-9631-a3053571b485,askacademia_train,losing_paraphrase_gemini,2,"2

This comment references"
60ab52b3-4696-484b-9631-a3053571b485,askacademia_train,losing_paraphrase_gpt4omini,3,"3

This comment provides"
60ab52b3-4696-484b-9631-a3053571b485,askacademia_train,losing_paraphrase_gpt5nano,4,"4

This comment serves"
60ab52b3-4696-484b-9631-a3053571b485,askacademia_train,losing_paraphrase_llama,2,"2

This comment provides"
60ab52b3-4696-484b-9631-a3053571b485,askacademia_train,losing_paraphrase_mistral,3,"3

This comment provides"
60ab52b3-4696-484b-9631-a3053571b485,askacademia_train,losing_paraphrase_qwen,4,"4

This comment serves"
78de6c8e-e14c-40ab-a98c-f93257b8d459,askacademia_train,winning_text,3,"3

The comment asks"
78de6c8e-e14c-40ab-a98c-f93257b8d459,askacademia_train,losing_text,4,"4

This comment serves"
78de6c8e-e14c-40ab-a98c-f93257b8d459,askacademia_train,losing_generate_claude,4,"4

This is a"
78de6c8e-e14c-40ab-a98c-f93257b8d459,askacademia_train,losing_generate_gemini,4,"4

This comment provides"
78de6c8e-e14c-40ab-a98c-f93257b8d459,askacademia_train,losing_generate_gpt4omini,1,"1

This comment fails"
78de6c8e-e14c-40ab-a98c-f93257b8d459,askacademia_train,losing_generate_gpt5nano,2,"2

The comment fundament"
78de6c8e-e14c-40ab-a98c-f93257b8d459,askacademia_train,losing_generate_llama,1,"1

This comment is"
78de6c8e-e14c-40ab-a98c-f93257b8d459,askacademia_train,losing_generate_mistral,2,"2

This comment provides"
78de6c8e-e14c-40ab-a98c-f93257b8d459,askacademia_train,losing_generate_qwen,2,"2

The comment appears"
78de6c8e-e14c-40ab-a98c-f93257b8d459,askacademia_train,losing_improve_claude,2,"2

This comment appears"
78de6c8e-e14c-40ab-a98c-f93257b8d459,askacademia_train,losing_improve_gemini,4,"4

This is a"
78de6c8e-e14c-40ab-a98c-f93257b8d459,askacademia_train,losing_improve_gpt4omini,4,"4

This comment serves"
78de6c8e-e14c-40ab-a98c-f93257b8d459,askacademia_train,losing_improve_gpt5nano,4,"4

This is a"
78de6c8e-e14c-40ab-a98c-f93257b8d459,askacademia_train,losing_improve_llama,2,"2

This comment shares"
78de6c8e-e14c-40ab-a98c-f93257b8d459,askacademia_train,losing_improve_mistral,4,"4

This comment serves"
78de6c8e-e14c-40ab-a98c-f93257b8d459,askacademia_train,losing_improve_qwen,2,"2

This comment appears"
78de6c8e-e14c-40ab-a98c-f93257b8d459,askacademia_train,losing_paraphrase_claude,4,"4

This comment serves"
78de6c8e-e14c-40ab-a98c-f93257b8d459,askacademia_train,losing_paraphrase_gemini,2,"2

This comment references"
78de6c8e-e14c-40ab-a98c-f93257b8d459,askacademia_train,losing_paraphrase_gpt4omini,4,"4

This is a"
78de6c8e-e14c-40ab-a98c-f93257b8d459,askacademia_train,losing_paraphrase_gpt5nano,4,"4

This is a"
78de6c8e-e14c-40ab-a98c-f93257b8d459,askacademia_train,losing_paraphrase_llama,2,"2

This comment provides"
78de6c8e-e14c-40ab-a98c-f93257b8d459,askacademia_train,losing_paraphrase_mistral,4,"4

This is a"
78de6c8e-e14c-40ab-a98c-f93257b8d459,askacademia_train,losing_paraphrase_qwen,4,"4

This comment serves"
a65f42a8-1bcd-4d32-b76b-9c460d0fba52,askacademia_train,winning_text,2,"2

This comment provides"
a65f42a8-1bcd-4d32-b76b-9c460d0fba52,askacademia_train,losing_text,4,"4

This comment serves"
a65f42a8-1bcd-4d32-b76b-9c460d0fba52,askacademia_train,losing_generate_claude,4,"4

This is a"
a65f42a8-1bcd-4d32-b76b-9c460d0fba52,askacademia_train,losing_generate_gemini,4,"4

This comment provides"
a65f42a8-1bcd-4d32-b76b-9c460d0fba52,askacademia_train,losing_generate_gpt4omini,1,"1

This comment fails"
a65f42a8-1bcd-4d32-b76b-9c460d0fba52,askacademia_train,losing_generate_gpt5nano,4,"4

This is a"
a65f42a8-1bcd-4d32-b76b-9c460d0fba52,askacademia_train,losing_generate_llama,1,"1

This comment fails"
a65f42a8-1bcd-4d32-b76b-9c460d0fba52,askacademia_train,losing_generate_mistral,2,"2

The comment provides"
a65f42a8-1bcd-4d32-b76b-9c460d0fba52,askacademia_train,losing_generate_qwen,2,"2

This comment appears"
a65f42a8-1bcd-4d32-b76b-9c460d0fba52,askacademia_train,losing_improve_claude,3,3
a65f42a8-1bcd-4d32-b76b-9c460d0fba52,askacademia_train,losing_improve_gemini,3,"3

This comment provides"
a65f42a8-1bcd-4d32-b76b-9c460d0fba52,askacademia_train,losing_improve_gpt4omini,4,"4

This comment serves"
a65f42a8-1bcd-4d32-b76b-9c460d0fba52,askacademia_train,losing_improve_gpt5nano,5,"5

This comment is"
a65f42a8-1bcd-4d32-b76b-9c460d0fba52,askacademia_train,losing_improve_llama,2,"2

This comment shares"
a65f42a8-1bcd-4d32-b76b-9c460d0fba52,askacademia_train,losing_improve_mistral,4,"4

This comment serves"
a65f42a8-1bcd-4d32-b76b-9c460d0fba52,askacademia_train,losing_improve_qwen,2,"2

This comment appears"
a65f42a8-1bcd-4d32-b76b-9c460d0fba52,askacademia_train,losing_paraphrase_claude,4,"4

This comment serves"
a65f42a8-1bcd-4d32-b76b-9c460d0fba52,askacademia_train,losing_paraphrase_gemini,2,"2

This comment provides"
a65f42a8-1bcd-4d32-b76b-9c460d0fba52,askacademia_train,losing_paraphrase_gpt4omini,4,"4

This is a"
a65f42a8-1bcd-4d32-b76b-9c460d0fba52,askacademia_train,losing_paraphrase_gpt5nano,4,"4

This comment serves"
a65f42a8-1bcd-4d32-b76b-9c460d0fba52,askacademia_train,losing_paraphrase_llama,2,"2

This comment provides"
a65f42a8-1bcd-4d32-b76b-9c460d0fba52,askacademia_train,losing_paraphrase_mistral,3,"3

This comment provides"
a65f42a8-1bcd-4d32-b76b-9c460d0fba52,askacademia_train,losing_paraphrase_qwen,4,"4

This comment serves"
d4ca9d10-da34-4f21-b1b8-84ce3728f1ba,askacademia_train,winning_text,3,"3

The comment asks"
d4ca9d10-da34-4f21-b1b8-84ce3728f1ba,askacademia_train,losing_text,4,"4

This comment serves"
d4ca9d10-da34-4f21-b1b8-84ce3728f1ba,askacademia_train,losing_generate_claude,1,"1

This comment is"
d4ca9d10-da34-4f21-b1b8-84ce3728f1ba,askacademia_train,losing_generate_gemini,4,"4

This comment provides"
d4ca9d10-da34-4f21-b1b8-84ce3728f1ba,askacademia_train,losing_generate_gpt4omini,2,"2

This comment provides"
d4ca9d10-da34-4f21-b1b8-84ce3728f1ba,askacademia_train,losing_generate_gpt5nano,1,"1

The comment completely"
d4ca9d10-da34-4f21-b1b8-84ce3728f1ba,askacademia_train,losing_generate_llama,2,"2

This comment appears"
d4ca9d10-da34-4f21-b1b8-84ce3728f1ba,askacademia_train,losing_generate_mistral,2,"2

The comment provides"
d4ca9d10-da34-4f21-b1b8-84ce3728f1ba,askacademia_train,losing_generate_qwen,2,"2

The comment appears"
d4ca9d10-da34-4f21-b1b8-84ce3728f1ba,askacademia_train,losing_improve_claude,4,"4

This is a"
d4ca9d10-da34-4f21-b1b8-84ce3728f1ba,askacademia_train,losing_improve_gemini,4,"4

This comment serves"
d4ca9d10-da34-4f21-b1b8-84ce3728f1ba,askacademia_train,losing_improve_gpt4omini,3,"3

This comment provides"
d4ca9d10-da34-4f21-b1b8-84ce3728f1ba,askacademia_train,losing_improve_gpt5nano,3,"3

This comment provides"
d4ca9d10-da34-4f21-b1b8-84ce3728f1ba,askacademia_train,losing_improve_llama,4,"4

This comment serves"
d4ca9d10-da34-4f21-b1b8-84ce3728f1ba,askacademia_train,losing_improve_mistral,2,"2

This comment provides"
d4ca9d10-da34-4f21-b1b8-84ce3728f1ba,askacademia_train,losing_improve_qwen,2,"2

This comment has"
d4ca9d10-da34-4f21-b1b8-84ce3728f1ba,askacademia_train,losing_paraphrase_claude,3,"3

This comment provides"
d4ca9d10-da34-4f21-b1b8-84ce3728f1ba,askacademia_train,losing_paraphrase_gemini,3,"3

This comment provides"
d4ca9d10-da34-4f21-b1b8-84ce3728f1ba,askacademia_train,losing_paraphrase_gpt4omini,3,"3

This comment provides"
d4ca9d10-da34-4f21-b1b8-84ce3728f1ba,askacademia_train,losing_paraphrase_gpt5nano,3,"3

This comment provides"
d4ca9d10-da34-4f21-b1b8-84ce3728f1ba,askacademia_train,losing_paraphrase_llama,3,3
d4ca9d10-da34-4f21-b1b8-84ce3728f1ba,askacademia_train,losing_paraphrase_mistral,3,"3

This comment provides"
d4ca9d10-da34-4f21-b1b8-84ce3728f1ba,askacademia_train,losing_paraphrase_qwen,4,"4

This comment serves"
82833031-4563-42a0-8c0a-25b7ad02f6eb,askacademia_train,winning_text,2,"2

The comment is"
82833031-4563-42a0-8c0a-25b7ad02f6eb,askacademia_train,losing_text,2,"2

This comment provides"
82833031-4563-42a0-8c0a-25b7ad02f6eb,askacademia_train,losing_generate_claude,4,"4

This is a"
82833031-4563-42a0-8c0a-25b7ad02f6eb,askacademia_train,losing_generate_gemini,4,"4

This comment provides"
82833031-4563-42a0-8c0a-25b7ad02f6eb,askacademia_train,losing_generate_gpt4omini,1,"1

This comment fails"
82833031-4563-42a0-8c0a-25b7ad02f6eb,askacademia_train,losing_generate_gpt5nano,1,"1

This comment completely"
82833031-4563-42a0-8c0a-25b7ad02f6eb,askacademia_train,losing_generate_llama,2,"2

This comment appears"
82833031-4563-42a0-8c0a-25b7ad02f6eb,askacademia_train,losing_generate_mistral,2,"2

The comment provides"
82833031-4563-42a0-8c0a-25b7ad02f6eb,askacademia_train,losing_generate_qwen,2,"2

The comment appears"
82833031-4563-42a0-8c0a-25b7ad02f6eb,askacademia_train,losing_improve_claude,3,"3

This comment provides"
82833031-4563-42a0-8c0a-25b7ad02f6eb,askacademia_train,losing_improve_gemini,2,"2

This comment provides"
82833031-4563-42a0-8c0a-25b7ad02f6eb,askacademia_train,losing_improve_gpt4omini,2,"2

The comment provides"
82833031-4563-42a0-8c0a-25b7ad02f6eb,askacademia_train,losing_improve_gpt5nano,4,"4

This comment deser"
82833031-4563-42a0-8c0a-25b7ad02f6eb,askacademia_train,losing_improve_llama,2,"2

This comment provides"
82833031-4563-42a0-8c0a-25b7ad02f6eb,askacademia_train,losing_improve_mistral,2,"2

This comment provides"
82833031-4563-42a0-8c0a-25b7ad02f6eb,askacademia_train,losing_improve_qwen,2,"2

This comment provides"
82833031-4563-42a0-8c0a-25b7ad02f6eb,askacademia_train,losing_paraphrase_claude,2,"2

This comment provides"
82833031-4563-42a0-8c0a-25b7ad02f6eb,askacademia_train,losing_paraphrase_gemini,3,"3

This comment provides"
82833031-4563-42a0-8c0a-25b7ad02f6eb,askacademia_train,losing_paraphrase_gpt4omini,2,"2

This comment provides"
82833031-4563-42a0-8c0a-25b7ad02f6eb,askacademia_train,losing_paraphrase_gpt5nano,2,"2

This comment provides"
82833031-4563-42a0-8c0a-25b7ad02f6eb,askacademia_train,losing_paraphrase_llama,2,"2

The comment provides"
82833031-4563-42a0-8c0a-25b7ad02f6eb,askacademia_train,losing_paraphrase_mistral,2,"2

The comment provides"
82833031-4563-42a0-8c0a-25b7ad02f6eb,askacademia_train,losing_paraphrase_qwen,3,"3

The comment provides"
59968d3e-fb37-45f6-8642-f62917e85b4a,askacademia_train,winning_text,3,"3

The comment asks"
59968d3e-fb37-45f6-8642-f62917e85b4a,askacademia_train,losing_text,2,"2

This comment provides"
59968d3e-fb37-45f6-8642-f62917e85b4a,askacademia_train,losing_generate_claude,1,1
59968d3e-fb37-45f6-8642-f62917e85b4a,askacademia_train,losing_generate_gemini,4,"4

This is a"
59968d3e-fb37-45f6-8642-f62917e85b4a,askacademia_train,losing_generate_gpt4omini,1,"1

This comment fails"
59968d3e-fb37-45f6-8642-f62917e85b4a,askacademia_train,losing_generate_gpt5nano,1,"1

This comment completely"
59968d3e-fb37-45f6-8642-f62917e85b4a,askacademia_train,losing_generate_llama,2,"2

This comment appears"
59968d3e-fb37-45f6-8642-f62917e85b4a,askacademia_train,losing_generate_mistral,2,"2

The comment provides"
59968d3e-fb37-45f6-8642-f62917e85b4a,askacademia_train,losing_generate_qwen,2,"2

The comment appears"
59968d3e-fb37-45f6-8642-f62917e85b4a,askacademia_train,losing_improve_claude,3,"3

This comment provides"
59968d3e-fb37-45f6-8642-f62917e85b4a,askacademia_train,losing_improve_gemini,4,"4

This is a"
59968d3e-fb37-45f6-8642-f62917e85b4a,askacademia_train,losing_improve_gpt4omini,2,"2

The comment provides"
59968d3e-fb37-45f6-8642-f62917e85b4a,askacademia_train,losing_improve_gpt5nano,2,"2

This comment provides"
59968d3e-fb37-45f6-8642-f62917e85b4a,askacademia_train,losing_improve_llama,2,"2

The comment provides"
59968d3e-fb37-45f6-8642-f62917e85b4a,askacademia_train,losing_improve_mistral,2,"2

This comment provides"
59968d3e-fb37-45f6-8642-f62917e85b4a,askacademia_train,losing_improve_qwen,2,"2

This comment provides"
59968d3e-fb37-45f6-8642-f62917e85b4a,askacademia_train,losing_paraphrase_claude,2,"2

This comment provides"
59968d3e-fb37-45f6-8642-f62917e85b4a,askacademia_train,losing_paraphrase_gemini,3,"3

This comment provides"
59968d3e-fb37-45f6-8642-f62917e85b4a,askacademia_train,losing_paraphrase_gpt4omini,2,"2

This comment provides"
59968d3e-fb37-45f6-8642-f62917e85b4a,askacademia_train,losing_paraphrase_gpt5nano,2,"2

The comment provides"
59968d3e-fb37-45f6-8642-f62917e85b4a,askacademia_train,losing_paraphrase_llama,2,"2

The comment provides"
59968d3e-fb37-45f6-8642-f62917e85b4a,askacademia_train,losing_paraphrase_mistral,2,"2

The comment provides"
59968d3e-fb37-45f6-8642-f62917e85b4a,askacademia_train,losing_paraphrase_qwen,3,"3

The comment provides"
87b000ee-07bd-42ea-9133-5eb3a4f3ab15,askacademia_train,winning_text,2,"2

This comment provides"
87b000ee-07bd-42ea-9133-5eb3a4f3ab15,askacademia_train,losing_text,2,"2

This comment provides"
87b000ee-07bd-42ea-9133-5eb3a4f3ab15,askacademia_train,losing_generate_claude,1,1
87b000ee-07bd-42ea-9133-5eb3a4f3ab15,askacademia_train,losing_generate_gemini,4,"4

This comment provides"
87b000ee-07bd-42ea-9133-5eb3a4f3ab15,askacademia_train,losing_generate_gpt4omini,1,"1

This comment fails"
87b000ee-07bd-42ea-9133-5eb3a4f3ab15,askacademia_train,losing_generate_gpt5nano,1,"1

This comment fails"
87b000ee-07bd-42ea-9133-5eb3a4f3ab15,askacademia_train,losing_generate_llama,2,"2

This comment appears"
87b000ee-07bd-42ea-9133-5eb3a4f3ab15,askacademia_train,losing_generate_mistral,2,"2

This comment provides"
87b000ee-07bd-42ea-9133-5eb3a4f3ab15,askacademia_train,losing_generate_qwen,2,"2

This comment appears"
87b000ee-07bd-42ea-9133-5eb3a4f3ab15,askacademia_train,losing_improve_claude,3,"3

This comment provides"
87b000ee-07bd-42ea-9133-5eb3a4f3ab15,askacademia_train,losing_improve_gemini,4,"4

This is a"
87b000ee-07bd-42ea-9133-5eb3a4f3ab15,askacademia_train,losing_improve_gpt4omini,2,"2

The comment provides"
87b000ee-07bd-42ea-9133-5eb3a4f3ab15,askacademia_train,losing_improve_gpt5nano,4,"4

This is a"
87b000ee-07bd-42ea-9133-5eb3a4f3ab15,askacademia_train,losing_improve_llama,2,"2

The comment provides"
87b000ee-07bd-42ea-9133-5eb3a4f3ab15,askacademia_train,losing_improve_mistral,2,"2

This comment provides"
87b000ee-07bd-42ea-9133-5eb3a4f3ab15,askacademia_train,losing_improve_qwen,2,"2

This comment provides"
87b000ee-07bd-42ea-9133-5eb3a4f3ab15,askacademia_train,losing_paraphrase_claude,3,"3

This comment provides"
87b000ee-07bd-42ea-9133-5eb3a4f3ab15,askacademia_train,losing_paraphrase_gemini,2,"2

This comment references"
87b000ee-07bd-42ea-9133-5eb3a4f3ab15,askacademia_train,losing_paraphrase_gpt4omini,2,"2

This comment provides"
87b000ee-07bd-42ea-9133-5eb3a4f3ab15,askacademia_train,losing_paraphrase_gpt5nano,2,"2

The comment provides"
87b000ee-07bd-42ea-9133-5eb3a4f3ab15,askacademia_train,losing_paraphrase_llama,2,"2

The comment provides"
87b000ee-07bd-42ea-9133-5eb3a4f3ab15,askacademia_train,losing_paraphrase_mistral,2,"2

The comment provides"
87b000ee-07bd-42ea-9133-5eb3a4f3ab15,askacademia_train,losing_paraphrase_qwen,3,"3

The comment provides"
e6460c9c-100d-4d0c-b437-7cfd2ccd795c,askacademia_train,winning_text,2,"2

This comment has"
e6460c9c-100d-4d0c-b437-7cfd2ccd795c,askacademia_train,losing_text,2,"2

This comment provides"
e6460c9c-100d-4d0c-b437-7cfd2ccd795c,askacademia_train,losing_generate_claude,3,"3

This comment provides"
e6460c9c-100d-4d0c-b437-7cfd2ccd795c,askacademia_train,losing_generate_gemini,4,"4

This is a"
e6460c9c-100d-4d0c-b437-7cfd2ccd795c,askacademia_train,losing_generate_gpt4omini,2,"2

This comment provides"
e6460c9c-100d-4d0c-b437-7cfd2ccd795c,askacademia_train,losing_generate_gpt5nano,2,"2

This comment appears"
e6460c9c-100d-4d0c-b437-7cfd2ccd795c,askacademia_train,losing_generate_llama,1,"1

This comment is"
e6460c9c-100d-4d0c-b437-7cfd2ccd795c,askacademia_train,losing_generate_mistral,2,"2

This comment reads"
e6460c9c-100d-4d0c-b437-7cfd2ccd795c,askacademia_train,losing_generate_qwen,2,"2

The comment appears"
e6460c9c-100d-4d0c-b437-7cfd2ccd795c,askacademia_train,losing_improve_claude,2,"2

This comment appears"
e6460c9c-100d-4d0c-b437-7cfd2ccd795c,askacademia_train,losing_improve_gemini,2,"2

This comment provides"
e6460c9c-100d-4d0c-b437-7cfd2ccd795c,askacademia_train,losing_improve_gpt4omini,2,"2

The comment provides"
e6460c9c-100d-4d0c-b437-7cfd2ccd795c,askacademia_train,losing_improve_gpt5nano,4,"4

This is a"
e6460c9c-100d-4d0c-b437-7cfd2ccd795c,askacademia_train,losing_improve_llama,2,"2

The comment provides"
e6460c9c-100d-4d0c-b437-7cfd2ccd795c,askacademia_train,losing_improve_mistral,2,"2

This comment provides"
e6460c9c-100d-4d0c-b437-7cfd2ccd795c,askacademia_train,losing_improve_qwen,2,"2

The comment provides"
e6460c9c-100d-4d0c-b437-7cfd2ccd795c,askacademia_train,losing_paraphrase_claude,2,"2

This comment provides"
e6460c9c-100d-4d0c-b437-7cfd2ccd795c,askacademia_train,losing_paraphrase_gemini,2,"2

This comment is"
e6460c9c-100d-4d0c-b437-7cfd2ccd795c,askacademia_train,losing_paraphrase_gpt4omini,2,"2

This comment provides"
e6460c9c-100d-4d0c-b437-7cfd2ccd795c,askacademia_train,losing_paraphrase_gpt5nano,2,"2

This comment provides"
e6460c9c-100d-4d0c-b437-7cfd2ccd795c,askacademia_train,losing_paraphrase_llama,2,"2

The comment provides"
e6460c9c-100d-4d0c-b437-7cfd2ccd795c,askacademia_train,losing_paraphrase_mistral,2,"2

The comment provides"
e6460c9c-100d-4d0c-b437-7cfd2ccd795c,askacademia_train,losing_paraphrase_qwen,3,"3

The comment provides"
9151740b-6736-40be-9da1-4c9915a710ea,askacademia_train,winning_text,2,"2

This comment is"
9151740b-6736-40be-9da1-4c9915a710ea,askacademia_train,losing_text,4,"4

This comment serves"
9151740b-6736-40be-9da1-4c9915a710ea,askacademia_train,losing_generate_claude,4,"4

This is a"
9151740b-6736-40be-9da1-4c9915a710ea,askacademia_train,losing_generate_gemini,4,"4

This comment provides"
9151740b-6736-40be-9da1-4c9915a710ea,askacademia_train,losing_generate_gpt4omini,1,"1

This comment fails"
9151740b-6736-40be-9da1-4c9915a710ea,askacademia_train,losing_generate_gpt5nano,2,"2

This comment provides"
9151740b-6736-40be-9da1-4c9915a710ea,askacademia_train,losing_generate_llama,2,"2

This comment appears"
9151740b-6736-40be-9da1-4c9915a710ea,askacademia_train,losing_generate_mistral,2,"2

This comment reads"
9151740b-6736-40be-9da1-4c9915a710ea,askacademia_train,losing_generate_qwen,2,"2

This comment appears"
9151740b-6736-40be-9da1-4c9915a710ea,askacademia_train,losing_improve_claude,4,"4

This comment provides"
9151740b-6736-40be-9da1-4c9915a710ea,askacademia_train,losing_improve_gemini,4,"4

This comment deser"
9151740b-6736-40be-9da1-4c9915a710ea,askacademia_train,losing_improve_gpt4omini,3,"3

This comment provides"
9151740b-6736-40be-9da1-4c9915a710ea,askacademia_train,losing_improve_gpt5nano,2,"2

This comment has"
9151740b-6736-40be-9da1-4c9915a710ea,askacademia_train,losing_improve_llama,2,"2

The comment provides"
9151740b-6736-40be-9da1-4c9915a710ea,askacademia_train,losing_improve_mistral,4,"4

This comment serves"
9151740b-6736-40be-9da1-4c9915a710ea,askacademia_train,losing_improve_qwen,2,"2

This comment appears"
9151740b-6736-40be-9da1-4c9915a710ea,askacademia_train,losing_paraphrase_claude,4,"4

This comment provides"
9151740b-6736-40be-9da1-4c9915a710ea,askacademia_train,losing_paraphrase_gemini,2,"2

This comment is"
9151740b-6736-40be-9da1-4c9915a710ea,askacademia_train,losing_paraphrase_gpt4omini,3,"3

This comment provides"
9151740b-6736-40be-9da1-4c9915a710ea,askacademia_train,losing_paraphrase_gpt5nano,2,"2

This comment has"
9151740b-6736-40be-9da1-4c9915a710ea,askacademia_train,losing_paraphrase_llama,3,"3

The comment provides"
9151740b-6736-40be-9da1-4c9915a710ea,askacademia_train,losing_paraphrase_mistral,4,"4

This comment serves"
9151740b-6736-40be-9da1-4c9915a710ea,askacademia_train,losing_paraphrase_qwen,4,"4

This comment serves"
dc8f888e-d18f-41e3-ba76-3935e377d9c1,askacademia_train,winning_text,4,"4

This is a"
dc8f888e-d18f-41e3-ba76-3935e377d9c1,askacademia_train,losing_text,4,"4

This comment serves"
dc8f888e-d18f-41e3-ba76-3935e377d9c1,askacademia_train,losing_generate_claude,4,"4

This is a"
dc8f888e-d18f-41e3-ba76-3935e377d9c1,askacademia_train,losing_generate_gemini,4,"4

This comment provides"
dc8f888e-d18f-41e3-ba76-3935e377d9c1,askacademia_train,losing_generate_gpt4omini,1,"1

This comment fails"
dc8f888e-d18f-41e3-ba76-3935e377d9c1,askacademia_train,losing_generate_gpt5nano,2,"2

This comment provides"
dc8f888e-d18f-41e3-ba76-3935e377d9c1,askacademia_train,losing_generate_llama,2,"2

This comment appears"
dc8f888e-d18f-41e3-ba76-3935e377d9c1,askacademia_train,losing_generate_mistral,2,"2

This comment reads"
dc8f888e-d18f-41e3-ba76-3935e377d9c1,askacademia_train,losing_generate_qwen,2,"2

The comment appears"
dc8f888e-d18f-41e3-ba76-3935e377d9c1,askacademia_train,losing_improve_claude,4,"4

This is a"
dc8f888e-d18f-41e3-ba76-3935e377d9c1,askacademia_train,losing_improve_gemini,3,"3

This comment provides"
dc8f888e-d18f-41e3-ba76-3935e377d9c1,askacademia_train,losing_improve_gpt4omini,3,"3

This comment provides"
dc8f888e-d18f-41e3-ba76-3935e377d9c1,askacademia_train,losing_improve_gpt5nano,3,"3

This comment provides"
dc8f888e-d18f-41e3-ba76-3935e377d9c1,askacademia_train,losing_improve_llama,2,"2

The comment provides"
dc8f888e-d18f-41e3-ba76-3935e377d9c1,askacademia_train,losing_improve_mistral,3,"3

This comment provides"
dc8f888e-d18f-41e3-ba76-3935e377d9c1,askacademia_train,losing_improve_qwen,2,"2

This comment appears"
dc8f888e-d18f-41e3-ba76-3935e377d9c1,askacademia_train,losing_paraphrase_claude,3,"3

This comment provides"
dc8f888e-d18f-41e3-ba76-3935e377d9c1,askacademia_train,losing_paraphrase_gemini,2,"2

This comment is"
dc8f888e-d18f-41e3-ba76-3935e377d9c1,askacademia_train,losing_paraphrase_gpt4omini,3,"3

This comment provides"
dc8f888e-d18f-41e3-ba76-3935e377d9c1,askacademia_train,losing_paraphrase_gpt5nano,4,"4

This comment provides"
dc8f888e-d18f-41e3-ba76-3935e377d9c1,askacademia_train,losing_paraphrase_llama,3,"3

The comment provides"
dc8f888e-d18f-41e3-ba76-3935e377d9c1,askacademia_train,losing_paraphrase_mistral,4,"4

This comment serves"
dc8f888e-d18f-41e3-ba76-3935e377d9c1,askacademia_train,losing_paraphrase_qwen,4,"4

This comment serves"
bf8c6f0c-db90-4930-bf49-ee4497e7213d,askacademia_train,winning_text,3,"3

The comment asks"
bf8c6f0c-db90-4930-bf49-ee4497e7213d,askacademia_train,losing_text,4,"4

This comment serves"
bf8c6f0c-db90-4930-bf49-ee4497e7213d,askacademia_train,losing_generate_claude,3,"3

This comment provides"
bf8c6f0c-db90-4930-bf49-ee4497e7213d,askacademia_train,losing_generate_gemini,4,"4

This is a"
bf8c6f0c-db90-4930-bf49-ee4497e7213d,askacademia_train,losing_generate_gpt4omini,1,"1

This comment fails"
bf8c6f0c-db90-4930-bf49-ee4497e7213d,askacademia_train,losing_generate_gpt5nano,1,"1

This comment completely"
bf8c6f0c-db90-4930-bf49-ee4497e7213d,askacademia_train,losing_generate_llama,2,"2

This comment appears"
bf8c6f0c-db90-4930-bf49-ee4497e7213d,askacademia_train,losing_generate_mistral,2,"2

This comment provides"
bf8c6f0c-db90-4930-bf49-ee4497e7213d,askacademia_train,losing_generate_qwen,2,"2

The comment appears"
bf8c6f0c-db90-4930-bf49-ee4497e7213d,askacademia_train,losing_improve_claude,3,3
bf8c6f0c-db90-4930-bf49-ee4497e7213d,askacademia_train,losing_improve_gemini,4,"4

This comment deser"
bf8c6f0c-db90-4930-bf49-ee4497e7213d,askacademia_train,losing_improve_gpt4omini,4,"4

This comment provides"
bf8c6f0c-db90-4930-bf49-ee4497e7213d,askacademia_train,losing_improve_gpt5nano,3,3
bf8c6f0c-db90-4930-bf49-ee4497e7213d,askacademia_train,losing_improve_llama,2,"2

The comment provides"
bf8c6f0c-db90-4930-bf49-ee4497e7213d,askacademia_train,losing_improve_mistral,2,"2

This comment has"
bf8c6f0c-db90-4930-bf49-ee4497e7213d,askacademia_train,losing_improve_qwen,2,"2

This comment appears"
bf8c6f0c-db90-4930-bf49-ee4497e7213d,askacademia_train,losing_paraphrase_claude,4,"4

This comment provides"
bf8c6f0c-db90-4930-bf49-ee4497e7213d,askacademia_train,losing_paraphrase_gemini,2,"2

This comment is"
bf8c6f0c-db90-4930-bf49-ee4497e7213d,askacademia_train,losing_paraphrase_gpt4omini,3,"3

This comment provides"
bf8c6f0c-db90-4930-bf49-ee4497e7213d,askacademia_train,losing_paraphrase_gpt5nano,4,"4

This comment provides"
bf8c6f0c-db90-4930-bf49-ee4497e7213d,askacademia_train,losing_paraphrase_llama,3,"3

The comment provides"
bf8c6f0c-db90-4930-bf49-ee4497e7213d,askacademia_train,losing_paraphrase_mistral,4,"4

This comment serves"
bf8c6f0c-db90-4930-bf49-ee4497e7213d,askacademia_train,losing_paraphrase_qwen,4,"4

This comment serves"
8238680b-c956-44c1-afc0-28e406bdf067,askacademia_train,winning_text,2,"2

This comment provides"
8238680b-c956-44c1-afc0-28e406bdf067,askacademia_train,losing_text,4,"4

This comment provides"
8238680b-c956-44c1-afc0-28e406bdf067,askacademia_train,losing_generate_claude,3,"3

This comment provides"
8238680b-c956-44c1-afc0-28e406bdf067,askacademia_train,losing_generate_gemini,1,"1

This comment does"
8238680b-c956-44c1-afc0-28e406bdf067,askacademia_train,losing_generate_gpt4omini,1,"1

This comment fails"
8238680b-c956-44c1-afc0-28e406bdf067,askacademia_train,losing_generate_gpt5nano,2,"2

This comment mis"
8238680b-c956-44c1-afc0-28e406bdf067,askacademia_train,losing_generate_llama,2,"2

This comment appears"
8238680b-c956-44c1-afc0-28e406bdf067,askacademia_train,losing_generate_mistral,2,"2

The comment provides"
8238680b-c956-44c1-afc0-28e406bdf067,askacademia_train,losing_generate_qwen,2,"2

The comment appears"
8238680b-c956-44c1-afc0-28e406bdf067,askacademia_train,losing_improve_claude,3,3
8238680b-c956-44c1-afc0-28e406bdf067,askacademia_train,losing_improve_gemini,3,3
8238680b-c956-44c1-afc0-28e406bdf067,askacademia_train,losing_improve_gpt4omini,3,"3

This comment provides"
8238680b-c956-44c1-afc0-28e406bdf067,askacademia_train,losing_improve_gpt5nano,4,"4

This is a"
8238680b-c956-44c1-afc0-28e406bdf067,askacademia_train,losing_improve_llama,2,"2

The comment provides"
8238680b-c956-44c1-afc0-28e406bdf067,askacademia_train,losing_improve_mistral,3,"3

This comment provides"
8238680b-c956-44c1-afc0-28e406bdf067,askacademia_train,losing_improve_qwen,2,"2

This comment appears"
8238680b-c956-44c1-afc0-28e406bdf067,askacademia_train,losing_paraphrase_claude,3,"3

This comment provides"
8238680b-c956-44c1-afc0-28e406bdf067,askacademia_train,losing_paraphrase_gemini,2,"2

This comment is"
8238680b-c956-44c1-afc0-28e406bdf067,askacademia_train,losing_paraphrase_gpt4omini,3,"3

This comment provides"
8238680b-c956-44c1-afc0-28e406bdf067,askacademia_train,losing_paraphrase_gpt5nano,4,"4

This comment provides"
8238680b-c956-44c1-afc0-28e406bdf067,askacademia_train,losing_paraphrase_llama,3,"3

The comment provides"
8238680b-c956-44c1-afc0-28e406bdf067,askacademia_train,losing_paraphrase_mistral,4,"4

This comment serves"
8238680b-c956-44c1-afc0-28e406bdf067,askacademia_train,losing_paraphrase_qwen,4,"4

This comment provides"
f728b435-8868-488c-8929-eec0de38aaf8,askacademia_train,winning_text,2,"2

This comment has"
f728b435-8868-488c-8929-eec0de38aaf8,askacademia_train,losing_text,4,"4

This comment serves"
f728b435-8868-488c-8929-eec0de38aaf8,askacademia_train,losing_generate_claude,4,"4

This is a"
f728b435-8868-488c-8929-eec0de38aaf8,askacademia_train,losing_generate_gemini,4,"4

This is a"
f728b435-8868-488c-8929-eec0de38aaf8,askacademia_train,losing_generate_gpt4omini,1,"1

This comment fails"
f728b435-8868-488c-8929-eec0de38aaf8,askacademia_train,losing_generate_gpt5nano,5,"5

This comment deser"
f728b435-8868-488c-8929-eec0de38aaf8,askacademia_train,losing_generate_llama,2,"2

This comment appears"
f728b435-8868-488c-8929-eec0de38aaf8,askacademia_train,losing_generate_mistral,2,"2

The comment provides"
f728b435-8868-488c-8929-eec0de38aaf8,askacademia_train,losing_generate_qwen,2,"2

The comment appears"
f728b435-8868-488c-8929-eec0de38aaf8,askacademia_train,losing_improve_claude,4,"4

This comment serves"
f728b435-8868-488c-8929-eec0de38aaf8,askacademia_train,losing_improve_gemini,3,3
f728b435-8868-488c-8929-eec0de38aaf8,askacademia_train,losing_improve_gpt4omini,2,"2

This comment appears"
f728b435-8868-488c-8929-eec0de38aaf8,askacademia_train,losing_improve_gpt5nano,4,"4

This comment deser"
f728b435-8868-488c-8929-eec0de38aaf8,askacademia_train,losing_improve_llama,2,"2

The comment provides"
f728b435-8868-488c-8929-eec0de38aaf8,askacademia_train,losing_improve_mistral,2,"2

This comment has"
f728b435-8868-488c-8929-eec0de38aaf8,askacademia_train,losing_improve_qwen,2,"2

This comment appears"
f728b435-8868-488c-8929-eec0de38aaf8,askacademia_train,losing_paraphrase_claude,3,"3

This comment provides"
f728b435-8868-488c-8929-eec0de38aaf8,askacademia_train,losing_paraphrase_gemini,2,"2

This is a"
f728b435-8868-488c-8929-eec0de38aaf8,askacademia_train,losing_paraphrase_gpt4omini,3,"3

This comment provides"
f728b435-8868-488c-8929-eec0de38aaf8,askacademia_train,losing_paraphrase_gpt5nano,3,"3

This comment provides"
f728b435-8868-488c-8929-eec0de38aaf8,askacademia_train,losing_paraphrase_llama,3,"3

The comment provides"
f728b435-8868-488c-8929-eec0de38aaf8,askacademia_train,losing_paraphrase_mistral,4,"4

This comment serves"
f728b435-8868-488c-8929-eec0de38aaf8,askacademia_train,losing_paraphrase_qwen,4,"4

This comment serves"
43dba9c4-5d97-4f57-a5f6-012a2f0ac91a,askacademia_train,winning_text,2,"2

This comment is"
43dba9c4-5d97-4f57-a5f6-012a2f0ac91a,askacademia_train,losing_text,4,"4

This is a"
43dba9c4-5d97-4f57-a5f6-012a2f0ac91a,askacademia_train,losing_generate_claude,3,"3

This comment provides"
43dba9c4-5d97-4f57-a5f6-012a2f0ac91a,askacademia_train,losing_generate_gemini,4,"4

This comment provides"
43dba9c4-5d97-4f57-a5f6-012a2f0ac91a,askacademia_train,losing_generate_gpt4omini,2,"2

This comment provides"
43dba9c4-5d97-4f57-a5f6-012a2f0ac91a,askacademia_train,losing_generate_gpt5nano,2,"2

This comment appears"
43dba9c4-5d97-4f57-a5f6-012a2f0ac91a,askacademia_train,losing_generate_llama,2,"2

This comment appears"
43dba9c4-5d97-4f57-a5f6-012a2f0ac91a,askacademia_train,losing_generate_mistral,2,"2

The comment provides"
43dba9c4-5d97-4f57-a5f6-012a2f0ac91a,askacademia_train,losing_generate_qwen,2,"2

This comment appears"
43dba9c4-5d97-4f57-a5f6-012a2f0ac91a,askacademia_train,losing_improve_claude,1,"1

This comment appears"
43dba9c4-5d97-4f57-a5f6-012a2f0ac91a,askacademia_train,losing_improve_gemini,4,4
43dba9c4-5d97-4f57-a5f6-012a2f0ac91a,askacademia_train,losing_improve_gpt4omini,2,"2

This comment provides"
43dba9c4-5d97-4f57-a5f6-012a2f0ac91a,askacademia_train,losing_improve_gpt5nano,4,"4

This is a"
43dba9c4-5d97-4f57-a5f6-012a2f0ac91a,askacademia_train,losing_improve_llama,2,"2

This comment appears"
43dba9c4-5d97-4f57-a5f6-012a2f0ac91a,askacademia_train,losing_improve_mistral,2,"2

This comment provides"
43dba9c4-5d97-4f57-a5f6-012a2f0ac91a,askacademia_train,losing_improve_qwen,2,"2

This comment provides"
43dba9c4-5d97-4f57-a5f6-012a2f0ac91a,askacademia_train,losing_paraphrase_claude,4,"4

This is a"
43dba9c4-5d97-4f57-a5f6-012a2f0ac91a,askacademia_train,losing_paraphrase_gemini,2,"2

The comment is"
43dba9c4-5d97-4f57-a5f6-012a2f0ac91a,askacademia_train,losing_paraphrase_gpt4omini,3,"3

This comment provides"
43dba9c4-5d97-4f57-a5f6-012a2f0ac91a,askacademia_train,losing_paraphrase_gpt5nano,3,"3

This comment provides"
43dba9c4-5d97-4f57-a5f6-012a2f0ac91a,askacademia_train,losing_paraphrase_llama,4,"4

This is a"
43dba9c4-5d97-4f57-a5f6-012a2f0ac91a,askacademia_train,losing_paraphrase_mistral,3,"3

This comment provides"
43dba9c4-5d97-4f57-a5f6-012a2f0ac91a,askacademia_train,losing_paraphrase_qwen,2,"2

This comment provides"
b2f6dc5b-8064-4f89-881e-dc49a70488ab,askacademia_train,winning_text,3,"3

The comment asks"
b2f6dc5b-8064-4f89-881e-dc49a70488ab,askacademia_train,losing_text,2,"2

The comment is"
b2f6dc5b-8064-4f89-881e-dc49a70488ab,askacademia_train,losing_generate_claude,5,"5

This comment is"
b2f6dc5b-8064-4f89-881e-dc49a70488ab,askacademia_train,losing_generate_gemini,4,"4

This comment provides"
b2f6dc5b-8064-4f89-881e-dc49a70488ab,askacademia_train,losing_generate_gpt4omini,1,"1

This comment fails"
b2f6dc5b-8064-4f89-881e-dc49a70488ab,askacademia_train,losing_generate_gpt5nano,2,"2

This comment appears"
b2f6dc5b-8064-4f89-881e-dc49a70488ab,askacademia_train,losing_generate_llama,2,"2

This comment appears"
b2f6dc5b-8064-4f89-881e-dc49a70488ab,askacademia_train,losing_generate_mistral,2,"2

The comment provides"
b2f6dc5b-8064-4f89-881e-dc49a70488ab,askacademia_train,losing_generate_qwen,2,"2

The comment appears"
b2f6dc5b-8064-4f89-881e-dc49a70488ab,askacademia_train,losing_improve_claude,3,"3

This comment provides"
b2f6dc5b-8064-4f89-881e-dc49a70488ab,askacademia_train,losing_improve_gemini,2,"2

This comment does"
b2f6dc5b-8064-4f89-881e-dc49a70488ab,askacademia_train,losing_improve_gpt4omini,4,"4

This is a"
b2f6dc5b-8064-4f89-881e-dc49a70488ab,askacademia_train,losing_improve_gpt5nano,3,3
b2f6dc5b-8064-4f89-881e-dc49a70488ab,askacademia_train,losing_improve_llama,2,"2

This comment does"
b2f6dc5b-8064-4f89-881e-dc49a70488ab,askacademia_train,losing_improve_mistral,2,"2

This comment does"
b2f6dc5b-8064-4f89-881e-dc49a70488ab,askacademia_train,losing_improve_qwen,2,"2

This comment does"
b2f6dc5b-8064-4f89-881e-dc49a70488ab,askacademia_train,losing_paraphrase_claude,2,"2

This comment does"
b2f6dc5b-8064-4f89-881e-dc49a70488ab,askacademia_train,losing_paraphrase_gemini,2,"2

The comment is"
b2f6dc5b-8064-4f89-881e-dc49a70488ab,askacademia_train,losing_paraphrase_gpt4omini,AMBIG,I would rate this comment:
b2f6dc5b-8064-4f89-881e-dc49a70488ab,askacademia_train,losing_paraphrase_gpt5nano,2,"2

This comment does"
b2f6dc5b-8064-4f89-881e-dc49a70488ab,askacademia_train,losing_paraphrase_llama,3,"3

The comment appears"
b2f6dc5b-8064-4f89-881e-dc49a70488ab,askacademia_train,losing_paraphrase_mistral,2,"2

This comment does"
b2f6dc5b-8064-4f89-881e-dc49a70488ab,askacademia_train,losing_paraphrase_qwen,AMBIG,I need to evaluate how well
a94d0010-1f2b-4ec6-abf2-848480028d0f,askacademia_train,winning_text,2,"2

This comment provides"
a94d0010-1f2b-4ec6-abf2-848480028d0f,askacademia_train,losing_text,2,"2

The comment is"
a94d0010-1f2b-4ec6-abf2-848480028d0f,askacademia_train,losing_generate_claude,1,1
a94d0010-1f2b-4ec6-abf2-848480028d0f,askacademia_train,losing_generate_gemini,4,"4

This comment provides"
a94d0010-1f2b-4ec6-abf2-848480028d0f,askacademia_train,losing_generate_gpt4omini,1,"1

This comment deser"
a94d0010-1f2b-4ec6-abf2-848480028d0f,askacademia_train,losing_generate_gpt5nano,4,"4

This comment deser"
a94d0010-1f2b-4ec6-abf2-848480028d0f,askacademia_train,losing_generate_llama,2,"2

This comment appears"
a94d0010-1f2b-4ec6-abf2-848480028d0f,askacademia_train,losing_generate_mistral,2,"2

The comment provides"
a94d0010-1f2b-4ec6-abf2-848480028d0f,askacademia_train,losing_generate_qwen,2,"2

This comment appears"
a94d0010-1f2b-4ec6-abf2-848480028d0f,askacademia_train,losing_improve_claude,4,"4

This is a"
a94d0010-1f2b-4ec6-abf2-848480028d0f,askacademia_train,losing_improve_gemini,2,"2

This comment does"
a94d0010-1f2b-4ec6-abf2-848480028d0f,askacademia_train,losing_improve_gpt4omini,4,"4

This is a"
a94d0010-1f2b-4ec6-abf2-848480028d0f,askacademia_train,losing_improve_gpt5nano,2,"2

This comment appears"
a94d0010-1f2b-4ec6-abf2-848480028d0f,askacademia_train,losing_improve_llama,2,"2

This comment does"
a94d0010-1f2b-4ec6-abf2-848480028d0f,askacademia_train,losing_improve_mistral,AMBIG,I need to evaluate how well
a94d0010-1f2b-4ec6-abf2-848480028d0f,askacademia_train,losing_improve_qwen,2,"2

This comment does"
a94d0010-1f2b-4ec6-abf2-848480028d0f,askacademia_train,losing_paraphrase_claude,2,"2

This comment does"
a94d0010-1f2b-4ec6-abf2-848480028d0f,askacademia_train,losing_paraphrase_gemini,2,"2

The comment is"
a94d0010-1f2b-4ec6-abf2-848480028d0f,askacademia_train,losing_paraphrase_gpt4omini,2,"2

This comment reads"
a94d0010-1f2b-4ec6-abf2-848480028d0f,askacademia_train,losing_paraphrase_gpt5nano,2,"2

This comment does"
a94d0010-1f2b-4ec6-abf2-848480028d0f,askacademia_train,losing_paraphrase_llama,3,"3

The comment appears"
a94d0010-1f2b-4ec6-abf2-848480028d0f,askacademia_train,losing_paraphrase_mistral,2,"2

This comment does"
a94d0010-1f2b-4ec6-abf2-848480028d0f,askacademia_train,losing_paraphrase_qwen,2,"2

The comment does"
125f5814-a3da-42cf-a416-cfbeab02d3e3,askacademia_train,winning_text,4,"4

This is a"
125f5814-a3da-42cf-a416-cfbeab02d3e3,askacademia_train,losing_text,4,"4

This is a"
125f5814-a3da-42cf-a416-cfbeab02d3e3,askacademia_train,losing_generate_claude,4,"4

This is a"
125f5814-a3da-42cf-a416-cfbeab02d3e3,askacademia_train,losing_generate_gemini,4,"4

This comment provides"
125f5814-a3da-42cf-a416-cfbeab02d3e3,askacademia_train,losing_generate_gpt4omini,2,"2

This comment provides"
125f5814-a3da-42cf-a416-cfbeab02d3e3,askacademia_train,losing_generate_gpt5nano,3,"3

**Reasoning"
125f5814-a3da-42cf-a416-cfbeab02d3e3,askacademia_train,losing_generate_llama,2,"2

This comment appears"
125f5814-a3da-42cf-a416-cfbeab02d3e3,askacademia_train,losing_generate_mistral,2,"2

The comment provides"
125f5814-a3da-42cf-a416-cfbeab02d3e3,askacademia_train,losing_generate_qwen,2,"2

This comment appears"
125f5814-a3da-42cf-a416-cfbeab02d3e3,askacademia_train,losing_improve_claude,2,"2

This comment appears"
125f5814-a3da-42cf-a416-cfbeab02d3e3,askacademia_train,losing_improve_gemini,4,"4

This is a"
125f5814-a3da-42cf-a416-cfbeab02d3e3,askacademia_train,losing_improve_gpt4omini,4,"4

This comment serves"
125f5814-a3da-42cf-a416-cfbeab02d3e3,askacademia_train,losing_improve_gpt5nano,4,"4

This is a"
125f5814-a3da-42cf-a416-cfbeab02d3e3,askacademia_train,losing_improve_llama,2,"2

This comment appears"
125f5814-a3da-42cf-a416-cfbeab02d3e3,askacademia_train,losing_improve_mistral,2,"2

This comment provides"
125f5814-a3da-42cf-a416-cfbeab02d3e3,askacademia_train,losing_improve_qwen,2,"2

This comment provides"
125f5814-a3da-42cf-a416-cfbeab02d3e3,askacademia_train,losing_paraphrase_claude,4,"4

This is a"
125f5814-a3da-42cf-a416-cfbeab02d3e3,askacademia_train,losing_paraphrase_gemini,2,"2

The comment is"
125f5814-a3da-42cf-a416-cfbeab02d3e3,askacademia_train,losing_paraphrase_gpt4omini,2,"2

This comment provides"
125f5814-a3da-42cf-a416-cfbeab02d3e3,askacademia_train,losing_paraphrase_gpt5nano,3,"3

This comment provides"
125f5814-a3da-42cf-a416-cfbeab02d3e3,askacademia_train,losing_paraphrase_llama,4,"4

The comment provides"
125f5814-a3da-42cf-a416-cfbeab02d3e3,askacademia_train,losing_paraphrase_mistral,3,"3

This comment provides"
125f5814-a3da-42cf-a416-cfbeab02d3e3,askacademia_train,losing_paraphrase_qwen,2,"2

This comment provides"
adf8b4af-b128-4f39-800b-f0dacd8befb1,askacademia_train,winning_text,3,"3

The comment asks"
adf8b4af-b128-4f39-800b-f0dacd8befb1,askacademia_train,losing_text,4,"4

This is a"
adf8b4af-b128-4f39-800b-f0dacd8befb1,askacademia_train,losing_generate_claude,4,"4

This is a"
adf8b4af-b128-4f39-800b-f0dacd8befb1,askacademia_train,losing_generate_gemini,4,"4

This comment provides"
adf8b4af-b128-4f39-800b-f0dacd8befb1,askacademia_train,losing_generate_gpt4omini,1,"1

This comment fails"
adf8b4af-b128-4f39-800b-f0dacd8befb1,askacademia_train,losing_generate_gpt5nano,2,"2

This comment appears"
adf8b4af-b128-4f39-800b-f0dacd8befb1,askacademia_train,losing_generate_llama,2,"2

This comment appears"
adf8b4af-b128-4f39-800b-f0dacd8befb1,askacademia_train,losing_generate_mistral,2,"2

The comment provides"
adf8b4af-b128-4f39-800b-f0dacd8befb1,askacademia_train,losing_generate_qwen,2,"2

The comment appears"
adf8b4af-b128-4f39-800b-f0dacd8befb1,askacademia_train,losing_improve_claude,2,"2

This comment appears"
adf8b4af-b128-4f39-800b-f0dacd8befb1,askacademia_train,losing_improve_gemini,4,"4

This is a"
adf8b4af-b128-4f39-800b-f0dacd8befb1,askacademia_train,losing_improve_gpt4omini,2,"2

This comment provides"
adf8b4af-b128-4f39-800b-f0dacd8befb1,askacademia_train,losing_improve_gpt5nano,3,"3

This comment provides"
adf8b4af-b128-4f39-800b-f0dacd8befb1,askacademia_train,losing_improve_llama,2,"2

This comment appears"
adf8b4af-b128-4f39-800b-f0dacd8befb1,askacademia_train,losing_improve_mistral,2,"2

This comment provides"
adf8b4af-b128-4f39-800b-f0dacd8befb1,askacademia_train,losing_improve_qwen,2,"2

This comment provides"
adf8b4af-b128-4f39-800b-f0dacd8befb1,askacademia_train,losing_paraphrase_claude,4,"4

This is a"
adf8b4af-b128-4f39-800b-f0dacd8befb1,askacademia_train,losing_paraphrase_gemini,2,"2

This is a"
adf8b4af-b128-4f39-800b-f0dacd8befb1,askacademia_train,losing_paraphrase_gpt4omini,2,"2

This comment provides"
adf8b4af-b128-4f39-800b-f0dacd8befb1,askacademia_train,losing_paraphrase_gpt5nano,3,"3

The comment provides"
adf8b4af-b128-4f39-800b-f0dacd8befb1,askacademia_train,losing_paraphrase_llama,4,"4

The comment provides"
adf8b4af-b128-4f39-800b-f0dacd8befb1,askacademia_train,losing_paraphrase_mistral,3,"3

This comment provides"
adf8b4af-b128-4f39-800b-f0dacd8befb1,askacademia_train,losing_paraphrase_qwen,2,"2

This comment provides"
0a899356-df5d-4685-b9ec-436df6e82b95,askacademia_train,winning_text,2,"2

This comment provides"
0a899356-df5d-4685-b9ec-436df6e82b95,askacademia_train,losing_text,4,"4

This is a"
0a899356-df5d-4685-b9ec-436df6e82b95,askacademia_train,losing_generate_claude,3,"3

This comment provides"
0a899356-df5d-4685-b9ec-436df6e82b95,askacademia_train,losing_generate_gemini,4,"4

This comment provides"
0a899356-df5d-4685-b9ec-436df6e82b95,askacademia_train,losing_generate_gpt4omini,1,"1

This comment fails"
0a899356-df5d-4685-b9ec-436df6e82b95,askacademia_train,losing_generate_gpt5nano,2,"2

This comment provides"
0a899356-df5d-4685-b9ec-436df6e82b95,askacademia_train,losing_generate_llama,2,"2

This comment appears"
0a899356-df5d-4685-b9ec-436df6e82b95,askacademia_train,losing_generate_mistral,2,"2

This comment provides"
0a899356-df5d-4685-b9ec-436df6e82b95,askacademia_train,losing_generate_qwen,2,"2

The comment appears"
0a899356-df5d-4685-b9ec-436df6e82b95,askacademia_train,losing_improve_claude,2,"2

This comment appears"
0a899356-df5d-4685-b9ec-436df6e82b95,askacademia_train,losing_improve_gemini,4,"4

This is a"
0a899356-df5d-4685-b9ec-436df6e82b95,askacademia_train,losing_improve_gpt4omini,2,"2

This comment provides"
0a899356-df5d-4685-b9ec-436df6e82b95,askacademia_train,losing_improve_gpt5nano,4,"4

This is a"
0a899356-df5d-4685-b9ec-436df6e82b95,askacademia_train,losing_improve_llama,2,"2

This comment appears"
0a899356-df5d-4685-b9ec-436df6e82b95,askacademia_train,losing_improve_mistral,2,"2

This comment provides"
0a899356-df5d-4685-b9ec-436df6e82b95,askacademia_train,losing_improve_qwen,2,"2

This comment provides"
0a899356-df5d-4685-b9ec-436df6e82b95,askacademia_train,losing_paraphrase_claude,4,"4

This is a"
0a899356-df5d-4685-b9ec-436df6e82b95,askacademia_train,losing_paraphrase_gemini,2,"2

This comment provides"
0a899356-df5d-4685-b9ec-436df6e82b95,askacademia_train,losing_paraphrase_gpt4omini,2,"2

This comment provides"
0a899356-df5d-4685-b9ec-436df6e82b95,askacademia_train,losing_paraphrase_gpt5nano,3,"3

This comment provides"
0a899356-df5d-4685-b9ec-436df6e82b95,askacademia_train,losing_paraphrase_llama,4,"4

This is a"
0a899356-df5d-4685-b9ec-436df6e82b95,askacademia_train,losing_paraphrase_mistral,3,"3

This comment provides"
0a899356-df5d-4685-b9ec-436df6e82b95,askacademia_train,losing_paraphrase_qwen,2,"2

This comment provides"
e71c795b-f36d-4de7-a7ca-c03e8b78d594,askacademia_train,winning_text,2,"2

This comment has"
e71c795b-f36d-4de7-a7ca-c03e8b78d594,askacademia_train,losing_text,4,"4

This is a"
e71c795b-f36d-4de7-a7ca-c03e8b78d594,askacademia_train,losing_generate_claude,4,"4

This is a"
e71c795b-f36d-4de7-a7ca-c03e8b78d594,askacademia_train,losing_generate_gemini,4,"4

This comment provides"
e71c795b-f36d-4de7-a7ca-c03e8b78d594,askacademia_train,losing_generate_gpt4omini,1,"1

This comment fails"
e71c795b-f36d-4de7-a7ca-c03e8b78d594,askacademia_train,losing_generate_gpt5nano,2,"2

The comment appears"
e71c795b-f36d-4de7-a7ca-c03e8b78d594,askacademia_train,losing_generate_llama,2,"2

This comment appears"
e71c795b-f36d-4de7-a7ca-c03e8b78d594,askacademia_train,losing_generate_mistral,2,"2

This comment appears"
e71c795b-f36d-4de7-a7ca-c03e8b78d594,askacademia_train,losing_generate_qwen,2,"2

The comment appears"
e71c795b-f36d-4de7-a7ca-c03e8b78d594,askacademia_train,losing_improve_claude,2,"2

This comment appears"
e71c795b-f36d-4de7-a7ca-c03e8b78d594,askacademia_train,losing_improve_gemini,4,"4

This is a"
e71c795b-f36d-4de7-a7ca-c03e8b78d594,askacademia_train,losing_improve_gpt4omini,2,"2

This comment provides"
e71c795b-f36d-4de7-a7ca-c03e8b78d594,askacademia_train,losing_improve_gpt5nano,4,"4

This is a"
e71c795b-f36d-4de7-a7ca-c03e8b78d594,askacademia_train,losing_improve_llama,2,"2

This comment appears"
e71c795b-f36d-4de7-a7ca-c03e8b78d594,askacademia_train,losing_improve_mistral,2,"2

This comment provides"
e71c795b-f36d-4de7-a7ca-c03e8b78d594,askacademia_train,losing_improve_qwen,2,"2

This comment provides"
e71c795b-f36d-4de7-a7ca-c03e8b78d594,askacademia_train,losing_paraphrase_claude,4,"4

This is a"
e71c795b-f36d-4de7-a7ca-c03e8b78d594,askacademia_train,losing_paraphrase_gemini,2,"2

This comment provides"
e71c795b-f36d-4de7-a7ca-c03e8b78d594,askacademia_train,losing_paraphrase_gpt4omini,2,"2

This comment provides"
e71c795b-f36d-4de7-a7ca-c03e8b78d594,askacademia_train,losing_paraphrase_gpt5nano,3,"3

This comment provides"
e71c795b-f36d-4de7-a7ca-c03e8b78d594,askacademia_train,losing_paraphrase_llama,4,"4

This is a"
e71c795b-f36d-4de7-a7ca-c03e8b78d594,askacademia_train,losing_paraphrase_mistral,3,"3

This comment provides"
e71c795b-f36d-4de7-a7ca-c03e8b78d594,askacademia_train,losing_paraphrase_qwen,2,"2

This comment provides"
eb750120-bf5d-4b6d-90ad-7349feec9899,askacademia_train,winning_text,4,"4

This is a"
eb750120-bf5d-4b6d-90ad-7349feec9899,askacademia_train,losing_text,2,"2

This comment provides"
eb750120-bf5d-4b6d-90ad-7349feec9899,askacademia_train,losing_generate_claude,4,"4

This is a"
eb750120-bf5d-4b6d-90ad-7349feec9899,askacademia_train,losing_generate_gemini,4,"4

This is a"
eb750120-bf5d-4b6d-90ad-7349feec9899,askacademia_train,losing_generate_gpt4omini,2,"2

This comment provides"
eb750120-bf5d-4b6d-90ad-7349feec9899,askacademia_train,losing_generate_gpt5nano,4,"4

This is a"
eb750120-bf5d-4b6d-90ad-7349feec9899,askacademia_train,losing_generate_llama,2,"2

This comment appears"
eb750120-bf5d-4b6d-90ad-7349feec9899,askacademia_train,losing_generate_mistral,2,"2

The comment provides"
eb750120-bf5d-4b6d-90ad-7349feec9899,askacademia_train,losing_generate_qwen,2,"2

This comment appears"
eb750120-bf5d-4b6d-90ad-7349feec9899,askacademia_train,losing_improve_claude,3,"3

This meta-"
eb750120-bf5d-4b6d-90ad-7349feec9899,askacademia_train,losing_improve_gemini,4,"4

This comment provides"
eb750120-bf5d-4b6d-90ad-7349feec9899,askacademia_train,losing_improve_gpt4omini,3,"3

This comment provides"
eb750120-bf5d-4b6d-90ad-7349feec9899,askacademia_train,losing_improve_gpt5nano,5,"5

This comment deser"
eb750120-bf5d-4b6d-90ad-7349feec9899,askacademia_train,losing_improve_llama,2,"2

This comment provides"
eb750120-bf5d-4b6d-90ad-7349feec9899,askacademia_train,losing_improve_mistral,3,"3

This comment provides"
eb750120-bf5d-4b6d-90ad-7349feec9899,askacademia_train,losing_improve_qwen,2,"2

This comment provides"
eb750120-bf5d-4b6d-90ad-7349feec9899,askacademia_train,losing_paraphrase_claude,4,"4

This comment provides"
eb750120-bf5d-4b6d-90ad-7349feec9899,askacademia_train,losing_paraphrase_gemini,2,"2

This comment provides"
eb750120-bf5d-4b6d-90ad-7349feec9899,askacademia_train,losing_paraphrase_gpt4omini,3,"3

This comment provides"
eb750120-bf5d-4b6d-90ad-7349feec9899,askacademia_train,losing_paraphrase_gpt5nano,3,"3

This comment provides"
eb750120-bf5d-4b6d-90ad-7349feec9899,askacademia_train,losing_paraphrase_llama,AMBIG,I would rate this comment a
eb750120-bf5d-4b6d-90ad-7349feec9899,askacademia_train,losing_paraphrase_mistral,2,"2

This comment provides"
eb750120-bf5d-4b6d-90ad-7349feec9899,askacademia_train,losing_paraphrase_qwen,2,"2

This comment provides"
53c53304-2d42-4722-816f-634cf9e2e1fa,askacademia_train,winning_text,3,"3

The comment asks"
53c53304-2d42-4722-816f-634cf9e2e1fa,askacademia_train,losing_text,2,"2

This comment provides"
53c53304-2d42-4722-816f-634cf9e2e1fa,askacademia_train,losing_generate_claude,4,"4

This is a"
53c53304-2d42-4722-816f-634cf9e2e1fa,askacademia_train,losing_generate_gemini,4,"4

This comment provides"
53c53304-2d42-4722-816f-634cf9e2e1fa,askacademia_train,losing_generate_gpt4omini,1,"1

This comment fails"
53c53304-2d42-4722-816f-634cf9e2e1fa,askacademia_train,losing_generate_gpt5nano,2,"2

This comment appears"
53c53304-2d42-4722-816f-634cf9e2e1fa,askacademia_train,losing_generate_llama,2,"2

This comment appears"
53c53304-2d42-4722-816f-634cf9e2e1fa,askacademia_train,losing_generate_mistral,2,"2

The comment provides"
53c53304-2d42-4722-816f-634cf9e2e1fa,askacademia_train,losing_generate_qwen,2,"2

This comment appears"
53c53304-2d42-4722-816f-634cf9e2e1fa,askacademia_train,losing_improve_claude,4,4
53c53304-2d42-4722-816f-634cf9e2e1fa,askacademia_train,losing_improve_gemini,4,"4

This is a"
53c53304-2d42-4722-816f-634cf9e2e1fa,askacademia_train,losing_improve_gpt4omini,3,"3

This comment provides"
53c53304-2d42-4722-816f-634cf9e2e1fa,askacademia_train,losing_improve_gpt5nano,4,"4

This is a"
53c53304-2d42-4722-816f-634cf9e2e1fa,askacademia_train,losing_improve_llama,2,"2

This comment provides"
53c53304-2d42-4722-816f-634cf9e2e1fa,askacademia_train,losing_improve_mistral,2,"2

The comment provides"
53c53304-2d42-4722-816f-634cf9e2e1fa,askacademia_train,losing_improve_qwen,2,"2

This comment provides"
53c53304-2d42-4722-816f-634cf9e2e1fa,askacademia_train,losing_paraphrase_claude,4,"4

This comment provides"
53c53304-2d42-4722-816f-634cf9e2e1fa,askacademia_train,losing_paraphrase_gemini,2,"2

This comment is"
53c53304-2d42-4722-816f-634cf9e2e1fa,askacademia_train,losing_paraphrase_gpt4omini,3,"3

This comment provides"
53c53304-2d42-4722-816f-634cf9e2e1fa,askacademia_train,losing_paraphrase_gpt5nano,4,"4

This comment provides"
53c53304-2d42-4722-816f-634cf9e2e1fa,askacademia_train,losing_paraphrase_llama,AMBIG,I would rate this comment a
53c53304-2d42-4722-816f-634cf9e2e1fa,askacademia_train,losing_paraphrase_mistral,3,"3

This comment provides"
53c53304-2d42-4722-816f-634cf9e2e1fa,askacademia_train,losing_paraphrase_qwen,2,"2

This comment provides"
8bac78b4-6aa9-4396-bc10-21820cb76765,askacademia_train,winning_text,2,"2

This comment provides"
8bac78b4-6aa9-4396-bc10-21820cb76765,askacademia_train,losing_text,2,"2

This comment provides"
8bac78b4-6aa9-4396-bc10-21820cb76765,askacademia_train,losing_generate_claude,4,"4

This is a"
8bac78b4-6aa9-4396-bc10-21820cb76765,askacademia_train,losing_generate_gemini,4,"4

This comment provides"
8bac78b4-6aa9-4396-bc10-21820cb76765,askacademia_train,losing_generate_gpt4omini,1,"1

This comment fails"
8bac78b4-6aa9-4396-bc10-21820cb76765,askacademia_train,losing_generate_gpt5nano,1,"1

This comment completely"
8bac78b4-6aa9-4396-bc10-21820cb76765,askacademia_train,losing_generate_llama,2,"2

This comment appears"
8bac78b4-6aa9-4396-bc10-21820cb76765,askacademia_train,losing_generate_mistral,2,"2

The comment provides"
8bac78b4-6aa9-4396-bc10-21820cb76765,askacademia_train,losing_generate_qwen,2,"2

This comment appears"
8bac78b4-6aa9-4396-bc10-21820cb76765,askacademia_train,losing_improve_claude,3,3
8bac78b4-6aa9-4396-bc10-21820cb76765,askacademia_train,losing_improve_gemini,4,"4

This comment provides"
8bac78b4-6aa9-4396-bc10-21820cb76765,askacademia_train,losing_improve_gpt4omini,3,"3

This comment provides"
8bac78b4-6aa9-4396-bc10-21820cb76765,askacademia_train,losing_improve_gpt5nano,4,"4

This is a"
8bac78b4-6aa9-4396-bc10-21820cb76765,askacademia_train,losing_improve_llama,2,"2

This comment provides"
8bac78b4-6aa9-4396-bc10-21820cb76765,askacademia_train,losing_improve_mistral,4,"4

This comment provides"
8bac78b4-6aa9-4396-bc10-21820cb76765,askacademia_train,losing_improve_qwen,2,"2

This comment provides"
8bac78b4-6aa9-4396-bc10-21820cb76765,askacademia_train,losing_paraphrase_claude,2,"2

This comment provides"
8bac78b4-6aa9-4396-bc10-21820cb76765,askacademia_train,losing_paraphrase_gemini,2,"2

This comment is"
8bac78b4-6aa9-4396-bc10-21820cb76765,askacademia_train,losing_paraphrase_gpt4omini,3,"3

This comment provides"
8bac78b4-6aa9-4396-bc10-21820cb76765,askacademia_train,losing_paraphrase_gpt5nano,4,"4

This comment provides"
8bac78b4-6aa9-4396-bc10-21820cb76765,askacademia_train,losing_paraphrase_llama,2,"2

This comment provides"
8bac78b4-6aa9-4396-bc10-21820cb76765,askacademia_train,losing_paraphrase_mistral,2,"2

This comment provides"
8bac78b4-6aa9-4396-bc10-21820cb76765,askacademia_train,losing_paraphrase_qwen,2,"2

This comment provides"
d355d0c0-315b-47dc-8710-6797dfa968c6,askacademia_train,winning_text,2,"2

This comment has"
d355d0c0-315b-47dc-8710-6797dfa968c6,askacademia_train,losing_text,2,"2

This comment provides"
d355d0c0-315b-47dc-8710-6797dfa968c6,askacademia_train,losing_generate_claude,4,"4

This is a"
d355d0c0-315b-47dc-8710-6797dfa968c6,askacademia_train,losing_generate_gemini,4,"4

This is a"
d355d0c0-315b-47dc-8710-6797dfa968c6,askacademia_train,losing_generate_gpt4omini,2,"2

This comment provides"
d355d0c0-315b-47dc-8710-6797dfa968c6,askacademia_train,losing_generate_gpt5nano,1,"1

This comment completely"
d355d0c0-315b-47dc-8710-6797dfa968c6,askacademia_train,losing_generate_llama,2,"2

This comment appears"
d355d0c0-315b-47dc-8710-6797dfa968c6,askacademia_train,losing_generate_mistral,1,"1

This comment appears"
d355d0c0-315b-47dc-8710-6797dfa968c6,askacademia_train,losing_generate_qwen,2,"2

This comment appears"
d355d0c0-315b-47dc-8710-6797dfa968c6,askacademia_train,losing_improve_claude,3,"3

This meta-"
d355d0c0-315b-47dc-8710-6797dfa968c6,askacademia_train,losing_improve_gemini,4,"4

This is a"
d355d0c0-315b-47dc-8710-6797dfa968c6,askacademia_train,losing_improve_gpt4omini,4,"4

This comment serves"
d355d0c0-315b-47dc-8710-6797dfa968c6,askacademia_train,losing_improve_gpt5nano,4,"4

This comment deser"
d355d0c0-315b-47dc-8710-6797dfa968c6,askacademia_train,losing_improve_llama,2,"2

This comment provides"
d355d0c0-315b-47dc-8710-6797dfa968c6,askacademia_train,losing_improve_mistral,4,"4

This comment provides"
d355d0c0-315b-47dc-8710-6797dfa968c6,askacademia_train,losing_improve_qwen,2,"2

This comment provides"
d355d0c0-315b-47dc-8710-6797dfa968c6,askacademia_train,losing_paraphrase_claude,4,"4

This comment provides"
d355d0c0-315b-47dc-8710-6797dfa968c6,askacademia_train,losing_paraphrase_gemini,2,"2

This comment is"
d355d0c0-315b-47dc-8710-6797dfa968c6,askacademia_train,losing_paraphrase_gpt4omini,3,"3

This comment provides"
d355d0c0-315b-47dc-8710-6797dfa968c6,askacademia_train,losing_paraphrase_gpt5nano,3,"3

This comment provides"
d355d0c0-315b-47dc-8710-6797dfa968c6,askacademia_train,losing_paraphrase_llama,AMBIG,I would rate this comment a
d355d0c0-315b-47dc-8710-6797dfa968c6,askacademia_train,losing_paraphrase_mistral,2,"2

This comment provides"
d355d0c0-315b-47dc-8710-6797dfa968c6,askacademia_train,losing_paraphrase_qwen,2,"2

This comment provides"
8f5e20a5-b56e-4d75-a6f4-8230ff48d908,askacademia_train,winning_text,3,"3

The comment asks"
8f5e20a5-b56e-4d75-a6f4-8230ff48d908,askacademia_train,losing_text,4,"4

This is a"
8f5e20a5-b56e-4d75-a6f4-8230ff48d908,askacademia_train,losing_generate_claude,4,"4

This is a"
8f5e20a5-b56e-4d75-a6f4-8230ff48d908,askacademia_train,losing_generate_gemini,4,"4

This is a"
8f5e20a5-b56e-4d75-a6f4-8230ff48d908,askacademia_train,losing_generate_gpt4omini,1,"1

This comment fails"
8f5e20a5-b56e-4d75-a6f4-8230ff48d908,askacademia_train,losing_generate_gpt5nano,2,"2

This comment appears"
8f5e20a5-b56e-4d75-a6f4-8230ff48d908,askacademia_train,losing_generate_llama,2,"2

This comment appears"
8f5e20a5-b56e-4d75-a6f4-8230ff48d908,askacademia_train,losing_generate_mistral,2,"2

The comment provides"
8f5e20a5-b56e-4d75-a6f4-8230ff48d908,askacademia_train,losing_generate_qwen,2,"2

This comment appears"
8f5e20a5-b56e-4d75-a6f4-8230ff48d908,askacademia_train,losing_improve_claude,4,"4

This is a"
8f5e20a5-b56e-4d75-a6f4-8230ff48d908,askacademia_train,losing_improve_gemini,4,"4

This is a"
8f5e20a5-b56e-4d75-a6f4-8230ff48d908,askacademia_train,losing_improve_gpt4omini,4,"4

This comment provides"
8f5e20a5-b56e-4d75-a6f4-8230ff48d908,askacademia_train,losing_improve_gpt5nano,3,"3

This comment provides"
8f5e20a5-b56e-4d75-a6f4-8230ff48d908,askacademia_train,losing_improve_llama,3,"3

This comment provides"
8f5e20a5-b56e-4d75-a6f4-8230ff48d908,askacademia_train,losing_improve_mistral,4,"4

This comment provides"
8f5e20a5-b56e-4d75-a6f4-8230ff48d908,askacademia_train,losing_improve_qwen,3,3
8f5e20a5-b56e-4d75-a6f4-8230ff48d908,askacademia_train,losing_paraphrase_claude,4,"4

This comment provides"
8f5e20a5-b56e-4d75-a6f4-8230ff48d908,askacademia_train,losing_paraphrase_gemini,2,"2

This comment is"
8f5e20a5-b56e-4d75-a6f4-8230ff48d908,askacademia_train,losing_paraphrase_gpt4omini,4,"4

This is a"
8f5e20a5-b56e-4d75-a6f4-8230ff48d908,askacademia_train,losing_paraphrase_gpt5nano,4,"4

This is a"
8f5e20a5-b56e-4d75-a6f4-8230ff48d908,askacademia_train,losing_paraphrase_llama,2,"2

This comment provides"
8f5e20a5-b56e-4d75-a6f4-8230ff48d908,askacademia_train,losing_paraphrase_mistral,2,"2

The comment provides"
8f5e20a5-b56e-4d75-a6f4-8230ff48d908,askacademia_train,losing_paraphrase_qwen,4,4
45f0e9d0-08a6-4094-bc21-5f4201220253,askacademia_train,winning_text,2,"2

This comment provides"
45f0e9d0-08a6-4094-bc21-5f4201220253,askacademia_train,losing_text,4,"4

This is a"
45f0e9d0-08a6-4094-bc21-5f4201220253,askacademia_train,losing_generate_claude,4,"4

This is a"
45f0e9d0-08a6-4094-bc21-5f4201220253,askacademia_train,losing_generate_gemini,4,"4

This is a"
45f0e9d0-08a6-4094-bc21-5f4201220253,askacademia_train,losing_generate_gpt4omini,1,"1

This comment fails"
45f0e9d0-08a6-4094-bc21-5f4201220253,askacademia_train,losing_generate_gpt5nano,4,"4

This comment deser"
45f0e9d0-08a6-4094-bc21-5f4201220253,askacademia_train,losing_generate_llama,1,"1

This comment is"
45f0e9d0-08a6-4094-bc21-5f4201220253,askacademia_train,losing_generate_mistral,2,"2

The comment provides"
45f0e9d0-08a6-4094-bc21-5f4201220253,askacademia_train,losing_generate_qwen,2,"2

The comment appears"
45f0e9d0-08a6-4094-bc21-5f4201220253,askacademia_train,losing_improve_claude,4,"4

This comment provides"
45f0e9d0-08a6-4094-bc21-5f4201220253,askacademia_train,losing_improve_gemini,4,"4

This is a"
45f0e9d0-08a6-4094-bc21-5f4201220253,askacademia_train,losing_improve_gpt4omini,4,"4

This comment provides"
45f0e9d0-08a6-4094-bc21-5f4201220253,askacademia_train,losing_improve_gpt5nano,4,"4

This is a"
45f0e9d0-08a6-4094-bc21-5f4201220253,askacademia_train,losing_improve_llama,3,"3

This comment provides"
45f0e9d0-08a6-4094-bc21-5f4201220253,askacademia_train,losing_improve_mistral,4,"4

This comment provides"
45f0e9d0-08a6-4094-bc21-5f4201220253,askacademia_train,losing_improve_qwen,3,3
45f0e9d0-08a6-4094-bc21-5f4201220253,askacademia_train,losing_paraphrase_claude,4,"4

This comment provides"
45f0e9d0-08a6-4094-bc21-5f4201220253,askacademia_train,losing_paraphrase_gemini,3,3
45f0e9d0-08a6-4094-bc21-5f4201220253,askacademia_train,losing_paraphrase_gpt4omini,4,"4

This is a"
45f0e9d0-08a6-4094-bc21-5f4201220253,askacademia_train,losing_paraphrase_gpt5nano,4,"4

The comment provides"
45f0e9d0-08a6-4094-bc21-5f4201220253,askacademia_train,losing_paraphrase_llama,2,"2

This comment provides"
45f0e9d0-08a6-4094-bc21-5f4201220253,askacademia_train,losing_paraphrase_mistral,2,"2

The comment provides"
45f0e9d0-08a6-4094-bc21-5f4201220253,askacademia_train,losing_paraphrase_qwen,4,"4

This is a"
e0b7c93a-6f26-4456-91cd-e1ce7d0e3d8d,askacademia_train,winning_text,2,"2

This comment has"
e0b7c93a-6f26-4456-91cd-e1ce7d0e3d8d,askacademia_train,losing_text,4,"4

This is a"
e0b7c93a-6f26-4456-91cd-e1ce7d0e3d8d,askacademia_train,losing_generate_claude,4,"4

This is a"
e0b7c93a-6f26-4456-91cd-e1ce7d0e3d8d,askacademia_train,losing_generate_gemini,1,"1

This comment does"
e0b7c93a-6f26-4456-91cd-e1ce7d0e3d8d,askacademia_train,losing_generate_gpt4omini,2,"2

This comment provides"
e0b7c93a-6f26-4456-91cd-e1ce7d0e3d8d,askacademia_train,losing_generate_gpt5nano,2,"2

The comment fundament"
e0b7c93a-6f26-4456-91cd-e1ce7d0e3d8d,askacademia_train,losing_generate_llama,2,"2

This comment appears"
e0b7c93a-6f26-4456-91cd-e1ce7d0e3d8d,askacademia_train,losing_generate_mistral,2,"2

The comment provides"
e0b7c93a-6f26-4456-91cd-e1ce7d0e3d8d,askacademia_train,losing_generate_qwen,2,"2

The comment appears"
e0b7c93a-6f26-4456-91cd-e1ce7d0e3d8d,askacademia_train,losing_improve_claude,4,"4

This comment provides"
e0b7c93a-6f26-4456-91cd-e1ce7d0e3d8d,askacademia_train,losing_improve_gemini,4,"4

This is a"
e0b7c93a-6f26-4456-91cd-e1ce7d0e3d8d,askacademia_train,losing_improve_gpt4omini,4,"4

This is a"
e0b7c93a-6f26-4456-91cd-e1ce7d0e3d8d,askacademia_train,losing_improve_gpt5nano,4,"4

This is a"
e0b7c93a-6f26-4456-91cd-e1ce7d0e3d8d,askacademia_train,losing_improve_llama,3,"3

This comment provides"
e0b7c93a-6f26-4456-91cd-e1ce7d0e3d8d,askacademia_train,losing_improve_mistral,4,"4

This is a"
e0b7c93a-6f26-4456-91cd-e1ce7d0e3d8d,askacademia_train,losing_improve_qwen,3,3
e0b7c93a-6f26-4456-91cd-e1ce7d0e3d8d,askacademia_train,losing_paraphrase_claude,4,"4

This comment provides"
e0b7c93a-6f26-4456-91cd-e1ce7d0e3d8d,askacademia_train,losing_paraphrase_gemini,3,"3

The comment asks"
e0b7c93a-6f26-4456-91cd-e1ce7d0e3d8d,askacademia_train,losing_paraphrase_gpt4omini,4,"4

This is a"
e0b7c93a-6f26-4456-91cd-e1ce7d0e3d8d,askacademia_train,losing_paraphrase_gpt5nano,4,"4

This is a"
e0b7c93a-6f26-4456-91cd-e1ce7d0e3d8d,askacademia_train,losing_paraphrase_llama,2,"2

This comment provides"
e0b7c93a-6f26-4456-91cd-e1ce7d0e3d8d,askacademia_train,losing_paraphrase_mistral,2,"2

The comment provides"
e0b7c93a-6f26-4456-91cd-e1ce7d0e3d8d,askacademia_train,losing_paraphrase_qwen,4,"4

This is a"
387d70cf-d6df-4493-9dab-182e690ae7dd,askacademia_train,winning_text,3,"3

This comment provides"
387d70cf-d6df-4493-9dab-182e690ae7dd,askacademia_train,losing_text,2,"2

The comment suggests"
387d70cf-d6df-4493-9dab-182e690ae7dd,askacademia_train,losing_generate_claude,4,"4

This is a"
387d70cf-d6df-4493-9dab-182e690ae7dd,askacademia_train,losing_generate_gemini,4,"4

This is a"
387d70cf-d6df-4493-9dab-182e690ae7dd,askacademia_train,losing_generate_gpt4omini,1,"1

This comment fails"
387d70cf-d6df-4493-9dab-182e690ae7dd,askacademia_train,losing_generate_gpt5nano,2,"2

This comment provides"
387d70cf-d6df-4493-9dab-182e690ae7dd,askacademia_train,losing_generate_llama,2,"2

This comment appears"
387d70cf-d6df-4493-9dab-182e690ae7dd,askacademia_train,losing_generate_mistral,2,"2

The comment provides"
387d70cf-d6df-4493-9dab-182e690ae7dd,askacademia_train,losing_generate_qwen,2,"2

The comment appears"
387d70cf-d6df-4493-9dab-182e690ae7dd,askacademia_train,losing_improve_claude,3,3
387d70cf-d6df-4493-9dab-182e690ae7dd,askacademia_train,losing_improve_gemini,4,"4

This is a"
387d70cf-d6df-4493-9dab-182e690ae7dd,askacademia_train,losing_improve_gpt4omini,2,"2

The comment provides"
387d70cf-d6df-4493-9dab-182e690ae7dd,askacademia_train,losing_improve_gpt5nano,4,"4

This is a"
387d70cf-d6df-4493-9dab-182e690ae7dd,askacademia_train,losing_improve_llama,2,"2

This comment provides"
387d70cf-d6df-4493-9dab-182e690ae7dd,askacademia_train,losing_improve_mistral,2,"2

The comment provides"
387d70cf-d6df-4493-9dab-182e690ae7dd,askacademia_train,losing_improve_qwen,2,"2

The comment appears"
387d70cf-d6df-4493-9dab-182e690ae7dd,askacademia_train,losing_paraphrase_claude,2,"2

The comment provides"
387d70cf-d6df-4493-9dab-182e690ae7dd,askacademia_train,losing_paraphrase_gemini,2,"2

This comment is"
387d70cf-d6df-4493-9dab-182e690ae7dd,askacademia_train,losing_paraphrase_gpt4omini,2,"2

The comment suggests"
387d70cf-d6df-4493-9dab-182e690ae7dd,askacademia_train,losing_paraphrase_gpt5nano,2,"2

The comment suggests"
387d70cf-d6df-4493-9dab-182e690ae7dd,askacademia_train,losing_paraphrase_llama,2,"2

This comment provides"
387d70cf-d6df-4493-9dab-182e690ae7dd,askacademia_train,losing_paraphrase_mistral,2,"2

The comment suggests"
387d70cf-d6df-4493-9dab-182e690ae7dd,askacademia_train,losing_paraphrase_qwen,2,"2

The comment suggests"
a7c3c193-bf3c-4856-bef8-fdb5b01e3e85,askacademia_train,winning_text,3,"3

This comment provides"
a7c3c193-bf3c-4856-bef8-fdb5b01e3e85,askacademia_train,losing_text,AMBIG,I need to evaluate how well
a7c3c193-bf3c-4856-bef8-fdb5b01e3e85,askacademia_train,losing_generate_claude,4,"4

This is a"
a7c3c193-bf3c-4856-bef8-fdb5b01e3e85,askacademia_train,losing_generate_gemini,4,"4

This is a"
a7c3c193-bf3c-4856-bef8-fdb5b01e3e85,askacademia_train,losing_generate_gpt4omini,2,"2

This comment provides"
a7c3c193-bf3c-4856-bef8-fdb5b01e3e85,askacademia_train,losing_generate_gpt5nano,4,"4

This is a"
a7c3c193-bf3c-4856-bef8-fdb5b01e3e85,askacademia_train,losing_generate_llama,1,"1

This comment is"
a7c3c193-bf3c-4856-bef8-fdb5b01e3e85,askacademia_train,losing_generate_mistral,2,"2

The comment provides"
a7c3c193-bf3c-4856-bef8-fdb5b01e3e85,askacademia_train,losing_generate_qwen,2,"2

This comment appears"
a7c3c193-bf3c-4856-bef8-fdb5b01e3e85,askacademia_train,losing_improve_claude,2,"2

This comment appears"
a7c3c193-bf3c-4856-bef8-fdb5b01e3e85,askacademia_train,losing_improve_gemini,2,"2

This comment shares"
a7c3c193-bf3c-4856-bef8-fdb5b01e3e85,askacademia_train,losing_improve_gpt4omini,2,"2

This comment appears"
a7c3c193-bf3c-4856-bef8-fdb5b01e3e85,askacademia_train,losing_improve_gpt5nano,1,"1

This comment appears"
a7c3c193-bf3c-4856-bef8-fdb5b01e3e85,askacademia_train,losing_improve_llama,2,"2

This comment is"
a7c3c193-bf3c-4856-bef8-fdb5b01e3e85,askacademia_train,losing_improve_mistral,2,"2

This comment appears"
a7c3c193-bf3c-4856-bef8-fdb5b01e3e85,askacademia_train,losing_improve_qwen,2,"2

This comment appears"
a7c3c193-bf3c-4856-bef8-fdb5b01e3e85,askacademia_train,losing_paraphrase_claude,2,"2

This comment does"
a7c3c193-bf3c-4856-bef8-fdb5b01e3e85,askacademia_train,losing_paraphrase_gemini,2,"2

This comment is"
a7c3c193-bf3c-4856-bef8-fdb5b01e3e85,askacademia_train,losing_paraphrase_gpt4omini,AMBIG,I need to evaluate how well
a7c3c193-bf3c-4856-bef8-fdb5b01e3e85,askacademia_train,losing_paraphrase_gpt5nano,AMBIG,I need to evaluate how well
a7c3c193-bf3c-4856-bef8-fdb5b01e3e85,askacademia_train,losing_paraphrase_llama,2,"2

The comment discusses"
a7c3c193-bf3c-4856-bef8-fdb5b01e3e85,askacademia_train,losing_paraphrase_mistral,2,"2

This comment is"
a7c3c193-bf3c-4856-bef8-fdb5b01e3e85,askacademia_train,losing_paraphrase_qwen,2,"2

This comment appears"
08ac41ca-f430-44f8-bfda-0449527cdfc7,askacademia_train,winning_text,2,"2

The comment is"
08ac41ca-f430-44f8-bfda-0449527cdfc7,askacademia_train,losing_text,AMBIG,I need to evaluate how well
08ac41ca-f430-44f8-bfda-0449527cdfc7,askacademia_train,losing_generate_claude,4,"4

This is a"
08ac41ca-f430-44f8-bfda-0449527cdfc7,askacademia_train,losing_generate_gemini,4,"4

This comment provides"
08ac41ca-f430-44f8-bfda-0449527cdfc7,askacademia_train,losing_generate_gpt4omini,2,"2

This comment provides"
08ac41ca-f430-44f8-bfda-0449527cdfc7,askacademia_train,losing_generate_gpt5nano,2,"2

This comment fails"
08ac41ca-f430-44f8-bfda-0449527cdfc7,askacademia_train,losing_generate_llama,2,"2

This comment appears"
08ac41ca-f430-44f8-bfda-0449527cdfc7,askacademia_train,losing_generate_mistral,1,"1

This comment appears"
08ac41ca-f430-44f8-bfda-0449527cdfc7,askacademia_train,losing_generate_qwen,2,"2

The comment appears"
08ac41ca-f430-44f8-bfda-0449527cdfc7,askacademia_train,losing_improve_claude,2,"2

This comment does"
08ac41ca-f430-44f8-bfda-0449527cdfc7,askacademia_train,losing_improve_gemini,2,"2

This comment shares"
08ac41ca-f430-44f8-bfda-0449527cdfc7,askacademia_train,losing_improve_gpt4omini,2,"2

This comment appears"
08ac41ca-f430-44f8-bfda-0449527cdfc7,askacademia_train,losing_improve_gpt5nano,2,"2

The comment describes"
08ac41ca-f430-44f8-bfda-0449527cdfc7,askacademia_train,losing_improve_llama,2,"2

This comment is"
08ac41ca-f430-44f8-bfda-0449527cdfc7,askacademia_train,losing_improve_mistral,2,"2

This comment doesn"
08ac41ca-f430-44f8-bfda-0449527cdfc7,askacademia_train,losing_improve_qwen,2,"2

This comment appears"
08ac41ca-f430-44f8-bfda-0449527cdfc7,askacademia_train,losing_paraphrase_claude,2,"2

This comment does"
08ac41ca-f430-44f8-bfda-0449527cdfc7,askacademia_train,losing_paraphrase_gemini,AMBIG,I would rate this comment a
08ac41ca-f430-44f8-bfda-0449527cdfc7,askacademia_train,losing_paraphrase_gpt4omini,AMBIG,I need to evaluate how well
08ac41ca-f430-44f8-bfda-0449527cdfc7,askacademia_train,losing_paraphrase_gpt5nano,2,"2

This comment provides"
08ac41ca-f430-44f8-bfda-0449527cdfc7,askacademia_train,losing_paraphrase_llama,2,"2

The comment discusses"
08ac41ca-f430-44f8-bfda-0449527cdfc7,askacademia_train,losing_paraphrase_mistral,2,"2

This comment is"
08ac41ca-f430-44f8-bfda-0449527cdfc7,askacademia_train,losing_paraphrase_qwen,3,"3

This comment provides"
a57209f0-74e8-4328-a97f-70c3eea82bae,askacademia_train,winning_text,2,"2

This comment provides"
a57209f0-74e8-4328-a97f-70c3eea82bae,askacademia_train,losing_text,AMBIG,I need to evaluate how well
a57209f0-74e8-4328-a97f-70c3eea82bae,askacademia_train,losing_generate_claude,4,"4

This is a"
a57209f0-74e8-4328-a97f-70c3eea82bae,askacademia_train,losing_generate_gemini,4,"4

This is a"
a57209f0-74e8-4328-a97f-70c3eea82bae,askacademia_train,losing_generate_gpt4omini,1,"1

This comment fails"
a57209f0-74e8-4328-a97f-70c3eea82bae,askacademia_train,losing_generate_gpt5nano,3,"3

This comment provides"
a57209f0-74e8-4328-a97f-70c3eea82bae,askacademia_train,losing_generate_llama,2,"2

This comment appears"
a57209f0-74e8-4328-a97f-70c3eea82bae,askacademia_train,losing_generate_mistral,2,"2

The comment provides"
a57209f0-74e8-4328-a97f-70c3eea82bae,askacademia_train,losing_generate_qwen,2,"2

This comment appears"
a57209f0-74e8-4328-a97f-70c3eea82bae,askacademia_train,losing_improve_claude,2,"2

This comment appears"
a57209f0-74e8-4328-a97f-70c3eea82bae,askacademia_train,losing_improve_gemini,2,"2

This comment shares"
a57209f0-74e8-4328-a97f-70c3eea82bae,askacademia_train,losing_improve_gpt4omini,2,"2

This comment appears"
a57209f0-74e8-4328-a97f-70c3eea82bae,askacademia_train,losing_improve_gpt5nano,2,"2

This comment appears"
a57209f0-74e8-4328-a97f-70c3eea82bae,askacademia_train,losing_improve_llama,2,"2

This comment is"
a57209f0-74e8-4328-a97f-70c3eea82bae,askacademia_train,losing_improve_mistral,2,"2

This comment doesn"
a57209f0-74e8-4328-a97f-70c3eea82bae,askacademia_train,losing_improve_qwen,2,"2

This comment appears"
a57209f0-74e8-4328-a97f-70c3eea82bae,askacademia_train,losing_paraphrase_claude,2,"2

This comment does"
a57209f0-74e8-4328-a97f-70c3eea82bae,askacademia_train,losing_paraphrase_gemini,3,"3

This comment provides"
a57209f0-74e8-4328-a97f-70c3eea82bae,askacademia_train,losing_paraphrase_gpt4omini,AMBIG,I need to evaluate how well
a57209f0-74e8-4328-a97f-70c3eea82bae,askacademia_train,losing_paraphrase_gpt5nano,2,"2

This comment provides"
a57209f0-74e8-4328-a97f-70c3eea82bae,askacademia_train,losing_paraphrase_llama,2,"2

The comment discusses"
a57209f0-74e8-4328-a97f-70c3eea82bae,askacademia_train,losing_paraphrase_mistral,2,"2

This comment doesn"
a57209f0-74e8-4328-a97f-70c3eea82bae,askacademia_train,losing_paraphrase_qwen,3,"3

This comment provides"
6382f323-278c-4cd3-bb69-5cbf15d0a7bd,askacademia_train,winning_text,2,"2

This comment provides"
6382f323-278c-4cd3-bb69-5cbf15d0a7bd,askacademia_train,losing_text,4,"4

This is a"
6382f323-278c-4cd3-bb69-5cbf15d0a7bd,askacademia_train,losing_generate_claude,4,"4

This is a"
6382f323-278c-4cd3-bb69-5cbf15d0a7bd,askacademia_train,losing_generate_gemini,4,"4

This comment provides"
6382f323-278c-4cd3-bb69-5cbf15d0a7bd,askacademia_train,losing_generate_gpt4omini,1,"1

This comment fails"
6382f323-278c-4cd3-bb69-5cbf15d0a7bd,askacademia_train,losing_generate_gpt5nano,1,"1

This comment completely"
6382f323-278c-4cd3-bb69-5cbf15d0a7bd,askacademia_train,losing_generate_llama,2,"2

This comment appears"
6382f323-278c-4cd3-bb69-5cbf15d0a7bd,askacademia_train,losing_generate_mistral,2,"2

The comment provides"
6382f323-278c-4cd3-bb69-5cbf15d0a7bd,askacademia_train,losing_generate_qwen,2,"2

The comment appears"
6382f323-278c-4cd3-bb69-5cbf15d0a7bd,askacademia_train,losing_improve_claude,2,"2

This comment appears"
6382f323-278c-4cd3-bb69-5cbf15d0a7bd,askacademia_train,losing_improve_gemini,2,"2

The comment provides"
6382f323-278c-4cd3-bb69-5cbf15d0a7bd,askacademia_train,losing_improve_gpt4omini,2,"2

This comment provides"
6382f323-278c-4cd3-bb69-5cbf15d0a7bd,askacademia_train,losing_improve_gpt5nano,4,"4

This is a"
6382f323-278c-4cd3-bb69-5cbf15d0a7bd,askacademia_train,losing_improve_llama,2,"2

This comment appears"
6382f323-278c-4cd3-bb69-5cbf15d0a7bd,askacademia_train,losing_improve_mistral,3,3
6382f323-278c-4cd3-bb69-5cbf15d0a7bd,askacademia_train,losing_improve_qwen,3,"3

This comment provides"
6382f323-278c-4cd3-bb69-5cbf15d0a7bd,askacademia_train,losing_paraphrase_claude,4,"4

This comment provides"
6382f323-278c-4cd3-bb69-5cbf15d0a7bd,askacademia_train,losing_paraphrase_gemini,2,"2

This comment is"
6382f323-278c-4cd3-bb69-5cbf15d0a7bd,askacademia_train,losing_paraphrase_gpt4omini,2,"2

The comment provides"
6382f323-278c-4cd3-bb69-5cbf15d0a7bd,askacademia_train,losing_paraphrase_gpt5nano,3,"3

The comment provides"
6382f323-278c-4cd3-bb69-5cbf15d0a7bd,askacademia_train,losing_paraphrase_llama,3,"3

This comment provides"
6382f323-278c-4cd3-bb69-5cbf15d0a7bd,askacademia_train,losing_paraphrase_mistral,2,"2

The comment provides"
6382f323-278c-4cd3-bb69-5cbf15d0a7bd,askacademia_train,losing_paraphrase_qwen,2,"2

This comment appears"
fde36c0d-9027-4854-a21a-f3eefe6e5fb6,askacademia_train,winning_text,2,"2

This comment provides"
fde36c0d-9027-4854-a21a-f3eefe6e5fb6,askacademia_train,losing_text,4,"4

This is a"
fde36c0d-9027-4854-a21a-f3eefe6e5fb6,askacademia_train,losing_generate_claude,4,"4

This is a"
fde36c0d-9027-4854-a21a-f3eefe6e5fb6,askacademia_train,losing_generate_gemini,4,"4

This comment provides"
fde36c0d-9027-4854-a21a-f3eefe6e5fb6,askacademia_train,losing_generate_gpt4omini,1,"1

This comment fails"
fde36c0d-9027-4854-a21a-f3eefe6e5fb6,askacademia_train,losing_generate_gpt5nano,4,"4

This is a"
fde36c0d-9027-4854-a21a-f3eefe6e5fb6,askacademia_train,losing_generate_llama,2,"2

This comment appears"
fde36c0d-9027-4854-a21a-f3eefe6e5fb6,askacademia_train,losing_generate_mistral,2,"2

The comment provides"
fde36c0d-9027-4854-a21a-f3eefe6e5fb6,askacademia_train,losing_generate_qwen,2,"2

The comment appears"
fde36c0d-9027-4854-a21a-f3eefe6e5fb6,askacademia_train,losing_improve_claude,2,"2

This comment appears"
fde36c0d-9027-4854-a21a-f3eefe6e5fb6,askacademia_train,losing_improve_gemini,2,"2

This comment provides"
fde36c0d-9027-4854-a21a-f3eefe6e5fb6,askacademia_train,losing_improve_gpt4omini,2,"2

This comment provides"
fde36c0d-9027-4854-a21a-f3eefe6e5fb6,askacademia_train,losing_improve_gpt5nano,3,"3

This comment provides"
fde36c0d-9027-4854-a21a-f3eefe6e5fb6,askacademia_train,losing_improve_llama,2,"2

This comment appears"
fde36c0d-9027-4854-a21a-f3eefe6e5fb6,askacademia_train,losing_improve_mistral,3,3
fde36c0d-9027-4854-a21a-f3eefe6e5fb6,askacademia_train,losing_improve_qwen,3,"3

This comment provides"
fde36c0d-9027-4854-a21a-f3eefe6e5fb6,askacademia_train,losing_paraphrase_claude,4,"4

This comment provides"
fde36c0d-9027-4854-a21a-f3eefe6e5fb6,askacademia_train,losing_paraphrase_gemini,2,"2

This appears to"
fde36c0d-9027-4854-a21a-f3eefe6e5fb6,askacademia_train,losing_paraphrase_gpt4omini,2,"2

The comment provides"
fde36c0d-9027-4854-a21a-f3eefe6e5fb6,askacademia_train,losing_paraphrase_gpt5nano,3,3
fde36c0d-9027-4854-a21a-f3eefe6e5fb6,askacademia_train,losing_paraphrase_llama,3,"3

The comment provides"
fde36c0d-9027-4854-a21a-f3eefe6e5fb6,askacademia_train,losing_paraphrase_mistral,2,"2

The comment provides"
fde36c0d-9027-4854-a21a-f3eefe6e5fb6,askacademia_train,losing_paraphrase_qwen,2,"2

This comment appears"
817adbf4-74e5-4124-be7d-fcca0806911d,askacademia_train,winning_text,2,"2

The comment is"
817adbf4-74e5-4124-be7d-fcca0806911d,askacademia_train,losing_text,3,"3

This comment appears"
817adbf4-74e5-4124-be7d-fcca0806911d,askacademia_train,losing_generate_claude,3,"3

This comment provides"
817adbf4-74e5-4124-be7d-fcca0806911d,askacademia_train,losing_generate_gemini,4,"4

This comment provides"
817adbf4-74e5-4124-be7d-fcca0806911d,askacademia_train,losing_generate_gpt4omini,1,"1

This comment fails"
817adbf4-74e5-4124-be7d-fcca0806911d,askacademia_train,losing_generate_gpt5nano,1,"1

This comment completely"
817adbf4-74e5-4124-be7d-fcca0806911d,askacademia_train,losing_generate_llama,2,"2

This comment appears"
817adbf4-74e5-4124-be7d-fcca0806911d,askacademia_train,losing_generate_mistral,2,"2

This comment appears"
817adbf4-74e5-4124-be7d-fcca0806911d,askacademia_train,losing_generate_qwen,2,"2

This comment appears"
817adbf4-74e5-4124-be7d-fcca0806911d,askacademia_train,losing_improve_claude,2,"2

This comment appears"
817adbf4-74e5-4124-be7d-fcca0806911d,askacademia_train,losing_improve_gemini,4,"4

The comment provides"
817adbf4-74e5-4124-be7d-fcca0806911d,askacademia_train,losing_improve_gpt4omini,2,"2

This comment provides"
817adbf4-74e5-4124-be7d-fcca0806911d,askacademia_train,losing_improve_gpt5nano,4,"4

This comment provides"
817adbf4-74e5-4124-be7d-fcca0806911d,askacademia_train,losing_improve_llama,2,"2

This comment receives"
817adbf4-74e5-4124-be7d-fcca0806911d,askacademia_train,losing_improve_mistral,2,"2

The comment provides"
817adbf4-74e5-4124-be7d-fcca0806911d,askacademia_train,losing_improve_qwen,2,"2

The comment provides"
817adbf4-74e5-4124-be7d-fcca0806911d,askacademia_train,losing_paraphrase_claude,2,"2

This comment appears"
817adbf4-74e5-4124-be7d-fcca0806911d,askacademia_train,losing_paraphrase_gemini,2,"2

This comment appears"
817adbf4-74e5-4124-be7d-fcca0806911d,askacademia_train,losing_paraphrase_gpt4omini,2,"2

This comment is"
817adbf4-74e5-4124-be7d-fcca0806911d,askacademia_train,losing_paraphrase_gpt5nano,3,"3

This comment is"
817adbf4-74e5-4124-be7d-fcca0806911d,askacademia_train,losing_paraphrase_llama,2,"2

This comment appears"
817adbf4-74e5-4124-be7d-fcca0806911d,askacademia_train,losing_paraphrase_mistral,2,"2

The comment makes"
817adbf4-74e5-4124-be7d-fcca0806911d,askacademia_train,losing_paraphrase_qwen,2,"2

The comment provides"
d1b083de-401f-4279-946f-67001ab8cb81,askacademia_train,winning_text,2,"2

This comment provides"
d1b083de-401f-4279-946f-67001ab8cb81,askacademia_train,losing_text,3,"3

This comment appears"
d1b083de-401f-4279-946f-67001ab8cb81,askacademia_train,losing_generate_claude,1,1
d1b083de-401f-4279-946f-67001ab8cb81,askacademia_train,losing_generate_gemini,4,"4

This is a"
d1b083de-401f-4279-946f-67001ab8cb81,askacademia_train,losing_generate_gpt4omini,1,"1

This comment fails"
d1b083de-401f-4279-946f-67001ab8cb81,askacademia_train,losing_generate_gpt5nano,1,"1

The comment completely"
d1b083de-401f-4279-946f-67001ab8cb81,askacademia_train,losing_generate_llama,2,"2

This comment appears"
d1b083de-401f-4279-946f-67001ab8cb81,askacademia_train,losing_generate_mistral,2,"2

The comment provides"
d1b083de-401f-4279-946f-67001ab8cb81,askacademia_train,losing_generate_qwen,2,"2

The comment appears"
d1b083de-401f-4279-946f-67001ab8cb81,askacademia_train,losing_improve_claude,1,"1

This comment completely"
d1b083de-401f-4279-946f-67001ab8cb81,askacademia_train,losing_improve_gemini,4,"4

The comment provides"
d1b083de-401f-4279-946f-67001ab8cb81,askacademia_train,losing_improve_gpt4omini,2,"2

This comment appears"
d1b083de-401f-4279-946f-67001ab8cb81,askacademia_train,losing_improve_gpt5nano,4,"4

This is a"
d1b083de-401f-4279-946f-67001ab8cb81,askacademia_train,losing_improve_llama,2,"2

This comment receives"
d1b083de-401f-4279-946f-67001ab8cb81,askacademia_train,losing_improve_mistral,2,"2

The comment provides"
d1b083de-401f-4279-946f-67001ab8cb81,askacademia_train,losing_improve_qwen,2,"2

The comment provides"
d1b083de-401f-4279-946f-67001ab8cb81,askacademia_train,losing_paraphrase_claude,2,"2

This comment appears"
d1b083de-401f-4279-946f-67001ab8cb81,askacademia_train,losing_paraphrase_gemini,2,"2

This comment appears"
d1b083de-401f-4279-946f-67001ab8cb81,askacademia_train,losing_paraphrase_gpt4omini,2,"2

This comment is"
d1b083de-401f-4279-946f-67001ab8cb81,askacademia_train,losing_paraphrase_gpt5nano,2,"2

The comment is"
d1b083de-401f-4279-946f-67001ab8cb81,askacademia_train,losing_paraphrase_llama,2,"2

This comment appears"
d1b083de-401f-4279-946f-67001ab8cb81,askacademia_train,losing_paraphrase_mistral,2,"2

The comment makes"
d1b083de-401f-4279-946f-67001ab8cb81,askacademia_train,losing_paraphrase_qwen,2,"2

The comment provides"
8541dc35-25e1-49b0-991f-fabe6db2f902,askacademia_train,winning_text,2,"2

The comment is"
8541dc35-25e1-49b0-991f-fabe6db2f902,askacademia_train,losing_text,2,"2

This comment provides"
8541dc35-25e1-49b0-991f-fabe6db2f902,askacademia_train,losing_generate_claude,4,"4

This is a"
8541dc35-25e1-49b0-991f-fabe6db2f902,askacademia_train,losing_generate_gemini,4,"4

This comment provides"
8541dc35-25e1-49b0-991f-fabe6db2f902,askacademia_train,losing_generate_gpt4omini,1,"1

This comment fails"
8541dc35-25e1-49b0-991f-fabe6db2f902,askacademia_train,losing_generate_gpt5nano,3,"3

This comment provides"
8541dc35-25e1-49b0-991f-fabe6db2f902,askacademia_train,losing_generate_llama,2,"2

This comment appears"
8541dc35-25e1-49b0-991f-fabe6db2f902,askacademia_train,losing_generate_mistral,2,"2

This comment provides"
8541dc35-25e1-49b0-991f-fabe6db2f902,askacademia_train,losing_generate_qwen,2,"2

The comment appears"
8541dc35-25e1-49b0-991f-fabe6db2f902,askacademia_train,losing_improve_claude,2,"2

This comment is"
8541dc35-25e1-49b0-991f-fabe6db2f902,askacademia_train,losing_improve_gemini,3,"3

This comment exp"
8541dc35-25e1-49b0-991f-fabe6db2f902,askacademia_train,losing_improve_gpt4omini,2,"2

This comment is"
8541dc35-25e1-49b0-991f-fabe6db2f902,askacademia_train,losing_improve_gpt5nano,2,"2

This comment appears"
8541dc35-25e1-49b0-991f-fabe6db2f902,askacademia_train,losing_improve_llama,2,"2

This comment is"
8541dc35-25e1-49b0-991f-fabe6db2f902,askacademia_train,losing_improve_mistral,2,"2

The comment appears"
8541dc35-25e1-49b0-991f-fabe6db2f902,askacademia_train,losing_improve_qwen,2,"2

This comment is"
8541dc35-25e1-49b0-991f-fabe6db2f902,askacademia_train,losing_paraphrase_claude,2,"2

This comment is"
8541dc35-25e1-49b0-991f-fabe6db2f902,askacademia_train,losing_paraphrase_gemini,3,"3

This comment provides"
8541dc35-25e1-49b0-991f-fabe6db2f902,askacademia_train,losing_paraphrase_gpt4omini,2,"2

This comment provides"
8541dc35-25e1-49b0-991f-fabe6db2f902,askacademia_train,losing_paraphrase_gpt5nano,2,"2

This comment provides"
8541dc35-25e1-49b0-991f-fabe6db2f902,askacademia_train,losing_paraphrase_llama,2,"2

This comment is"
8541dc35-25e1-49b0-991f-fabe6db2f902,askacademia_train,losing_paraphrase_mistral,2,"2

This comment is"
8541dc35-25e1-49b0-991f-fabe6db2f902,askacademia_train,losing_paraphrase_qwen,2,"2

This comment provides"
ab565e58-5c7e-4f66-a274-bcbe6a6cd21c,askacademia_train,winning_text,2,"2

This comment provides"
ab565e58-5c7e-4f66-a274-bcbe6a6cd21c,askacademia_train,losing_text,4,"4

This comment provides"
ab565e58-5c7e-4f66-a274-bcbe6a6cd21c,askacademia_train,losing_generate_claude,4,"4

This is a"
ab565e58-5c7e-4f66-a274-bcbe6a6cd21c,askacademia_train,losing_generate_gemini,4,"4

This is a"
ab565e58-5c7e-4f66-a274-bcbe6a6cd21c,askacademia_train,losing_generate_gpt4omini,1,"1

This comment fails"
ab565e58-5c7e-4f66-a274-bcbe6a6cd21c,askacademia_train,losing_generate_gpt5nano,3,"3

This comment provides"
ab565e58-5c7e-4f66-a274-bcbe6a6cd21c,askacademia_train,losing_generate_llama,2,"2

This comment appears"
ab565e58-5c7e-4f66-a274-bcbe6a6cd21c,askacademia_train,losing_generate_mistral,2,"2

This comment provides"
ab565e58-5c7e-4f66-a274-bcbe6a6cd21c,askacademia_train,losing_generate_qwen,2,"2

This comment appears"
ab565e58-5c7e-4f66-a274-bcbe6a6cd21c,askacademia_train,losing_improve_claude,3,3
ab565e58-5c7e-4f66-a274-bcbe6a6cd21c,askacademia_train,losing_improve_gemini,4,"4

This comment serves"
ab565e58-5c7e-4f66-a274-bcbe6a6cd21c,askacademia_train,losing_improve_gpt4omini,2,"2

This comment provides"
ab565e58-5c7e-4f66-a274-bcbe6a6cd21c,askacademia_train,losing_improve_gpt5nano,4,"4

This is a"
ab565e58-5c7e-4f66-a274-bcbe6a6cd21c,askacademia_train,losing_improve_llama,2,"2

This comment appears"
ab565e58-5c7e-4f66-a274-bcbe6a6cd21c,askacademia_train,losing_improve_mistral,2,"2

This comment provides"
ab565e58-5c7e-4f66-a274-bcbe6a6cd21c,askacademia_train,losing_improve_qwen,2,"2

This comment provides"
ab565e58-5c7e-4f66-a274-bcbe6a6cd21c,askacademia_train,losing_paraphrase_claude,2,"2

The comment provides"
ab565e58-5c7e-4f66-a274-bcbe6a6cd21c,askacademia_train,losing_paraphrase_gemini,3,"3

This comment receives"
ab565e58-5c7e-4f66-a274-bcbe6a6cd21c,askacademia_train,losing_paraphrase_gpt4omini,4,"4

This comment provides"
ab565e58-5c7e-4f66-a274-bcbe6a6cd21c,askacademia_train,losing_paraphrase_gpt5nano,4,"4

This comment serves"
ab565e58-5c7e-4f66-a274-bcbe6a6cd21c,askacademia_train,losing_paraphrase_llama,2,"2

This comment provides"
ab565e58-5c7e-4f66-a274-bcbe6a6cd21c,askacademia_train,losing_paraphrase_mistral,4,"4

This comment provides"
ab565e58-5c7e-4f66-a274-bcbe6a6cd21c,askacademia_train,losing_paraphrase_qwen,4,"4

This is a"
6738b8e9-36ef-4c57-b14b-3dd368b6ffbd,askacademia_train,winning_text,2,"2

This comment provides"
6738b8e9-36ef-4c57-b14b-3dd368b6ffbd,askacademia_train,losing_text,4,"4

This comment provides"
6738b8e9-36ef-4c57-b14b-3dd368b6ffbd,askacademia_train,losing_generate_claude,3,"3

This comment provides"
6738b8e9-36ef-4c57-b14b-3dd368b6ffbd,askacademia_train,losing_generate_gemini,4,"4

This is a"
6738b8e9-36ef-4c57-b14b-3dd368b6ffbd,askacademia_train,losing_generate_gpt4omini,2,"2

This comment provides"
6738b8e9-36ef-4c57-b14b-3dd368b6ffbd,askacademia_train,losing_generate_gpt5nano,1,"1

This comment completely"
6738b8e9-36ef-4c57-b14b-3dd368b6ffbd,askacademia_train,losing_generate_llama,1,"1

This comment fails"
6738b8e9-36ef-4c57-b14b-3dd368b6ffbd,askacademia_train,losing_generate_mistral,2,"2

This comment provides"
6738b8e9-36ef-4c57-b14b-3dd368b6ffbd,askacademia_train,losing_generate_qwen,2,"2

The comment appears"
6738b8e9-36ef-4c57-b14b-3dd368b6ffbd,askacademia_train,losing_improve_claude,3,"3

This comment appears"
6738b8e9-36ef-4c57-b14b-3dd368b6ffbd,askacademia_train,losing_improve_gemini,4,"4

This comment serves"
6738b8e9-36ef-4c57-b14b-3dd368b6ffbd,askacademia_train,losing_improve_gpt4omini,4,"4

This comment provides"
6738b8e9-36ef-4c57-b14b-3dd368b6ffbd,askacademia_train,losing_improve_gpt5nano,4,"4

This is a"
6738b8e9-36ef-4c57-b14b-3dd368b6ffbd,askacademia_train,losing_improve_llama,2,"2

This comment appears"
6738b8e9-36ef-4c57-b14b-3dd368b6ffbd,askacademia_train,losing_improve_mistral,2,"2

This comment provides"
6738b8e9-36ef-4c57-b14b-3dd368b6ffbd,askacademia_train,losing_improve_qwen,2,"2

This comment provides"
6738b8e9-36ef-4c57-b14b-3dd368b6ffbd,askacademia_train,losing_paraphrase_claude,2,"2

The comment provides"
6738b8e9-36ef-4c57-b14b-3dd368b6ffbd,askacademia_train,losing_paraphrase_gemini,3,"3

This comment receives"
6738b8e9-36ef-4c57-b14b-3dd368b6ffbd,askacademia_train,losing_paraphrase_gpt4omini,4,"4

This comment serves"
6738b8e9-36ef-4c57-b14b-3dd368b6ffbd,askacademia_train,losing_paraphrase_gpt5nano,4,"4

This is a"
6738b8e9-36ef-4c57-b14b-3dd368b6ffbd,askacademia_train,losing_paraphrase_llama,2,"2

This comment provides"
6738b8e9-36ef-4c57-b14b-3dd368b6ffbd,askacademia_train,losing_paraphrase_mistral,4,"4

This is a"
6738b8e9-36ef-4c57-b14b-3dd368b6ffbd,askacademia_train,losing_paraphrase_qwen,4,"4

This comment provides"
057ed6ab-be7a-4436-a4c7-8460e61b1eab,askacademia_train,winning_text,2,"2

The comment provides"
057ed6ab-be7a-4436-a4c7-8460e61b1eab,askacademia_train,losing_text,4,"4

This comment provides"
057ed6ab-be7a-4436-a4c7-8460e61b1eab,askacademia_train,losing_generate_claude,4,"4

This is a"
057ed6ab-be7a-4436-a4c7-8460e61b1eab,askacademia_train,losing_generate_gemini,4,"4

This comment provides"
057ed6ab-be7a-4436-a4c7-8460e61b1eab,askacademia_train,losing_generate_gpt4omini,1,"1

This comment fails"
057ed6ab-be7a-4436-a4c7-8460e61b1eab,askacademia_train,losing_generate_gpt5nano,2,"2

This comment fails"
057ed6ab-be7a-4436-a4c7-8460e61b1eab,askacademia_train,losing_generate_llama,2,"2

This comment appears"
057ed6ab-be7a-4436-a4c7-8460e61b1eab,askacademia_train,losing_generate_mistral,2,"2

The comment provides"
057ed6ab-be7a-4436-a4c7-8460e61b1eab,askacademia_train,losing_generate_qwen,2,"2

The comment appears"
057ed6ab-be7a-4436-a4c7-8460e61b1eab,askacademia_train,losing_improve_claude,3,"3

This meta-"
057ed6ab-be7a-4436-a4c7-8460e61b1eab,askacademia_train,losing_improve_gemini,4,"4

This comment serves"
057ed6ab-be7a-4436-a4c7-8460e61b1eab,askacademia_train,losing_improve_gpt4omini,2,"2

This comment provides"
057ed6ab-be7a-4436-a4c7-8460e61b1eab,askacademia_train,losing_improve_gpt5nano,4,"4

This comment provides"
057ed6ab-be7a-4436-a4c7-8460e61b1eab,askacademia_train,losing_improve_llama,2,"2

This comment appears"
057ed6ab-be7a-4436-a4c7-8460e61b1eab,askacademia_train,losing_improve_mistral,2,"2

This comment provides"
057ed6ab-be7a-4436-a4c7-8460e61b1eab,askacademia_train,losing_improve_qwen,2,"2

This comment provides"
057ed6ab-be7a-4436-a4c7-8460e61b1eab,askacademia_train,losing_paraphrase_claude,4,"4

This comment serves"
057ed6ab-be7a-4436-a4c7-8460e61b1eab,askacademia_train,losing_paraphrase_gemini,3,"3

This comment receives"
057ed6ab-be7a-4436-a4c7-8460e61b1eab,askacademia_train,losing_paraphrase_gpt4omini,4,"4

This is a"
057ed6ab-be7a-4436-a4c7-8460e61b1eab,askacademia_train,losing_paraphrase_gpt5nano,4,"4

This comment provides"
057ed6ab-be7a-4436-a4c7-8460e61b1eab,askacademia_train,losing_paraphrase_llama,2,"2

This comment provides"
057ed6ab-be7a-4436-a4c7-8460e61b1eab,askacademia_train,losing_paraphrase_mistral,4,"4

This comment provides"
057ed6ab-be7a-4436-a4c7-8460e61b1eab,askacademia_train,losing_paraphrase_qwen,4,"4

This is a"
c8c9a7f9-695a-460a-8f4b-c4974077ce64,askacademia_train,winning_text,2,"2

The comment provides"
c8c9a7f9-695a-460a-8f4b-c4974077ce64,askacademia_train,losing_text,4,"4

This comment provides"
c8c9a7f9-695a-460a-8f4b-c4974077ce64,askacademia_train,losing_generate_claude,1,"1

This comment is"
c8c9a7f9-695a-460a-8f4b-c4974077ce64,askacademia_train,losing_generate_gemini,4,"4

This is a"
c8c9a7f9-695a-460a-8f4b-c4974077ce64,askacademia_train,losing_generate_gpt4omini,1,"1

This comment fails"
c8c9a7f9-695a-460a-8f4b-c4974077ce64,askacademia_train,losing_generate_gpt5nano,3,"3

This comment provides"
c8c9a7f9-695a-460a-8f4b-c4974077ce64,askacademia_train,losing_generate_llama,2,"2

This comment appears"
c8c9a7f9-695a-460a-8f4b-c4974077ce64,askacademia_train,losing_generate_mistral,2,"2

The comment provides"
c8c9a7f9-695a-460a-8f4b-c4974077ce64,askacademia_train,losing_generate_qwen,2,"2

The comment appears"
c8c9a7f9-695a-460a-8f4b-c4974077ce64,askacademia_train,losing_improve_claude,3,"3

This comment is"
c8c9a7f9-695a-460a-8f4b-c4974077ce64,askacademia_train,losing_improve_gemini,4,"4

This comment serves"
c8c9a7f9-695a-460a-8f4b-c4974077ce64,askacademia_train,losing_improve_gpt4omini,4,"4

This comment serves"
c8c9a7f9-695a-460a-8f4b-c4974077ce64,askacademia_train,losing_improve_gpt5nano,5,"5

This comment deser"
c8c9a7f9-695a-460a-8f4b-c4974077ce64,askacademia_train,losing_improve_llama,2,"2

This comment appears"
c8c9a7f9-695a-460a-8f4b-c4974077ce64,askacademia_train,losing_improve_mistral,2,"2

This comment provides"
c8c9a7f9-695a-460a-8f4b-c4974077ce64,askacademia_train,losing_improve_qwen,2,"2

This comment provides"
c8c9a7f9-695a-460a-8f4b-c4974077ce64,askacademia_train,losing_paraphrase_claude,4,"4

This is a"
c8c9a7f9-695a-460a-8f4b-c4974077ce64,askacademia_train,losing_paraphrase_gemini,3,"3

This comment provides"
c8c9a7f9-695a-460a-8f4b-c4974077ce64,askacademia_train,losing_paraphrase_gpt4omini,4,"4

This comment serves"
c8c9a7f9-695a-460a-8f4b-c4974077ce64,askacademia_train,losing_paraphrase_gpt5nano,4,"4

This comment provides"
c8c9a7f9-695a-460a-8f4b-c4974077ce64,askacademia_train,losing_paraphrase_llama,2,"2

This comment provides"
c8c9a7f9-695a-460a-8f4b-c4974077ce64,askacademia_train,losing_paraphrase_mistral,4,"4

This comment provides"
c8c9a7f9-695a-460a-8f4b-c4974077ce64,askacademia_train,losing_paraphrase_qwen,4,"4

This is a"
b0408dc7-bcac-4bc8-839c-4692bf3364c6,askacademia_train,winning_text,2,"2

The comment provides"
b0408dc7-bcac-4bc8-839c-4692bf3364c6,askacademia_train,losing_text,2,"2

This comment provides"
b0408dc7-bcac-4bc8-839c-4692bf3364c6,askacademia_train,losing_generate_claude,4,"4

This is a"
b0408dc7-bcac-4bc8-839c-4692bf3364c6,askacademia_train,losing_generate_gemini,4,"4

This comment provides"
b0408dc7-bcac-4bc8-839c-4692bf3364c6,askacademia_train,losing_generate_gpt4omini,1,"1

This comment fails"
b0408dc7-bcac-4bc8-839c-4692bf3364c6,askacademia_train,losing_generate_gpt5nano,2,"2

This comment appears"
b0408dc7-bcac-4bc8-839c-4692bf3364c6,askacademia_train,losing_generate_llama,2,"2

This comment appears"
b0408dc7-bcac-4bc8-839c-4692bf3364c6,askacademia_train,losing_generate_mistral,2,"2

The comment provides"
b0408dc7-bcac-4bc8-839c-4692bf3364c6,askacademia_train,losing_generate_qwen,2,"2

The comment appears"
b0408dc7-bcac-4bc8-839c-4692bf3364c6,askacademia_train,losing_improve_claude,2,"2

This comment is"
b0408dc7-bcac-4bc8-839c-4692bf3364c6,askacademia_train,losing_improve_gemini,3,"3

This comment provides"
b0408dc7-bcac-4bc8-839c-4692bf3364c6,askacademia_train,losing_improve_gpt4omini,2,"2

This comment provides"
b0408dc7-bcac-4bc8-839c-4692bf3364c6,askacademia_train,losing_improve_gpt5nano,3,"3

This comment provides"
b0408dc7-bcac-4bc8-839c-4692bf3364c6,askacademia_train,losing_improve_llama,2,"2

This comment appears"
b0408dc7-bcac-4bc8-839c-4692bf3364c6,askacademia_train,losing_improve_mistral,2,"2

This comment provides"
b0408dc7-bcac-4bc8-839c-4692bf3364c6,askacademia_train,losing_improve_qwen,2,"2

This comment provides"
b0408dc7-bcac-4bc8-839c-4692bf3364c6,askacademia_train,losing_paraphrase_claude,2,"2

This comment provides"
b0408dc7-bcac-4bc8-839c-4692bf3364c6,askacademia_train,losing_paraphrase_gemini,3,"3

This comment receives"
b0408dc7-bcac-4bc8-839c-4692bf3364c6,askacademia_train,losing_paraphrase_gpt4omini,2,"2

This comment provides"
b0408dc7-bcac-4bc8-839c-4692bf3364c6,askacademia_train,losing_paraphrase_gpt5nano,2,"2

This comment provides"
b0408dc7-bcac-4bc8-839c-4692bf3364c6,askacademia_train,losing_paraphrase_llama,2,"2

The comment provides"
b0408dc7-bcac-4bc8-839c-4692bf3364c6,askacademia_train,losing_paraphrase_mistral,2,"2

This comment provides"
b0408dc7-bcac-4bc8-839c-4692bf3364c6,askacademia_train,losing_paraphrase_qwen,2,"2

This comment provides"
5497ec99-a137-4aa6-96f5-9561a1684269,askacademia_train,winning_text,2,"2

The comment provides"
5497ec99-a137-4aa6-96f5-9561a1684269,askacademia_train,losing_text,2,"2

This comment provides"
5497ec99-a137-4aa6-96f5-9561a1684269,askacademia_train,losing_generate_claude,4,"4

This is a"
5497ec99-a137-4aa6-96f5-9561a1684269,askacademia_train,losing_generate_gemini,4,"4

This comment provides"
5497ec99-a137-4aa6-96f5-9561a1684269,askacademia_train,losing_generate_gpt4omini,2,"2

This comment provides"
5497ec99-a137-4aa6-96f5-9561a1684269,askacademia_train,losing_generate_gpt5nano,1,"1

This comment completely"
5497ec99-a137-4aa6-96f5-9561a1684269,askacademia_train,losing_generate_llama,2,"2

This comment appears"
5497ec99-a137-4aa6-96f5-9561a1684269,askacademia_train,losing_generate_mistral,2,"2

The comment provides"
5497ec99-a137-4aa6-96f5-9561a1684269,askacademia_train,losing_generate_qwen,2,"2

This comment appears"
5497ec99-a137-4aa6-96f5-9561a1684269,askacademia_train,losing_improve_claude,2,2
5497ec99-a137-4aa6-96f5-9561a1684269,askacademia_train,losing_improve_gemini,3,"3

This comment provides"
5497ec99-a137-4aa6-96f5-9561a1684269,askacademia_train,losing_improve_gpt4omini,3,"3

This comment provides"
5497ec99-a137-4aa6-96f5-9561a1684269,askacademia_train,losing_improve_gpt5nano,4,"4

This is a"
5497ec99-a137-4aa6-96f5-9561a1684269,askacademia_train,losing_improve_llama,2,"2

This comment appears"
5497ec99-a137-4aa6-96f5-9561a1684269,askacademia_train,losing_improve_mistral,3,"3

This comment provides"
5497ec99-a137-4aa6-96f5-9561a1684269,askacademia_train,losing_improve_qwen,2,"2

This comment provides"
5497ec99-a137-4aa6-96f5-9561a1684269,askacademia_train,losing_paraphrase_claude,2,"2

This comment appears"
5497ec99-a137-4aa6-96f5-9561a1684269,askacademia_train,losing_paraphrase_gemini,3,"3

This comment receives"
5497ec99-a137-4aa6-96f5-9561a1684269,askacademia_train,losing_paraphrase_gpt4omini,2,"2

This comment provides"
5497ec99-a137-4aa6-96f5-9561a1684269,askacademia_train,losing_paraphrase_gpt5nano,2,"2

This comment appears"
5497ec99-a137-4aa6-96f5-9561a1684269,askacademia_train,losing_paraphrase_llama,2,"2

This comment provides"
5497ec99-a137-4aa6-96f5-9561a1684269,askacademia_train,losing_paraphrase_mistral,2,"2

This comment provides"
5497ec99-a137-4aa6-96f5-9561a1684269,askacademia_train,losing_paraphrase_qwen,2,"2

This comment appears"
86075a8a-4636-4c61-a2f4-f6db1a1df0b5,askacademia_train,winning_text,3,3
86075a8a-4636-4c61-a2f4-f6db1a1df0b5,askacademia_train,losing_text,2,"2

This comment provides"
86075a8a-4636-4c61-a2f4-f6db1a1df0b5,askacademia_train,losing_generate_claude,4,"4

This is a"
86075a8a-4636-4c61-a2f4-f6db1a1df0b5,askacademia_train,losing_generate_gemini,4,"4

This comment provides"
86075a8a-4636-4c61-a2f4-f6db1a1df0b5,askacademia_train,losing_generate_gpt4omini,1,"1

This comment fails"
86075a8a-4636-4c61-a2f4-f6db1a1df0b5,askacademia_train,losing_generate_gpt5nano,2,"2

This comment has"
86075a8a-4636-4c61-a2f4-f6db1a1df0b5,askacademia_train,losing_generate_llama,2,"2

This comment appears"
86075a8a-4636-4c61-a2f4-f6db1a1df0b5,askacademia_train,losing_generate_mistral,2,"2

This comment provides"
86075a8a-4636-4c61-a2f4-f6db1a1df0b5,askacademia_train,losing_generate_qwen,2,"2

This comment appears"
86075a8a-4636-4c61-a2f4-f6db1a1df0b5,askacademia_train,losing_improve_claude,4,"4

This comment provides"
86075a8a-4636-4c61-a2f4-f6db1a1df0b5,askacademia_train,losing_improve_gemini,4,"4

This comment provides"
86075a8a-4636-4c61-a2f4-f6db1a1df0b5,askacademia_train,losing_improve_gpt4omini,4,"4

This is a"
86075a8a-4636-4c61-a2f4-f6db1a1df0b5,askacademia_train,losing_improve_gpt5nano,2,"2

This comment provides"
86075a8a-4636-4c61-a2f4-f6db1a1df0b5,askacademia_train,losing_improve_llama,2,2
86075a8a-4636-4c61-a2f4-f6db1a1df0b5,askacademia_train,losing_improve_mistral,2,"2

This comment provides"
86075a8a-4636-4c61-a2f4-f6db1a1df0b5,askacademia_train,losing_improve_qwen,2,"2

This comment provides"
86075a8a-4636-4c61-a2f4-f6db1a1df0b5,askacademia_train,losing_paraphrase_claude,2,"2

The comment provides"
86075a8a-4636-4c61-a2f4-f6db1a1df0b5,askacademia_train,losing_paraphrase_gemini,3,"3

This comment provides"
86075a8a-4636-4c61-a2f4-f6db1a1df0b5,askacademia_train,losing_paraphrase_gpt4omini,1,"1

This comment fails"
86075a8a-4636-4c61-a2f4-f6db1a1df0b5,askacademia_train,losing_paraphrase_gpt5nano,2,"2

This comment provides"
86075a8a-4636-4c61-a2f4-f6db1a1df0b5,askacademia_train,losing_paraphrase_llama,3,3
86075a8a-4636-4c61-a2f4-f6db1a1df0b5,askacademia_train,losing_paraphrase_mistral,3,"3

This comment provides"
86075a8a-4636-4c61-a2f4-f6db1a1df0b5,askacademia_train,losing_paraphrase_qwen,2,"2

This comment provides"
59a53d23-ad0a-4483-a94c-969aadb5095c,askacademia_train,winning_text,2,"2

The comment provides"
59a53d23-ad0a-4483-a94c-969aadb5095c,askacademia_train,losing_text,2,"2

This comment provides"
59a53d23-ad0a-4483-a94c-969aadb5095c,askacademia_train,losing_generate_claude,4,"4

This is a"
59a53d23-ad0a-4483-a94c-969aadb5095c,askacademia_train,losing_generate_gemini,4,"4

This comment provides"
59a53d23-ad0a-4483-a94c-969aadb5095c,askacademia_train,losing_generate_gpt4omini,2,"2

This comment provides"
59a53d23-ad0a-4483-a94c-969aadb5095c,askacademia_train,losing_generate_gpt5nano,3,"3

This comment provides"
59a53d23-ad0a-4483-a94c-969aadb5095c,askacademia_train,losing_generate_llama,2,"2

This comment appears"
59a53d23-ad0a-4483-a94c-969aadb5095c,askacademia_train,losing_generate_mistral,2,"2

The comment provides"
59a53d23-ad0a-4483-a94c-969aadb5095c,askacademia_train,losing_generate_qwen,2,"2

This comment appears"
59a53d23-ad0a-4483-a94c-969aadb5095c,askacademia_train,losing_improve_claude,4,"4

This comment provides"
59a53d23-ad0a-4483-a94c-969aadb5095c,askacademia_train,losing_improve_gemini,4,"4

This comment provides"
59a53d23-ad0a-4483-a94c-969aadb5095c,askacademia_train,losing_improve_gpt4omini,4,"4

This is a"
59a53d23-ad0a-4483-a94c-969aadb5095c,askacademia_train,losing_improve_gpt5nano,3,"3

This comment provides"
59a53d23-ad0a-4483-a94c-969aadb5095c,askacademia_train,losing_improve_llama,2,2
59a53d23-ad0a-4483-a94c-969aadb5095c,askacademia_train,losing_improve_mistral,2,"2

This comment provides"
59a53d23-ad0a-4483-a94c-969aadb5095c,askacademia_train,losing_improve_qwen,4,"4

This is a"
59a53d23-ad0a-4483-a94c-969aadb5095c,askacademia_train,losing_paraphrase_claude,1,"1

This comment appears"
59a53d23-ad0a-4483-a94c-969aadb5095c,askacademia_train,losing_paraphrase_gemini,2,"2

This comment appears"
59a53d23-ad0a-4483-a94c-969aadb5095c,askacademia_train,losing_paraphrase_gpt4omini,2,"2

The comment provides"
59a53d23-ad0a-4483-a94c-969aadb5095c,askacademia_train,losing_paraphrase_gpt5nano,4,4
59a53d23-ad0a-4483-a94c-969aadb5095c,askacademia_train,losing_paraphrase_llama,3,3
59a53d23-ad0a-4483-a94c-969aadb5095c,askacademia_train,losing_paraphrase_mistral,2,"2

The comment provides"
59a53d23-ad0a-4483-a94c-969aadb5095c,askacademia_train,losing_paraphrase_qwen,2,"2

This comment provides"
1f2d6159-e34e-42a9-9113-2efda1bf8b94,askacademia_train,winning_text,2,"2

The comment provides"
1f2d6159-e34e-42a9-9113-2efda1bf8b94,askacademia_train,losing_text,3,"3

This comment provides"
1f2d6159-e34e-42a9-9113-2efda1bf8b94,askacademia_train,losing_generate_claude,3,"3

This comment provides"
1f2d6159-e34e-42a9-9113-2efda1bf8b94,askacademia_train,losing_generate_gemini,4,"4

This comment provides"
1f2d6159-e34e-42a9-9113-2efda1bf8b94,askacademia_train,losing_generate_gpt4omini,2,"2

This comment provides"
1f2d6159-e34e-42a9-9113-2efda1bf8b94,askacademia_train,losing_generate_gpt5nano,2,"2

This comment does"
1f2d6159-e34e-42a9-9113-2efda1bf8b94,askacademia_train,losing_generate_llama,2,"2

This comment appears"
1f2d6159-e34e-42a9-9113-2efda1bf8b94,askacademia_train,losing_generate_mistral,2,"2

This comment provides"
1f2d6159-e34e-42a9-9113-2efda1bf8b94,askacademia_train,losing_generate_qwen,2,"2

The comment appears"
1f2d6159-e34e-42a9-9113-2efda1bf8b94,askacademia_train,losing_improve_claude,3,"3

This appears to"
1f2d6159-e34e-42a9-9113-2efda1bf8b94,askacademia_train,losing_improve_gemini,4,"4

This is a"
1f2d6159-e34e-42a9-9113-2efda1bf8b94,askacademia_train,losing_improve_gpt4omini,3,"3

This comment provides"
1f2d6159-e34e-42a9-9113-2efda1bf8b94,askacademia_train,losing_improve_gpt5nano,2,"2

This comment appears"
1f2d6159-e34e-42a9-9113-2efda1bf8b94,askacademia_train,losing_improve_llama,2,"2

This comment provides"
1f2d6159-e34e-42a9-9113-2efda1bf8b94,askacademia_train,losing_improve_mistral,2,"2

This comment appears"
1f2d6159-e34e-42a9-9113-2efda1bf8b94,askacademia_train,losing_improve_qwen,2,"2

This comment provides"
1f2d6159-e34e-42a9-9113-2efda1bf8b94,askacademia_train,losing_paraphrase_claude,4,"4

This is a"
1f2d6159-e34e-42a9-9113-2efda1bf8b94,askacademia_train,losing_paraphrase_gemini,2,"2

This comment provides"
1f2d6159-e34e-42a9-9113-2efda1bf8b94,askacademia_train,losing_paraphrase_gpt4omini,3,"3

This comment provides"
1f2d6159-e34e-42a9-9113-2efda1bf8b94,askacademia_train,losing_paraphrase_gpt5nano,2,"2

This comment provides"
1f2d6159-e34e-42a9-9113-2efda1bf8b94,askacademia_train,losing_paraphrase_llama,3,"3

This comment provides"
1f2d6159-e34e-42a9-9113-2efda1bf8b94,askacademia_train,losing_paraphrase_mistral,3,"3

This comment provides"
1f2d6159-e34e-42a9-9113-2efda1bf8b94,askacademia_train,losing_paraphrase_qwen,2,"2

This comment provides"
d7c82565-05a0-40b7-91a6-0d4020ee6814,askacademia_train,winning_text,2,"2

The comment provides"
d7c82565-05a0-40b7-91a6-0d4020ee6814,askacademia_train,losing_text,3,"3

This comment provides"
d7c82565-05a0-40b7-91a6-0d4020ee6814,askacademia_train,losing_generate_claude,4,"4

This is a"
d7c82565-05a0-40b7-91a6-0d4020ee6814,askacademia_train,losing_generate_gemini,4,"4

This comment provides"
d7c82565-05a0-40b7-91a6-0d4020ee6814,askacademia_train,losing_generate_gpt4omini,2,"2

This comment provides"
d7c82565-05a0-40b7-91a6-0d4020ee6814,askacademia_train,losing_generate_gpt5nano,1,"1

This comment completely"
d7c82565-05a0-40b7-91a6-0d4020ee6814,askacademia_train,losing_generate_llama,2,"2

This comment appears"
d7c82565-05a0-40b7-91a6-0d4020ee6814,askacademia_train,losing_generate_mistral,2,"2

The comment provides"
d7c82565-05a0-40b7-91a6-0d4020ee6814,askacademia_train,losing_generate_qwen,2,"2

This comment appears"
d7c82565-05a0-40b7-91a6-0d4020ee6814,askacademia_train,losing_improve_claude,1,"1

This comment cannot"
d7c82565-05a0-40b7-91a6-0d4020ee6814,askacademia_train,losing_improve_gemini,4,"4

This is a"
d7c82565-05a0-40b7-91a6-0d4020ee6814,askacademia_train,losing_improve_gpt4omini,4,"4

This is a"
d7c82565-05a0-40b7-91a6-0d4020ee6814,askacademia_train,losing_improve_gpt5nano,3,"3

This comment provides"
d7c82565-05a0-40b7-91a6-0d4020ee6814,askacademia_train,losing_improve_llama,2,"2

This comment provides"
d7c82565-05a0-40b7-91a6-0d4020ee6814,askacademia_train,losing_improve_mistral,2,"2

This comment appears"
d7c82565-05a0-40b7-91a6-0d4020ee6814,askacademia_train,losing_improve_qwen,2,"2

This comment appears"
d7c82565-05a0-40b7-91a6-0d4020ee6814,askacademia_train,losing_paraphrase_claude,4,"4

This comment provides"
d7c82565-05a0-40b7-91a6-0d4020ee6814,askacademia_train,losing_paraphrase_gemini,2,"2

This comment provides"
d7c82565-05a0-40b7-91a6-0d4020ee6814,askacademia_train,losing_paraphrase_gpt4omini,3,"3

This comment provides"
d7c82565-05a0-40b7-91a6-0d4020ee6814,askacademia_train,losing_paraphrase_gpt5nano,3,"3

This comment provides"
d7c82565-05a0-40b7-91a6-0d4020ee6814,askacademia_train,losing_paraphrase_llama,3,3
d7c82565-05a0-40b7-91a6-0d4020ee6814,askacademia_train,losing_paraphrase_mistral,3,"3

This comment provides"
d7c82565-05a0-40b7-91a6-0d4020ee6814,askacademia_train,losing_paraphrase_qwen,2,"2

This comment provides"
3c5b5c96-8923-4756-83bf-0090cc0e59fc,askacademia_train,winning_text,2,"2

The comment provides"
3c5b5c96-8923-4756-83bf-0090cc0e59fc,askacademia_train,losing_text,2,"2

This comment provides"
3c5b5c96-8923-4756-83bf-0090cc0e59fc,askacademia_train,losing_generate_claude,3,"3

This comment provides"
3c5b5c96-8923-4756-83bf-0090cc0e59fc,askacademia_train,losing_generate_gemini,4,"4

This comment provides"
3c5b5c96-8923-4756-83bf-0090cc0e59fc,askacademia_train,losing_generate_gpt4omini,1,"1

This comment fails"
3c5b5c96-8923-4756-83bf-0090cc0e59fc,askacademia_train,losing_generate_gpt5nano,3,3
3c5b5c96-8923-4756-83bf-0090cc0e59fc,askacademia_train,losing_generate_llama,2,"2

This comment appears"
3c5b5c96-8923-4756-83bf-0090cc0e59fc,askacademia_train,losing_generate_mistral,2,"2

The comment provides"
3c5b5c96-8923-4756-83bf-0090cc0e59fc,askacademia_train,losing_generate_qwen,2,"2

This comment appears"
3c5b5c96-8923-4756-83bf-0090cc0e59fc,askacademia_train,losing_improve_claude,3,"3

This comment provides"
3c5b5c96-8923-4756-83bf-0090cc0e59fc,askacademia_train,losing_improve_gemini,1,1
3c5b5c96-8923-4756-83bf-0090cc0e59fc,askacademia_train,losing_improve_gpt4omini,3,"3

This comment provides"
3c5b5c96-8923-4756-83bf-0090cc0e59fc,askacademia_train,losing_improve_gpt5nano,3,"3

This comment provides"
3c5b5c96-8923-4756-83bf-0090cc0e59fc,askacademia_train,losing_improve_llama,2,"2

This comment provides"
3c5b5c96-8923-4756-83bf-0090cc0e59fc,askacademia_train,losing_improve_mistral,2,"2

This comment provides"
3c5b5c96-8923-4756-83bf-0090cc0e59fc,askacademia_train,losing_improve_qwen,2,"2

This comment provides"
3c5b5c96-8923-4756-83bf-0090cc0e59fc,askacademia_train,losing_paraphrase_claude,3,"3

This comment provides"
3c5b5c96-8923-4756-83bf-0090cc0e59fc,askacademia_train,losing_paraphrase_gemini,2,"2

This comment provides"
3c5b5c96-8923-4756-83bf-0090cc0e59fc,askacademia_train,losing_paraphrase_gpt4omini,2,"2

This comment provides"
3c5b5c96-8923-4756-83bf-0090cc0e59fc,askacademia_train,losing_paraphrase_gpt5nano,2,"2

This comment has"
3c5b5c96-8923-4756-83bf-0090cc0e59fc,askacademia_train,losing_paraphrase_llama,2,"2

This comment provides"
3c5b5c96-8923-4756-83bf-0090cc0e59fc,askacademia_train,losing_paraphrase_mistral,2,"2

This comment appears"
3c5b5c96-8923-4756-83bf-0090cc0e59fc,askacademia_train,losing_paraphrase_qwen,2,"2

This comment appears"
e0d4d31d-bb08-439c-a106-314d2977dcd6,askacademia_train,winning_text,2,"2

The comment provides"
e0d4d31d-bb08-439c-a106-314d2977dcd6,askacademia_train,losing_text,2,"2

This comment provides"
e0d4d31d-bb08-439c-a106-314d2977dcd6,askacademia_train,losing_generate_claude,4,"4

This is a"
e0d4d31d-bb08-439c-a106-314d2977dcd6,askacademia_train,losing_generate_gemini,4,"4

This is a"
e0d4d31d-bb08-439c-a106-314d2977dcd6,askacademia_train,losing_generate_gpt4omini,1,"1

This comment fails"
e0d4d31d-bb08-439c-a106-314d2977dcd6,askacademia_train,losing_generate_gpt5nano,2,"2

This comment appears"
e0d4d31d-bb08-439c-a106-314d2977dcd6,askacademia_train,losing_generate_llama,1,"1

This comment fails"
e0d4d31d-bb08-439c-a106-314d2977dcd6,askacademia_train,losing_generate_mistral,2,"2

This comment provides"
e0d4d31d-bb08-439c-a106-314d2977dcd6,askacademia_train,losing_generate_qwen,2,"2

This comment appears"
e0d4d31d-bb08-439c-a106-314d2977dcd6,askacademia_train,losing_improve_claude,2,"2

This comment does"
e0d4d31d-bb08-439c-a106-314d2977dcd6,askacademia_train,losing_improve_gemini,4,"4

This comment provides"
e0d4d31d-bb08-439c-a106-314d2977dcd6,askacademia_train,losing_improve_gpt4omini,3,3
e0d4d31d-bb08-439c-a106-314d2977dcd6,askacademia_train,losing_improve_gpt5nano,4,"4

This is a"
e0d4d31d-bb08-439c-a106-314d2977dcd6,askacademia_train,losing_improve_llama,2,"2

This comment provides"
e0d4d31d-bb08-439c-a106-314d2977dcd6,askacademia_train,losing_improve_mistral,2,"2

This comment provides"
e0d4d31d-bb08-439c-a106-314d2977dcd6,askacademia_train,losing_improve_qwen,2,"2

This comment provides"
e0d4d31d-bb08-439c-a106-314d2977dcd6,askacademia_train,losing_paraphrase_claude,1,"1

The comment provides"
e0d4d31d-bb08-439c-a106-314d2977dcd6,askacademia_train,losing_paraphrase_gemini,3,"3

This comment is"
e0d4d31d-bb08-439c-a106-314d2977dcd6,askacademia_train,losing_paraphrase_gpt4omini,2,"2

This comment provides"
e0d4d31d-bb08-439c-a106-314d2977dcd6,askacademia_train,losing_paraphrase_gpt5nano,3,"3

This comment provides"
e0d4d31d-bb08-439c-a106-314d2977dcd6,askacademia_train,losing_paraphrase_llama,2,"2

This comment provides"
e0d4d31d-bb08-439c-a106-314d2977dcd6,askacademia_train,losing_paraphrase_mistral,2,"2

This comment appears"
e0d4d31d-bb08-439c-a106-314d2977dcd6,askacademia_train,losing_paraphrase_qwen,2,"2

This comment appears"
b2872b61-e169-4799-8810-0c921b38588c,askacademia_train,winning_text,2,"2

The comment provides"
b2872b61-e169-4799-8810-0c921b38588c,askacademia_train,losing_text,4,"4

This is a"
b2872b61-e169-4799-8810-0c921b38588c,askacademia_train,losing_generate_claude,3,"3

This comment provides"
b2872b61-e169-4799-8810-0c921b38588c,askacademia_train,losing_generate_gemini,4,"4

This comment provides"
b2872b61-e169-4799-8810-0c921b38588c,askacademia_train,losing_generate_gpt4omini,1,"1

This comment fails"
b2872b61-e169-4799-8810-0c921b38588c,askacademia_train,losing_generate_gpt5nano,2,"2

This comment fundament"
b2872b61-e169-4799-8810-0c921b38588c,askacademia_train,losing_generate_llama,2,"2

This comment appears"
b2872b61-e169-4799-8810-0c921b38588c,askacademia_train,losing_generate_mistral,2,"2

The comment provides"
b2872b61-e169-4799-8810-0c921b38588c,askacademia_train,losing_generate_qwen,2,"2

The comment appears"
b2872b61-e169-4799-8810-0c921b38588c,askacademia_train,losing_improve_claude,4,"4

This is a"
b2872b61-e169-4799-8810-0c921b38588c,askacademia_train,losing_improve_gemini,2,"2

This comment provides"
b2872b61-e169-4799-8810-0c921b38588c,askacademia_train,losing_improve_gpt4omini,2,"2

The comment provides"
b2872b61-e169-4799-8810-0c921b38588c,askacademia_train,losing_improve_gpt5nano,3,"3

This comment provides"
b2872b61-e169-4799-8810-0c921b38588c,askacademia_train,losing_improve_llama,2,"2

This comment provides"
b2872b61-e169-4799-8810-0c921b38588c,askacademia_train,losing_improve_mistral,2,"2

The comment contains"
b2872b61-e169-4799-8810-0c921b38588c,askacademia_train,losing_improve_qwen,2,2
b2872b61-e169-4799-8810-0c921b38588c,askacademia_train,losing_paraphrase_claude,4,"4

This is a"
b2872b61-e169-4799-8810-0c921b38588c,askacademia_train,losing_paraphrase_gemini,4,"4

This is a"
b2872b61-e169-4799-8810-0c921b38588c,askacademia_train,losing_paraphrase_gpt4omini,2,"2

The comment provides"
b2872b61-e169-4799-8810-0c921b38588c,askacademia_train,losing_paraphrase_gpt5nano,4,"4

This is a"
b2872b61-e169-4799-8810-0c921b38588c,askacademia_train,losing_paraphrase_llama,2,"2

This comment provides"
b2872b61-e169-4799-8810-0c921b38588c,askacademia_train,losing_paraphrase_mistral,4,4
b2872b61-e169-4799-8810-0c921b38588c,askacademia_train,losing_paraphrase_qwen,3,3
8e4c3cae-3891-4fc3-9362-29f0a4c58909,askacademia_train,winning_text,2,"2

The comment makes"
8e4c3cae-3891-4fc3-9362-29f0a4c58909,askacademia_train,losing_text,4,"4

This is a"
8e4c3cae-3891-4fc3-9362-29f0a4c58909,askacademia_train,losing_generate_claude,5,"5

This comment is"
8e4c3cae-3891-4fc3-9362-29f0a4c58909,askacademia_train,losing_generate_gemini,4,"4

This comment provides"
8e4c3cae-3891-4fc3-9362-29f0a4c58909,askacademia_train,losing_generate_gpt4omini,2,"2

This comment provides"
8e4c3cae-3891-4fc3-9362-29f0a4c58909,askacademia_train,losing_generate_gpt5nano,2,"2

This comment appears"
8e4c3cae-3891-4fc3-9362-29f0a4c58909,askacademia_train,losing_generate_llama,2,"2

This comment appears"
8e4c3cae-3891-4fc3-9362-29f0a4c58909,askacademia_train,losing_generate_mistral,2,"2

The comment provides"
8e4c3cae-3891-4fc3-9362-29f0a4c58909,askacademia_train,losing_generate_qwen,2,"2

The comment appears"
8e4c3cae-3891-4fc3-9362-29f0a4c58909,askacademia_train,losing_improve_claude,5,"5

This comment is"
8e4c3cae-3891-4fc3-9362-29f0a4c58909,askacademia_train,losing_improve_gemini,2,"2

This comment provides"
8e4c3cae-3891-4fc3-9362-29f0a4c58909,askacademia_train,losing_improve_gpt4omini,2,2
8e4c3cae-3891-4fc3-9362-29f0a4c58909,askacademia_train,losing_improve_gpt5nano,3,"3

This comment provides"
8e4c3cae-3891-4fc3-9362-29f0a4c58909,askacademia_train,losing_improve_llama,2,"2

This comment provides"
8e4c3cae-3891-4fc3-9362-29f0a4c58909,askacademia_train,losing_improve_mistral,2,"2

The comment contains"
8e4c3cae-3891-4fc3-9362-29f0a4c58909,askacademia_train,losing_improve_qwen,2,2
8e4c3cae-3891-4fc3-9362-29f0a4c58909,askacademia_train,losing_paraphrase_claude,4,4
8e4c3cae-3891-4fc3-9362-29f0a4c58909,askacademia_train,losing_paraphrase_gemini,4,"4

This is a"
8e4c3cae-3891-4fc3-9362-29f0a4c58909,askacademia_train,losing_paraphrase_gpt4omini,2,"2

The comment provides"
8e4c3cae-3891-4fc3-9362-29f0a4c58909,askacademia_train,losing_paraphrase_gpt5nano,4,"4

This is a"
8e4c3cae-3891-4fc3-9362-29f0a4c58909,askacademia_train,losing_paraphrase_llama,2,"2

This comment provides"
8e4c3cae-3891-4fc3-9362-29f0a4c58909,askacademia_train,losing_paraphrase_mistral,4,4
8e4c3cae-3891-4fc3-9362-29f0a4c58909,askacademia_train,losing_paraphrase_qwen,3,3
51e49a80-3feb-4313-81b7-b0e24b0ce9b7,askacademia_train,winning_text,4,"4

This comment provides"
51e49a80-3feb-4313-81b7-b0e24b0ce9b7,askacademia_train,losing_text,4,"4

This is a"
51e49a80-3feb-4313-81b7-b0e24b0ce9b7,askacademia_train,losing_generate_claude,4,"4

This is a"
51e49a80-3feb-4313-81b7-b0e24b0ce9b7,askacademia_train,losing_generate_gemini,4,"4

This comment provides"
51e49a80-3feb-4313-81b7-b0e24b0ce9b7,askacademia_train,losing_generate_gpt4omini,1,"1

This comment fails"
51e49a80-3feb-4313-81b7-b0e24b0ce9b7,askacademia_train,losing_generate_gpt5nano,2,"2

This comment appears"
51e49a80-3feb-4313-81b7-b0e24b0ce9b7,askacademia_train,losing_generate_llama,2,"2

This comment provides"
51e49a80-3feb-4313-81b7-b0e24b0ce9b7,askacademia_train,losing_generate_mistral,2,"2

The comment provides"
51e49a80-3feb-4313-81b7-b0e24b0ce9b7,askacademia_train,losing_generate_qwen,2,"2

The comment appears"
51e49a80-3feb-4313-81b7-b0e24b0ce9b7,askacademia_train,losing_improve_claude,3,"3

This meta-"
51e49a80-3feb-4313-81b7-b0e24b0ce9b7,askacademia_train,losing_improve_gemini,2,"2

The comment provides"
51e49a80-3feb-4313-81b7-b0e24b0ce9b7,askacademia_train,losing_improve_gpt4omini,2,"2

The comment provides"
51e49a80-3feb-4313-81b7-b0e24b0ce9b7,askacademia_train,losing_improve_gpt5nano,3,"3

This comment provides"
51e49a80-3feb-4313-81b7-b0e24b0ce9b7,askacademia_train,losing_improve_llama,2,"2

This comment provides"
51e49a80-3feb-4313-81b7-b0e24b0ce9b7,askacademia_train,losing_improve_mistral,4,"4

This is a"
51e49a80-3feb-4313-81b7-b0e24b0ce9b7,askacademia_train,losing_improve_qwen,2,2
51e49a80-3feb-4313-81b7-b0e24b0ce9b7,askacademia_train,losing_paraphrase_claude,2,"2

This comment provides"
51e49a80-3feb-4313-81b7-b0e24b0ce9b7,askacademia_train,losing_paraphrase_gemini,4,"4

This is a"
51e49a80-3feb-4313-81b7-b0e24b0ce9b7,askacademia_train,losing_paraphrase_gpt4omini,2,"2

This comment provides"
51e49a80-3feb-4313-81b7-b0e24b0ce9b7,askacademia_train,losing_paraphrase_gpt5nano,4,"4

This is a"
51e49a80-3feb-4313-81b7-b0e24b0ce9b7,askacademia_train,losing_paraphrase_llama,2,"2

This comment provides"
51e49a80-3feb-4313-81b7-b0e24b0ce9b7,askacademia_train,losing_paraphrase_mistral,4,"4

This is a"
51e49a80-3feb-4313-81b7-b0e24b0ce9b7,askacademia_train,losing_paraphrase_qwen,3,3
edab6669-55b9-41f7-ab14-4012082a57a5,askacademia_train,winning_text,4,"4

This is a"
edab6669-55b9-41f7-ab14-4012082a57a5,askacademia_train,losing_text,4,"4

This is a"
edab6669-55b9-41f7-ab14-4012082a57a5,askacademia_train,losing_generate_claude,4,"4

This is a"
edab6669-55b9-41f7-ab14-4012082a57a5,askacademia_train,losing_generate_gemini,4,"4

This is a"
edab6669-55b9-41f7-ab14-4012082a57a5,askacademia_train,losing_generate_gpt4omini,1,"1

This comment is"
edab6669-55b9-41f7-ab14-4012082a57a5,askacademia_train,losing_generate_gpt5nano,3,"3

This comment provides"
edab6669-55b9-41f7-ab14-4012082a57a5,askacademia_train,losing_generate_llama,1,"1

This comment is"
edab6669-55b9-41f7-ab14-4012082a57a5,askacademia_train,losing_generate_mistral,2,"2

The comment provides"
edab6669-55b9-41f7-ab14-4012082a57a5,askacademia_train,losing_generate_qwen,2,"2

This comment appears"
edab6669-55b9-41f7-ab14-4012082a57a5,askacademia_train,losing_improve_claude,2,"2

This comment appears"
edab6669-55b9-41f7-ab14-4012082a57a5,askacademia_train,losing_improve_gemini,2,"2

This comment provides"
edab6669-55b9-41f7-ab14-4012082a57a5,askacademia_train,losing_improve_gpt4omini,2,"2

This comment provides"
edab6669-55b9-41f7-ab14-4012082a57a5,askacademia_train,losing_improve_gpt5nano,3,"3

This comment provides"
edab6669-55b9-41f7-ab14-4012082a57a5,askacademia_train,losing_improve_llama,2,"2

This comment provides"
edab6669-55b9-41f7-ab14-4012082a57a5,askacademia_train,losing_improve_mistral,2,2
edab6669-55b9-41f7-ab14-4012082a57a5,askacademia_train,losing_improve_qwen,2,2
edab6669-55b9-41f7-ab14-4012082a57a5,askacademia_train,losing_paraphrase_claude,4,4
edab6669-55b9-41f7-ab14-4012082a57a5,askacademia_train,losing_paraphrase_gemini,2,"2

This comment does"
edab6669-55b9-41f7-ab14-4012082a57a5,askacademia_train,losing_paraphrase_gpt4omini,2,"2

The comment provides"
edab6669-55b9-41f7-ab14-4012082a57a5,askacademia_train,losing_paraphrase_gpt5nano,4,4
edab6669-55b9-41f7-ab14-4012082a57a5,askacademia_train,losing_paraphrase_llama,2,"2

This comment provides"
edab6669-55b9-41f7-ab14-4012082a57a5,askacademia_train,losing_paraphrase_mistral,4,4
edab6669-55b9-41f7-ab14-4012082a57a5,askacademia_train,losing_paraphrase_qwen,3,3
9bd17922-ef84-4ccf-97b5-b8c240e76ac2,askacademia_train,winning_text,2,"2

The comment provides"
9bd17922-ef84-4ccf-97b5-b8c240e76ac2,askacademia_train,losing_text,3,"3

This comment provides"
9bd17922-ef84-4ccf-97b5-b8c240e76ac2,askacademia_train,losing_generate_claude,4,"4

This is a"
9bd17922-ef84-4ccf-97b5-b8c240e76ac2,askacademia_train,losing_generate_gemini,4,"4

This comment provides"
9bd17922-ef84-4ccf-97b5-b8c240e76ac2,askacademia_train,losing_generate_gpt4omini,1,"1

This comment fails"
9bd17922-ef84-4ccf-97b5-b8c240e76ac2,askacademia_train,losing_generate_gpt5nano,4,"4

This comment deser"
9bd17922-ef84-4ccf-97b5-b8c240e76ac2,askacademia_train,losing_generate_llama,2,"2

This comment appears"
9bd17922-ef84-4ccf-97b5-b8c240e76ac2,askacademia_train,losing_generate_mistral,2,"2

This comment provides"
9bd17922-ef84-4ccf-97b5-b8c240e76ac2,askacademia_train,losing_generate_qwen,2,"2

This comment appears"
9bd17922-ef84-4ccf-97b5-b8c240e76ac2,askacademia_train,losing_improve_claude,2,"2

The comment identifies"
9bd17922-ef84-4ccf-97b5-b8c240e76ac2,askacademia_train,losing_improve_gemini,3,3
9bd17922-ef84-4ccf-97b5-b8c240e76ac2,askacademia_train,losing_improve_gpt4omini,2,"2

This comment provides"
9bd17922-ef84-4ccf-97b5-b8c240e76ac2,askacademia_train,losing_improve_gpt5nano,4,"4

This is a"
9bd17922-ef84-4ccf-97b5-b8c240e76ac2,askacademia_train,losing_improve_llama,4,4
9bd17922-ef84-4ccf-97b5-b8c240e76ac2,askacademia_train,losing_improve_mistral,3,3
9bd17922-ef84-4ccf-97b5-b8c240e76ac2,askacademia_train,losing_improve_qwen,2,"2

This comment provides"
9bd17922-ef84-4ccf-97b5-b8c240e76ac2,askacademia_train,losing_paraphrase_claude,4,"4

This comment provides"
9bd17922-ef84-4ccf-97b5-b8c240e76ac2,askacademia_train,losing_paraphrase_gemini,2,"2

This comment does"
9bd17922-ef84-4ccf-97b5-b8c240e76ac2,askacademia_train,losing_paraphrase_gpt4omini,4,4
9bd17922-ef84-4ccf-97b5-b8c240e76ac2,askacademia_train,losing_paraphrase_gpt5nano,3,"3

This comment provides"
9bd17922-ef84-4ccf-97b5-b8c240e76ac2,askacademia_train,losing_paraphrase_llama,3,"3

This comment provides"
9bd17922-ef84-4ccf-97b5-b8c240e76ac2,askacademia_train,losing_paraphrase_mistral,3,3
9bd17922-ef84-4ccf-97b5-b8c240e76ac2,askacademia_train,losing_paraphrase_qwen,4,"4

This is a"
281557e4-236f-4969-af9f-8945dea42926,askacademia_train,winning_text,2,"2

The comment makes"
281557e4-236f-4969-af9f-8945dea42926,askacademia_train,losing_text,3,"3

This comment provides"
281557e4-236f-4969-af9f-8945dea42926,askacademia_train,losing_generate_claude,4,"4

This is a"
281557e4-236f-4969-af9f-8945dea42926,askacademia_train,losing_generate_gemini,4,"4

This is a"
281557e4-236f-4969-af9f-8945dea42926,askacademia_train,losing_generate_gpt4omini,2,"2

This comment provides"
281557e4-236f-4969-af9f-8945dea42926,askacademia_train,losing_generate_gpt5nano,2,"2

This comment is"
281557e4-236f-4969-af9f-8945dea42926,askacademia_train,losing_generate_llama,2,"2

This comment appears"
281557e4-236f-4969-af9f-8945dea42926,askacademia_train,losing_generate_mistral,2,"2

The comment provides"
281557e4-236f-4969-af9f-8945dea42926,askacademia_train,losing_generate_qwen,2,"2

The comment appears"
281557e4-236f-4969-af9f-8945dea42926,askacademia_train,losing_improve_claude,2,"2

This comment appears"
281557e4-236f-4969-af9f-8945dea42926,askacademia_train,losing_improve_gemini,2,"2

This comment makes"
281557e4-236f-4969-af9f-8945dea42926,askacademia_train,losing_improve_gpt4omini,3,"3

This comment provides"
281557e4-236f-4969-af9f-8945dea42926,askacademia_train,losing_improve_gpt5nano,4,"4

This is a"
281557e4-236f-4969-af9f-8945dea42926,askacademia_train,losing_improve_llama,4,4
281557e4-236f-4969-af9f-8945dea42926,askacademia_train,losing_improve_mistral,3,3
281557e4-236f-4969-af9f-8945dea42926,askacademia_train,losing_improve_qwen,2,"2

This comment provides"
281557e4-236f-4969-af9f-8945dea42926,askacademia_train,losing_paraphrase_claude,4,"4

This comment provides"
281557e4-236f-4969-af9f-8945dea42926,askacademia_train,losing_paraphrase_gemini,2,"2

This comment provides"
281557e4-236f-4969-af9f-8945dea42926,askacademia_train,losing_paraphrase_gpt4omini,4,4
281557e4-236f-4969-af9f-8945dea42926,askacademia_train,losing_paraphrase_gpt5nano,4,"4

This is a"
281557e4-236f-4969-af9f-8945dea42926,askacademia_train,losing_paraphrase_llama,3,"3

This comment provides"
281557e4-236f-4969-af9f-8945dea42926,askacademia_train,losing_paraphrase_mistral,3,3
281557e4-236f-4969-af9f-8945dea42926,askacademia_train,losing_paraphrase_qwen,3,3
76ae0379-eee7-4ff5-9afc-90d02ea33d93,askacademia_train,winning_text,4,"4

This comment provides"
76ae0379-eee7-4ff5-9afc-90d02ea33d93,askacademia_train,losing_text,2,"2

This comment makes"
76ae0379-eee7-4ff5-9afc-90d02ea33d93,askacademia_train,losing_generate_claude,4,"4

This is a"
76ae0379-eee7-4ff5-9afc-90d02ea33d93,askacademia_train,losing_generate_gemini,4,"4

This comment provides"
76ae0379-eee7-4ff5-9afc-90d02ea33d93,askacademia_train,losing_generate_gpt4omini,1,"1

This comment fails"
76ae0379-eee7-4ff5-9afc-90d02ea33d93,askacademia_train,losing_generate_gpt5nano,1,"1

The comment completely"
76ae0379-eee7-4ff5-9afc-90d02ea33d93,askacademia_train,losing_generate_llama,1,"1

This comment is"
76ae0379-eee7-4ff5-9afc-90d02ea33d93,askacademia_train,losing_generate_mistral,2,"2

The comment provides"
76ae0379-eee7-4ff5-9afc-90d02ea33d93,askacademia_train,losing_generate_qwen,2,"2

This comment appears"
76ae0379-eee7-4ff5-9afc-90d02ea33d93,askacademia_train,losing_improve_claude,2,"2

This comment appears"
76ae0379-eee7-4ff5-9afc-90d02ea33d93,askacademia_train,losing_improve_gemini,2,"2

This comment makes"
76ae0379-eee7-4ff5-9afc-90d02ea33d93,askacademia_train,losing_improve_gpt4omini,2,"2

This comment provides"
76ae0379-eee7-4ff5-9afc-90d02ea33d93,askacademia_train,losing_improve_gpt5nano,4,"4

This comment provides"
76ae0379-eee7-4ff5-9afc-90d02ea33d93,askacademia_train,losing_improve_llama,4,4
76ae0379-eee7-4ff5-9afc-90d02ea33d93,askacademia_train,losing_improve_mistral,3,3
76ae0379-eee7-4ff5-9afc-90d02ea33d93,askacademia_train,losing_improve_qwen,2,"2

This comment provides"
76ae0379-eee7-4ff5-9afc-90d02ea33d93,askacademia_train,losing_paraphrase_claude,4,"4

This comment provides"
76ae0379-eee7-4ff5-9afc-90d02ea33d93,askacademia_train,losing_paraphrase_gemini,4,"4

This comment serves"
76ae0379-eee7-4ff5-9afc-90d02ea33d93,askacademia_train,losing_paraphrase_gpt4omini,4,4
76ae0379-eee7-4ff5-9afc-90d02ea33d93,askacademia_train,losing_paraphrase_gpt5nano,3,"3

This comment provides"
76ae0379-eee7-4ff5-9afc-90d02ea33d93,askacademia_train,losing_paraphrase_llama,3,"3

This comment provides"
76ae0379-eee7-4ff5-9afc-90d02ea33d93,askacademia_train,losing_paraphrase_mistral,3,3
76ae0379-eee7-4ff5-9afc-90d02ea33d93,askacademia_train,losing_paraphrase_qwen,4,"4

This is a"
8566bc4c-e31a-4052-93ff-7c6c11e900d8,askacademia_train,winning_text,4,"4

This is a"
8566bc4c-e31a-4052-93ff-7c6c11e900d8,askacademia_train,losing_text,3,"3

This comment provides"
8566bc4c-e31a-4052-93ff-7c6c11e900d8,askacademia_train,losing_generate_claude,4,"4

This is a"
8566bc4c-e31a-4052-93ff-7c6c11e900d8,askacademia_train,losing_generate_gemini,4,"4

This is a"
8566bc4c-e31a-4052-93ff-7c6c11e900d8,askacademia_train,losing_generate_gpt4omini,1,"1

This comment fails"
8566bc4c-e31a-4052-93ff-7c6c11e900d8,askacademia_train,losing_generate_gpt5nano,1,"1

This comment completely"
8566bc4c-e31a-4052-93ff-7c6c11e900d8,askacademia_train,losing_generate_llama,2,"2

This comment appears"
8566bc4c-e31a-4052-93ff-7c6c11e900d8,askacademia_train,losing_generate_mistral,2,"2

The comment provides"
8566bc4c-e31a-4052-93ff-7c6c11e900d8,askacademia_train,losing_generate_qwen,2,"2

The comment appears"
8566bc4c-e31a-4052-93ff-7c6c11e900d8,askacademia_train,losing_improve_claude,2,2
8566bc4c-e31a-4052-93ff-7c6c11e900d8,askacademia_train,losing_improve_gemini,3,3
8566bc4c-e31a-4052-93ff-7c6c11e900d8,askacademia_train,losing_improve_gpt4omini,2,"2

This comment provides"
8566bc4c-e31a-4052-93ff-7c6c11e900d8,askacademia_train,losing_improve_gpt5nano,4,"4

This is a"
8566bc4c-e31a-4052-93ff-7c6c11e900d8,askacademia_train,losing_improve_llama,4,4
8566bc4c-e31a-4052-93ff-7c6c11e900d8,askacademia_train,losing_improve_mistral,3,"3

This comment provides"
8566bc4c-e31a-4052-93ff-7c6c11e900d8,askacademia_train,losing_improve_qwen,2,"2

This comment provides"
8566bc4c-e31a-4052-93ff-7c6c11e900d8,askacademia_train,losing_paraphrase_claude,2,"2

This comment provides"
8566bc4c-e31a-4052-93ff-7c6c11e900d8,askacademia_train,losing_paraphrase_gemini,4,"4

This comment serves"
8566bc4c-e31a-4052-93ff-7c6c11e900d8,askacademia_train,losing_paraphrase_gpt4omini,3,3
8566bc4c-e31a-4052-93ff-7c6c11e900d8,askacademia_train,losing_paraphrase_gpt5nano,3,3
8566bc4c-e31a-4052-93ff-7c6c11e900d8,askacademia_train,losing_paraphrase_llama,3,"3

This comment provides"
8566bc4c-e31a-4052-93ff-7c6c11e900d8,askacademia_train,losing_paraphrase_mistral,3,3
8566bc4c-e31a-4052-93ff-7c6c11e900d8,askacademia_train,losing_paraphrase_qwen,4,"4

This is a"
75777e87-b947-43a4-8f55-1a161ce4d8aa,askacademia_train,winning_text,4,"4

This is a"
75777e87-b947-43a4-8f55-1a161ce4d8aa,askacademia_train,losing_text,3,"3

This comment provides"
75777e87-b947-43a4-8f55-1a161ce4d8aa,askacademia_train,losing_generate_claude,4,"4

This is a"
75777e87-b947-43a4-8f55-1a161ce4d8aa,askacademia_train,losing_generate_gemini,4,"4

This comment provides"
75777e87-b947-43a4-8f55-1a161ce4d8aa,askacademia_train,losing_generate_gpt4omini,1,"1

This comment fails"
75777e87-b947-43a4-8f55-1a161ce4d8aa,askacademia_train,losing_generate_gpt5nano,5,"5

This comment deser"
75777e87-b947-43a4-8f55-1a161ce4d8aa,askacademia_train,losing_generate_llama,2,"2

This comment appears"
75777e87-b947-43a4-8f55-1a161ce4d8aa,askacademia_train,losing_generate_mistral,2,"2

The comment provides"
75777e87-b947-43a4-8f55-1a161ce4d8aa,askacademia_train,losing_generate_qwen,2,"2

The comment appears"
75777e87-b947-43a4-8f55-1a161ce4d8aa,askacademia_train,losing_improve_claude,2,"2

This comment appears"
75777e87-b947-43a4-8f55-1a161ce4d8aa,askacademia_train,losing_improve_gemini,3,3
75777e87-b947-43a4-8f55-1a161ce4d8aa,askacademia_train,losing_improve_gpt4omini,2,"2

This comment provides"
75777e87-b947-43a4-8f55-1a161ce4d8aa,askacademia_train,losing_improve_gpt5nano,5,"5

This comment deser"
75777e87-b947-43a4-8f55-1a161ce4d8aa,askacademia_train,losing_improve_llama,4,4
75777e87-b947-43a4-8f55-1a161ce4d8aa,askacademia_train,losing_improve_mistral,3,3
75777e87-b947-43a4-8f55-1a161ce4d8aa,askacademia_train,losing_improve_qwen,2,"2

This comment provides"
75777e87-b947-43a4-8f55-1a161ce4d8aa,askacademia_train,losing_paraphrase_claude,2,"2

This comment provides"
75777e87-b947-43a4-8f55-1a161ce4d8aa,askacademia_train,losing_paraphrase_gemini,2,"2

This comment provides"
75777e87-b947-43a4-8f55-1a161ce4d8aa,askacademia_train,losing_paraphrase_gpt4omini,4,4
75777e87-b947-43a4-8f55-1a161ce4d8aa,askacademia_train,losing_paraphrase_gpt5nano,2,"2

This comment makes"
75777e87-b947-43a4-8f55-1a161ce4d8aa,askacademia_train,losing_paraphrase_llama,3,"3

This comment provides"
75777e87-b947-43a4-8f55-1a161ce4d8aa,askacademia_train,losing_paraphrase_mistral,3,3
75777e87-b947-43a4-8f55-1a161ce4d8aa,askacademia_train,losing_paraphrase_qwen,4,"4

This is a"
2fa593d6-862d-49a7-b291-2f0fb7d29253,askacademia_train,winning_text,4,"4

This is a"
2fa593d6-862d-49a7-b291-2f0fb7d29253,askacademia_train,losing_text,4,"4

This comment provides"
2fa593d6-862d-49a7-b291-2f0fb7d29253,askacademia_train,losing_generate_claude,4,"4

This is a"
2fa593d6-862d-49a7-b291-2f0fb7d29253,askacademia_train,losing_generate_gemini,4,"4

This comment provides"
2fa593d6-862d-49a7-b291-2f0fb7d29253,askacademia_train,losing_generate_gpt4omini,1,"1

This comment fails"
2fa593d6-862d-49a7-b291-2f0fb7d29253,askacademia_train,losing_generate_gpt5nano,3,"3

This comment provides"
2fa593d6-862d-49a7-b291-2f0fb7d29253,askacademia_train,losing_generate_llama,1,"1

This comment is"
2fa593d6-862d-49a7-b291-2f0fb7d29253,askacademia_train,losing_generate_mistral,2,"2

The comment provides"
2fa593d6-862d-49a7-b291-2f0fb7d29253,askacademia_train,losing_generate_qwen,2,"2

The comment appears"
2fa593d6-862d-49a7-b291-2f0fb7d29253,askacademia_train,losing_improve_claude,4,"4

This is a"
2fa593d6-862d-49a7-b291-2f0fb7d29253,askacademia_train,losing_improve_gemini,4,"4

This is a"
2fa593d6-862d-49a7-b291-2f0fb7d29253,askacademia_train,losing_improve_gpt4omini,4,"4

This is a"
2fa593d6-862d-49a7-b291-2f0fb7d29253,askacademia_train,losing_improve_gpt5nano,1,"1

This comment fails"
2fa593d6-862d-49a7-b291-2f0fb7d29253,askacademia_train,losing_improve_llama,4,"4

This is a"
2fa593d6-862d-49a7-b291-2f0fb7d29253,askacademia_train,losing_improve_qwen,4,"4

This is a"
2fa593d6-862d-49a7-b291-2f0fb7d29253,askacademia_train,losing_paraphrase_claude,4,"4

This is a"
2fa593d6-862d-49a7-b291-2f0fb7d29253,askacademia_train,losing_paraphrase_gemini,2,"2

This comment provides"
2fa593d6-862d-49a7-b291-2f0fb7d29253,askacademia_train,losing_paraphrase_gpt4omini,3,"3

This comment provides"
2fa593d6-862d-49a7-b291-2f0fb7d29253,askacademia_train,losing_paraphrase_gpt5nano,4,"4

This comment provides"
2fa593d6-862d-49a7-b291-2f0fb7d29253,askacademia_train,losing_paraphrase_llama,4,4
2fa593d6-862d-49a7-b291-2f0fb7d29253,askacademia_train,losing_paraphrase_mistral,4,"4

This comment provides"
2fa593d6-862d-49a7-b291-2f0fb7d29253,askacademia_train,losing_paraphrase_qwen,3,"3

This comment provides"
b03c3e49-bd3f-42a1-a6d2-e07db2d427e4,askacademia_train,winning_text,2,"2

The comment makes"
b03c3e49-bd3f-42a1-a6d2-e07db2d427e4,askacademia_train,losing_text,4,"4

This comment provides"
b03c3e49-bd3f-42a1-a6d2-e07db2d427e4,askacademia_train,losing_generate_claude,4,"4

This is a"
b03c3e49-bd3f-42a1-a6d2-e07db2d427e4,askacademia_train,losing_generate_gemini,4,"4

This comment provides"
b03c3e49-bd3f-42a1-a6d2-e07db2d427e4,askacademia_train,losing_generate_gpt4omini,2,"2

This comment provides"
b03c3e49-bd3f-42a1-a6d2-e07db2d427e4,askacademia_train,losing_generate_gpt5nano,2,"2

The comment provides"
b03c3e49-bd3f-42a1-a6d2-e07db2d427e4,askacademia_train,losing_generate_llama,2,"2

This comment appears"
b03c3e49-bd3f-42a1-a6d2-e07db2d427e4,askacademia_train,losing_generate_mistral,2,"2

The comment provides"
b03c3e49-bd3f-42a1-a6d2-e07db2d427e4,askacademia_train,losing_generate_qwen,2,"2

The comment appears"
b03c3e49-bd3f-42a1-a6d2-e07db2d427e4,askacademia_train,losing_improve_claude,4,"4

This comment provides"
b03c3e49-bd3f-42a1-a6d2-e07db2d427e4,askacademia_train,losing_improve_gemini,1,1
b03c3e49-bd3f-42a1-a6d2-e07db2d427e4,askacademia_train,losing_improve_gpt4omini,3,"3

This comment provides"
b03c3e49-bd3f-42a1-a6d2-e07db2d427e4,askacademia_train,losing_improve_gpt5nano,3,"3

This comment provides"
b03c3e49-bd3f-42a1-a6d2-e07db2d427e4,askacademia_train,losing_improve_llama,2,"2

This comment provides"
b03c3e49-bd3f-42a1-a6d2-e07db2d427e4,askacademia_train,losing_improve_mistral,2,"2

The comment provides"
b03c3e49-bd3f-42a1-a6d2-e07db2d427e4,askacademia_train,losing_improve_qwen,4,"4

This comment provides"
b03c3e49-bd3f-42a1-a6d2-e07db2d427e4,askacademia_train,losing_paraphrase_claude,2,"2

This comment provides"
b03c3e49-bd3f-42a1-a6d2-e07db2d427e4,askacademia_train,losing_paraphrase_gemini,2,"2

This comment provides"
b03c3e49-bd3f-42a1-a6d2-e07db2d427e4,askacademia_train,losing_paraphrase_gpt4omini,2,"2

This comment provides"
b03c3e49-bd3f-42a1-a6d2-e07db2d427e4,askacademia_train,losing_paraphrase_gpt5nano,2,"2

The comment provides"
b03c3e49-bd3f-42a1-a6d2-e07db2d427e4,askacademia_train,losing_paraphrase_llama,4,"4

This is a"
b03c3e49-bd3f-42a1-a6d2-e07db2d427e4,askacademia_train,losing_paraphrase_mistral,2,"2

This comment provides"
b03c3e49-bd3f-42a1-a6d2-e07db2d427e4,askacademia_train,losing_paraphrase_qwen,4,"4

This comment provides"
2673a57c-9e03-40e8-b2cb-0d0a42091ec6,askacademia_train,winning_text,4,"4

This is a"
2673a57c-9e03-40e8-b2cb-0d0a42091ec6,askacademia_train,losing_text,1,"1

This comment is"
2673a57c-9e03-40e8-b2cb-0d0a42091ec6,askacademia_train,losing_generate_claude,4,"4

This is a"
2673a57c-9e03-40e8-b2cb-0d0a42091ec6,askacademia_train,losing_generate_gemini,4,"4

This comment provides"
2673a57c-9e03-40e8-b2cb-0d0a42091ec6,askacademia_train,losing_generate_gpt4omini,1,"1

This comment fails"
2673a57c-9e03-40e8-b2cb-0d0a42091ec6,askacademia_train,losing_generate_gpt5nano,3,"3

This comment provides"
2673a57c-9e03-40e8-b2cb-0d0a42091ec6,askacademia_train,losing_generate_llama,2,"2

This comment appears"
2673a57c-9e03-40e8-b2cb-0d0a42091ec6,askacademia_train,losing_generate_mistral,2,"2

The comment provides"
2673a57c-9e03-40e8-b2cb-0d0a42091ec6,askacademia_train,losing_generate_qwen,2,"2

The comment appears"
2673a57c-9e03-40e8-b2cb-0d0a42091ec6,askacademia_train,losing_improve_claude,2,"2

This comment provides"
2673a57c-9e03-40e8-b2cb-0d0a42091ec6,askacademia_train,losing_improve_gemini,2,"2

This comment provides"
2673a57c-9e03-40e8-b2cb-0d0a42091ec6,askacademia_train,losing_improve_gpt4omini,2,"2

This comment provides"
2673a57c-9e03-40e8-b2cb-0d0a42091ec6,askacademia_train,losing_improve_gpt5nano,2,"2

This comment appears"
2673a57c-9e03-40e8-b2cb-0d0a42091ec6,askacademia_train,losing_improve_llama,2,"2

This comment appears"
2673a57c-9e03-40e8-b2cb-0d0a42091ec6,askacademia_train,losing_improve_mistral,2,"2

This comment appears"
2673a57c-9e03-40e8-b2cb-0d0a42091ec6,askacademia_train,losing_improve_qwen,1,"1

This comment appears"
2673a57c-9e03-40e8-b2cb-0d0a42091ec6,askacademia_train,losing_paraphrase_claude,1,"1

This comment completely"
2673a57c-9e03-40e8-b2cb-0d0a42091ec6,askacademia_train,losing_paraphrase_gemini,2,"2

This comment provides"
2673a57c-9e03-40e8-b2cb-0d0a42091ec6,askacademia_train,losing_paraphrase_gpt4omini,1,"1

This comment appears"
2673a57c-9e03-40e8-b2cb-0d0a42091ec6,askacademia_train,losing_paraphrase_gpt5nano,1,"1

This comment is"
2673a57c-9e03-40e8-b2cb-0d0a42091ec6,askacademia_train,losing_paraphrase_llama,1,"1

This comment appears"
2673a57c-9e03-40e8-b2cb-0d0a42091ec6,askacademia_train,losing_paraphrase_mistral,2,"2

This comment appears"
2673a57c-9e03-40e8-b2cb-0d0a42091ec6,askacademia_train,losing_paraphrase_qwen,2,"2

This comment appears"
2b91ad7f-a14b-4847-9f52-103a101a861e,askacademia_train,winning_text,1,"1

This comment is"
2b91ad7f-a14b-4847-9f52-103a101a861e,askacademia_train,losing_text,2,"2

This comment provides"
2b91ad7f-a14b-4847-9f52-103a101a861e,askacademia_train,losing_generate_claude,4,"4

This is a"
2b91ad7f-a14b-4847-9f52-103a101a861e,askacademia_train,losing_generate_gemini,4,"4

This comment provides"
2b91ad7f-a14b-4847-9f52-103a101a861e,askacademia_train,losing_generate_gpt4omini,1,"1

This comment fails"
2b91ad7f-a14b-4847-9f52-103a101a861e,askacademia_train,losing_generate_gpt5nano,4,"4

This comment deser"
2b91ad7f-a14b-4847-9f52-103a101a861e,askacademia_train,losing_generate_llama,2,"2

This comment appears"
2b91ad7f-a14b-4847-9f52-103a101a861e,askacademia_train,losing_generate_mistral,2,"2

The comment provides"
2b91ad7f-a14b-4847-9f52-103a101a861e,askacademia_train,losing_generate_qwen,2,"2

This comment appears"
2b91ad7f-a14b-4847-9f52-103a101a861e,askacademia_train,losing_improve_claude,2,"2

This comment provides"
2b91ad7f-a14b-4847-9f52-103a101a861e,askacademia_train,losing_improve_gemini,2,"2

This comment shares"
2b91ad7f-a14b-4847-9f52-103a101a861e,askacademia_train,losing_improve_gpt4omini,2,"2

This comment appears"
2b91ad7f-a14b-4847-9f52-103a101a861e,askacademia_train,losing_improve_gpt5nano,4,"4

This is a"
2b91ad7f-a14b-4847-9f52-103a101a861e,askacademia_train,losing_improve_llama,2,"2

The comment provides"
2b91ad7f-a14b-4847-9f52-103a101a861e,askacademia_train,losing_improve_mistral,2,"2

This comment shares"
2b91ad7f-a14b-4847-9f52-103a101a861e,askacademia_train,losing_improve_qwen,2,"2

This comment shares"
2b91ad7f-a14b-4847-9f52-103a101a861e,askacademia_train,losing_paraphrase_claude,2,"2

This comment shares"
2b91ad7f-a14b-4847-9f52-103a101a861e,askacademia_train,losing_paraphrase_gemini,3,"3

This comment provides"
2b91ad7f-a14b-4847-9f52-103a101a861e,askacademia_train,losing_paraphrase_gpt4omini,2,"2

This comment shares"
2b91ad7f-a14b-4847-9f52-103a101a861e,askacademia_train,losing_paraphrase_gpt5nano,2,"2

This comment shares"
2b91ad7f-a14b-4847-9f52-103a101a861e,askacademia_train,losing_paraphrase_llama,2,"2

This comment shares"
2b91ad7f-a14b-4847-9f52-103a101a861e,askacademia_train,losing_paraphrase_mistral,2,"2

This comment shares"
2b91ad7f-a14b-4847-9f52-103a101a861e,askacademia_train,losing_paraphrase_qwen,3,"3

This comment is"
46930bb5-0654-461d-822e-8002dd40b5f3,askacademia_train,winning_text,2,"2

This comment appears"
46930bb5-0654-461d-822e-8002dd40b5f3,askacademia_train,losing_text,2,"2

The comment discusses"
46930bb5-0654-461d-822e-8002dd40b5f3,askacademia_train,losing_generate_claude,3,"3

This comment provides"
46930bb5-0654-461d-822e-8002dd40b5f3,askacademia_train,losing_generate_gemini,4,"4

This is a"
46930bb5-0654-461d-822e-8002dd40b5f3,askacademia_train,losing_generate_gpt4omini,1,"1

This comment fails"
46930bb5-0654-461d-822e-8002dd40b5f3,askacademia_train,losing_generate_gpt5nano,1,"1

This comment completely"
46930bb5-0654-461d-822e-8002dd40b5f3,askacademia_train,losing_generate_llama,1,"1

This comment is"
46930bb5-0654-461d-822e-8002dd40b5f3,askacademia_train,losing_generate_mistral,2,"2

The comment provides"
46930bb5-0654-461d-822e-8002dd40b5f3,askacademia_train,losing_generate_qwen,2,"2

This comment appears"
46930bb5-0654-461d-822e-8002dd40b5f3,askacademia_train,losing_improve_claude,4,"4

This is a"
46930bb5-0654-461d-822e-8002dd40b5f3,askacademia_train,losing_improve_gemini,2,"2

The comment provides"
46930bb5-0654-461d-822e-8002dd40b5f3,askacademia_train,losing_improve_gpt4omini,2,"2

The comment provides"
46930bb5-0654-461d-822e-8002dd40b5f3,askacademia_train,losing_improve_gpt5nano,4,"4

This comment provides"
46930bb5-0654-461d-822e-8002dd40b5f3,askacademia_train,losing_improve_llama,2,"2

The comment contains"
46930bb5-0654-461d-822e-8002dd40b5f3,askacademia_train,losing_improve_mistral,2,"2

The comment provides"
46930bb5-0654-461d-822e-8002dd40b5f3,askacademia_train,losing_improve_qwen,4,"4

This is a"
46930bb5-0654-461d-822e-8002dd40b5f3,askacademia_train,losing_paraphrase_claude,2,"2

The comment provides"
46930bb5-0654-461d-822e-8002dd40b5f3,askacademia_train,losing_paraphrase_gemini,4,"4

This comment serves"
46930bb5-0654-461d-822e-8002dd40b5f3,askacademia_train,losing_paraphrase_gpt4omini,2,"2

This comment provides"
46930bb5-0654-461d-822e-8002dd40b5f3,askacademia_train,losing_paraphrase_gpt5nano,2,"2

The comment provides"
46930bb5-0654-461d-822e-8002dd40b5f3,askacademia_train,losing_paraphrase_llama,2,"2

The comment provides"
46930bb5-0654-461d-822e-8002dd40b5f3,askacademia_train,losing_paraphrase_mistral,2,"2

The comment provides"
46930bb5-0654-461d-822e-8002dd40b5f3,askacademia_train,losing_paraphrase_qwen,2,"2

The comment provides"
59e9e5ed-9fa2-46e4-96fc-5cda09d749e0,askacademia_train,winning_text,2,"2

This comment does"
59e9e5ed-9fa2-46e4-96fc-5cda09d749e0,askacademia_train,losing_text,2,"2

This comment is"
59e9e5ed-9fa2-46e4-96fc-5cda09d749e0,askacademia_train,losing_generate_claude,1,1
59e9e5ed-9fa2-46e4-96fc-5cda09d749e0,askacademia_train,losing_generate_gemini,4,"4

This is a"
59e9e5ed-9fa2-46e4-96fc-5cda09d749e0,askacademia_train,losing_generate_gpt4omini,1,"1

This comment fails"
59e9e5ed-9fa2-46e4-96fc-5cda09d749e0,askacademia_train,losing_generate_gpt5nano,2,"2

This comment fails"
59e9e5ed-9fa2-46e4-96fc-5cda09d749e0,askacademia_train,losing_generate_llama,2,"2

This comment appears"
59e9e5ed-9fa2-46e4-96fc-5cda09d749e0,askacademia_train,losing_generate_mistral,2,"2

This comment provides"
59e9e5ed-9fa2-46e4-96fc-5cda09d749e0,askacademia_train,losing_generate_qwen,2,"2

This comment appears"
59e9e5ed-9fa2-46e4-96fc-5cda09d749e0,askacademia_train,losing_improve_claude,4,"4

This is a"
59e9e5ed-9fa2-46e4-96fc-5cda09d749e0,askacademia_train,losing_improve_gemini,2,"2

This comment shares"
59e9e5ed-9fa2-46e4-96fc-5cda09d749e0,askacademia_train,losing_improve_gpt4omini,2,"2

This comment poorly"
59e9e5ed-9fa2-46e4-96fc-5cda09d749e0,askacademia_train,losing_improve_gpt5nano,2,"2

The comment appears"
59e9e5ed-9fa2-46e4-96fc-5cda09d749e0,askacademia_train,losing_improve_llama,2,"2

This comment provides"
59e9e5ed-9fa2-46e4-96fc-5cda09d749e0,askacademia_train,losing_improve_mistral,2,"2

This comment appears"
59e9e5ed-9fa2-46e4-96fc-5cda09d749e0,askacademia_train,losing_improve_qwen,2,"2

This comment appears"
59e9e5ed-9fa2-46e4-96fc-5cda09d749e0,askacademia_train,losing_paraphrase_claude,2,"2

This comment appears"
59e9e5ed-9fa2-46e4-96fc-5cda09d749e0,askacademia_train,losing_paraphrase_gemini,4,"4

This comment serves"
59e9e5ed-9fa2-46e4-96fc-5cda09d749e0,askacademia_train,losing_paraphrase_gpt4omini,2,"2

This comment appears"
59e9e5ed-9fa2-46e4-96fc-5cda09d749e0,askacademia_train,losing_paraphrase_gpt5nano,2,"2

This comment appears"
59e9e5ed-9fa2-46e4-96fc-5cda09d749e0,askacademia_train,losing_paraphrase_llama,ERROR,
59e9e5ed-9fa2-46e4-96fc-5cda09d749e0,askacademia_train,losing_paraphrase_mistral,2,"2

This comment appears"
59e9e5ed-9fa2-46e4-96fc-5cda09d749e0,askacademia_train,losing_paraphrase_qwen,2,"2

This comment doesn"
a74e5f6d-3cab-4fbe-a6aa-2ca6cdb66992,askacademia_train,winning_text,2,"2

This comment appears"
a74e5f6d-3cab-4fbe-a6aa-2ca6cdb66992,askacademia_train,losing_text,2,"2

This comment is"
a74e5f6d-3cab-4fbe-a6aa-2ca6cdb66992,askacademia_train,losing_generate_claude,5,"5

This comment is"
a74e5f6d-3cab-4fbe-a6aa-2ca6cdb66992,askacademia_train,losing_generate_gemini,4,"4

This comment provides"
a74e5f6d-3cab-4fbe-a6aa-2ca6cdb66992,askacademia_train,losing_generate_gpt4omini,1,"1

This comment fails"
a74e5f6d-3cab-4fbe-a6aa-2ca6cdb66992,askacademia_train,losing_generate_gpt5nano,4,"4

This comment deser"
a74e5f6d-3cab-4fbe-a6aa-2ca6cdb66992,askacademia_train,losing_generate_llama,2,"2

This comment appears"
a74e5f6d-3cab-4fbe-a6aa-2ca6cdb66992,askacademia_train,losing_generate_mistral,1,"1

This comment does"
a74e5f6d-3cab-4fbe-a6aa-2ca6cdb66992,askacademia_train,losing_generate_qwen,2,"2

The comment appears"
a74e5f6d-3cab-4fbe-a6aa-2ca6cdb66992,askacademia_train,losing_improve_claude,4,"4

This is a"
a74e5f6d-3cab-4fbe-a6aa-2ca6cdb66992,askacademia_train,losing_improve_gemini,2,"2

This comment shares"
a74e5f6d-3cab-4fbe-a6aa-2ca6cdb66992,askacademia_train,losing_improve_gpt4omini,2,"2

The comment appears"
a74e5f6d-3cab-4fbe-a6aa-2ca6cdb66992,askacademia_train,losing_improve_gpt5nano,2,"2

The comment appears"
a74e5f6d-3cab-4fbe-a6aa-2ca6cdb66992,askacademia_train,losing_improve_llama,3,"3

This comment provides"
a74e5f6d-3cab-4fbe-a6aa-2ca6cdb66992,askacademia_train,losing_improve_mistral,2,"2

This comment appears"
a74e5f6d-3cab-4fbe-a6aa-2ca6cdb66992,askacademia_train,losing_improve_qwen,2,"2

This comment appears"
a74e5f6d-3cab-4fbe-a6aa-2ca6cdb66992,askacademia_train,losing_paraphrase_claude,2,"2

This comment appears"
a74e5f6d-3cab-4fbe-a6aa-2ca6cdb66992,askacademia_train,losing_paraphrase_gemini,3,"3

This comment provides"
a74e5f6d-3cab-4fbe-a6aa-2ca6cdb66992,askacademia_train,losing_paraphrase_gpt4omini,2,"2

This comment shares"
a74e5f6d-3cab-4fbe-a6aa-2ca6cdb66992,askacademia_train,losing_paraphrase_gpt5nano,2,"2

This comment appears"
a74e5f6d-3cab-4fbe-a6aa-2ca6cdb66992,askacademia_train,losing_paraphrase_llama,ERROR,
a74e5f6d-3cab-4fbe-a6aa-2ca6cdb66992,askacademia_train,losing_paraphrase_mistral,2,"2

This comment appears"
a74e5f6d-3cab-4fbe-a6aa-2ca6cdb66992,askacademia_train,losing_paraphrase_qwen,2,"2

This comment doesn"
1f654db6-e806-446d-a378-977585756ff1,askacademia_train,winning_text,2,"2

This comment is"
1f654db6-e806-446d-a378-977585756ff1,askacademia_train,losing_text,2,"2

The comment is"
1f654db6-e806-446d-a378-977585756ff1,askacademia_train,losing_generate_claude,4,"4

This is a"
1f654db6-e806-446d-a378-977585756ff1,askacademia_train,losing_generate_gemini,4,"4

This is a"
1f654db6-e806-446d-a378-977585756ff1,askacademia_train,losing_generate_gpt4omini,1,"1

This comment fails"
1f654db6-e806-446d-a378-977585756ff1,askacademia_train,losing_generate_gpt5nano,4,"4

This is a"
1f654db6-e806-446d-a378-977585756ff1,askacademia_train,losing_generate_llama,2,"2

This comment appears"
1f654db6-e806-446d-a378-977585756ff1,askacademia_train,losing_generate_mistral,2,"2

This comment provides"
1f654db6-e806-446d-a378-977585756ff1,askacademia_train,losing_generate_qwen,2,"2

This comment appears"
1f654db6-e806-446d-a378-977585756ff1,askacademia_train,losing_improve_claude,4,"4

This is a"
1f654db6-e806-446d-a378-977585756ff1,askacademia_train,losing_improve_gemini,4,"4

This is a"
1f654db6-e806-446d-a378-977585756ff1,askacademia_train,losing_improve_gpt4omini,2,"2

This comment appears"
1f654db6-e806-446d-a378-977585756ff1,askacademia_train,losing_improve_gpt5nano,4,"4

This is a"
1f654db6-e806-446d-a378-977585756ff1,askacademia_train,losing_improve_llama,2,2
1f654db6-e806-446d-a378-977585756ff1,askacademia_train,losing_improve_mistral,2,"2

This comment provides"
1f654db6-e806-446d-a378-977585756ff1,askacademia_train,losing_improve_qwen,2,"2

This comment acknowled"
1f654db6-e806-446d-a378-977585756ff1,askacademia_train,losing_paraphrase_claude,4,"4

This is a"
1f654db6-e806-446d-a378-977585756ff1,askacademia_train,losing_paraphrase_gemini,2,"2

The comment """
1f654db6-e806-446d-a378-977585756ff1,askacademia_train,losing_paraphrase_gpt4omini,4,"4

This is a"
1f654db6-e806-446d-a378-977585756ff1,askacademia_train,losing_paraphrase_gpt5nano,4,"4

The comment is"
1f654db6-e806-446d-a378-977585756ff1,askacademia_train,losing_paraphrase_llama,2,"2

This comment is"
1f654db6-e806-446d-a378-977585756ff1,askacademia_train,losing_paraphrase_mistral,4,"4

This is a"
1f654db6-e806-446d-a378-977585756ff1,askacademia_train,losing_paraphrase_qwen,4,"4

This is a"
2c5e5c7e-f171-463d-af5b-6b7c7a0eda56,askacademia_train,winning_text,2,"2

This is a"
2c5e5c7e-f171-463d-af5b-6b7c7a0eda56,askacademia_train,losing_text,2,"2

The comment is"
2c5e5c7e-f171-463d-af5b-6b7c7a0eda56,askacademia_train,losing_generate_claude,3,"3

This comment provides"
2c5e5c7e-f171-463d-af5b-6b7c7a0eda56,askacademia_train,losing_generate_gemini,4,"4

This comment provides"
2c5e5c7e-f171-463d-af5b-6b7c7a0eda56,askacademia_train,losing_generate_gpt4omini,1,"1

This comment fails"
2c5e5c7e-f171-463d-af5b-6b7c7a0eda56,askacademia_train,losing_generate_gpt5nano,1,"1

This comment fails"
2c5e5c7e-f171-463d-af5b-6b7c7a0eda56,askacademia_train,losing_generate_llama,2,"2

This comment appears"
2c5e5c7e-f171-463d-af5b-6b7c7a0eda56,askacademia_train,losing_generate_mistral,2,"2

The comment provides"
2c5e5c7e-f171-463d-af5b-6b7c7a0eda56,askacademia_train,losing_generate_qwen,2,"2

This comment appears"
2c5e5c7e-f171-463d-af5b-6b7c7a0eda56,askacademia_train,losing_improve_claude,1,"1

The comment appears"
2c5e5c7e-f171-463d-af5b-6b7c7a0eda56,askacademia_train,losing_improve_gemini,4,"4

This is a"
2c5e5c7e-f171-463d-af5b-6b7c7a0eda56,askacademia_train,losing_improve_gpt4omini,2,"2

This comment appears"
2c5e5c7e-f171-463d-af5b-6b7c7a0eda56,askacademia_train,losing_improve_gpt5nano,2,"2

This comment appears"
2c5e5c7e-f171-463d-af5b-6b7c7a0eda56,askacademia_train,losing_improve_llama,2,2
2c5e5c7e-f171-463d-af5b-6b7c7a0eda56,askacademia_train,losing_improve_mistral,2,"2

This comment provides"
2c5e5c7e-f171-463d-af5b-6b7c7a0eda56,askacademia_train,losing_improve_qwen,2,"2

This comment acknowled"
2c5e5c7e-f171-463d-af5b-6b7c7a0eda56,askacademia_train,losing_paraphrase_claude,4,"4

This is a"
2c5e5c7e-f171-463d-af5b-6b7c7a0eda56,askacademia_train,losing_paraphrase_gemini,3,"3

This comment provides"
2c5e5c7e-f171-463d-af5b-6b7c7a0eda56,askacademia_train,losing_paraphrase_gpt4omini,3,"3

This comment provides"
2c5e5c7e-f171-463d-af5b-6b7c7a0eda56,askacademia_train,losing_paraphrase_gpt5nano,4,"4

The comment is"
2c5e5c7e-f171-463d-af5b-6b7c7a0eda56,askacademia_train,losing_paraphrase_llama,2,"2

This comment is"
2c5e5c7e-f171-463d-af5b-6b7c7a0eda56,askacademia_train,losing_paraphrase_mistral,4,"4

This is a"
2c5e5c7e-f171-463d-af5b-6b7c7a0eda56,askacademia_train,losing_paraphrase_qwen,4,"4

This is a"
9b5b6141-9e42-4edd-b7fb-82168e273469,askacademia_train,winning_text,2,"2

The comment """
9b5b6141-9e42-4edd-b7fb-82168e273469,askacademia_train,losing_text,2,"2

The comment is"
9b5b6141-9e42-4edd-b7fb-82168e273469,askacademia_train,losing_generate_claude,3,"3

This comment provides"
9b5b6141-9e42-4edd-b7fb-82168e273469,askacademia_train,losing_generate_gemini,4,"4

This comment provides"
9b5b6141-9e42-4edd-b7fb-82168e273469,askacademia_train,losing_generate_gpt4omini,1,"1

This comment fails"
9b5b6141-9e42-4edd-b7fb-82168e273469,askacademia_train,losing_generate_gpt5nano,2,"2

The comment mis"
9b5b6141-9e42-4edd-b7fb-82168e273469,askacademia_train,losing_generate_llama,2,"2

This comment appears"
9b5b6141-9e42-4edd-b7fb-82168e273469,askacademia_train,losing_generate_mistral,2,"2

The comment provides"
9b5b6141-9e42-4edd-b7fb-82168e273469,askacademia_train,losing_generate_qwen,2,"2

The comment appears"
9b5b6141-9e42-4edd-b7fb-82168e273469,askacademia_train,losing_improve_claude,4,"4

This is a"
9b5b6141-9e42-4edd-b7fb-82168e273469,askacademia_train,losing_improve_gemini,4,"4

This is a"
9b5b6141-9e42-4edd-b7fb-82168e273469,askacademia_train,losing_improve_gpt4omini,2,"2

This comment provides"
9b5b6141-9e42-4edd-b7fb-82168e273469,askacademia_train,losing_improve_gpt5nano,3,"3

This comment provides"
9b5b6141-9e42-4edd-b7fb-82168e273469,askacademia_train,losing_improve_llama,2,"2

The comment is"
9b5b6141-9e42-4edd-b7fb-82168e273469,askacademia_train,losing_improve_mistral,2,"2

This comment provides"
9b5b6141-9e42-4edd-b7fb-82168e273469,askacademia_train,losing_improve_qwen,2,"2

This comment acknowled"
9b5b6141-9e42-4edd-b7fb-82168e273469,askacademia_train,losing_paraphrase_claude,4,"4

This is a"
9b5b6141-9e42-4edd-b7fb-82168e273469,askacademia_train,losing_paraphrase_gemini,2,"2

This comment shares"
9b5b6141-9e42-4edd-b7fb-82168e273469,askacademia_train,losing_paraphrase_gpt4omini,4,"4

This is a"
9b5b6141-9e42-4edd-b7fb-82168e273469,askacademia_train,losing_paraphrase_gpt5nano,4,"4

The comment is"
9b5b6141-9e42-4edd-b7fb-82168e273469,askacademia_train,losing_paraphrase_llama,2,"2

This comment is"
9b5b6141-9e42-4edd-b7fb-82168e273469,askacademia_train,losing_paraphrase_mistral,4,"4

This is a"
9b5b6141-9e42-4edd-b7fb-82168e273469,askacademia_train,losing_paraphrase_qwen,2,"2

This comment acknowled"
0c498c68-1c49-41eb-9fdf-a33ceda5c1f5,askacademia_train,winning_text,2,"2

This is a"
0c498c68-1c49-41eb-9fdf-a33ceda5c1f5,askacademia_train,losing_text,2,"2

The comment is"
0c498c68-1c49-41eb-9fdf-a33ceda5c1f5,askacademia_train,losing_generate_claude,4,"4

This is a"
0c498c68-1c49-41eb-9fdf-a33ceda5c1f5,askacademia_train,losing_generate_gemini,4,"4

This is a"
0c498c68-1c49-41eb-9fdf-a33ceda5c1f5,askacademia_train,losing_generate_gpt4omini,2,"2

This comment provides"
0c498c68-1c49-41eb-9fdf-a33ceda5c1f5,askacademia_train,losing_generate_gpt5nano,2,"2

This comment assumes"
0c498c68-1c49-41eb-9fdf-a33ceda5c1f5,askacademia_train,losing_generate_llama,2,"2

This comment appears"
0c498c68-1c49-41eb-9fdf-a33ceda5c1f5,askacademia_train,losing_generate_mistral,2,"2

This comment appears"
0c498c68-1c49-41eb-9fdf-a33ceda5c1f5,askacademia_train,losing_generate_qwen,2,"2

The comment appears"
0c498c68-1c49-41eb-9fdf-a33ceda5c1f5,askacademia_train,losing_improve_claude,3,"3

This comment provides"
0c498c68-1c49-41eb-9fdf-a33ceda5c1f5,askacademia_train,losing_improve_gemini,4,"4

This is a"
0c498c68-1c49-41eb-9fdf-a33ceda5c1f5,askacademia_train,losing_improve_gpt4omini,2,"2

This comment provides"
0c498c68-1c49-41eb-9fdf-a33ceda5c1f5,askacademia_train,losing_improve_gpt5nano,3,"3

This comment assumes"
0c498c68-1c49-41eb-9fdf-a33ceda5c1f5,askacademia_train,losing_improve_llama,2,"2

The comment appears"
0c498c68-1c49-41eb-9fdf-a33ceda5c1f5,askacademia_train,losing_improve_mistral,2,"2

This comment provides"
0c498c68-1c49-41eb-9fdf-a33ceda5c1f5,askacademia_train,losing_improve_qwen,2,"2

This comment acknowled"
0c498c68-1c49-41eb-9fdf-a33ceda5c1f5,askacademia_train,losing_paraphrase_claude,4,"4

This is a"
0c498c68-1c49-41eb-9fdf-a33ceda5c1f5,askacademia_train,losing_paraphrase_gemini,2,"2

This comment provides"
0c498c68-1c49-41eb-9fdf-a33ceda5c1f5,askacademia_train,losing_paraphrase_gpt4omini,2,"2

This comment provides"
0c498c68-1c49-41eb-9fdf-a33ceda5c1f5,askacademia_train,losing_paraphrase_gpt5nano,4,"4

This is a"
0c498c68-1c49-41eb-9fdf-a33ceda5c1f5,askacademia_train,losing_paraphrase_llama,2,"2

This comment is"
0c498c68-1c49-41eb-9fdf-a33ceda5c1f5,askacademia_train,losing_paraphrase_mistral,4,"4

This is a"
0c498c68-1c49-41eb-9fdf-a33ceda5c1f5,askacademia_train,losing_paraphrase_qwen,4,"4

This is a"
7097e5c2-0f9a-4e3a-9c92-2979785001ca,askacademia_train,winning_text,2,"2

This comment is"
7097e5c2-0f9a-4e3a-9c92-2979785001ca,askacademia_train,losing_text,2,"2

The comment is"
7097e5c2-0f9a-4e3a-9c92-2979785001ca,askacademia_train,losing_generate_claude,4,"4

This is a"
7097e5c2-0f9a-4e3a-9c92-2979785001ca,askacademia_train,losing_generate_gemini,4,"4

This comment provides"
7097e5c2-0f9a-4e3a-9c92-2979785001ca,askacademia_train,losing_generate_gpt4omini,2,"2

This comment provides"
7097e5c2-0f9a-4e3a-9c92-2979785001ca,askacademia_train,losing_generate_gpt5nano,2,"2

This comment mis"
7097e5c2-0f9a-4e3a-9c92-2979785001ca,askacademia_train,losing_generate_llama,2,"2

This comment appears"
7097e5c2-0f9a-4e3a-9c92-2979785001ca,askacademia_train,losing_generate_mistral,2,"2

This comment provides"
7097e5c2-0f9a-4e3a-9c92-2979785001ca,askacademia_train,losing_generate_qwen,2,"2

This comment appears"
7097e5c2-0f9a-4e3a-9c92-2979785001ca,askacademia_train,losing_improve_claude,3,"3

This comment provides"
7097e5c2-0f9a-4e3a-9c92-2979785001ca,askacademia_train,losing_improve_gemini,4,"4

This is a"
7097e5c2-0f9a-4e3a-9c92-2979785001ca,askacademia_train,losing_improve_gpt4omini,2,"2

This comment provides"
7097e5c2-0f9a-4e3a-9c92-2979785001ca,askacademia_train,losing_improve_gpt5nano,2,"2

This comment appears"
7097e5c2-0f9a-4e3a-9c92-2979785001ca,askacademia_train,losing_improve_llama,2,"2

The comment is"
7097e5c2-0f9a-4e3a-9c92-2979785001ca,askacademia_train,losing_improve_mistral,2,"2

This comment provides"
7097e5c2-0f9a-4e3a-9c92-2979785001ca,askacademia_train,losing_improve_qwen,2,"2

This comment acknowled"
7097e5c2-0f9a-4e3a-9c92-2979785001ca,askacademia_train,losing_paraphrase_claude,4,"4

This is a"
7097e5c2-0f9a-4e3a-9c92-2979785001ca,askacademia_train,losing_paraphrase_gemini,2,"2

This comment provides"
7097e5c2-0f9a-4e3a-9c92-2979785001ca,askacademia_train,losing_paraphrase_gpt4omini,4,"4

This is a"
7097e5c2-0f9a-4e3a-9c92-2979785001ca,askacademia_train,losing_paraphrase_gpt5nano,4,"4

This is a"
7097e5c2-0f9a-4e3a-9c92-2979785001ca,askacademia_train,losing_paraphrase_llama,2,"2

This comment is"
7097e5c2-0f9a-4e3a-9c92-2979785001ca,askacademia_train,losing_paraphrase_mistral,4,"4

This is a"
7097e5c2-0f9a-4e3a-9c92-2979785001ca,askacademia_train,losing_paraphrase_qwen,4,"4

This is a"
c568b2ec-55b0-41af-97ec-76594c021399,askacademia_train,winning_text,4,"4

This is a"
c568b2ec-55b0-41af-97ec-76594c021399,askacademia_train,losing_text,2,"2

The comment is"
c568b2ec-55b0-41af-97ec-76594c021399,askacademia_train,losing_generate_claude,4,"4

This is a"
c568b2ec-55b0-41af-97ec-76594c021399,askacademia_train,losing_generate_gemini,4,"4

This comment provides"
c568b2ec-55b0-41af-97ec-76594c021399,askacademia_train,losing_generate_gpt4omini,1,"1

This comment fails"
c568b2ec-55b0-41af-97ec-76594c021399,askacademia_train,losing_generate_gpt5nano,2,"2

This comment mis"
c568b2ec-55b0-41af-97ec-76594c021399,askacademia_train,losing_generate_llama,2,"2

This comment appears"
c568b2ec-55b0-41af-97ec-76594c021399,askacademia_train,losing_generate_mistral,2,"2

The comment provides"
c568b2ec-55b0-41af-97ec-76594c021399,askacademia_train,losing_generate_qwen,2,"2

This comment is"
c568b2ec-55b0-41af-97ec-76594c021399,askacademia_train,losing_improve_claude,3,"3

This comment provides"
c568b2ec-55b0-41af-97ec-76594c021399,askacademia_train,losing_improve_gemini,4,"4

This is a"
c568b2ec-55b0-41af-97ec-76594c021399,askacademia_train,losing_improve_gpt4omini,2,"2

This comment appears"
c568b2ec-55b0-41af-97ec-76594c021399,askacademia_train,losing_improve_gpt5nano,3,"3

This comment provides"
c568b2ec-55b0-41af-97ec-76594c021399,askacademia_train,losing_improve_llama,2,"2

The comment is"
c568b2ec-55b0-41af-97ec-76594c021399,askacademia_train,losing_improve_mistral,2,"2

The comment provides"
c568b2ec-55b0-41af-97ec-76594c021399,askacademia_train,losing_improve_qwen,2,"2

This comment acknowled"
c568b2ec-55b0-41af-97ec-76594c021399,askacademia_train,losing_paraphrase_claude,4,"4

This is a"
c568b2ec-55b0-41af-97ec-76594c021399,askacademia_train,losing_paraphrase_gemini,2,"2

This comment provides"
c568b2ec-55b0-41af-97ec-76594c021399,askacademia_train,losing_paraphrase_gpt4omini,4,"4

This is a"
c568b2ec-55b0-41af-97ec-76594c021399,askacademia_train,losing_paraphrase_gpt5nano,2,"2

This comment appears"
c568b2ec-55b0-41af-97ec-76594c021399,askacademia_train,losing_paraphrase_llama,2,"2

This comment is"
c568b2ec-55b0-41af-97ec-76594c021399,askacademia_train,losing_paraphrase_mistral,4,"4

This is a"
c568b2ec-55b0-41af-97ec-76594c021399,askacademia_train,losing_paraphrase_qwen,4,"4

This is a"
360124a0-c6d8-4ce1-9e86-b3b60b7fe78d,askacademia_train,winning_text,2,"2

This is a"
360124a0-c6d8-4ce1-9e86-b3b60b7fe78d,askacademia_train,losing_text,2,"2

This comment is"
360124a0-c6d8-4ce1-9e86-b3b60b7fe78d,askacademia_train,losing_generate_claude,4,"4

This is a"
360124a0-c6d8-4ce1-9e86-b3b60b7fe78d,askacademia_train,losing_generate_gemini,4,"4

This comment provides"
360124a0-c6d8-4ce1-9e86-b3b60b7fe78d,askacademia_train,losing_generate_gpt4omini,2,"2

This comment provides"
360124a0-c6d8-4ce1-9e86-b3b60b7fe78d,askacademia_train,losing_generate_gpt5nano,2,"2

This comment appears"
360124a0-c6d8-4ce1-9e86-b3b60b7fe78d,askacademia_train,losing_generate_llama,2,"2

This comment appears"
360124a0-c6d8-4ce1-9e86-b3b60b7fe78d,askacademia_train,losing_generate_mistral,2,"2

The comment provides"
360124a0-c6d8-4ce1-9e86-b3b60b7fe78d,askacademia_train,losing_generate_qwen,2,"2

This comment is"
360124a0-c6d8-4ce1-9e86-b3b60b7fe78d,askacademia_train,losing_improve_claude,2,2
360124a0-c6d8-4ce1-9e86-b3b60b7fe78d,askacademia_train,losing_improve_gemini,4,"4

This is a"
360124a0-c6d8-4ce1-9e86-b3b60b7fe78d,askacademia_train,losing_improve_gpt4omini,2,"2

This comment is"
360124a0-c6d8-4ce1-9e86-b3b60b7fe78d,askacademia_train,losing_improve_gpt5nano,2,"2

This comment appears"
360124a0-c6d8-4ce1-9e86-b3b60b7fe78d,askacademia_train,losing_improve_llama,2,"2

This comment is"
360124a0-c6d8-4ce1-9e86-b3b60b7fe78d,askacademia_train,losing_improve_mistral,2,"2

This comment appears"
360124a0-c6d8-4ce1-9e86-b3b60b7fe78d,askacademia_train,losing_improve_qwen,2,"2

This comment appears"
360124a0-c6d8-4ce1-9e86-b3b60b7fe78d,askacademia_train,losing_paraphrase_claude,2,"2

This is a"
360124a0-c6d8-4ce1-9e86-b3b60b7fe78d,askacademia_train,losing_paraphrase_gemini,2,"2

This comment provides"
360124a0-c6d8-4ce1-9e86-b3b60b7fe78d,askacademia_train,losing_paraphrase_gpt4omini,2,"2

This comment is"
360124a0-c6d8-4ce1-9e86-b3b60b7fe78d,askacademia_train,losing_paraphrase_gpt5nano,2,"2

This comment is"
360124a0-c6d8-4ce1-9e86-b3b60b7fe78d,askacademia_train,losing_paraphrase_llama,2,2
360124a0-c6d8-4ce1-9e86-b3b60b7fe78d,askacademia_train,losing_paraphrase_mistral,2,"2

The comment is"
360124a0-c6d8-4ce1-9e86-b3b60b7fe78d,askacademia_train,losing_paraphrase_qwen,2,"2

This comment is"
720672bc-085a-4323-9009-4069c14cbe6d,askacademia_train,winning_text,2,"2

The comment """
720672bc-085a-4323-9009-4069c14cbe6d,askacademia_train,losing_text,2,"2

This comment is"
720672bc-085a-4323-9009-4069c14cbe6d,askacademia_train,losing_generate_claude,4,"4

This is a"
720672bc-085a-4323-9009-4069c14cbe6d,askacademia_train,losing_generate_gemini,4,"4

This comment provides"
720672bc-085a-4323-9009-4069c14cbe6d,askacademia_train,losing_generate_gpt4omini,1,"1

This comment fails"
720672bc-085a-4323-9009-4069c14cbe6d,askacademia_train,losing_generate_gpt5nano,2,"2

This comment appears"
720672bc-085a-4323-9009-4069c14cbe6d,askacademia_train,losing_generate_llama,2,"2

This comment appears"
720672bc-085a-4323-9009-4069c14cbe6d,askacademia_train,losing_generate_mistral,2,"2

The comment provides"
720672bc-085a-4323-9009-4069c14cbe6d,askacademia_train,losing_generate_qwen,2,"2

This comment appears"
720672bc-085a-4323-9009-4069c14cbe6d,askacademia_train,losing_improve_claude,2,"2

This comment appears"
720672bc-085a-4323-9009-4069c14cbe6d,askacademia_train,losing_improve_gemini,2,"2

This comment appears"
720672bc-085a-4323-9009-4069c14cbe6d,askacademia_train,losing_improve_gpt4omini,2,"2

This comment is"
720672bc-085a-4323-9009-4069c14cbe6d,askacademia_train,losing_improve_gpt5nano,3,"3

This comment provides"
720672bc-085a-4323-9009-4069c14cbe6d,askacademia_train,losing_improve_llama,2,"2

This comment is"
720672bc-085a-4323-9009-4069c14cbe6d,askacademia_train,losing_improve_mistral,2,"2

This comment is"
720672bc-085a-4323-9009-4069c14cbe6d,askacademia_train,losing_improve_qwen,2,"2

This comment appears"
720672bc-085a-4323-9009-4069c14cbe6d,askacademia_train,losing_paraphrase_claude,2,"2

This is a"
720672bc-085a-4323-9009-4069c14cbe6d,askacademia_train,losing_paraphrase_gemini,3,3
720672bc-085a-4323-9009-4069c14cbe6d,askacademia_train,losing_paraphrase_gpt4omini,2,"2

This comment is"
720672bc-085a-4323-9009-4069c14cbe6d,askacademia_train,losing_paraphrase_gpt5nano,3,"3

This is a"
720672bc-085a-4323-9009-4069c14cbe6d,askacademia_train,losing_paraphrase_llama,2,2
720672bc-085a-4323-9009-4069c14cbe6d,askacademia_train,losing_paraphrase_mistral,2,"2

The comment is"
720672bc-085a-4323-9009-4069c14cbe6d,askacademia_train,losing_paraphrase_qwen,2,"2

This comment is"
b03afad7-b8c7-4d70-86af-a8b61f59d669,askacademia_train,winning_text,2,"2

This is a"
b03afad7-b8c7-4d70-86af-a8b61f59d669,askacademia_train,losing_text,2,"2

This comment is"
b03afad7-b8c7-4d70-86af-a8b61f59d669,askacademia_train,losing_generate_claude,4,"4

This is a"
b03afad7-b8c7-4d70-86af-a8b61f59d669,askacademia_train,losing_generate_gemini,4,"4

This comment provides"
b03afad7-b8c7-4d70-86af-a8b61f59d669,askacademia_train,losing_generate_gpt4omini,1,"1

This comment fails"
b03afad7-b8c7-4d70-86af-a8b61f59d669,askacademia_train,losing_generate_gpt5nano,2,"2

This comment appears"
b03afad7-b8c7-4d70-86af-a8b61f59d669,askacademia_train,losing_generate_llama,2,"2

This comment appears"
b03afad7-b8c7-4d70-86af-a8b61f59d669,askacademia_train,losing_generate_mistral,1,"1

This comment appears"
b03afad7-b8c7-4d70-86af-a8b61f59d669,askacademia_train,losing_generate_qwen,2,"2

This comment appears"
b03afad7-b8c7-4d70-86af-a8b61f59d669,askacademia_train,losing_improve_claude,2,"2

This comment appears"
b03afad7-b8c7-4d70-86af-a8b61f59d669,askacademia_train,losing_improve_gemini,2,"2

This comment appears"
b03afad7-b8c7-4d70-86af-a8b61f59d669,askacademia_train,losing_improve_gpt4omini,2,"2

This comment is"
b03afad7-b8c7-4d70-86af-a8b61f59d669,askacademia_train,losing_improve_gpt5nano,3,"3

This comment provides"
b03afad7-b8c7-4d70-86af-a8b61f59d669,askacademia_train,losing_improve_llama,2,"2

This comment is"
b03afad7-b8c7-4d70-86af-a8b61f59d669,askacademia_train,losing_improve_mistral,2,"2

This comment is"
b03afad7-b8c7-4d70-86af-a8b61f59d669,askacademia_train,losing_improve_qwen,2,"2

This comment appears"
b03afad7-b8c7-4d70-86af-a8b61f59d669,askacademia_train,losing_paraphrase_claude,2,"2

This is a"
b03afad7-b8c7-4d70-86af-a8b61f59d669,askacademia_train,losing_paraphrase_gemini,3,3
b03afad7-b8c7-4d70-86af-a8b61f59d669,askacademia_train,losing_paraphrase_gpt4omini,2,"2

This comment is"
b03afad7-b8c7-4d70-86af-a8b61f59d669,askacademia_train,losing_paraphrase_gpt5nano,3,3
b03afad7-b8c7-4d70-86af-a8b61f59d669,askacademia_train,losing_paraphrase_llama,2,2
b03afad7-b8c7-4d70-86af-a8b61f59d669,askacademia_train,losing_paraphrase_mistral,2,"2

The comment is"
b03afad7-b8c7-4d70-86af-a8b61f59d669,askacademia_train,losing_paraphrase_qwen,2,"2

This comment is"
20296672-f854-4723-bb81-f4f56da168ef,askacademia_train,winning_text,4,"4

This is a"
20296672-f854-4723-bb81-f4f56da168ef,askacademia_train,losing_text,2,"2

This comment is"
20296672-f854-4723-bb81-f4f56da168ef,askacademia_train,losing_generate_claude,1,1
20296672-f854-4723-bb81-f4f56da168ef,askacademia_train,losing_generate_gemini,4,"4

This comment provides"
20296672-f854-4723-bb81-f4f56da168ef,askacademia_train,losing_generate_gpt4omini,1,"1

This comment fails"
20296672-f854-4723-bb81-f4f56da168ef,askacademia_train,losing_generate_gpt5nano,2,"2

This comment mis"
20296672-f854-4723-bb81-f4f56da168ef,askacademia_train,losing_generate_llama,1,"1

This comment fails"
20296672-f854-4723-bb81-f4f56da168ef,askacademia_train,losing_generate_mistral,2,"2

This comment provides"
20296672-f854-4723-bb81-f4f56da168ef,askacademia_train,losing_generate_qwen,2,"2

The comment appears"
20296672-f854-4723-bb81-f4f56da168ef,askacademia_train,losing_improve_claude,1,"1

The comment completely"
20296672-f854-4723-bb81-f4f56da168ef,askacademia_train,losing_improve_gemini,2,"2

This comment is"
20296672-f854-4723-bb81-f4f56da168ef,askacademia_train,losing_improve_gpt4omini,3,"3

This comment appears"
20296672-f854-4723-bb81-f4f56da168ef,askacademia_train,losing_improve_gpt5nano,2,"2

This comment provides"
20296672-f854-4723-bb81-f4f56da168ef,askacademia_train,losing_improve_llama,2,"2

This comment appears"
20296672-f854-4723-bb81-f4f56da168ef,askacademia_train,losing_improve_mistral,2,"2

This comment provides"
20296672-f854-4723-bb81-f4f56da168ef,askacademia_train,losing_improve_qwen,2,"2

The comment """
20296672-f854-4723-bb81-f4f56da168ef,askacademia_train,losing_paraphrase_claude,2,"2

This comment is"
20296672-f854-4723-bb81-f4f56da168ef,askacademia_train,losing_paraphrase_gemini,3,"3

This comment provides"
20296672-f854-4723-bb81-f4f56da168ef,askacademia_train,losing_paraphrase_gpt4omini,2,"2

This comment is"
20296672-f854-4723-bb81-f4f56da168ef,askacademia_train,losing_paraphrase_gpt5nano,2,"2

This comment is"
20296672-f854-4723-bb81-f4f56da168ef,askacademia_train,losing_paraphrase_llama,3,"3

This comment provides"
20296672-f854-4723-bb81-f4f56da168ef,askacademia_train,losing_paraphrase_mistral,2,"2

This comment is"
20296672-f854-4723-bb81-f4f56da168ef,askacademia_train,losing_paraphrase_qwen,2,"2

This comment is"
70fd65d6-5258-4c0e-b2ab-a6c2d89ef4e6,askacademia_train,winning_text,2,"2

This is a"
70fd65d6-5258-4c0e-b2ab-a6c2d89ef4e6,askacademia_train,losing_text,2,"2

This comment is"
70fd65d6-5258-4c0e-b2ab-a6c2d89ef4e6,askacademia_train,losing_generate_claude,3,"3

This comment provides"
70fd65d6-5258-4c0e-b2ab-a6c2d89ef4e6,askacademia_train,losing_generate_gemini,4,"4

This comment provides"
70fd65d6-5258-4c0e-b2ab-a6c2d89ef4e6,askacademia_train,losing_generate_gpt4omini,1,"1

This comment fails"
70fd65d6-5258-4c0e-b2ab-a6c2d89ef4e6,askacademia_train,losing_generate_gpt5nano,5,"5

This is an"
70fd65d6-5258-4c0e-b2ab-a6c2d89ef4e6,askacademia_train,losing_generate_llama,2,"2

This comment appears"
70fd65d6-5258-4c0e-b2ab-a6c2d89ef4e6,askacademia_train,losing_generate_mistral,2,"2

The comment provides"
70fd65d6-5258-4c0e-b2ab-a6c2d89ef4e6,askacademia_train,losing_generate_qwen,2,"2

The comment appears"
70fd65d6-5258-4c0e-b2ab-a6c2d89ef4e6,askacademia_train,losing_improve_claude,2,"2

The comment appears"
70fd65d6-5258-4c0e-b2ab-a6c2d89ef4e6,askacademia_train,losing_improve_gemini,2,"2

This comment is"
70fd65d6-5258-4c0e-b2ab-a6c2d89ef4e6,askacademia_train,losing_improve_gpt4omini,2,"2

This comment appears"
70fd65d6-5258-4c0e-b2ab-a6c2d89ef4e6,askacademia_train,losing_improve_gpt5nano,2,"2

This comment appears"
70fd65d6-5258-4c0e-b2ab-a6c2d89ef4e6,askacademia_train,losing_improve_llama,2,"2

This comment appears"
70fd65d6-5258-4c0e-b2ab-a6c2d89ef4e6,askacademia_train,losing_improve_mistral,2,"2

This comment provides"
70fd65d6-5258-4c0e-b2ab-a6c2d89ef4e6,askacademia_train,losing_improve_qwen,2,"2

The comment """
70fd65d6-5258-4c0e-b2ab-a6c2d89ef4e6,askacademia_train,losing_paraphrase_claude,2,"2

This comment provides"
70fd65d6-5258-4c0e-b2ab-a6c2d89ef4e6,askacademia_train,losing_paraphrase_gemini,3,"3

This comment provides"
70fd65d6-5258-4c0e-b2ab-a6c2d89ef4e6,askacademia_train,losing_paraphrase_gpt4omini,2,"2

This comment is"
70fd65d6-5258-4c0e-b2ab-a6c2d89ef4e6,askacademia_train,losing_paraphrase_gpt5nano,2,"2

This comment is"
70fd65d6-5258-4c0e-b2ab-a6c2d89ef4e6,askacademia_train,losing_paraphrase_llama,3,3
70fd65d6-5258-4c0e-b2ab-a6c2d89ef4e6,askacademia_train,losing_paraphrase_mistral,2,"2

This comment is"
70fd65d6-5258-4c0e-b2ab-a6c2d89ef4e6,askacademia_train,losing_paraphrase_qwen,2,"2

This comment is"
103ae850-e32a-4fc3-a2db-3a99dec6746d,askacademia_train,winning_text,3,"3

This comment is"
103ae850-e32a-4fc3-a2db-3a99dec6746d,askacademia_train,losing_text,2,"2

This comment is"
103ae850-e32a-4fc3-a2db-3a99dec6746d,askacademia_train,losing_generate_claude,1,"1

This comment is"
103ae850-e32a-4fc3-a2db-3a99dec6746d,askacademia_train,losing_generate_gemini,4,"4

This comment provides"
103ae850-e32a-4fc3-a2db-3a99dec6746d,askacademia_train,losing_generate_gpt4omini,2,"2

The comment provides"
103ae850-e32a-4fc3-a2db-3a99dec6746d,askacademia_train,losing_generate_gpt5nano,2,"2

This comment appears"
103ae850-e32a-4fc3-a2db-3a99dec6746d,askacademia_train,losing_generate_llama,2,"2

This comment appears"
103ae850-e32a-4fc3-a2db-3a99dec6746d,askacademia_train,losing_generate_mistral,2,"2

This comment provides"
103ae850-e32a-4fc3-a2db-3a99dec6746d,askacademia_train,losing_generate_qwen,2,"2

The comment appears"
103ae850-e32a-4fc3-a2db-3a99dec6746d,askacademia_train,losing_improve_claude,1,"1

This comment completely"
103ae850-e32a-4fc3-a2db-3a99dec6746d,askacademia_train,losing_improve_gemini,2,"2

This comment is"
103ae850-e32a-4fc3-a2db-3a99dec6746d,askacademia_train,losing_improve_gpt4omini,2,"2

This comment is"
103ae850-e32a-4fc3-a2db-3a99dec6746d,askacademia_train,losing_improve_gpt5nano,2,"2

This comment appears"
103ae850-e32a-4fc3-a2db-3a99dec6746d,askacademia_train,losing_improve_llama,2,"2

This comment appears"
103ae850-e32a-4fc3-a2db-3a99dec6746d,askacademia_train,losing_improve_mistral,3,"3

This is a"
103ae850-e32a-4fc3-a2db-3a99dec6746d,askacademia_train,losing_improve_qwen,2,"2

The comment """
103ae850-e32a-4fc3-a2db-3a99dec6746d,askacademia_train,losing_paraphrase_claude,2,"2

This comment provides"
103ae850-e32a-4fc3-a2db-3a99dec6746d,askacademia_train,losing_paraphrase_gemini,2,"2

The comment is"
103ae850-e32a-4fc3-a2db-3a99dec6746d,askacademia_train,losing_paraphrase_gpt4omini,2,"2

This comment is"
103ae850-e32a-4fc3-a2db-3a99dec6746d,askacademia_train,losing_paraphrase_gpt5nano,2,"2

This comment is"
103ae850-e32a-4fc3-a2db-3a99dec6746d,askacademia_train,losing_paraphrase_llama,3,3
103ae850-e32a-4fc3-a2db-3a99dec6746d,askacademia_train,losing_paraphrase_mistral,2,"2

This comment is"
103ae850-e32a-4fc3-a2db-3a99dec6746d,askacademia_train,losing_paraphrase_qwen,2,"2

This comment is"
32ba4d66-9b9f-433e-b04c-29cfe2c22414,askacademia_train,winning_text,4,"4

This is a"
32ba4d66-9b9f-433e-b04c-29cfe2c22414,askacademia_train,losing_text,2,"2

This comment is"
32ba4d66-9b9f-433e-b04c-29cfe2c22414,askacademia_train,losing_generate_claude,3,"3

This comment provides"
32ba4d66-9b9f-433e-b04c-29cfe2c22414,askacademia_train,losing_generate_gemini,4,"4

This is a"
32ba4d66-9b9f-433e-b04c-29cfe2c22414,askacademia_train,losing_generate_gpt4omini,1,"1

This comment fails"
32ba4d66-9b9f-433e-b04c-29cfe2c22414,askacademia_train,losing_generate_gpt5nano,1,"1

This comment appears"
32ba4d66-9b9f-433e-b04c-29cfe2c22414,askacademia_train,losing_generate_llama,2,"2

This comment appears"
32ba4d66-9b9f-433e-b04c-29cfe2c22414,askacademia_train,losing_generate_mistral,2,"2

This comment provides"
32ba4d66-9b9f-433e-b04c-29cfe2c22414,askacademia_train,losing_generate_qwen,2,"2

This comment appears"
32ba4d66-9b9f-433e-b04c-29cfe2c22414,askacademia_train,losing_improve_claude,2,"2

The comment is"
32ba4d66-9b9f-433e-b04c-29cfe2c22414,askacademia_train,losing_improve_gemini,2,"2

This comment is"
32ba4d66-9b9f-433e-b04c-29cfe2c22414,askacademia_train,losing_improve_gpt4omini,2,"2

This comment appears"
32ba4d66-9b9f-433e-b04c-29cfe2c22414,askacademia_train,losing_improve_gpt5nano,2,"2

This comment appears"
32ba4d66-9b9f-433e-b04c-29cfe2c22414,askacademia_train,losing_improve_llama,2,"2

This comment appears"
32ba4d66-9b9f-433e-b04c-29cfe2c22414,askacademia_train,losing_improve_mistral,2,"2

This comment provides"
32ba4d66-9b9f-433e-b04c-29cfe2c22414,askacademia_train,losing_improve_qwen,2,"2

The comment """
32ba4d66-9b9f-433e-b04c-29cfe2c22414,askacademia_train,losing_paraphrase_claude,2,"2

The comment provides"
32ba4d66-9b9f-433e-b04c-29cfe2c22414,askacademia_train,losing_paraphrase_gemini,2,"2

This comment appears"
32ba4d66-9b9f-433e-b04c-29cfe2c22414,askacademia_train,losing_paraphrase_gpt4omini,2,"2

This comment is"
32ba4d66-9b9f-433e-b04c-29cfe2c22414,askacademia_train,losing_paraphrase_gpt5nano,2,"2

This comment is"
32ba4d66-9b9f-433e-b04c-29cfe2c22414,askacademia_train,losing_paraphrase_llama,3,3
32ba4d66-9b9f-433e-b04c-29cfe2c22414,askacademia_train,losing_paraphrase_mistral,2,"2

This comment is"
32ba4d66-9b9f-433e-b04c-29cfe2c22414,askacademia_train,losing_paraphrase_qwen,2,"2

This comment is"
d830e64e-7697-43b8-b738-6277ab1414af,askacademia_train,winning_text,3,"3

This comment is"
d830e64e-7697-43b8-b738-6277ab1414af,askacademia_train,losing_text,2,"2

This comment is"
d830e64e-7697-43b8-b738-6277ab1414af,askacademia_train,losing_generate_claude,4,"4

This is a"
d830e64e-7697-43b8-b738-6277ab1414af,askacademia_train,losing_generate_gemini,4,"4

This is a"
d830e64e-7697-43b8-b738-6277ab1414af,askacademia_train,losing_generate_gpt4omini,1,"1

This comment deser"
d830e64e-7697-43b8-b738-6277ab1414af,askacademia_train,losing_generate_gpt5nano,2,"2

This comment assumes"
d830e64e-7697-43b8-b738-6277ab1414af,askacademia_train,losing_generate_llama,2,"2

This comment appears"
d830e64e-7697-43b8-b738-6277ab1414af,askacademia_train,losing_generate_mistral,2,"2

This comment provides"
d830e64e-7697-43b8-b738-6277ab1414af,askacademia_train,losing_generate_qwen,2,"2

This comment appears"
d830e64e-7697-43b8-b738-6277ab1414af,askacademia_train,losing_improve_claude,2,"2

The comment appears"
d830e64e-7697-43b8-b738-6277ab1414af,askacademia_train,losing_improve_gemini,2,"2

This comment is"
d830e64e-7697-43b8-b738-6277ab1414af,askacademia_train,losing_improve_gpt4omini,2,"2

This comment is"
d830e64e-7697-43b8-b738-6277ab1414af,askacademia_train,losing_improve_gpt5nano,2,"2

This comment appears"
d830e64e-7697-43b8-b738-6277ab1414af,askacademia_train,losing_improve_llama,2,"2

This comment appears"
d830e64e-7697-43b8-b738-6277ab1414af,askacademia_train,losing_improve_mistral,2,"2

This comment provides"
d830e64e-7697-43b8-b738-6277ab1414af,askacademia_train,losing_improve_qwen,2,"2

The comment """
d830e64e-7697-43b8-b738-6277ab1414af,askacademia_train,losing_paraphrase_claude,2,"2

This comment is"
d830e64e-7697-43b8-b738-6277ab1414af,askacademia_train,losing_paraphrase_gemini,2,"2

This comment appears"
d830e64e-7697-43b8-b738-6277ab1414af,askacademia_train,losing_paraphrase_gpt4omini,2,"2

This comment is"
d830e64e-7697-43b8-b738-6277ab1414af,askacademia_train,losing_paraphrase_gpt5nano,2,"2

This comment is"
d830e64e-7697-43b8-b738-6277ab1414af,askacademia_train,losing_paraphrase_llama,3,"3

This comment provides"
d830e64e-7697-43b8-b738-6277ab1414af,askacademia_train,losing_paraphrase_mistral,2,"2

This comment is"
d830e64e-7697-43b8-b738-6277ab1414af,askacademia_train,losing_paraphrase_qwen,2,"2

This comment is"
571b083f-a3d3-492f-bdea-7459053400ef,askacademia_train,winning_text,2,"2

The comment """
571b083f-a3d3-492f-bdea-7459053400ef,askacademia_train,losing_text,2,"2

This comment is"
571b083f-a3d3-492f-bdea-7459053400ef,askacademia_train,losing_generate_claude,4,"4

This is a"
571b083f-a3d3-492f-bdea-7459053400ef,askacademia_train,losing_generate_gemini,4,"4

This comment provides"
571b083f-a3d3-492f-bdea-7459053400ef,askacademia_train,losing_generate_gpt4omini,1,"1

This comment fails"
571b083f-a3d3-492f-bdea-7459053400ef,askacademia_train,losing_generate_gpt5nano,2,"2

This comment appears"
571b083f-a3d3-492f-bdea-7459053400ef,askacademia_train,losing_generate_llama,2,"2

This comment appears"
571b083f-a3d3-492f-bdea-7459053400ef,askacademia_train,losing_generate_mistral,2,"2

This comment appears"
571b083f-a3d3-492f-bdea-7459053400ef,askacademia_train,losing_generate_qwen,2,"2

This comment appears"
571b083f-a3d3-492f-bdea-7459053400ef,askacademia_train,losing_improve_claude,2,"2

The comment appears"
571b083f-a3d3-492f-bdea-7459053400ef,askacademia_train,losing_improve_gemini,2,"2

This comment is"
571b083f-a3d3-492f-bdea-7459053400ef,askacademia_train,losing_improve_gpt4omini,3,"3

This comment appears"
571b083f-a3d3-492f-bdea-7459053400ef,askacademia_train,losing_improve_gpt5nano,2,"2

This comment appears"
571b083f-a3d3-492f-bdea-7459053400ef,askacademia_train,losing_improve_llama,2,"2

The comment appears"
571b083f-a3d3-492f-bdea-7459053400ef,askacademia_train,losing_improve_mistral,2,"2

This comment provides"
571b083f-a3d3-492f-bdea-7459053400ef,askacademia_train,losing_improve_qwen,2,"2

The comment """
571b083f-a3d3-492f-bdea-7459053400ef,askacademia_train,losing_paraphrase_claude,2,"2

This comment provides"
571b083f-a3d3-492f-bdea-7459053400ef,askacademia_train,losing_paraphrase_gemini,2,"2

This comment appears"
571b083f-a3d3-492f-bdea-7459053400ef,askacademia_train,losing_paraphrase_gpt4omini,2,"2

This comment is"
571b083f-a3d3-492f-bdea-7459053400ef,askacademia_train,losing_paraphrase_gpt5nano,2,"2

This is a"
571b083f-a3d3-492f-bdea-7459053400ef,askacademia_train,losing_paraphrase_llama,3,3
571b083f-a3d3-492f-bdea-7459053400ef,askacademia_train,losing_paraphrase_mistral,2,"2

This comment is"
571b083f-a3d3-492f-bdea-7459053400ef,askacademia_train,losing_paraphrase_qwen,2,"2

This comment is"
fe561348-89a1-4137-8ecf-ac6c8471cec5,askacademia_train,winning_text,2,"2

This is a"
fe561348-89a1-4137-8ecf-ac6c8471cec5,askacademia_train,losing_text,2,"2

This comment is"
fe561348-89a1-4137-8ecf-ac6c8471cec5,askacademia_train,losing_generate_claude,1,"1

This comment is"
fe561348-89a1-4137-8ecf-ac6c8471cec5,askacademia_train,losing_generate_gemini,4,"4

This comment provides"
fe561348-89a1-4137-8ecf-ac6c8471cec5,askacademia_train,losing_generate_gpt4omini,1,"1

This comment fails"
fe561348-89a1-4137-8ecf-ac6c8471cec5,askacademia_train,losing_generate_gpt5nano,1,"1

This comment completely"
fe561348-89a1-4137-8ecf-ac6c8471cec5,askacademia_train,losing_generate_llama,2,"2

This comment appears"
fe561348-89a1-4137-8ecf-ac6c8471cec5,askacademia_train,losing_generate_mistral,1,"1

This comment does"
fe561348-89a1-4137-8ecf-ac6c8471cec5,askacademia_train,losing_generate_qwen,2,"2

The comment appears"
fe561348-89a1-4137-8ecf-ac6c8471cec5,askacademia_train,losing_improve_claude,1,"1

The comment completely"
fe561348-89a1-4137-8ecf-ac6c8471cec5,askacademia_train,losing_improve_gemini,2,"2

This comment is"
fe561348-89a1-4137-8ecf-ac6c8471cec5,askacademia_train,losing_improve_gpt4omini,2,"2

This comment appears"
fe561348-89a1-4137-8ecf-ac6c8471cec5,askacademia_train,losing_improve_gpt5nano,2,"2

This comment appears"
fe561348-89a1-4137-8ecf-ac6c8471cec5,askacademia_train,losing_improve_llama,2,"2

This comment appears"
fe561348-89a1-4137-8ecf-ac6c8471cec5,askacademia_train,losing_improve_mistral,2,"2

This comment provides"
fe561348-89a1-4137-8ecf-ac6c8471cec5,askacademia_train,losing_improve_qwen,2,"2

The comment """
fe561348-89a1-4137-8ecf-ac6c8471cec5,askacademia_train,losing_paraphrase_claude,2,"2

The comment provides"
fe561348-89a1-4137-8ecf-ac6c8471cec5,askacademia_train,losing_paraphrase_gemini,2,"2

This comment is"
fe561348-89a1-4137-8ecf-ac6c8471cec5,askacademia_train,losing_paraphrase_gpt4omini,2,"2

This comment is"
fe561348-89a1-4137-8ecf-ac6c8471cec5,askacademia_train,losing_paraphrase_gpt5nano,2,"2

This comment is"
fe561348-89a1-4137-8ecf-ac6c8471cec5,askacademia_train,losing_paraphrase_llama,3,"3

This comment provides"
fe561348-89a1-4137-8ecf-ac6c8471cec5,askacademia_train,losing_paraphrase_mistral,2,"2

This comment is"
fe561348-89a1-4137-8ecf-ac6c8471cec5,askacademia_train,losing_paraphrase_qwen,2,"2

This comment is"
e35f0582-6618-4e5c-a4e2-dba01adc70c8,askacademia_train,winning_text,2,"2

This is a"
e35f0582-6618-4e5c-a4e2-dba01adc70c8,askacademia_train,losing_text,2,"2

This comment is"
e35f0582-6618-4e5c-a4e2-dba01adc70c8,askacademia_train,losing_generate_claude,5,"5

This comment is"
e35f0582-6618-4e5c-a4e2-dba01adc70c8,askacademia_train,losing_generate_gemini,4,"4

This is a"
e35f0582-6618-4e5c-a4e2-dba01adc70c8,askacademia_train,losing_generate_gpt4omini,1,"1

This comment fails"
e35f0582-6618-4e5c-a4e2-dba01adc70c8,askacademia_train,losing_generate_gpt5nano,4,"4

This is a"
e35f0582-6618-4e5c-a4e2-dba01adc70c8,askacademia_train,losing_generate_llama,2,"2

This comment appears"
e35f0582-6618-4e5c-a4e2-dba01adc70c8,askacademia_train,losing_generate_mistral,2,"2

This comment appears"
e35f0582-6618-4e5c-a4e2-dba01adc70c8,askacademia_train,losing_generate_qwen,2,"2

This comment appears"
e35f0582-6618-4e5c-a4e2-dba01adc70c8,askacademia_train,losing_improve_claude,2,"2

The comment appears"
e35f0582-6618-4e5c-a4e2-dba01adc70c8,askacademia_train,losing_improve_gemini,2,"2

This comment is"
e35f0582-6618-4e5c-a4e2-dba01adc70c8,askacademia_train,losing_improve_gpt4omini,AMBIG,I would rate this comment a
e35f0582-6618-4e5c-a4e2-dba01adc70c8,askacademia_train,losing_improve_gpt5nano,2,"2

This comment appears"
e35f0582-6618-4e5c-a4e2-dba01adc70c8,askacademia_train,losing_improve_llama,2,"2

This comment appears"
e35f0582-6618-4e5c-a4e2-dba01adc70c8,askacademia_train,losing_improve_mistral,2,"2

This comment provides"
e35f0582-6618-4e5c-a4e2-dba01adc70c8,askacademia_train,losing_improve_qwen,2,"2

The comment """
e35f0582-6618-4e5c-a4e2-dba01adc70c8,askacademia_train,losing_paraphrase_claude,2,"2

This comment provides"
e35f0582-6618-4e5c-a4e2-dba01adc70c8,askacademia_train,losing_paraphrase_gemini,4,"4

This is a"
e35f0582-6618-4e5c-a4e2-dba01adc70c8,askacademia_train,losing_paraphrase_gpt4omini,2,"2

This comment is"
e35f0582-6618-4e5c-a4e2-dba01adc70c8,askacademia_train,losing_paraphrase_gpt5nano,2,"2

This comment is"
e35f0582-6618-4e5c-a4e2-dba01adc70c8,askacademia_train,losing_paraphrase_llama,3,3
e35f0582-6618-4e5c-a4e2-dba01adc70c8,askacademia_train,losing_paraphrase_mistral,2,"2

This comment is"
e35f0582-6618-4e5c-a4e2-dba01adc70c8,askacademia_train,losing_paraphrase_qwen,2,"2

This comment is"
51fb8e78-ac3b-41e2-b0e3-a62495335b10,askacademia_train,winning_text,2,"2

This is a"
51fb8e78-ac3b-41e2-b0e3-a62495335b10,askacademia_train,losing_text,3,"3

This comment is"
51fb8e78-ac3b-41e2-b0e3-a62495335b10,askacademia_train,losing_generate_claude,4,"4

This is a"
51fb8e78-ac3b-41e2-b0e3-a62495335b10,askacademia_train,losing_generate_gemini,4,"4

This comment provides"
51fb8e78-ac3b-41e2-b0e3-a62495335b10,askacademia_train,losing_generate_gpt4omini,1,"1

This comment fails"
51fb8e78-ac3b-41e2-b0e3-a62495335b10,askacademia_train,losing_generate_gpt5nano,4,"4

This is a"
51fb8e78-ac3b-41e2-b0e3-a62495335b10,askacademia_train,losing_generate_llama,2,"2

This comment appears"
51fb8e78-ac3b-41e2-b0e3-a62495335b10,askacademia_train,losing_generate_mistral,1,"1

This comment does"
51fb8e78-ac3b-41e2-b0e3-a62495335b10,askacademia_train,losing_generate_qwen,2,"2

This comment appears"
51fb8e78-ac3b-41e2-b0e3-a62495335b10,askacademia_train,losing_improve_claude,2,"2

This comment is"
51fb8e78-ac3b-41e2-b0e3-a62495335b10,askacademia_train,losing_improve_gemini,4,"4

This is a"
51fb8e78-ac3b-41e2-b0e3-a62495335b10,askacademia_train,losing_improve_gpt4omini,4,"4

This is a"
51fb8e78-ac3b-41e2-b0e3-a62495335b10,askacademia_train,losing_improve_gpt5nano,2,"2

This comment assumes"
51fb8e78-ac3b-41e2-b0e3-a62495335b10,askacademia_train,losing_improve_llama,2,"2

This comment appears"
51fb8e78-ac3b-41e2-b0e3-a62495335b10,askacademia_train,losing_improve_mistral,2,"2

This comment appears"
51fb8e78-ac3b-41e2-b0e3-a62495335b10,askacademia_train,losing_improve_qwen,2,"2

This comment is"
51fb8e78-ac3b-41e2-b0e3-a62495335b10,askacademia_train,losing_paraphrase_claude,4,"4

This is a"
51fb8e78-ac3b-41e2-b0e3-a62495335b10,askacademia_train,losing_paraphrase_gemini,4,"4

This is a"
51fb8e78-ac3b-41e2-b0e3-a62495335b10,askacademia_train,losing_paraphrase_gpt4omini,4,4
51fb8e78-ac3b-41e2-b0e3-a62495335b10,askacademia_train,losing_paraphrase_gpt5nano,4,"4

This is a"
51fb8e78-ac3b-41e2-b0e3-a62495335b10,askacademia_train,losing_paraphrase_llama,2,"2

This comment is"
51fb8e78-ac3b-41e2-b0e3-a62495335b10,askacademia_train,losing_paraphrase_mistral,3,3
51fb8e78-ac3b-41e2-b0e3-a62495335b10,askacademia_train,losing_paraphrase_qwen,4,"4

This is a"
a7e28b67-7f41-4ac8-ab7c-db7eeee30cb3,askacademia_train,winning_text,3,"3

This comment is"
a7e28b67-7f41-4ac8-ab7c-db7eeee30cb3,askacademia_train,losing_text,3,"3

The comment is"
a7e28b67-7f41-4ac8-ab7c-db7eeee30cb3,askacademia_train,losing_generate_claude,4,"4

This is a"
a7e28b67-7f41-4ac8-ab7c-db7eeee30cb3,askacademia_train,losing_generate_gemini,4,"4

This is a"
a7e28b67-7f41-4ac8-ab7c-db7eeee30cb3,askacademia_train,losing_generate_gpt4omini,2,"2

This comment provides"
a7e28b67-7f41-4ac8-ab7c-db7eeee30cb3,askacademia_train,losing_generate_gpt5nano,4,"4

This comment provides"
a7e28b67-7f41-4ac8-ab7c-db7eeee30cb3,askacademia_train,losing_generate_llama,2,"2

This comment appears"
a7e28b67-7f41-4ac8-ab7c-db7eeee30cb3,askacademia_train,losing_generate_mistral,2,"2

This comment provides"
a7e28b67-7f41-4ac8-ab7c-db7eeee30cb3,askacademia_train,losing_generate_qwen,2,"2

The comment appears"
a7e28b67-7f41-4ac8-ab7c-db7eeee30cb3,askacademia_train,losing_improve_claude,1,"1

This comment completely"
a7e28b67-7f41-4ac8-ab7c-db7eeee30cb3,askacademia_train,losing_improve_gemini,4,"4

This is a"
a7e28b67-7f41-4ac8-ab7c-db7eeee30cb3,askacademia_train,losing_improve_gpt4omini,4,"4

This is a"
a7e28b67-7f41-4ac8-ab7c-db7eeee30cb3,askacademia_train,losing_improve_gpt5nano,2,"2

This comment assumes"
a7e28b67-7f41-4ac8-ab7c-db7eeee30cb3,askacademia_train,losing_improve_llama,2,"2

This comment appears"
a7e28b67-7f41-4ac8-ab7c-db7eeee30cb3,askacademia_train,losing_improve_mistral,2,"2

This comment appears"
a7e28b67-7f41-4ac8-ab7c-db7eeee30cb3,askacademia_train,losing_improve_qwen,2,"2

This comment is"
a7e28b67-7f41-4ac8-ab7c-db7eeee30cb3,askacademia_train,losing_paraphrase_claude,4,"4

This is a"
a7e28b67-7f41-4ac8-ab7c-db7eeee30cb3,askacademia_train,losing_paraphrase_gemini,4,"4

This is a"
a7e28b67-7f41-4ac8-ab7c-db7eeee30cb3,askacademia_train,losing_paraphrase_gpt4omini,4,4
a7e28b67-7f41-4ac8-ab7c-db7eeee30cb3,askacademia_train,losing_paraphrase_gpt5nano,4,4
a7e28b67-7f41-4ac8-ab7c-db7eeee30cb3,askacademia_train,losing_paraphrase_llama,2,"2

This comment is"
a7e28b67-7f41-4ac8-ab7c-db7eeee30cb3,askacademia_train,losing_paraphrase_mistral,3,3
a7e28b67-7f41-4ac8-ab7c-db7eeee30cb3,askacademia_train,losing_paraphrase_qwen,4,"4

The comment is"
c77f94ab-c1db-4991-a96a-3bc2b3572e74,askacademia_train,winning_text,4,"4

This is a"
c77f94ab-c1db-4991-a96a-3bc2b3572e74,askacademia_train,losing_text,3,"3

The comment is"
c77f94ab-c1db-4991-a96a-3bc2b3572e74,askacademia_train,losing_generate_claude,3,"3

This comment provides"
c77f94ab-c1db-4991-a96a-3bc2b3572e74,askacademia_train,losing_generate_gemini,4,"4

This comment provides"
c77f94ab-c1db-4991-a96a-3bc2b3572e74,askacademia_train,losing_generate_gpt4omini,1,"1

This comment fails"
c77f94ab-c1db-4991-a96a-3bc2b3572e74,askacademia_train,losing_generate_gpt5nano,2,"2

This comment appears"
c77f94ab-c1db-4991-a96a-3bc2b3572e74,askacademia_train,losing_generate_llama,2,"2

This comment appears"
c77f94ab-c1db-4991-a96a-3bc2b3572e74,askacademia_train,losing_generate_mistral,2,"2

This comment provides"
c77f94ab-c1db-4991-a96a-3bc2b3572e74,askacademia_train,losing_generate_qwen,2,"2

The comment appears"
c77f94ab-c1db-4991-a96a-3bc2b3572e74,askacademia_train,losing_improve_claude,2,"2

This comment appears"
c77f94ab-c1db-4991-a96a-3bc2b3572e74,askacademia_train,losing_improve_gemini,4,"4

This is a"
c77f94ab-c1db-4991-a96a-3bc2b3572e74,askacademia_train,losing_improve_gpt4omini,4,"4

This is a"
c77f94ab-c1db-4991-a96a-3bc2b3572e74,askacademia_train,losing_improve_gpt5nano,3,3
c77f94ab-c1db-4991-a96a-3bc2b3572e74,askacademia_train,losing_improve_llama,2,"2

This comment appears"
c77f94ab-c1db-4991-a96a-3bc2b3572e74,askacademia_train,losing_improve_mistral,2,"2

This comment appears"
c77f94ab-c1db-4991-a96a-3bc2b3572e74,askacademia_train,losing_improve_qwen,2,"2

This comment is"
c77f94ab-c1db-4991-a96a-3bc2b3572e74,askacademia_train,losing_paraphrase_claude,4,"4

This is a"
c77f94ab-c1db-4991-a96a-3bc2b3572e74,askacademia_train,losing_paraphrase_gemini,3,"3

This comment shares"
c77f94ab-c1db-4991-a96a-3bc2b3572e74,askacademia_train,losing_paraphrase_gpt4omini,4,"4

This is a"
c77f94ab-c1db-4991-a96a-3bc2b3572e74,askacademia_train,losing_paraphrase_gpt5nano,4,"4

This is a"
c77f94ab-c1db-4991-a96a-3bc2b3572e74,askacademia_train,losing_paraphrase_llama,2,"2

This comment is"
c77f94ab-c1db-4991-a96a-3bc2b3572e74,askacademia_train,losing_paraphrase_mistral,3,3
c77f94ab-c1db-4991-a96a-3bc2b3572e74,askacademia_train,losing_paraphrase_qwen,4,"4

The comment is"
8cc6883b-13d6-4f1f-976c-b8a6c39ed774,askacademia_train,winning_text,3,"3

This comment is"
8cc6883b-13d6-4f1f-976c-b8a6c39ed774,askacademia_train,losing_text,3,"3

The comment is"
8cc6883b-13d6-4f1f-976c-b8a6c39ed774,askacademia_train,losing_generate_claude,3,"3

This comment provides"
8cc6883b-13d6-4f1f-976c-b8a6c39ed774,askacademia_train,losing_generate_gemini,4,"4

This comment provides"
8cc6883b-13d6-4f1f-976c-b8a6c39ed774,askacademia_train,losing_generate_gpt4omini,2,"2

This comment provides"
8cc6883b-13d6-4f1f-976c-b8a6c39ed774,askacademia_train,losing_generate_gpt5nano,2,"2

This comment fails"
8cc6883b-13d6-4f1f-976c-b8a6c39ed774,askacademia_train,losing_generate_llama,2,"2

This comment appears"
8cc6883b-13d6-4f1f-976c-b8a6c39ed774,askacademia_train,losing_generate_mistral,2,"2

The comment provides"
8cc6883b-13d6-4f1f-976c-b8a6c39ed774,askacademia_train,losing_generate_qwen,2,"2

This comment appears"
8cc6883b-13d6-4f1f-976c-b8a6c39ed774,askacademia_train,losing_improve_claude,2,"2

This comment appears"
8cc6883b-13d6-4f1f-976c-b8a6c39ed774,askacademia_train,losing_improve_gemini,4,"4

This is a"
8cc6883b-13d6-4f1f-976c-b8a6c39ed774,askacademia_train,losing_improve_gpt4omini,4,"4

This is a"
8cc6883b-13d6-4f1f-976c-b8a6c39ed774,askacademia_train,losing_improve_gpt5nano,4,"4

This is a"
8cc6883b-13d6-4f1f-976c-b8a6c39ed774,askacademia_train,losing_improve_llama,2,"2

This comment appears"
8cc6883b-13d6-4f1f-976c-b8a6c39ed774,askacademia_train,losing_improve_mistral,2,"2

This comment appears"
8cc6883b-13d6-4f1f-976c-b8a6c39ed774,askacademia_train,losing_improve_qwen,2,"2

This comment appears"
8cc6883b-13d6-4f1f-976c-b8a6c39ed774,askacademia_train,losing_paraphrase_claude,4,"4

This is a"
8cc6883b-13d6-4f1f-976c-b8a6c39ed774,askacademia_train,losing_paraphrase_gemini,3,"3

This comment shares"
8cc6883b-13d6-4f1f-976c-b8a6c39ed774,askacademia_train,losing_paraphrase_gpt4omini,4,"4

This is a"
8cc6883b-13d6-4f1f-976c-b8a6c39ed774,askacademia_train,losing_paraphrase_gpt5nano,4,"4

This is a"
8cc6883b-13d6-4f1f-976c-b8a6c39ed774,askacademia_train,losing_paraphrase_llama,2,"2

This comment is"
8cc6883b-13d6-4f1f-976c-b8a6c39ed774,askacademia_train,losing_paraphrase_mistral,3,3
8cc6883b-13d6-4f1f-976c-b8a6c39ed774,askacademia_train,losing_paraphrase_qwen,4,"4

This is a"
f71e9298-abae-472a-975d-9d692df8414a,askacademia_train,winning_text,2,"2

This is a"
f71e9298-abae-472a-975d-9d692df8414a,askacademia_train,losing_text,4,"4

This is a"
f71e9298-abae-472a-975d-9d692df8414a,askacademia_train,losing_generate_claude,3,"3

This comment provides"
f71e9298-abae-472a-975d-9d692df8414a,askacademia_train,losing_generate_gemini,4,"4

This is a"
f71e9298-abae-472a-975d-9d692df8414a,askacademia_train,losing_generate_gpt4omini,1,"1

This comment fails"
f71e9298-abae-472a-975d-9d692df8414a,askacademia_train,losing_generate_gpt5nano,2,"2

This comment appears"
f71e9298-abae-472a-975d-9d692df8414a,askacademia_train,losing_generate_llama,2,"2

This comment appears"
f71e9298-abae-472a-975d-9d692df8414a,askacademia_train,losing_generate_mistral,2,"2

The comment provides"
f71e9298-abae-472a-975d-9d692df8414a,askacademia_train,losing_generate_qwen,2,"2

This comment appears"
f71e9298-abae-472a-975d-9d692df8414a,askacademia_train,losing_improve_claude,3,"3

This comment is"
f71e9298-abae-472a-975d-9d692df8414a,askacademia_train,losing_improve_gemini,4,"4

This is a"
f71e9298-abae-472a-975d-9d692df8414a,askacademia_train,losing_improve_gpt4omini,4,"4

This is a"
f71e9298-abae-472a-975d-9d692df8414a,askacademia_train,losing_improve_gpt5nano,2,"2

This comment is"
f71e9298-abae-472a-975d-9d692df8414a,askacademia_train,losing_improve_llama,2,"2

This comment appears"
f71e9298-abae-472a-975d-9d692df8414a,askacademia_train,losing_improve_mistral,2,"2

This comment appears"
f71e9298-abae-472a-975d-9d692df8414a,askacademia_train,losing_improve_qwen,2,"2

This comment is"
f71e9298-abae-472a-975d-9d692df8414a,askacademia_train,losing_paraphrase_claude,4,"4

This is a"
f71e9298-abae-472a-975d-9d692df8414a,askacademia_train,losing_paraphrase_gemini,3,"3

This comment shares"
f71e9298-abae-472a-975d-9d692df8414a,askacademia_train,losing_paraphrase_gpt4omini,4,"4

This is a"
f71e9298-abae-472a-975d-9d692df8414a,askacademia_train,losing_paraphrase_gpt5nano,4,"4

This is a"
f71e9298-abae-472a-975d-9d692df8414a,askacademia_train,losing_paraphrase_llama,2,"2

This comment is"
f71e9298-abae-472a-975d-9d692df8414a,askacademia_train,losing_paraphrase_mistral,3,3
f71e9298-abae-472a-975d-9d692df8414a,askacademia_train,losing_paraphrase_qwen,4,"4

The comment is"
f8fa2e75-734f-41e5-8ad9-35a3a90697a8,askacademia_train,winning_text,2,"2

This is a"
f8fa2e75-734f-41e5-8ad9-35a3a90697a8,askacademia_train,losing_text,3,"3

This comment is"
f8fa2e75-734f-41e5-8ad9-35a3a90697a8,askacademia_train,losing_generate_claude,4,"4

This is a"
f8fa2e75-734f-41e5-8ad9-35a3a90697a8,askacademia_train,losing_generate_gemini,4,"4

This comment provides"
f8fa2e75-734f-41e5-8ad9-35a3a90697a8,askacademia_train,losing_generate_gpt4omini,1,"1

This comment fails"
f8fa2e75-734f-41e5-8ad9-35a3a90697a8,askacademia_train,losing_generate_gpt5nano,1,"1

The comment completely"
f8fa2e75-734f-41e5-8ad9-35a3a90697a8,askacademia_train,losing_generate_llama,2,"2

This comment appears"
f8fa2e75-734f-41e5-8ad9-35a3a90697a8,askacademia_train,losing_generate_mistral,2,"2

This comment provides"
f8fa2e75-734f-41e5-8ad9-35a3a90697a8,askacademia_train,losing_generate_qwen,2,"2

The comment appears"
f8fa2e75-734f-41e5-8ad9-35a3a90697a8,askacademia_train,losing_improve_claude,2,"2

The comment appears"
f8fa2e75-734f-41e5-8ad9-35a3a90697a8,askacademia_train,losing_improve_gemini,4,"4

This is a"
f8fa2e75-734f-41e5-8ad9-35a3a90697a8,askacademia_train,losing_improve_gpt4omini,4,"4

This is a"
f8fa2e75-734f-41e5-8ad9-35a3a90697a8,askacademia_train,losing_improve_gpt5nano,2,"2

This comment appears"
f8fa2e75-734f-41e5-8ad9-35a3a90697a8,askacademia_train,losing_improve_llama,2,"2

This comment appears"
f8fa2e75-734f-41e5-8ad9-35a3a90697a8,askacademia_train,losing_improve_mistral,2,"2

This comment appears"
f8fa2e75-734f-41e5-8ad9-35a3a90697a8,askacademia_train,losing_improve_qwen,2,"2

This comment is"
f8fa2e75-734f-41e5-8ad9-35a3a90697a8,askacademia_train,losing_paraphrase_claude,4,4
f8fa2e75-734f-41e5-8ad9-35a3a90697a8,askacademia_train,losing_paraphrase_gemini,3,"3

This comment shares"
f8fa2e75-734f-41e5-8ad9-35a3a90697a8,askacademia_train,losing_paraphrase_gpt4omini,4,"4

This is a"
f8fa2e75-734f-41e5-8ad9-35a3a90697a8,askacademia_train,losing_paraphrase_gpt5nano,4,"4

This is a"
f8fa2e75-734f-41e5-8ad9-35a3a90697a8,askacademia_train,losing_paraphrase_llama,2,"2

This comment asks"
f8fa2e75-734f-41e5-8ad9-35a3a90697a8,askacademia_train,losing_paraphrase_mistral,3,3
f8fa2e75-734f-41e5-8ad9-35a3a90697a8,askacademia_train,losing_paraphrase_qwen,4,"4

The comment is"
6a763d25-1db8-437d-893f-734c24ceefe8,askacademia_train,winning_text,2,"2

This is a"
6a763d25-1db8-437d-893f-734c24ceefe8,askacademia_train,losing_text,3,"3

The comment is"
6a763d25-1db8-437d-893f-734c24ceefe8,askacademia_train,losing_generate_claude,4,"4

This is a"
6a763d25-1db8-437d-893f-734c24ceefe8,askacademia_train,losing_generate_gemini,4,"4

This comment provides"
6a763d25-1db8-437d-893f-734c24ceefe8,askacademia_train,losing_generate_gpt4omini,1,"1

This comment fails"
6a763d25-1db8-437d-893f-734c24ceefe8,askacademia_train,losing_generate_gpt5nano,2,"2

This comment mis"
6a763d25-1db8-437d-893f-734c24ceefe8,askacademia_train,losing_generate_llama,2,"2

This comment appears"
6a763d25-1db8-437d-893f-734c24ceefe8,askacademia_train,losing_generate_mistral,2,"2

This comment provides"
6a763d25-1db8-437d-893f-734c24ceefe8,askacademia_train,losing_generate_qwen,2,"2

This comment appears"
6a763d25-1db8-437d-893f-734c24ceefe8,askacademia_train,losing_improve_claude,2,"2

The comment appears"
6a763d25-1db8-437d-893f-734c24ceefe8,askacademia_train,losing_improve_gemini,4,"4

This is a"
6a763d25-1db8-437d-893f-734c24ceefe8,askacademia_train,losing_improve_gpt4omini,4,"4

This is a"
6a763d25-1db8-437d-893f-734c24ceefe8,askacademia_train,losing_improve_gpt5nano,3,3
6a763d25-1db8-437d-893f-734c24ceefe8,askacademia_train,losing_improve_llama,2,"2

This comment appears"
6a763d25-1db8-437d-893f-734c24ceefe8,askacademia_train,losing_improve_mistral,2,"2

This comment appears"
6a763d25-1db8-437d-893f-734c24ceefe8,askacademia_train,losing_improve_qwen,2,"2

This comment is"
6a763d25-1db8-437d-893f-734c24ceefe8,askacademia_train,losing_paraphrase_claude,4,"4

This is a"
6a763d25-1db8-437d-893f-734c24ceefe8,askacademia_train,losing_paraphrase_gemini,2,"2

This comment shares"
6a763d25-1db8-437d-893f-734c24ceefe8,askacademia_train,losing_paraphrase_gpt4omini,4,"4

This is a"
6a763d25-1db8-437d-893f-734c24ceefe8,askacademia_train,losing_paraphrase_gpt5nano,4,"4

This is a"
6a763d25-1db8-437d-893f-734c24ceefe8,askacademia_train,losing_paraphrase_llama,2,"2

This comment is"
6a763d25-1db8-437d-893f-734c24ceefe8,askacademia_train,losing_paraphrase_mistral,3,3
6a763d25-1db8-437d-893f-734c24ceefe8,askacademia_train,losing_paraphrase_qwen,4,"4

This is a"
f95ed0e5-3e90-4544-b710-d2af80e3488c,askacademia_train,winning_text,2,"2

This is a"
f95ed0e5-3e90-4544-b710-d2af80e3488c,askacademia_train,losing_text,3,"3

This comment is"
f95ed0e5-3e90-4544-b710-d2af80e3488c,askacademia_train,losing_generate_claude,4,"4

This is a"
f95ed0e5-3e90-4544-b710-d2af80e3488c,askacademia_train,losing_generate_gemini,4,"4

This is a"
f95ed0e5-3e90-4544-b710-d2af80e3488c,askacademia_train,losing_generate_gpt4omini,1,"1

This comment fails"
f95ed0e5-3e90-4544-b710-d2af80e3488c,askacademia_train,losing_generate_gpt5nano,1,"1

This comment completely"
f95ed0e5-3e90-4544-b710-d2af80e3488c,askacademia_train,losing_generate_llama,2,"2

This comment appears"
f95ed0e5-3e90-4544-b710-d2af80e3488c,askacademia_train,losing_generate_mistral,2,"2

The comment provides"
f95ed0e5-3e90-4544-b710-d2af80e3488c,askacademia_train,losing_generate_qwen,2,"2

This comment is"
f95ed0e5-3e90-4544-b710-d2af80e3488c,askacademia_train,losing_improve_claude,3,3
f95ed0e5-3e90-4544-b710-d2af80e3488c,askacademia_train,losing_improve_gemini,4,"4

This is a"
f95ed0e5-3e90-4544-b710-d2af80e3488c,askacademia_train,losing_improve_gpt4omini,2,"2

This comment appears"
f95ed0e5-3e90-4544-b710-d2af80e3488c,askacademia_train,losing_improve_gpt5nano,4,"4

This is a"
f95ed0e5-3e90-4544-b710-d2af80e3488c,askacademia_train,losing_improve_llama,3,3
f95ed0e5-3e90-4544-b710-d2af80e3488c,askacademia_train,losing_improve_mistral,2,"2

This comment is"
f95ed0e5-3e90-4544-b710-d2af80e3488c,askacademia_train,losing_improve_qwen,4,"4

This is a"
f95ed0e5-3e90-4544-b710-d2af80e3488c,askacademia_train,losing_paraphrase_claude,4,4
f95ed0e5-3e90-4544-b710-d2af80e3488c,askacademia_train,losing_paraphrase_gemini,2,"2

This comment provides"
f95ed0e5-3e90-4544-b710-d2af80e3488c,askacademia_train,losing_paraphrase_gpt4omini,2,"2

The comment offers"
f95ed0e5-3e90-4544-b710-d2af80e3488c,askacademia_train,losing_paraphrase_gpt5nano,2,"2

This comment appears"
f95ed0e5-3e90-4544-b710-d2af80e3488c,askacademia_train,losing_paraphrase_llama,2,"2

This comment is"
f95ed0e5-3e90-4544-b710-d2af80e3488c,askacademia_train,losing_paraphrase_mistral,2,"2

This comment is"
f95ed0e5-3e90-4544-b710-d2af80e3488c,askacademia_train,losing_paraphrase_qwen,3,"3

This comment is"
71c08e3c-2789-436e-88fb-594d6b4a2b5d,askacademia_train,winning_text,2,"2

This is a"
71c08e3c-2789-436e-88fb-594d6b4a2b5d,askacademia_train,losing_text,3,"3

This comment is"
71c08e3c-2789-436e-88fb-594d6b4a2b5d,askacademia_train,losing_generate_claude,4,"4

This is a"
71c08e3c-2789-436e-88fb-594d6b4a2b5d,askacademia_train,losing_generate_gemini,4,"4

This comment provides"
71c08e3c-2789-436e-88fb-594d6b4a2b5d,askacademia_train,losing_generate_gpt4omini,1,"1

This comment fails"
71c08e3c-2789-436e-88fb-594d6b4a2b5d,askacademia_train,losing_generate_gpt5nano,2,"2

This comment assumes"
71c08e3c-2789-436e-88fb-594d6b4a2b5d,askacademia_train,losing_generate_llama,2,"2

This comment appears"
71c08e3c-2789-436e-88fb-594d6b4a2b5d,askacademia_train,losing_generate_mistral,2,"2

The comment provides"
71c08e3c-2789-436e-88fb-594d6b4a2b5d,askacademia_train,losing_generate_qwen,2,"2

This comment appears"
71c08e3c-2789-436e-88fb-594d6b4a2b5d,askacademia_train,losing_improve_claude,3,3
71c08e3c-2789-436e-88fb-594d6b4a2b5d,askacademia_train,losing_improve_gemini,4,"4

This is a"
71c08e3c-2789-436e-88fb-594d6b4a2b5d,askacademia_train,losing_improve_gpt4omini,2,"2

This comment appears"
71c08e3c-2789-436e-88fb-594d6b4a2b5d,askacademia_train,losing_improve_gpt5nano,3,"3

This comment provides"
71c08e3c-2789-436e-88fb-594d6b4a2b5d,askacademia_train,losing_improve_llama,3,3
71c08e3c-2789-436e-88fb-594d6b4a2b5d,askacademia_train,losing_improve_mistral,2,"2

This comment is"
71c08e3c-2789-436e-88fb-594d6b4a2b5d,askacademia_train,losing_improve_qwen,2,"2

This comment is"
71c08e3c-2789-436e-88fb-594d6b4a2b5d,askacademia_train,losing_paraphrase_claude,3,"3

This is a"
71c08e3c-2789-436e-88fb-594d6b4a2b5d,askacademia_train,losing_paraphrase_gemini,3,"3

This comment provides"
71c08e3c-2789-436e-88fb-594d6b4a2b5d,askacademia_train,losing_paraphrase_gpt4omini,2,"2

This comment is"
71c08e3c-2789-436e-88fb-594d6b4a2b5d,askacademia_train,losing_paraphrase_gpt5nano,3,3
71c08e3c-2789-436e-88fb-594d6b4a2b5d,askacademia_train,losing_paraphrase_llama,2,"2

This comment is"
71c08e3c-2789-436e-88fb-594d6b4a2b5d,askacademia_train,losing_paraphrase_mistral,2,"2

This comment is"
71c08e3c-2789-436e-88fb-594d6b4a2b5d,askacademia_train,losing_paraphrase_qwen,3,3
d4f30e38-c1b8-4cdd-8f99-ae8c311d21fb,askacademia_train,winning_text,2,"2

This is a"
d4f30e38-c1b8-4cdd-8f99-ae8c311d21fb,askacademia_train,losing_text,3,"3

This comment is"
d4f30e38-c1b8-4cdd-8f99-ae8c311d21fb,askacademia_train,losing_generate_claude,4,"4

This is a"
d4f30e38-c1b8-4cdd-8f99-ae8c311d21fb,askacademia_train,losing_generate_gemini,4,"4

This comment provides"
d4f30e38-c1b8-4cdd-8f99-ae8c311d21fb,askacademia_train,losing_generate_gpt4omini,2,"2

This comment provides"
d4f30e38-c1b8-4cdd-8f99-ae8c311d21fb,askacademia_train,losing_generate_gpt5nano,4,"4

This is a"
d4f30e38-c1b8-4cdd-8f99-ae8c311d21fb,askacademia_train,losing_generate_llama,2,"2

This comment appears"
d4f30e38-c1b8-4cdd-8f99-ae8c311d21fb,askacademia_train,losing_generate_mistral,2,"2

The comment provides"
d4f30e38-c1b8-4cdd-8f99-ae8c311d21fb,askacademia_train,losing_generate_qwen,2,"2

The comment appears"
d4f30e38-c1b8-4cdd-8f99-ae8c311d21fb,askacademia_train,losing_improve_claude,3,3
d4f30e38-c1b8-4cdd-8f99-ae8c311d21fb,askacademia_train,losing_improve_gemini,4,"4

This is a"
d4f30e38-c1b8-4cdd-8f99-ae8c311d21fb,askacademia_train,losing_improve_gpt4omini,2,"2

This comment appears"
d4f30e38-c1b8-4cdd-8f99-ae8c311d21fb,askacademia_train,losing_improve_gpt5nano,5,"5

This comment is"
d4f30e38-c1b8-4cdd-8f99-ae8c311d21fb,askacademia_train,losing_improve_llama,3,3
d4f30e38-c1b8-4cdd-8f99-ae8c311d21fb,askacademia_train,losing_improve_mistral,2,"2

This comment is"
d4f30e38-c1b8-4cdd-8f99-ae8c311d21fb,askacademia_train,losing_improve_qwen,2,"2

This comment is"
d4f30e38-c1b8-4cdd-8f99-ae8c311d21fb,askacademia_train,losing_paraphrase_claude,3,"3

This comment is"
d4f30e38-c1b8-4cdd-8f99-ae8c311d21fb,askacademia_train,losing_paraphrase_gemini,2,"2

This comment provides"
d4f30e38-c1b8-4cdd-8f99-ae8c311d21fb,askacademia_train,losing_paraphrase_gpt4omini,2,"2

The comment offers"
d4f30e38-c1b8-4cdd-8f99-ae8c311d21fb,askacademia_train,losing_paraphrase_gpt5nano,3,"3

This comment is"
d4f30e38-c1b8-4cdd-8f99-ae8c311d21fb,askacademia_train,losing_paraphrase_llama,2,"2

This comment is"
d4f30e38-c1b8-4cdd-8f99-ae8c311d21fb,askacademia_train,losing_paraphrase_mistral,2,"2

This comment is"
d4f30e38-c1b8-4cdd-8f99-ae8c311d21fb,askacademia_train,losing_paraphrase_qwen,3,"3

This comment is"
11a7b14b-45d7-486f-8b0c-4b5704e1721c,askacademia_train,winning_text,1,"1

This comment is"
11a7b14b-45d7-486f-8b0c-4b5704e1721c,askacademia_train,losing_text,3,"3

This comment provides"
11a7b14b-45d7-486f-8b0c-4b5704e1721c,askacademia_train,losing_generate_claude,3,"3

This comment provides"
11a7b14b-45d7-486f-8b0c-4b5704e1721c,askacademia_train,losing_generate_gemini,4,"4

This comment provides"
11a7b14b-45d7-486f-8b0c-4b5704e1721c,askacademia_train,losing_generate_gpt4omini,2,"2

This comment provides"
11a7b14b-45d7-486f-8b0c-4b5704e1721c,askacademia_train,losing_generate_gpt5nano,2,"2

The comment provides"
11a7b14b-45d7-486f-8b0c-4b5704e1721c,askacademia_train,losing_generate_llama,2,"2

This comment appears"
11a7b14b-45d7-486f-8b0c-4b5704e1721c,askacademia_train,losing_generate_mistral,2,"2

The comment provides"
11a7b14b-45d7-486f-8b0c-4b5704e1721c,askacademia_train,losing_generate_qwen,2,"2

This comment appears"
11a7b14b-45d7-486f-8b0c-4b5704e1721c,askacademia_train,losing_improve_claude,2,"2

The comment is"
11a7b14b-45d7-486f-8b0c-4b5704e1721c,askacademia_train,losing_improve_gemini,4,"4

This is a"
11a7b14b-45d7-486f-8b0c-4b5704e1721c,askacademia_train,losing_improve_gpt4omini,2,"2

This comment makes"
11a7b14b-45d7-486f-8b0c-4b5704e1721c,askacademia_train,losing_improve_gpt5nano,2,"2

This comment appears"
11a7b14b-45d7-486f-8b0c-4b5704e1721c,askacademia_train,losing_improve_llama,2,"2

The comment provides"
11a7b14b-45d7-486f-8b0c-4b5704e1721c,askacademia_train,losing_improve_mistral,2,"2

This comment asks"
11a7b14b-45d7-486f-8b0c-4b5704e1721c,askacademia_train,losing_improve_qwen,2,"2

This comment appears"
11a7b14b-45d7-486f-8b0c-4b5704e1721c,askacademia_train,losing_paraphrase_claude,3,"3

This comment provides"
11a7b14b-45d7-486f-8b0c-4b5704e1721c,askacademia_train,losing_paraphrase_gemini,3,"3

This comment provides"
11a7b14b-45d7-486f-8b0c-4b5704e1721c,askacademia_train,losing_paraphrase_gpt4omini,2,"2

The comment appears"
11a7b14b-45d7-486f-8b0c-4b5704e1721c,askacademia_train,losing_paraphrase_gpt5nano,3,"3

This comment raises"
11a7b14b-45d7-486f-8b0c-4b5704e1721c,askacademia_train,losing_paraphrase_llama,2,"2

This comment appears"
11a7b14b-45d7-486f-8b0c-4b5704e1721c,askacademia_train,losing_paraphrase_mistral,3,"3

This comment appears"
11a7b14b-45d7-486f-8b0c-4b5704e1721c,askacademia_train,losing_paraphrase_qwen,2,2
7e8594a5-e5fa-4fa9-952d-42ecdaab1f1a,askacademia_train,winning_text,2,"2

This comment acknowled"
7e8594a5-e5fa-4fa9-952d-42ecdaab1f1a,askacademia_train,losing_text,3,"3

This comment provides"
7e8594a5-e5fa-4fa9-952d-42ecdaab1f1a,askacademia_train,losing_generate_claude,4,"4

This is a"
7e8594a5-e5fa-4fa9-952d-42ecdaab1f1a,askacademia_train,losing_generate_gemini,4,"4

This comment provides"
7e8594a5-e5fa-4fa9-952d-42ecdaab1f1a,askacademia_train,losing_generate_gpt4omini,1,"1

This comment fails"
7e8594a5-e5fa-4fa9-952d-42ecdaab1f1a,askacademia_train,losing_generate_gpt5nano,4,"4

This comment provides"
7e8594a5-e5fa-4fa9-952d-42ecdaab1f1a,askacademia_train,losing_generate_llama,2,"2

This comment appears"
7e8594a5-e5fa-4fa9-952d-42ecdaab1f1a,askacademia_train,losing_generate_mistral,2,"2

The comment provides"
7e8594a5-e5fa-4fa9-952d-42ecdaab1f1a,askacademia_train,losing_generate_qwen,2,"2

This comment appears"
7e8594a5-e5fa-4fa9-952d-42ecdaab1f1a,askacademia_train,losing_improve_claude,2,"2

This comment does"
7e8594a5-e5fa-4fa9-952d-42ecdaab1f1a,askacademia_train,losing_improve_gemini,3,"3

This comment shares"
7e8594a5-e5fa-4fa9-952d-42ecdaab1f1a,askacademia_train,losing_improve_gpt4omini,2,"2

This comment makes"
7e8594a5-e5fa-4fa9-952d-42ecdaab1f1a,askacademia_train,losing_improve_gpt5nano,4,"4

This comment provides"
7e8594a5-e5fa-4fa9-952d-42ecdaab1f1a,askacademia_train,losing_improve_llama,2,2
7e8594a5-e5fa-4fa9-952d-42ecdaab1f1a,askacademia_train,losing_improve_mistral,2,"2

The comment asks"
7e8594a5-e5fa-4fa9-952d-42ecdaab1f1a,askacademia_train,losing_improve_qwen,2,"2

This comment appears"
7e8594a5-e5fa-4fa9-952d-42ecdaab1f1a,askacademia_train,losing_paraphrase_claude,3,"3

This comment provides"
7e8594a5-e5fa-4fa9-952d-42ecdaab1f1a,askacademia_train,losing_paraphrase_gemini,3,"3

This comment provides"
7e8594a5-e5fa-4fa9-952d-42ecdaab1f1a,askacademia_train,losing_paraphrase_gpt4omini,2,"2

The comment appears"
7e8594a5-e5fa-4fa9-952d-42ecdaab1f1a,askacademia_train,losing_paraphrase_gpt5nano,3,"3

This comment appears"
7e8594a5-e5fa-4fa9-952d-42ecdaab1f1a,askacademia_train,losing_paraphrase_llama,2,"2

This comment appears"
7e8594a5-e5fa-4fa9-952d-42ecdaab1f1a,askacademia_train,losing_paraphrase_mistral,2,"2

The comment doesn"
7e8594a5-e5fa-4fa9-952d-42ecdaab1f1a,askacademia_train,losing_paraphrase_qwen,2,"2

The comment appears"
6afb0fd7-9d43-4e14-ac3f-38b988f6196d,askacademia_train,winning_text,ERROR,BATCH_ERROR: expired
6afb0fd7-9d43-4e14-ac3f-38b988f6196d,askacademia_train,losing_text,1,"1

This comment is"
6afb0fd7-9d43-4e14-ac3f-38b988f6196d,askacademia_train,losing_generate_claude,3,"3

This comment provides"
6afb0fd7-9d43-4e14-ac3f-38b988f6196d,askacademia_train,losing_generate_gemini,4,"4

This is a"
6afb0fd7-9d43-4e14-ac3f-38b988f6196d,askacademia_train,losing_generate_gpt4omini,1,"1

This comment appears"
6afb0fd7-9d43-4e14-ac3f-38b988f6196d,askacademia_train,losing_generate_gpt5nano,4,"4

This is a"
6afb0fd7-9d43-4e14-ac3f-38b988f6196d,askacademia_train,losing_generate_llama,2,"2

This comment appears"
6afb0fd7-9d43-4e14-ac3f-38b988f6196d,askacademia_train,losing_generate_mistral,2,"2

The comment provides"
6afb0fd7-9d43-4e14-ac3f-38b988f6196d,askacademia_train,losing_generate_qwen,2,"2

The comment appears"
6afb0fd7-9d43-4e14-ac3f-38b988f6196d,askacademia_train,losing_improve_claude,2,"2

This comment attempts"
6afb0fd7-9d43-4e14-ac3f-38b988f6196d,askacademia_train,losing_improve_gemini,1,"1

The comment appears"
6afb0fd7-9d43-4e14-ac3f-38b988f6196d,askacademia_train,losing_improve_gpt4omini,1,"1

This comment appears"
6afb0fd7-9d43-4e14-ac3f-38b988f6196d,askacademia_train,losing_improve_gpt5nano,2,"2

This appears to"
6afb0fd7-9d43-4e14-ac3f-38b988f6196d,askacademia_train,losing_improve_llama,2,2
6afb0fd7-9d43-4e14-ac3f-38b988f6196d,askacademia_train,losing_improve_mistral,2,"2

The comment appears"
6afb0fd7-9d43-4e14-ac3f-38b988f6196d,askacademia_train,losing_improve_qwen,2,"2

The comment is"
6afb0fd7-9d43-4e14-ac3f-38b988f6196d,askacademia_train,losing_paraphrase_claude,1,1
6afb0fd7-9d43-4e14-ac3f-38b988f6196d,askacademia_train,losing_paraphrase_gemini,2,"2

This comment provides"
6afb0fd7-9d43-4e14-ac3f-38b988f6196d,askacademia_train,losing_paraphrase_gpt4omini,AMBIG,I would rate this comment a
6afb0fd7-9d43-4e14-ac3f-38b988f6196d,askacademia_train,losing_paraphrase_gpt5nano,2,"2

This comment appears"
6afb0fd7-9d43-4e14-ac3f-38b988f6196d,askacademia_train,losing_paraphrase_llama,2,"2

This comment is"
6afb0fd7-9d43-4e14-ac3f-38b988f6196d,askacademia_train,losing_paraphrase_mistral,1,"1

This comment is"
6afb0fd7-9d43-4e14-ac3f-38b988f6196d,askacademia_train,losing_paraphrase_qwen,2,2
be821d07-8214-483e-bf90-6a87b06546be,askacademia_train,winning_text,2,"2

The comment appears"
be821d07-8214-483e-bf90-6a87b06546be,askacademia_train,losing_text,AMBIG,I would rate this comment a
be821d07-8214-483e-bf90-6a87b06546be,askacademia_train,losing_generate_claude,4,"4

This is a"
be821d07-8214-483e-bf90-6a87b06546be,askacademia_train,losing_generate_gemini,4,"4

This comment provides"
be821d07-8214-483e-bf90-6a87b06546be,askacademia_train,losing_generate_gpt4omini,2,"2

This comment provides"
be821d07-8214-483e-bf90-6a87b06546be,askacademia_train,losing_generate_gpt5nano,2,"2

This comment fundament"
be821d07-8214-483e-bf90-6a87b06546be,askacademia_train,losing_generate_llama,2,"2

This comment appears"
be821d07-8214-483e-bf90-6a87b06546be,askacademia_train,losing_generate_mistral,2,"2

This comment provides"
be821d07-8214-483e-bf90-6a87b06546be,askacademia_train,losing_generate_qwen,2,"2

The comment appears"
be821d07-8214-483e-bf90-6a87b06546be,askacademia_train,losing_improve_claude,1,"1

This comment does"
be821d07-8214-483e-bf90-6a87b06546be,askacademia_train,losing_improve_gemini,2,"2

This comment appears"
be821d07-8214-483e-bf90-6a87b06546be,askacademia_train,losing_improve_gpt4omini,3,"3

This comment provides"
be821d07-8214-483e-bf90-6a87b06546be,askacademia_train,losing_improve_gpt5nano,3,"3

This comment receives"
be821d07-8214-483e-bf90-6a87b06546be,askacademia_train,losing_improve_llama,2,"2

The comment appears"
be821d07-8214-483e-bf90-6a87b06546be,askacademia_train,losing_improve_mistral,2,"2

This comment does"
be821d07-8214-483e-bf90-6a87b06546be,askacademia_train,losing_improve_qwen,2,"2

This comment does"
be821d07-8214-483e-bf90-6a87b06546be,askacademia_train,losing_paraphrase_claude,4,4
be821d07-8214-483e-bf90-6a87b06546be,askacademia_train,losing_paraphrase_gemini,2,"2

This comment provides"
be821d07-8214-483e-bf90-6a87b06546be,askacademia_train,losing_paraphrase_gpt4omini,AMBIG,I need to evaluate how well
be821d07-8214-483e-bf90-6a87b06546be,askacademia_train,losing_paraphrase_gpt5nano,AMBIG,I would rate this comment a
be821d07-8214-483e-bf90-6a87b06546be,askacademia_train,losing_paraphrase_llama,2,"2

The comment appears"
be821d07-8214-483e-bf90-6a87b06546be,askacademia_train,losing_paraphrase_mistral,2,"2

This comment appears"
be821d07-8214-483e-bf90-6a87b06546be,askacademia_train,losing_paraphrase_qwen,2,"2

This comment appears"
eda35455-d5a6-4334-a61c-c4b9f023e3a8,askacademia_train,winning_text,2,"2

This comment appears"
eda35455-d5a6-4334-a61c-c4b9f023e3a8,askacademia_train,losing_text,AMBIG,I would rate this comment a
eda35455-d5a6-4334-a61c-c4b9f023e3a8,askacademia_train,losing_generate_claude,3,"3

This comment provides"
eda35455-d5a6-4334-a61c-c4b9f023e3a8,askacademia_train,losing_generate_gemini,4,"4

This comment provides"
eda35455-d5a6-4334-a61c-c4b9f023e3a8,askacademia_train,losing_generate_gpt4omini,1,"1

This comment fails"
eda35455-d5a6-4334-a61c-c4b9f023e3a8,askacademia_train,losing_generate_gpt5nano,4,"4

This comment deser"
eda35455-d5a6-4334-a61c-c4b9f023e3a8,askacademia_train,losing_generate_llama,2,"2

This comment appears"
eda35455-d5a6-4334-a61c-c4b9f023e3a8,askacademia_train,losing_generate_mistral,2,"2

This comment provides"
eda35455-d5a6-4334-a61c-c4b9f023e3a8,askacademia_train,losing_generate_qwen,2,"2

This comment appears"
eda35455-d5a6-4334-a61c-c4b9f023e3a8,askacademia_train,losing_improve_claude,1,"1

This comment appears"
eda35455-d5a6-4334-a61c-c4b9f023e3a8,askacademia_train,losing_improve_gemini,2,"2

This comment appears"
eda35455-d5a6-4334-a61c-c4b9f023e3a8,askacademia_train,losing_improve_gpt4omini,2,"2

The comment provides"
eda35455-d5a6-4334-a61c-c4b9f023e3a8,askacademia_train,losing_improve_gpt5nano,2,"2

The comment attempts"
eda35455-d5a6-4334-a61c-c4b9f023e3a8,askacademia_train,losing_improve_llama,2,"2

The comment appears"
eda35455-d5a6-4334-a61c-c4b9f023e3a8,askacademia_train,losing_improve_mistral,2,"2

This comment appears"
eda35455-d5a6-4334-a61c-c4b9f023e3a8,askacademia_train,losing_improve_qwen,2,"2

This comment does"
eda35455-d5a6-4334-a61c-c4b9f023e3a8,askacademia_train,losing_paraphrase_claude,2,"2

This comment appears"
eda35455-d5a6-4334-a61c-c4b9f023e3a8,askacademia_train,losing_paraphrase_gemini,2,"2

This comment provides"
eda35455-d5a6-4334-a61c-c4b9f023e3a8,askacademia_train,losing_paraphrase_gpt4omini,AMBIG,I need to evaluate how well
eda35455-d5a6-4334-a61c-c4b9f023e3a8,askacademia_train,losing_paraphrase_gpt5nano,AMBIG,I would rate this comment a
eda35455-d5a6-4334-a61c-c4b9f023e3a8,askacademia_train,losing_paraphrase_llama,2,"2

The comment appears"
eda35455-d5a6-4334-a61c-c4b9f023e3a8,askacademia_train,losing_paraphrase_mistral,2,"2

This comment appears"
eda35455-d5a6-4334-a61c-c4b9f023e3a8,askacademia_train,losing_paraphrase_qwen,2,"2

This comment appears"
b4725eac-ba53-4885-9ccf-1c079f85b6de,askacademia_train,winning_text,2,"2

This comment acknowled"
b4725eac-ba53-4885-9ccf-1c079f85b6de,askacademia_train,losing_text,AMBIG,I would rate this comment a
b4725eac-ba53-4885-9ccf-1c079f85b6de,askacademia_train,losing_generate_claude,4,"4

This is a"
b4725eac-ba53-4885-9ccf-1c079f85b6de,askacademia_train,losing_generate_gemini,4,"4

This is a"
b4725eac-ba53-4885-9ccf-1c079f85b6de,askacademia_train,losing_generate_gpt4omini,2,"2

This comment provides"
b4725eac-ba53-4885-9ccf-1c079f85b6de,askacademia_train,losing_generate_gpt5nano,2,"2

This comment appears"
b4725eac-ba53-4885-9ccf-1c079f85b6de,askacademia_train,losing_generate_llama,2,"2

This comment appears"
b4725eac-ba53-4885-9ccf-1c079f85b6de,askacademia_train,losing_generate_mistral,2,"2

The comment provides"
b4725eac-ba53-4885-9ccf-1c079f85b6de,askacademia_train,losing_generate_qwen,2,"2

The comment appears"
b4725eac-ba53-4885-9ccf-1c079f85b6de,askacademia_train,losing_improve_claude,2,"2

This comment appears"
b4725eac-ba53-4885-9ccf-1c079f85b6de,askacademia_train,losing_improve_gemini,2,"2

This comment appears"
b4725eac-ba53-4885-9ccf-1c079f85b6de,askacademia_train,losing_improve_gpt4omini,2,"2

The comment provides"
b4725eac-ba53-4885-9ccf-1c079f85b6de,askacademia_train,losing_improve_gpt5nano,4,"4

This is a"
b4725eac-ba53-4885-9ccf-1c079f85b6de,askacademia_train,losing_improve_llama,2,"2

The comment appears"
b4725eac-ba53-4885-9ccf-1c079f85b6de,askacademia_train,losing_improve_mistral,2,"2

This comment appears"
b4725eac-ba53-4885-9ccf-1c079f85b6de,askacademia_train,losing_improve_qwen,2,"2

This comment does"
b4725eac-ba53-4885-9ccf-1c079f85b6de,askacademia_train,losing_paraphrase_claude,AMBIG,I need to evaluate how well
b4725eac-ba53-4885-9ccf-1c079f85b6de,askacademia_train,losing_paraphrase_gemini,3,"3

This comment provides"
b4725eac-ba53-4885-9ccf-1c079f85b6de,askacademia_train,losing_paraphrase_gpt4omini,AMBIG,I need to evaluate how well
b4725eac-ba53-4885-9ccf-1c079f85b6de,askacademia_train,losing_paraphrase_gpt5nano,2,"2

This comment appears"
b4725eac-ba53-4885-9ccf-1c079f85b6de,askacademia_train,losing_paraphrase_llama,2,"2

The comment appears"
b4725eac-ba53-4885-9ccf-1c079f85b6de,askacademia_train,losing_paraphrase_mistral,2,"2

This comment appears"
b4725eac-ba53-4885-9ccf-1c079f85b6de,askacademia_train,losing_paraphrase_qwen,2,"2

This comment appears"
20a26a47-78bf-452d-9e37-3437e07d24b3,askacademia_train,winning_text,2,"2

The comment is"
20a26a47-78bf-452d-9e37-3437e07d24b3,askacademia_train,losing_text,AMBIG,I would rate this comment a
20a26a47-78bf-452d-9e37-3437e07d24b3,askacademia_train,losing_generate_claude,4,"4

This is a"
20a26a47-78bf-452d-9e37-3437e07d24b3,askacademia_train,losing_generate_gemini,4,"4

This comment provides"
20a26a47-78bf-452d-9e37-3437e07d24b3,askacademia_train,losing_generate_gpt4omini,2,"2

This comment provides"
20a26a47-78bf-452d-9e37-3437e07d24b3,askacademia_train,losing_generate_gpt5nano,2,"2

This comment appears"
20a26a47-78bf-452d-9e37-3437e07d24b3,askacademia_train,losing_generate_llama,2,"2

This comment appears"
20a26a47-78bf-452d-9e37-3437e07d24b3,askacademia_train,losing_generate_mistral,1,"1

This comment appears"
20a26a47-78bf-452d-9e37-3437e07d24b3,askacademia_train,losing_generate_qwen,2,"2

The comment appears"
20a26a47-78bf-452d-9e37-3437e07d24b3,askacademia_train,losing_improve_claude,1,"1

This comment appears"
20a26a47-78bf-452d-9e37-3437e07d24b3,askacademia_train,losing_improve_gemini,2,"2

This comment appears"
20a26a47-78bf-452d-9e37-3437e07d24b3,askacademia_train,losing_improve_gpt4omini,2,"2

The comment provides"
20a26a47-78bf-452d-9e37-3437e07d24b3,askacademia_train,losing_improve_gpt5nano,3,"3

This comment provides"
20a26a47-78bf-452d-9e37-3437e07d24b3,askacademia_train,losing_improve_llama,2,"2

The comment appears"
20a26a47-78bf-452d-9e37-3437e07d24b3,askacademia_train,losing_improve_mistral,2,"2

This comment appears"
20a26a47-78bf-452d-9e37-3437e07d24b3,askacademia_train,losing_improve_qwen,2,"2

This comment does"
20a26a47-78bf-452d-9e37-3437e07d24b3,askacademia_train,losing_paraphrase_claude,2,"2

The comment provides"
20a26a47-78bf-452d-9e37-3437e07d24b3,askacademia_train,losing_paraphrase_gemini,2,"2

This comment provides"
20a26a47-78bf-452d-9e37-3437e07d24b3,askacademia_train,losing_paraphrase_gpt4omini,AMBIG,I need to evaluate how well
20a26a47-78bf-452d-9e37-3437e07d24b3,askacademia_train,losing_paraphrase_gpt5nano,2,"2

This comment is"
20a26a47-78bf-452d-9e37-3437e07d24b3,askacademia_train,losing_paraphrase_llama,2,"2

The comment appears"
20a26a47-78bf-452d-9e37-3437e07d24b3,askacademia_train,losing_paraphrase_mistral,2,"2

This comment appears"
20a26a47-78bf-452d-9e37-3437e07d24b3,askacademia_train,losing_paraphrase_qwen,2,"2

This comment appears"
e9e43029-19cd-4a50-9c19-32d0fc3c9503,askacademia_train,winning_text,2,"2

The comment appears"
e9e43029-19cd-4a50-9c19-32d0fc3c9503,askacademia_train,losing_text,AMBIG,I would rate this comment a
e9e43029-19cd-4a50-9c19-32d0fc3c9503,askacademia_train,losing_generate_claude,4,"4

This is a"
e9e43029-19cd-4a50-9c19-32d0fc3c9503,askacademia_train,losing_generate_gemini,4,"4

This comment provides"
e9e43029-19cd-4a50-9c19-32d0fc3c9503,askacademia_train,losing_generate_gpt4omini,1,"1

This comment is"
e9e43029-19cd-4a50-9c19-32d0fc3c9503,askacademia_train,losing_generate_gpt5nano,2,"2

This comment appears"
e9e43029-19cd-4a50-9c19-32d0fc3c9503,askacademia_train,losing_generate_llama,2,"2

This comment appears"
e9e43029-19cd-4a50-9c19-32d0fc3c9503,askacademia_train,losing_generate_mistral,2,"2

The comment provides"
e9e43029-19cd-4a50-9c19-32d0fc3c9503,askacademia_train,losing_generate_qwen,2,"2

The comment appears"
e9e43029-19cd-4a50-9c19-32d0fc3c9503,askacademia_train,losing_improve_claude,2,"2

This comment appears"
e9e43029-19cd-4a50-9c19-32d0fc3c9503,askacademia_train,losing_improve_gemini,2,"2

This comment appears"
e9e43029-19cd-4a50-9c19-32d0fc3c9503,askacademia_train,losing_improve_gpt4omini,3,3
e9e43029-19cd-4a50-9c19-32d0fc3c9503,askacademia_train,losing_improve_gpt5nano,4,"4

This is a"
e9e43029-19cd-4a50-9c19-32d0fc3c9503,askacademia_train,losing_improve_llama,2,"2

The comment appears"
e9e43029-19cd-4a50-9c19-32d0fc3c9503,askacademia_train,losing_improve_mistral,2,"2

This comment appears"
e9e43029-19cd-4a50-9c19-32d0fc3c9503,askacademia_train,losing_improve_qwen,2,"2

This comment does"
e9e43029-19cd-4a50-9c19-32d0fc3c9503,askacademia_train,losing_paraphrase_claude,AMBIG,I need to evaluate how well
e9e43029-19cd-4a50-9c19-32d0fc3c9503,askacademia_train,losing_paraphrase_gemini,2,"2

This comment provides"
e9e43029-19cd-4a50-9c19-32d0fc3c9503,askacademia_train,losing_paraphrase_gpt4omini,AMBIG,I need to evaluate how well
e9e43029-19cd-4a50-9c19-32d0fc3c9503,askacademia_train,losing_paraphrase_gpt5nano,2,"2

This comment is"
e9e43029-19cd-4a50-9c19-32d0fc3c9503,askacademia_train,losing_paraphrase_llama,2,"2

The comment appears"
e9e43029-19cd-4a50-9c19-32d0fc3c9503,askacademia_train,losing_paraphrase_mistral,2,"2

This comment appears"
e9e43029-19cd-4a50-9c19-32d0fc3c9503,askacademia_train,losing_paraphrase_qwen,2,"2

This comment appears"
7ecba3e5-0533-4c42-8691-03e109fc4e86,askacademia_train,winning_text,2,"2

This comment acknowled"
7ecba3e5-0533-4c42-8691-03e109fc4e86,askacademia_train,losing_text,2,"2

The comment appears"
7ecba3e5-0533-4c42-8691-03e109fc4e86,askacademia_train,losing_generate_claude,4,"4

This is a"
7ecba3e5-0533-4c42-8691-03e109fc4e86,askacademia_train,losing_generate_gemini,4,"4

This is a"
7ecba3e5-0533-4c42-8691-03e109fc4e86,askacademia_train,losing_generate_gpt4omini,1,"1

This comment fails"
7ecba3e5-0533-4c42-8691-03e109fc4e86,askacademia_train,losing_generate_gpt5nano,4,"4

This is a"
7ecba3e5-0533-4c42-8691-03e109fc4e86,askacademia_train,losing_generate_llama,2,"2

This comment appears"
7ecba3e5-0533-4c42-8691-03e109fc4e86,askacademia_train,losing_generate_mistral,1,"1

This comment does"
7ecba3e5-0533-4c42-8691-03e109fc4e86,askacademia_train,losing_generate_qwen,2,"2

This comment appears"
7ecba3e5-0533-4c42-8691-03e109fc4e86,askacademia_train,losing_improve_claude,2,"2

This comment does"
7ecba3e5-0533-4c42-8691-03e109fc4e86,askacademia_train,losing_improve_gemini,4,"4

This comment provides"
7ecba3e5-0533-4c42-8691-03e109fc4e86,askacademia_train,losing_improve_gpt4omini,1,"1

This comment appears"
7ecba3e5-0533-4c42-8691-03e109fc4e86,askacademia_train,losing_improve_gpt5nano,4,"4

This is a"
7ecba3e5-0533-4c42-8691-03e109fc4e86,askacademia_train,losing_improve_llama,3,"3

This comment provides"
7ecba3e5-0533-4c42-8691-03e109fc4e86,askacademia_train,losing_improve_mistral,2,"2

The comment appears"
7ecba3e5-0533-4c42-8691-03e109fc4e86,askacademia_train,losing_improve_qwen,2,"2

This comment appears"
7ecba3e5-0533-4c42-8691-03e109fc4e86,askacademia_train,losing_paraphrase_claude,2,"2

The comment addresses"
7ecba3e5-0533-4c42-8691-03e109fc4e86,askacademia_train,losing_paraphrase_gemini,3,"3

This comment provides"
7ecba3e5-0533-4c42-8691-03e109fc4e86,askacademia_train,losing_paraphrase_gpt4omini,2,"2

The comment appears"
7ecba3e5-0533-4c42-8691-03e109fc4e86,askacademia_train,losing_paraphrase_gpt5nano,2,"2

The comment provides"
7ecba3e5-0533-4c42-8691-03e109fc4e86,askacademia_train,losing_paraphrase_llama,2,"2

This comment appears"
7ecba3e5-0533-4c42-8691-03e109fc4e86,askacademia_train,losing_paraphrase_mistral,2,"2

The comment appears"
7ecba3e5-0533-4c42-8691-03e109fc4e86,askacademia_train,losing_paraphrase_qwen,2,"2

The comment appears"
3d3e034a-2230-46ec-a57b-9a449e76ec89,askacademia_train,winning_text,2,"2

The comment is"
3d3e034a-2230-46ec-a57b-9a449e76ec89,askacademia_train,losing_text,2,"2

The comment appears"
3d3e034a-2230-46ec-a57b-9a449e76ec89,askacademia_train,losing_generate_claude,4,"4

This is a"
3d3e034a-2230-46ec-a57b-9a449e76ec89,askacademia_train,losing_generate_gemini,4,"4

This comment provides"
3d3e034a-2230-46ec-a57b-9a449e76ec89,askacademia_train,losing_generate_gpt4omini,1,"1

This comment fails"
3d3e034a-2230-46ec-a57b-9a449e76ec89,askacademia_train,losing_generate_gpt5nano,3,"3

This comment provides"
3d3e034a-2230-46ec-a57b-9a449e76ec89,askacademia_train,losing_generate_llama,2,"2

This comment appears"
3d3e034a-2230-46ec-a57b-9a449e76ec89,askacademia_train,losing_generate_mistral,2,"2

The comment provides"
3d3e034a-2230-46ec-a57b-9a449e76ec89,askacademia_train,losing_generate_qwen,2,"2

The comment appears"
3d3e034a-2230-46ec-a57b-9a449e76ec89,askacademia_train,losing_improve_claude,2,"2

This comment does"
3d3e034a-2230-46ec-a57b-9a449e76ec89,askacademia_train,losing_improve_gemini,4,"4

This is a"
3d3e034a-2230-46ec-a57b-9a449e76ec89,askacademia_train,losing_improve_gpt4omini,2,"2

This comment appears"
3d3e034a-2230-46ec-a57b-9a449e76ec89,askacademia_train,losing_improve_gpt5nano,3,"3

This comment provides"
3d3e034a-2230-46ec-a57b-9a449e76ec89,askacademia_train,losing_improve_llama,3,"3

This comment provides"
3d3e034a-2230-46ec-a57b-9a449e76ec89,askacademia_train,losing_improve_mistral,2,"2

The comment appears"
3d3e034a-2230-46ec-a57b-9a449e76ec89,askacademia_train,losing_improve_qwen,2,"2

This comment appears"
3d3e034a-2230-46ec-a57b-9a449e76ec89,askacademia_train,losing_paraphrase_claude,2,"2

The comment provides"
3d3e034a-2230-46ec-a57b-9a449e76ec89,askacademia_train,losing_paraphrase_gemini,3,"3

This comment provides"
3d3e034a-2230-46ec-a57b-9a449e76ec89,askacademia_train,losing_paraphrase_gpt4omini,2,"2

The comment appears"
3d3e034a-2230-46ec-a57b-9a449e76ec89,askacademia_train,losing_paraphrase_gpt5nano,AMBIG,I would rate this comment a
3d3e034a-2230-46ec-a57b-9a449e76ec89,askacademia_train,losing_paraphrase_llama,2,"2

This comment appears"
3d3e034a-2230-46ec-a57b-9a449e76ec89,askacademia_train,losing_paraphrase_mistral,2,2
3d3e034a-2230-46ec-a57b-9a449e76ec89,askacademia_train,losing_paraphrase_qwen,2,"2

This comment appears"
5cfe511d-59ec-4d7a-abb5-7bff22380bd1,askacademia_train,winning_text,2,"2

This comment acknowled"
5cfe511d-59ec-4d7a-abb5-7bff22380bd1,askacademia_train,losing_text,2,"2

This comment appears"
5cfe511d-59ec-4d7a-abb5-7bff22380bd1,askacademia_train,losing_generate_claude,1,1
5cfe511d-59ec-4d7a-abb5-7bff22380bd1,askacademia_train,losing_generate_gemini,4,"4

This comment provides"
5cfe511d-59ec-4d7a-abb5-7bff22380bd1,askacademia_train,losing_generate_gpt4omini,2,"2

The comment provides"
5cfe511d-59ec-4d7a-abb5-7bff22380bd1,askacademia_train,losing_generate_gpt5nano,2,"2

This comment appears"
5cfe511d-59ec-4d7a-abb5-7bff22380bd1,askacademia_train,losing_generate_llama,2,"2

This comment appears"
5cfe511d-59ec-4d7a-abb5-7bff22380bd1,askacademia_train,losing_generate_mistral,2,"2

The comment provides"
5cfe511d-59ec-4d7a-abb5-7bff22380bd1,askacademia_train,losing_generate_qwen,2,"2

The comment appears"
5cfe511d-59ec-4d7a-abb5-7bff22380bd1,askacademia_train,losing_improve_claude,2,2
5cfe511d-59ec-4d7a-abb5-7bff22380bd1,askacademia_train,losing_improve_gemini,2,"2

This comment appears"
5cfe511d-59ec-4d7a-abb5-7bff22380bd1,askacademia_train,losing_improve_gpt4omini,1,"1

This comment appears"
5cfe511d-59ec-4d7a-abb5-7bff22380bd1,askacademia_train,losing_improve_gpt5nano,4,"4

This is a"
5cfe511d-59ec-4d7a-abb5-7bff22380bd1,askacademia_train,losing_improve_llama,1,"1

This comment appears"
5cfe511d-59ec-4d7a-abb5-7bff22380bd1,askacademia_train,losing_improve_mistral,2,"2

This comment appears"
5cfe511d-59ec-4d7a-abb5-7bff22380bd1,askacademia_train,losing_improve_qwen,AMBIG,I need to evaluate how well
5cfe511d-59ec-4d7a-abb5-7bff22380bd1,askacademia_train,losing_paraphrase_claude,2,"2

This comment appears"
5cfe511d-59ec-4d7a-abb5-7bff22380bd1,askacademia_train,losing_paraphrase_gemini,4,"4

This comment serves"
5cfe511d-59ec-4d7a-abb5-7bff22380bd1,askacademia_train,losing_paraphrase_gpt4omini,2,"2

This comment appears"
5cfe511d-59ec-4d7a-abb5-7bff22380bd1,askacademia_train,losing_paraphrase_gpt5nano,2,"2

This comment appears"
5cfe511d-59ec-4d7a-abb5-7bff22380bd1,askacademia_train,losing_paraphrase_llama,2,"2

This comment appears"
5cfe511d-59ec-4d7a-abb5-7bff22380bd1,askacademia_train,losing_paraphrase_mistral,2,"2

This comment appears"
5cfe511d-59ec-4d7a-abb5-7bff22380bd1,askacademia_train,losing_paraphrase_qwen,2,"2

The comment appears"
60d8cbf5-e8a3-4820-856f-d9a8c1c305ab,askacademia_train,winning_text,2,"2

The comment relates"
60d8cbf5-e8a3-4820-856f-d9a8c1c305ab,askacademia_train,losing_text,AMBIG,I would rate this comment a
60d8cbf5-e8a3-4820-856f-d9a8c1c305ab,askacademia_train,losing_generate_claude,4,"4

This is a"
60d8cbf5-e8a3-4820-856f-d9a8c1c305ab,askacademia_train,losing_generate_gemini,4,"4

This comment provides"
60d8cbf5-e8a3-4820-856f-d9a8c1c305ab,askacademia_train,losing_generate_gpt4omini,1,"1

This comment fails"
60d8cbf5-e8a3-4820-856f-d9a8c1c305ab,askacademia_train,losing_generate_gpt5nano,2,"2

The comment attempts"
60d8cbf5-e8a3-4820-856f-d9a8c1c305ab,askacademia_train,losing_generate_llama,2,"2

This comment appears"
60d8cbf5-e8a3-4820-856f-d9a8c1c305ab,askacademia_train,losing_generate_mistral,2,"2

The comment provides"
60d8cbf5-e8a3-4820-856f-d9a8c1c305ab,askacademia_train,losing_generate_qwen,2,"2

The comment appears"
60d8cbf5-e8a3-4820-856f-d9a8c1c305ab,askacademia_train,losing_improve_claude,2,2
60d8cbf5-e8a3-4820-856f-d9a8c1c305ab,askacademia_train,losing_improve_gemini,2,"2

This comment appears"
60d8cbf5-e8a3-4820-856f-d9a8c1c305ab,askacademia_train,losing_improve_gpt4omini,1,"1

This comment appears"
60d8cbf5-e8a3-4820-856f-d9a8c1c305ab,askacademia_train,losing_improve_gpt5nano,1,"1

This comment appears"
60d8cbf5-e8a3-4820-856f-d9a8c1c305ab,askacademia_train,losing_improve_llama,1,"1

This comment appears"
60d8cbf5-e8a3-4820-856f-d9a8c1c305ab,askacademia_train,losing_improve_mistral,2,"2

This comment appears"
60d8cbf5-e8a3-4820-856f-d9a8c1c305ab,askacademia_train,losing_improve_qwen,AMBIG,I need to evaluate how well
60d8cbf5-e8a3-4820-856f-d9a8c1c305ab,askacademia_train,losing_paraphrase_claude,2,"2

This comment appears"
60d8cbf5-e8a3-4820-856f-d9a8c1c305ab,askacademia_train,losing_paraphrase_gemini,4,"4

This comment serves"
60d8cbf5-e8a3-4820-856f-d9a8c1c305ab,askacademia_train,losing_paraphrase_gpt4omini,2,"2

This comment appears"
60d8cbf5-e8a3-4820-856f-d9a8c1c305ab,askacademia_train,losing_paraphrase_gpt5nano,2,"2

This comment appears"
60d8cbf5-e8a3-4820-856f-d9a8c1c305ab,askacademia_train,losing_paraphrase_llama,2,"2

The comment appears"
60d8cbf5-e8a3-4820-856f-d9a8c1c305ab,askacademia_train,losing_paraphrase_mistral,2,"2

This comment appears"
60d8cbf5-e8a3-4820-856f-d9a8c1c305ab,askacademia_train,losing_paraphrase_qwen,2,"2

The comment appears"
1b16ac33-438c-407c-a248-5b96e0a3e4eb,askacademia_train,winning_text,2,"2

The comment is"
1b16ac33-438c-407c-a248-5b96e0a3e4eb,askacademia_train,losing_text,3,3
1b16ac33-438c-407c-a248-5b96e0a3e4eb,askacademia_train,losing_generate_claude,5,"5

This comment is"
1b16ac33-438c-407c-a248-5b96e0a3e4eb,askacademia_train,losing_generate_gemini,4,"4

This comment provides"
1b16ac33-438c-407c-a248-5b96e0a3e4eb,askacademia_train,losing_generate_gpt4omini,1,"1

This comment fails"
1b16ac33-438c-407c-a248-5b96e0a3e4eb,askacademia_train,losing_generate_gpt5nano,1,"1

This comment completely"
1b16ac33-438c-407c-a248-5b96e0a3e4eb,askacademia_train,losing_generate_llama,2,"2

This comment appears"
1b16ac33-438c-407c-a248-5b96e0a3e4eb,askacademia_train,losing_generate_mistral,1,"1

This comment appears"
1b16ac33-438c-407c-a248-5b96e0a3e4eb,askacademia_train,losing_generate_qwen,2,"2

This comment appears"
1b16ac33-438c-407c-a248-5b96e0a3e4eb,askacademia_train,losing_improve_claude,2,"2

This comment appears"
1b16ac33-438c-407c-a248-5b96e0a3e4eb,askacademia_train,losing_improve_gemini,2,"2

This comment appears"
1b16ac33-438c-407c-a248-5b96e0a3e4eb,askacademia_train,losing_improve_gpt4omini,2,"2

This comment appears"
1b16ac33-438c-407c-a248-5b96e0a3e4eb,askacademia_train,losing_improve_gpt5nano,3,3
1b16ac33-438c-407c-a248-5b96e0a3e4eb,askacademia_train,losing_improve_llama,2,"2

This comment appears"
1b16ac33-438c-407c-a248-5b96e0a3e4eb,askacademia_train,losing_improve_mistral,2,"2

This comment provides"
1b16ac33-438c-407c-a248-5b96e0a3e4eb,askacademia_train,losing_improve_qwen,2,"2

This comment appears"
1b16ac33-438c-407c-a248-5b96e0a3e4eb,askacademia_train,losing_paraphrase_claude,2,"2

This comment is"
1b16ac33-438c-407c-a248-5b96e0a3e4eb,askacademia_train,losing_paraphrase_gemini,3,"3

This comment provides"
1b16ac33-438c-407c-a248-5b96e0a3e4eb,askacademia_train,losing_paraphrase_gpt4omini,3,"3

The comment is"
1b16ac33-438c-407c-a248-5b96e0a3e4eb,askacademia_train,losing_paraphrase_gpt5nano,2,"2

The comment is"
1b16ac33-438c-407c-a248-5b96e0a3e4eb,askacademia_train,losing_paraphrase_llama,2,"2

The comment appears"
1b16ac33-438c-407c-a248-5b96e0a3e4eb,askacademia_train,losing_paraphrase_mistral,3,3
1b16ac33-438c-407c-a248-5b96e0a3e4eb,askacademia_train,losing_paraphrase_qwen,3,3
d6079abd-6c4b-4ad8-af07-25a51e1c4873,askacademia_train,winning_text,2,"2

The comment appears"
d6079abd-6c4b-4ad8-af07-25a51e1c4873,askacademia_train,losing_text,3,3
d6079abd-6c4b-4ad8-af07-25a51e1c4873,askacademia_train,losing_generate_claude,4,"4

This is a"
d6079abd-6c4b-4ad8-af07-25a51e1c4873,askacademia_train,losing_generate_gemini,4,"4

This comment provides"
d6079abd-6c4b-4ad8-af07-25a51e1c4873,askacademia_train,losing_generate_gpt4omini,1,"1

This comment fails"
d6079abd-6c4b-4ad8-af07-25a51e1c4873,askacademia_train,losing_generate_gpt5nano,4,"4

This is a"
d6079abd-6c4b-4ad8-af07-25a51e1c4873,askacademia_train,losing_generate_llama,2,"2

This comment appears"
d6079abd-6c4b-4ad8-af07-25a51e1c4873,askacademia_train,losing_generate_mistral,2,"2

The comment provides"
d6079abd-6c4b-4ad8-af07-25a51e1c4873,askacademia_train,losing_generate_qwen,2,"2

This comment appears"
d6079abd-6c4b-4ad8-af07-25a51e1c4873,askacademia_train,losing_improve_claude,2,"2

This comment appears"
d6079abd-6c4b-4ad8-af07-25a51e1c4873,askacademia_train,losing_improve_gemini,2,"2

This comment appears"
d6079abd-6c4b-4ad8-af07-25a51e1c4873,askacademia_train,losing_improve_gpt4omini,2,"2

This comment appears"
d6079abd-6c4b-4ad8-af07-25a51e1c4873,askacademia_train,losing_improve_gpt5nano,3,"3

This comment receives"
d6079abd-6c4b-4ad8-af07-25a51e1c4873,askacademia_train,losing_improve_llama,2,"2

This comment appears"
d6079abd-6c4b-4ad8-af07-25a51e1c4873,askacademia_train,losing_improve_mistral,2,"2

This comment provides"
d6079abd-6c4b-4ad8-af07-25a51e1c4873,askacademia_train,losing_improve_qwen,2,"2

This comment appears"
d6079abd-6c4b-4ad8-af07-25a51e1c4873,askacademia_train,losing_paraphrase_claude,3,3
d6079abd-6c4b-4ad8-af07-25a51e1c4873,askacademia_train,losing_paraphrase_gemini,3,"3

This comment provides"
d6079abd-6c4b-4ad8-af07-25a51e1c4873,askacademia_train,losing_paraphrase_gpt4omini,3,"3

The comment is"
d6079abd-6c4b-4ad8-af07-25a51e1c4873,askacademia_train,losing_paraphrase_gpt5nano,3,"3

The comment is"
d6079abd-6c4b-4ad8-af07-25a51e1c4873,askacademia_train,losing_paraphrase_llama,2,"2

The comment appears"
d6079abd-6c4b-4ad8-af07-25a51e1c4873,askacademia_train,losing_paraphrase_mistral,3,3
d6079abd-6c4b-4ad8-af07-25a51e1c4873,askacademia_train,losing_paraphrase_qwen,3,3
b92931aa-e3a9-46ff-a6a3-bb50145b6c46,askacademia_train,winning_text,2,"2

The comment relates"
b92931aa-e3a9-46ff-a6a3-bb50145b6c46,askacademia_train,losing_text,2,"2

This comment is"
b92931aa-e3a9-46ff-a6a3-bb50145b6c46,askacademia_train,losing_generate_claude,4,"4

This is a"
b92931aa-e3a9-46ff-a6a3-bb50145b6c46,askacademia_train,losing_generate_gemini,1,"1

This comment does"
b92931aa-e3a9-46ff-a6a3-bb50145b6c46,askacademia_train,losing_generate_gpt4omini,1,"1

This comment fails"
b92931aa-e3a9-46ff-a6a3-bb50145b6c46,askacademia_train,losing_generate_gpt5nano,1,"1

This comment completely"
b92931aa-e3a9-46ff-a6a3-bb50145b6c46,askacademia_train,losing_generate_llama,2,"2

This comment appears"
b92931aa-e3a9-46ff-a6a3-bb50145b6c46,askacademia_train,losing_generate_mistral,2,"2

The comment provides"
b92931aa-e3a9-46ff-a6a3-bb50145b6c46,askacademia_train,losing_generate_qwen,2,"2

The comment appears"
b92931aa-e3a9-46ff-a6a3-bb50145b6c46,askacademia_train,losing_improve_claude,4,"4

This is a"
b92931aa-e3a9-46ff-a6a3-bb50145b6c46,askacademia_train,losing_improve_gemini,2,"2

This comment attempts"
b92931aa-e3a9-46ff-a6a3-bb50145b6c46,askacademia_train,losing_improve_gpt4omini,4,"4

This is a"
b92931aa-e3a9-46ff-a6a3-bb50145b6c46,askacademia_train,losing_improve_gpt5nano,2,"2

This comment provides"
b92931aa-e3a9-46ff-a6a3-bb50145b6c46,askacademia_train,losing_improve_llama,2,"2

This comment appears"
b92931aa-e3a9-46ff-a6a3-bb50145b6c46,askacademia_train,losing_improve_mistral,2,"2

This comment appears"
b92931aa-e3a9-46ff-a6a3-bb50145b6c46,askacademia_train,losing_improve_qwen,2,"2

This comment appears"
b92931aa-e3a9-46ff-a6a3-bb50145b6c46,askacademia_train,losing_paraphrase_claude,2,"2

This comment appears"
b92931aa-e3a9-46ff-a6a3-bb50145b6c46,askacademia_train,losing_paraphrase_gemini,3,"3

This comment provides"
b92931aa-e3a9-46ff-a6a3-bb50145b6c46,askacademia_train,losing_paraphrase_gpt4omini,2,"2

This comment appears"
b92931aa-e3a9-46ff-a6a3-bb50145b6c46,askacademia_train,losing_paraphrase_gpt5nano,2,"2

This comment appears"
b92931aa-e3a9-46ff-a6a3-bb50145b6c46,askacademia_train,losing_paraphrase_llama,2,"2

This comment appears"
b92931aa-e3a9-46ff-a6a3-bb50145b6c46,askacademia_train,losing_paraphrase_mistral,ERROR,
b92931aa-e3a9-46ff-a6a3-bb50145b6c46,askacademia_train,losing_paraphrase_qwen,2,"2

This comment appears"
fd3579b8-19ab-4618-977b-7a60a7d22e18,askacademia_train,winning_text,2,"2

This comment is"
fd3579b8-19ab-4618-977b-7a60a7d22e18,askacademia_train,losing_text,2,"2

This comment is"
fd3579b8-19ab-4618-977b-7a60a7d22e18,askacademia_train,losing_generate_claude,4,"4

This is a"
fd3579b8-19ab-4618-977b-7a60a7d22e18,askacademia_train,losing_generate_gemini,4,"4

This is a"
fd3579b8-19ab-4618-977b-7a60a7d22e18,askacademia_train,losing_generate_gpt4omini,2,"2

This comment provides"
fd3579b8-19ab-4618-977b-7a60a7d22e18,askacademia_train,losing_generate_gpt5nano,1,"1

This comment completely"
fd3579b8-19ab-4618-977b-7a60a7d22e18,askacademia_train,losing_generate_llama,2,"2

This comment appears"
fd3579b8-19ab-4618-977b-7a60a7d22e18,askacademia_train,losing_generate_mistral,2,"2

The comment provides"
fd3579b8-19ab-4618-977b-7a60a7d22e18,askacademia_train,losing_generate_qwen,2,"2

This comment appears"
fd3579b8-19ab-4618-977b-7a60a7d22e18,askacademia_train,losing_improve_claude,4,"4

This is a"
fd3579b8-19ab-4618-977b-7a60a7d22e18,askacademia_train,losing_improve_gemini,2,"2

This comment attempts"
fd3579b8-19ab-4618-977b-7a60a7d22e18,askacademia_train,losing_improve_gpt4omini,3,3
fd3579b8-19ab-4618-977b-7a60a7d22e18,askacademia_train,losing_improve_gpt5nano,1,"1

This comment appears"
fd3579b8-19ab-4618-977b-7a60a7d22e18,askacademia_train,losing_improve_llama,2,"2

This comment appears"
fd3579b8-19ab-4618-977b-7a60a7d22e18,askacademia_train,losing_improve_mistral,1,"1

This comment appears"
fd3579b8-19ab-4618-977b-7a60a7d22e18,askacademia_train,losing_improve_qwen,2,"2

This comment appears"
fd3579b8-19ab-4618-977b-7a60a7d22e18,askacademia_train,losing_paraphrase_claude,2,"2

This comment appears"
fd3579b8-19ab-4618-977b-7a60a7d22e18,askacademia_train,losing_paraphrase_gemini,3,"3

This comment provides"
fd3579b8-19ab-4618-977b-7a60a7d22e18,askacademia_train,losing_paraphrase_gpt4omini,2,"2

This comment appears"
fd3579b8-19ab-4618-977b-7a60a7d22e18,askacademia_train,losing_paraphrase_gpt5nano,2,"2

This comment appears"
fd3579b8-19ab-4618-977b-7a60a7d22e18,askacademia_train,losing_paraphrase_llama,2,"2

This comment appears"
fd3579b8-19ab-4618-977b-7a60a7d22e18,askacademia_train,losing_paraphrase_mistral,ERROR,
fd3579b8-19ab-4618-977b-7a60a7d22e18,askacademia_train,losing_paraphrase_qwen,2,"2

This comment appears"
a64e70ee-3677-49cd-a853-addd633c8b16,askacademia_train,winning_text,2,"2

The comment appears"
a64e70ee-3677-49cd-a853-addd633c8b16,askacademia_train,losing_text,2,"2

This comment is"
a64e70ee-3677-49cd-a853-addd633c8b16,askacademia_train,losing_generate_claude,3,"3

This comment provides"
a64e70ee-3677-49cd-a853-addd633c8b16,askacademia_train,losing_generate_gemini,4,"4

This is a"
a64e70ee-3677-49cd-a853-addd633c8b16,askacademia_train,losing_generate_gpt4omini,1,"1

This comment fails"
a64e70ee-3677-49cd-a853-addd633c8b16,askacademia_train,losing_generate_gpt5nano,2,"2

This comment assumes"
a64e70ee-3677-49cd-a853-addd633c8b16,askacademia_train,losing_generate_llama,2,"2

This comment appears"
a64e70ee-3677-49cd-a853-addd633c8b16,askacademia_train,losing_generate_mistral,2,"2

This comment provides"
a64e70ee-3677-49cd-a853-addd633c8b16,askacademia_train,losing_generate_qwen,2,"2

The comment appears"
a64e70ee-3677-49cd-a853-addd633c8b16,askacademia_train,losing_improve_claude,4,"4

This is a"
a64e70ee-3677-49cd-a853-addd633c8b16,askacademia_train,losing_improve_gemini,AMBIG,I need to evaluate how well
a64e70ee-3677-49cd-a853-addd633c8b16,askacademia_train,losing_improve_gpt4omini,3,3
a64e70ee-3677-49cd-a853-addd633c8b16,askacademia_train,losing_improve_gpt5nano,4,"4

This is a"
a64e70ee-3677-49cd-a853-addd633c8b16,askacademia_train,losing_improve_llama,2,"2

This comment appears"
a64e70ee-3677-49cd-a853-addd633c8b16,askacademia_train,losing_improve_mistral,1,"1

This comment appears"
a64e70ee-3677-49cd-a853-addd633c8b16,askacademia_train,losing_improve_qwen,2,"2

This comment appears"
a64e70ee-3677-49cd-a853-addd633c8b16,askacademia_train,losing_paraphrase_claude,2,"2

This comment appears"
a64e70ee-3677-49cd-a853-addd633c8b16,askacademia_train,losing_paraphrase_gemini,3,"3

This comment provides"
a64e70ee-3677-49cd-a853-addd633c8b16,askacademia_train,losing_paraphrase_gpt4omini,2,"2

This comment appears"
a64e70ee-3677-49cd-a853-addd633c8b16,askacademia_train,losing_paraphrase_gpt5nano,2,"2

This comment appears"
a64e70ee-3677-49cd-a853-addd633c8b16,askacademia_train,losing_paraphrase_llama,2,"2

This comment appears"
a64e70ee-3677-49cd-a853-addd633c8b16,askacademia_train,losing_paraphrase_mistral,ERROR,
a64e70ee-3677-49cd-a853-addd633c8b16,askacademia_train,losing_paraphrase_qwen,2,"2

This comment appears"
b861c503-9c22-4c41-92b3-f77ac46e7fd5,askacademia_train,winning_text,2,"2

The comment is"
b861c503-9c22-4c41-92b3-f77ac46e7fd5,askacademia_train,losing_text,2,"2

This comment is"
b861c503-9c22-4c41-92b3-f77ac46e7fd5,askacademia_train,losing_generate_claude,1,1
b861c503-9c22-4c41-92b3-f77ac46e7fd5,askacademia_train,losing_generate_gemini,4,"4

This comment provides"
b861c503-9c22-4c41-92b3-f77ac46e7fd5,askacademia_train,losing_generate_gpt4omini,1,"1

This comment fails"
b861c503-9c22-4c41-92b3-f77ac46e7fd5,askacademia_train,losing_generate_gpt5nano,1,"1

This comment is"
b861c503-9c22-4c41-92b3-f77ac46e7fd5,askacademia_train,losing_generate_llama,2,"2

This comment appears"
b861c503-9c22-4c41-92b3-f77ac46e7fd5,askacademia_train,losing_generate_mistral,2,"2

This comment provides"
b861c503-9c22-4c41-92b3-f77ac46e7fd5,askacademia_train,losing_generate_qwen,2,"2

The comment appears"
b861c503-9c22-4c41-92b3-f77ac46e7fd5,askacademia_train,losing_improve_claude,1,"1

The comment completely"
b861c503-9c22-4c41-92b3-f77ac46e7fd5,askacademia_train,losing_improve_gemini,2,"2

This comment appears"
b861c503-9c22-4c41-92b3-f77ac46e7fd5,askacademia_train,losing_improve_gpt4omini,1,"1

This comment appears"
b861c503-9c22-4c41-92b3-f77ac46e7fd5,askacademia_train,losing_improve_gpt5nano,2,"2

This comment provides"
b861c503-9c22-4c41-92b3-f77ac46e7fd5,askacademia_train,losing_improve_llama,1,"1

The comment appears"
b861c503-9c22-4c41-92b3-f77ac46e7fd5,askacademia_train,losing_improve_mistral,2,"2

This comment appears"
b861c503-9c22-4c41-92b3-f77ac46e7fd5,askacademia_train,losing_improve_qwen,2,"2

The comment provides"
b861c503-9c22-4c41-92b3-f77ac46e7fd5,askacademia_train,losing_paraphrase_claude,2,"2

This comment appears"
b861c503-9c22-4c41-92b3-f77ac46e7fd5,askacademia_train,losing_paraphrase_gemini,4,"4

This comment serves"
b861c503-9c22-4c41-92b3-f77ac46e7fd5,askacademia_train,losing_paraphrase_gpt4omini,2,"2

This comment does"
b861c503-9c22-4c41-92b3-f77ac46e7fd5,askacademia_train,losing_paraphrase_gpt5nano,2,"2

This comment does"
b861c503-9c22-4c41-92b3-f77ac46e7fd5,askacademia_train,losing_paraphrase_llama,2,"2

This comment appears"
b861c503-9c22-4c41-92b3-f77ac46e7fd5,askacademia_train,losing_paraphrase_mistral,2,"2

This comment does"
b861c503-9c22-4c41-92b3-f77ac46e7fd5,askacademia_train,losing_paraphrase_qwen,1,"1

This comment appears"
54402fd6-8984-4a3b-ad3e-64e967c8ba00,askacademia_train,winning_text,2,"2

This comment is"
54402fd6-8984-4a3b-ad3e-64e967c8ba00,askacademia_train,losing_text,2,"2

This comment is"
54402fd6-8984-4a3b-ad3e-64e967c8ba00,askacademia_train,losing_generate_claude,4,"4

This is a"
54402fd6-8984-4a3b-ad3e-64e967c8ba00,askacademia_train,losing_generate_gemini,4,"4

This comment provides"
54402fd6-8984-4a3b-ad3e-64e967c8ba00,askacademia_train,losing_generate_gpt4omini,2,"2

This comment provides"
54402fd6-8984-4a3b-ad3e-64e967c8ba00,askacademia_train,losing_generate_gpt5nano,2,"2

This comment significantly"
54402fd6-8984-4a3b-ad3e-64e967c8ba00,askacademia_train,losing_generate_llama,2,"2

This comment appears"
54402fd6-8984-4a3b-ad3e-64e967c8ba00,askacademia_train,losing_generate_mistral,2,"2

The comment provides"
54402fd6-8984-4a3b-ad3e-64e967c8ba00,askacademia_train,losing_generate_qwen,2,"2

This comment appears"
54402fd6-8984-4a3b-ad3e-64e967c8ba00,askacademia_train,losing_improve_claude,1,"1

The comment completely"
54402fd6-8984-4a3b-ad3e-64e967c8ba00,askacademia_train,losing_improve_gemini,3,"3

This comment provides"
54402fd6-8984-4a3b-ad3e-64e967c8ba00,askacademia_train,losing_improve_gpt4omini,2,"2

The comment provides"
54402fd6-8984-4a3b-ad3e-64e967c8ba00,askacademia_train,losing_improve_gpt5nano,2,"2

This comment provides"
54402fd6-8984-4a3b-ad3e-64e967c8ba00,askacademia_train,losing_improve_llama,1,"1

The comment appears"
54402fd6-8984-4a3b-ad3e-64e967c8ba00,askacademia_train,losing_improve_mistral,1,"1

This comment appears"
54402fd6-8984-4a3b-ad3e-64e967c8ba00,askacademia_train,losing_improve_qwen,2,"2

The comment provides"
54402fd6-8984-4a3b-ad3e-64e967c8ba00,askacademia_train,losing_paraphrase_claude,2,"2

This comment appears"
54402fd6-8984-4a3b-ad3e-64e967c8ba00,askacademia_train,losing_paraphrase_gemini,4,"4

This comment deser"
54402fd6-8984-4a3b-ad3e-64e967c8ba00,askacademia_train,losing_paraphrase_gpt4omini,2,"2

This comment does"
54402fd6-8984-4a3b-ad3e-64e967c8ba00,askacademia_train,losing_paraphrase_gpt5nano,2,"2

This comment appears"
54402fd6-8984-4a3b-ad3e-64e967c8ba00,askacademia_train,losing_paraphrase_llama,1,"1

This comment appears"
54402fd6-8984-4a3b-ad3e-64e967c8ba00,askacademia_train,losing_paraphrase_mistral,2,"2

This comment does"
54402fd6-8984-4a3b-ad3e-64e967c8ba00,askacademia_train,losing_paraphrase_qwen,1,"1

This comment appears"
a848e5be-ac4a-406d-82b3-7af66fc9916c,askacademia_train,winning_text,2,"2

The comment appears"
a848e5be-ac4a-406d-82b3-7af66fc9916c,askacademia_train,losing_text,2,"2

This comment is"
a848e5be-ac4a-406d-82b3-7af66fc9916c,askacademia_train,losing_generate_claude,3,"3

This is a"
a848e5be-ac4a-406d-82b3-7af66fc9916c,askacademia_train,losing_generate_gemini,4,"4

This comment provides"
a848e5be-ac4a-406d-82b3-7af66fc9916c,askacademia_train,losing_generate_gpt4omini,1,"1

This comment fails"
a848e5be-ac4a-406d-82b3-7af66fc9916c,askacademia_train,losing_generate_gpt5nano,2,"2

This comment appears"
a848e5be-ac4a-406d-82b3-7af66fc9916c,askacademia_train,losing_generate_llama,2,"2

This comment appears"
a848e5be-ac4a-406d-82b3-7af66fc9916c,askacademia_train,losing_generate_mistral,2,"2

The comment provides"
a848e5be-ac4a-406d-82b3-7af66fc9916c,askacademia_train,losing_generate_qwen,2,"2

This comment appears"
a848e5be-ac4a-406d-82b3-7af66fc9916c,askacademia_train,losing_improve_claude,1,"1

The comment completely"
a848e5be-ac4a-406d-82b3-7af66fc9916c,askacademia_train,losing_improve_gemini,2,"2

This comment appears"
a848e5be-ac4a-406d-82b3-7af66fc9916c,askacademia_train,losing_improve_gpt4omini,1,"1

This comment appears"
a848e5be-ac4a-406d-82b3-7af66fc9916c,askacademia_train,losing_improve_gpt5nano,2,"2

This comment provides"
a848e5be-ac4a-406d-82b3-7af66fc9916c,askacademia_train,losing_improve_llama,1,"1

This comment appears"
a848e5be-ac4a-406d-82b3-7af66fc9916c,askacademia_train,losing_improve_mistral,2,"2

This comment appears"
a848e5be-ac4a-406d-82b3-7af66fc9916c,askacademia_train,losing_improve_qwen,2,"2

The comment provides"
a848e5be-ac4a-406d-82b3-7af66fc9916c,askacademia_train,losing_paraphrase_claude,2,"2

This comment appears"
a848e5be-ac4a-406d-82b3-7af66fc9916c,askacademia_train,losing_paraphrase_gemini,4,"4

This comment deser"
a848e5be-ac4a-406d-82b3-7af66fc9916c,askacademia_train,losing_paraphrase_gpt4omini,2,"2

This comment does"
a848e5be-ac4a-406d-82b3-7af66fc9916c,askacademia_train,losing_paraphrase_gpt5nano,2,"2

This comment appears"
a848e5be-ac4a-406d-82b3-7af66fc9916c,askacademia_train,losing_paraphrase_llama,2,"2

This comment appears"
a848e5be-ac4a-406d-82b3-7af66fc9916c,askacademia_train,losing_paraphrase_mistral,2,"2

This comment does"
a848e5be-ac4a-406d-82b3-7af66fc9916c,askacademia_train,losing_paraphrase_qwen,2,"2

This comment appears"
164e3ef1-36d6-4f08-bcff-846dc0252a17,askacademia_train,winning_text,2,"2

The comment appears"
164e3ef1-36d6-4f08-bcff-846dc0252a17,askacademia_train,losing_text,2,"2

This comment is"
164e3ef1-36d6-4f08-bcff-846dc0252a17,askacademia_train,losing_generate_claude,4,"4

This is a"
164e3ef1-36d6-4f08-bcff-846dc0252a17,askacademia_train,losing_generate_gemini,4,"4

This is a"
164e3ef1-36d6-4f08-bcff-846dc0252a17,askacademia_train,losing_generate_gpt4omini,2,"2

This comment provides"
164e3ef1-36d6-4f08-bcff-846dc0252a17,askacademia_train,losing_generate_gpt5nano,4,"4

This is a"
164e3ef1-36d6-4f08-bcff-846dc0252a17,askacademia_train,losing_generate_llama,2,"2

This comment appears"
164e3ef1-36d6-4f08-bcff-846dc0252a17,askacademia_train,losing_generate_mistral,2,"2

The comment provides"
164e3ef1-36d6-4f08-bcff-846dc0252a17,askacademia_train,losing_generate_qwen,2,"2

The comment appears"
164e3ef1-36d6-4f08-bcff-846dc0252a17,askacademia_train,losing_improve_claude,4,"4

This is a"
164e3ef1-36d6-4f08-bcff-846dc0252a17,askacademia_train,losing_improve_gemini,4,"4

This comment provides"
164e3ef1-36d6-4f08-bcff-846dc0252a17,askacademia_train,losing_improve_gpt4omini,4,"4

This is a"
164e3ef1-36d6-4f08-bcff-846dc0252a17,askacademia_train,losing_improve_gpt5nano,4,"4

This is a"
164e3ef1-36d6-4f08-bcff-846dc0252a17,askacademia_train,losing_improve_llama,2,"2

This comment appears"
164e3ef1-36d6-4f08-bcff-846dc0252a17,askacademia_train,losing_improve_mistral,2,"2

This comment has"
164e3ef1-36d6-4f08-bcff-846dc0252a17,askacademia_train,losing_improve_qwen,4,"4

This is a"
164e3ef1-36d6-4f08-bcff-846dc0252a17,askacademia_train,losing_paraphrase_claude,2,"2

This comment provides"
164e3ef1-36d6-4f08-bcff-846dc0252a17,askacademia_train,losing_paraphrase_gemini,3,"3

This comment provides"
164e3ef1-36d6-4f08-bcff-846dc0252a17,askacademia_train,losing_paraphrase_gpt4omini,2,"2

This comment appears"
164e3ef1-36d6-4f08-bcff-846dc0252a17,askacademia_train,losing_paraphrase_gpt5nano,2,"2

This comment is"
164e3ef1-36d6-4f08-bcff-846dc0252a17,askacademia_train,losing_paraphrase_llama,2,"2

This comment appears"
164e3ef1-36d6-4f08-bcff-846dc0252a17,askacademia_train,losing_paraphrase_mistral,2,"2

This comment is"
164e3ef1-36d6-4f08-bcff-846dc0252a17,askacademia_train,losing_paraphrase_qwen,3,3
1ab716b6-4d1e-49ea-bcb7-8700554c916b,askacademia_train,winning_text,4,"4

This is a"
1ab716b6-4d1e-49ea-bcb7-8700554c916b,askacademia_train,losing_text,2,"2

This comment shares"
1ab716b6-4d1e-49ea-bcb7-8700554c916b,askacademia_train,losing_generate_claude,4,"4

This comment serves"
1ab716b6-4d1e-49ea-bcb7-8700554c916b,askacademia_train,losing_generate_gemini,4,"4

This comment provides"
1ab716b6-4d1e-49ea-bcb7-8700554c916b,askacademia_train,losing_generate_gpt4omini,2,"2

This comment provides"
1ab716b6-4d1e-49ea-bcb7-8700554c916b,askacademia_train,losing_generate_gpt5nano,4,"4

This comment deser"
1ab716b6-4d1e-49ea-bcb7-8700554c916b,askacademia_train,losing_generate_llama,2,"2

This comment appears"
1ab716b6-4d1e-49ea-bcb7-8700554c916b,askacademia_train,losing_generate_mistral,2,"2

The comment provides"
1ab716b6-4d1e-49ea-bcb7-8700554c916b,askacademia_train,losing_generate_qwen,2,"2

This comment appears"
1ab716b6-4d1e-49ea-bcb7-8700554c916b,askacademia_train,losing_improve_claude,3,"3

This comment provides"
1ab716b6-4d1e-49ea-bcb7-8700554c916b,askacademia_train,losing_improve_gemini,2,"2

This comment has"
1ab716b6-4d1e-49ea-bcb7-8700554c916b,askacademia_train,losing_improve_gpt4omini,2,"2

The comment appears"
1ab716b6-4d1e-49ea-bcb7-8700554c916b,askacademia_train,losing_improve_gpt5nano,2,"2

This comment provides"
1ab716b6-4d1e-49ea-bcb7-8700554c916b,askacademia_train,losing_improve_llama,2,"2

This comment reads"
1ab716b6-4d1e-49ea-bcb7-8700554c916b,askacademia_train,losing_improve_mistral,2,"2

This comment has"
1ab716b6-4d1e-49ea-bcb7-8700554c916b,askacademia_train,losing_improve_qwen,2,"2

The comment makes"
1ab716b6-4d1e-49ea-bcb7-8700554c916b,askacademia_train,losing_paraphrase_claude,2,"2

This comment appears"
1ab716b6-4d1e-49ea-bcb7-8700554c916b,askacademia_train,losing_paraphrase_gemini,4,"4

This comment deser"
1ab716b6-4d1e-49ea-bcb7-8700554c916b,askacademia_train,losing_paraphrase_gpt4omini,2,"2

The comment appears"
1ab716b6-4d1e-49ea-bcb7-8700554c916b,askacademia_train,losing_paraphrase_gpt5nano,3,"3

This comment provides"
1ab716b6-4d1e-49ea-bcb7-8700554c916b,askacademia_train,losing_paraphrase_llama,2,"2

This comment reads"
1ab716b6-4d1e-49ea-bcb7-8700554c916b,askacademia_train,losing_paraphrase_mistral,2,"2

This comment appears"
1ab716b6-4d1e-49ea-bcb7-8700554c916b,askacademia_train,losing_paraphrase_qwen,2,"2

The comment addresses"
292078fd-39f1-489e-9171-86ecbfc24533,askacademia_train,winning_text,3,"3

This comment exp"
292078fd-39f1-489e-9171-86ecbfc24533,askacademia_train,losing_text,2,"2

This comment shares"
292078fd-39f1-489e-9171-86ecbfc24533,askacademia_train,losing_generate_claude,4,"4

This is a"
292078fd-39f1-489e-9171-86ecbfc24533,askacademia_train,losing_generate_gemini,4,"4

This is a"
292078fd-39f1-489e-9171-86ecbfc24533,askacademia_train,losing_generate_gpt4omini,1,"1

This comment fails"
292078fd-39f1-489e-9171-86ecbfc24533,askacademia_train,losing_generate_gpt5nano,5,"5

This comment is"
292078fd-39f1-489e-9171-86ecbfc24533,askacademia_train,losing_generate_llama,2,"2

This comment appears"
292078fd-39f1-489e-9171-86ecbfc24533,askacademia_train,losing_generate_mistral,2,"2

The comment provides"
292078fd-39f1-489e-9171-86ecbfc24533,askacademia_train,losing_generate_qwen,2,"2

This comment appears"
292078fd-39f1-489e-9171-86ecbfc24533,askacademia_train,losing_improve_claude,3,"3

This comment provides"
292078fd-39f1-489e-9171-86ecbfc24533,askacademia_train,losing_improve_gemini,2,"2

This comment appears"
292078fd-39f1-489e-9171-86ecbfc24533,askacademia_train,losing_improve_gpt4omini,2,"2

The comment discusses"
292078fd-39f1-489e-9171-86ecbfc24533,askacademia_train,losing_improve_gpt5nano,1,"1

This comment appears"
292078fd-39f1-489e-9171-86ecbfc24533,askacademia_train,losing_improve_llama,2,"2

This comment reads"
292078fd-39f1-489e-9171-86ecbfc24533,askacademia_train,losing_improve_mistral,2,"2

This comment has"
292078fd-39f1-489e-9171-86ecbfc24533,askacademia_train,losing_improve_qwen,2,"2

This comment provides"
292078fd-39f1-489e-9171-86ecbfc24533,askacademia_train,losing_paraphrase_claude,2,"2

The comment discusses"
292078fd-39f1-489e-9171-86ecbfc24533,askacademia_train,losing_paraphrase_gemini,3,"3

This comment provides"
292078fd-39f1-489e-9171-86ecbfc24533,askacademia_train,losing_paraphrase_gpt4omini,2,"2

The comment appears"
292078fd-39f1-489e-9171-86ecbfc24533,askacademia_train,losing_paraphrase_gpt5nano,3,"3

This comment provides"
292078fd-39f1-489e-9171-86ecbfc24533,askacademia_train,losing_paraphrase_llama,2,"2

This comment reads"
292078fd-39f1-489e-9171-86ecbfc24533,askacademia_train,losing_paraphrase_mistral,2,"2

This comment has"
292078fd-39f1-489e-9171-86ecbfc24533,askacademia_train,losing_paraphrase_qwen,2,"2

The comment addresses"
947776e2-e1c7-450a-afc1-8c2a274b1d68,askacademia_train,winning_text,4,"4

This is a"
947776e2-e1c7-450a-afc1-8c2a274b1d68,askacademia_train,losing_text,3,"3

This comment provides"
947776e2-e1c7-450a-afc1-8c2a274b1d68,askacademia_train,losing_generate_claude,4,"4

This is a"
947776e2-e1c7-450a-afc1-8c2a274b1d68,askacademia_train,losing_generate_gemini,4,"4

This comment provides"
947776e2-e1c7-450a-afc1-8c2a274b1d68,askacademia_train,losing_generate_gpt4omini,1,"1

This comment fails"
947776e2-e1c7-450a-afc1-8c2a274b1d68,askacademia_train,losing_generate_gpt5nano,2,"2

This comment significantly"
947776e2-e1c7-450a-afc1-8c2a274b1d68,askacademia_train,losing_generate_llama,2,"2

This comment appears"
947776e2-e1c7-450a-afc1-8c2a274b1d68,askacademia_train,losing_generate_mistral,2,"2

The comment provides"
947776e2-e1c7-450a-afc1-8c2a274b1d68,askacademia_train,losing_generate_qwen,2,"2

This comment appears"
947776e2-e1c7-450a-afc1-8c2a274b1d68,askacademia_train,losing_improve_claude,2,"2

This comment appears"
947776e2-e1c7-450a-afc1-8c2a274b1d68,askacademia_train,losing_improve_gemini,3,"3

This comment provides"
947776e2-e1c7-450a-afc1-8c2a274b1d68,askacademia_train,losing_improve_gpt4omini,3,"3

This comment provides"
947776e2-e1c7-450a-afc1-8c2a274b1d68,askacademia_train,losing_improve_gpt5nano,5,"5

This comment is"
947776e2-e1c7-450a-afc1-8c2a274b1d68,askacademia_train,losing_improve_llama,AMBIG,I need to evaluate how well
947776e2-e1c7-450a-afc1-8c2a274b1d68,askacademia_train,losing_improve_mistral,AMBIG,I need to evaluate this comment
947776e2-e1c7-450a-afc1-8c2a274b1d68,askacademia_train,losing_improve_qwen,4,"4

This is a"
947776e2-e1c7-450a-afc1-8c2a274b1d68,askacademia_train,losing_paraphrase_claude,4,"4

This comment serves"
947776e2-e1c7-450a-afc1-8c2a274b1d68,askacademia_train,losing_paraphrase_gemini,3,"3

This comment is"
947776e2-e1c7-450a-afc1-8c2a274b1d68,askacademia_train,losing_paraphrase_gpt4omini,3,"3

This comment provides"
947776e2-e1c7-450a-afc1-8c2a274b1d68,askacademia_train,losing_paraphrase_gpt5nano,3,"3

This comment provides"
947776e2-e1c7-450a-afc1-8c2a274b1d68,askacademia_train,losing_paraphrase_llama,3,3
947776e2-e1c7-450a-afc1-8c2a274b1d68,askacademia_train,losing_paraphrase_mistral,3,3
947776e2-e1c7-450a-afc1-8c2a274b1d68,askacademia_train,losing_paraphrase_qwen,3,3
0078f354-a1d0-40ed-99c0-8d4822f997a8,askacademia_train,winning_text,3,3
0078f354-a1d0-40ed-99c0-8d4822f997a8,askacademia_train,losing_text,3,"3

This comment provides"
0078f354-a1d0-40ed-99c0-8d4822f997a8,askacademia_train,losing_generate_claude,3,"3

This comment provides"
0078f354-a1d0-40ed-99c0-8d4822f997a8,askacademia_train,losing_generate_gemini,4,"4

This comment provides"
0078f354-a1d0-40ed-99c0-8d4822f997a8,askacademia_train,losing_generate_gpt4omini,2,"2

This comment provides"
0078f354-a1d0-40ed-99c0-8d4822f997a8,askacademia_train,losing_generate_gpt5nano,2,"2

This comment appears"
0078f354-a1d0-40ed-99c0-8d4822f997a8,askacademia_train,losing_generate_llama,2,"2

This comment appears"
0078f354-a1d0-40ed-99c0-8d4822f997a8,askacademia_train,losing_generate_mistral,2,"2

The comment provides"
0078f354-a1d0-40ed-99c0-8d4822f997a8,askacademia_train,losing_generate_qwen,2,"2

The comment appears"
0078f354-a1d0-40ed-99c0-8d4822f997a8,askacademia_train,losing_improve_claude,4,"4

This comment provides"
0078f354-a1d0-40ed-99c0-8d4822f997a8,askacademia_train,losing_improve_gemini,2,"2

This comment provides"
0078f354-a1d0-40ed-99c0-8d4822f997a8,askacademia_train,losing_improve_gpt4omini,3,"3

This comment provides"
0078f354-a1d0-40ed-99c0-8d4822f997a8,askacademia_train,losing_improve_gpt5nano,4,"4

This is a"
0078f354-a1d0-40ed-99c0-8d4822f997a8,askacademia_train,losing_improve_llama,AMBIG,I need to evaluate how well
0078f354-a1d0-40ed-99c0-8d4822f997a8,askacademia_train,losing_improve_mistral,4,"4

This comment serves"
0078f354-a1d0-40ed-99c0-8d4822f997a8,askacademia_train,losing_improve_qwen,4,"4

This comment provides"
0078f354-a1d0-40ed-99c0-8d4822f997a8,askacademia_train,losing_paraphrase_claude,4,"4

This comment serves"
0078f354-a1d0-40ed-99c0-8d4822f997a8,askacademia_train,losing_paraphrase_gemini,2,"2

This comment does"
0078f354-a1d0-40ed-99c0-8d4822f997a8,askacademia_train,losing_paraphrase_gpt4omini,2,"2

This comment discusses"
0078f354-a1d0-40ed-99c0-8d4822f997a8,askacademia_train,losing_paraphrase_gpt5nano,3,"3

This comment provides"
0078f354-a1d0-40ed-99c0-8d4822f997a8,askacademia_train,losing_paraphrase_llama,3,3
0078f354-a1d0-40ed-99c0-8d4822f997a8,askacademia_train,losing_paraphrase_mistral,2,"2

This comment provides"
0078f354-a1d0-40ed-99c0-8d4822f997a8,askacademia_train,losing_paraphrase_qwen,3,3
f030b6d2-a544-4afa-9af2-125fb903702f,askacademia_train,winning_text,3,"3

This comment exp"
f030b6d2-a544-4afa-9af2-125fb903702f,askacademia_train,losing_text,2,"2

This comment provides"
f030b6d2-a544-4afa-9af2-125fb903702f,askacademia_train,losing_generate_claude,3,"3

This comment provides"
f030b6d2-a544-4afa-9af2-125fb903702f,askacademia_train,losing_generate_gemini,4,"4

This is a"
f030b6d2-a544-4afa-9af2-125fb903702f,askacademia_train,losing_generate_gpt4omini,2,"2

This comment provides"
f030b6d2-a544-4afa-9af2-125fb903702f,askacademia_train,losing_generate_gpt5nano,2,"2

This comment fundament"
f030b6d2-a544-4afa-9af2-125fb903702f,askacademia_train,losing_generate_llama,2,"2

This comment appears"
f030b6d2-a544-4afa-9af2-125fb903702f,askacademia_train,losing_generate_mistral,2,"2

This comment provides"
f030b6d2-a544-4afa-9af2-125fb903702f,askacademia_train,losing_generate_qwen,2,"2

This comment appears"
f030b6d2-a544-4afa-9af2-125fb903702f,askacademia_train,losing_improve_claude,2,"2

This comment appears"
f030b6d2-a544-4afa-9af2-125fb903702f,askacademia_train,losing_improve_gemini,4,"4

This is a"
f030b6d2-a544-4afa-9af2-125fb903702f,askacademia_train,losing_improve_gpt4omini,3,"3

This comment provides"
f030b6d2-a544-4afa-9af2-125fb903702f,askacademia_train,losing_improve_gpt5nano,4,"4

This is a"
f030b6d2-a544-4afa-9af2-125fb903702f,askacademia_train,losing_improve_llama,AMBIG,I need to evaluate how well
f030b6d2-a544-4afa-9af2-125fb903702f,askacademia_train,losing_improve_mistral,3,3
f030b6d2-a544-4afa-9af2-125fb903702f,askacademia_train,losing_improve_qwen,2,"2

This comment provides"
f030b6d2-a544-4afa-9af2-125fb903702f,askacademia_train,losing_paraphrase_claude,3,"3

This comment provides"
f030b6d2-a544-4afa-9af2-125fb903702f,askacademia_train,losing_paraphrase_gemini,3,"3

This comment provides"
f030b6d2-a544-4afa-9af2-125fb903702f,askacademia_train,losing_paraphrase_gpt4omini,3,"3

This comment provides"
f030b6d2-a544-4afa-9af2-125fb903702f,askacademia_train,losing_paraphrase_gpt5nano,2,"2

This comment provides"
f030b6d2-a544-4afa-9af2-125fb903702f,askacademia_train,losing_paraphrase_llama,3,3
f030b6d2-a544-4afa-9af2-125fb903702f,askacademia_train,losing_paraphrase_mistral,3,"3

This comment provides"
f030b6d2-a544-4afa-9af2-125fb903702f,askacademia_train,losing_paraphrase_qwen,3,3
32425c5d-578f-4d7b-a081-e03332f36d9f,askacademia_train,winning_text,3,"3

This comment exp"
32425c5d-578f-4d7b-a081-e03332f36d9f,askacademia_train,losing_text,4,"4

This is a"
32425c5d-578f-4d7b-a081-e03332f36d9f,askacademia_train,losing_generate_claude,4,"4

This is a"
32425c5d-578f-4d7b-a081-e03332f36d9f,askacademia_train,losing_generate_gemini,4,"4

This is a"
32425c5d-578f-4d7b-a081-e03332f36d9f,askacademia_train,losing_generate_gpt4omini,1,"1

This comment fails"
32425c5d-578f-4d7b-a081-e03332f36d9f,askacademia_train,losing_generate_gpt5nano,2,"2

This comment does"
32425c5d-578f-4d7b-a081-e03332f36d9f,askacademia_train,losing_generate_llama,2,"2

This comment appears"
32425c5d-578f-4d7b-a081-e03332f36d9f,askacademia_train,losing_generate_mistral,2,"2

This comment reads"
32425c5d-578f-4d7b-a081-e03332f36d9f,askacademia_train,losing_generate_qwen,2,"2

The comment appears"
32425c5d-578f-4d7b-a081-e03332f36d9f,askacademia_train,losing_improve_claude,4,"4

This comment provides"
32425c5d-578f-4d7b-a081-e03332f36d9f,askacademia_train,losing_improve_gemini,4,"4

This is a"
32425c5d-578f-4d7b-a081-e03332f36d9f,askacademia_train,losing_improve_gpt4omini,4,"4

This is a"
32425c5d-578f-4d7b-a081-e03332f36d9f,askacademia_train,losing_improve_gpt5nano,4,"4

This is a"
32425c5d-578f-4d7b-a081-e03332f36d9f,askacademia_train,losing_improve_llama,4,4
32425c5d-578f-4d7b-a081-e03332f36d9f,askacademia_train,losing_improve_mistral,4,"4

This is a"
32425c5d-578f-4d7b-a081-e03332f36d9f,askacademia_train,losing_improve_qwen,4,4
32425c5d-578f-4d7b-a081-e03332f36d9f,askacademia_train,losing_paraphrase_claude,4,"4

This is a"
32425c5d-578f-4d7b-a081-e03332f36d9f,askacademia_train,losing_paraphrase_gemini,3,"3

This comment provides"
32425c5d-578f-4d7b-a081-e03332f36d9f,askacademia_train,losing_paraphrase_gpt4omini,4,"4

This is a"
32425c5d-578f-4d7b-a081-e03332f36d9f,askacademia_train,losing_paraphrase_gpt5nano,4,4
32425c5d-578f-4d7b-a081-e03332f36d9f,askacademia_train,losing_paraphrase_llama,4,"4

This is a"
32425c5d-578f-4d7b-a081-e03332f36d9f,askacademia_train,losing_paraphrase_mistral,4,"4

This is a"
32425c5d-578f-4d7b-a081-e03332f36d9f,askacademia_train,losing_paraphrase_qwen,4,4
3b2a72f5-80d9-4989-8e69-4d34e3548d47,askacademia_train,winning_text,4,"4

This is a"
3b2a72f5-80d9-4989-8e69-4d34e3548d47,askacademia_train,losing_text,2,"2

This comment provides"
3b2a72f5-80d9-4989-8e69-4d34e3548d47,askacademia_train,losing_generate_claude,3,"3

This comment provides"
3b2a72f5-80d9-4989-8e69-4d34e3548d47,askacademia_train,losing_generate_gemini,4,"4

This is a"
3b2a72f5-80d9-4989-8e69-4d34e3548d47,askacademia_train,losing_generate_gpt4omini,1,"1

This comment fails"
3b2a72f5-80d9-4989-8e69-4d34e3548d47,askacademia_train,losing_generate_gpt5nano,2,"2

This comment has"
3b2a72f5-80d9-4989-8e69-4d34e3548d47,askacademia_train,losing_generate_llama,2,"2

This comment appears"
3b2a72f5-80d9-4989-8e69-4d34e3548d47,askacademia_train,losing_generate_mistral,2,"2

This comment provides"
3b2a72f5-80d9-4989-8e69-4d34e3548d47,askacademia_train,losing_generate_qwen,2,"2

The comment appears"
3b2a72f5-80d9-4989-8e69-4d34e3548d47,askacademia_train,losing_improve_claude,2,"2

This comment appears"
3b2a72f5-80d9-4989-8e69-4d34e3548d47,askacademia_train,losing_improve_gemini,2,"2

This comment has"
3b2a72f5-80d9-4989-8e69-4d34e3548d47,askacademia_train,losing_improve_gpt4omini,2,"2

The comment provides"
3b2a72f5-80d9-4989-8e69-4d34e3548d47,askacademia_train,losing_improve_gpt5nano,2,"2

This comment appears"
3b2a72f5-80d9-4989-8e69-4d34e3548d47,askacademia_train,losing_improve_llama,2,"2

The comment provides"
3b2a72f5-80d9-4989-8e69-4d34e3548d47,askacademia_train,losing_improve_mistral,2,"2

This comment provides"
3b2a72f5-80d9-4989-8e69-4d34e3548d47,askacademia_train,losing_improve_qwen,2,"2

This comment discusses"
3b2a72f5-80d9-4989-8e69-4d34e3548d47,askacademia_train,losing_paraphrase_claude,2,"2

This comment provides"
3b2a72f5-80d9-4989-8e69-4d34e3548d47,askacademia_train,losing_paraphrase_gemini,3,"3

This comment provides"
3b2a72f5-80d9-4989-8e69-4d34e3548d47,askacademia_train,losing_paraphrase_gpt4omini,3,"3

This comment provides"
3b2a72f5-80d9-4989-8e69-4d34e3548d47,askacademia_train,losing_paraphrase_gpt5nano,2,"2

This comment provides"
3b2a72f5-80d9-4989-8e69-4d34e3548d47,askacademia_train,losing_paraphrase_llama,2,"2

The comment describes"
3b2a72f5-80d9-4989-8e69-4d34e3548d47,askacademia_train,losing_paraphrase_mistral,2,"2

This comment provides"
3b2a72f5-80d9-4989-8e69-4d34e3548d47,askacademia_train,losing_paraphrase_qwen,2,"2

This comment provides"
00ac52a3-f8eb-4c52-b2d9-6e734d579fcb,askacademia_train,winning_text,4,"4

This comment serves"
00ac52a3-f8eb-4c52-b2d9-6e734d579fcb,askacademia_train,losing_text,2,"2

This comment provides"
00ac52a3-f8eb-4c52-b2d9-6e734d579fcb,askacademia_train,losing_generate_claude,1,1
00ac52a3-f8eb-4c52-b2d9-6e734d579fcb,askacademia_train,losing_generate_gemini,4,"4

This comment provides"
00ac52a3-f8eb-4c52-b2d9-6e734d579fcb,askacademia_train,losing_generate_gpt4omini,2,"2

This comment provides"
00ac52a3-f8eb-4c52-b2d9-6e734d579fcb,askacademia_train,losing_generate_gpt5nano,1,"1

This comment fails"
00ac52a3-f8eb-4c52-b2d9-6e734d579fcb,askacademia_train,losing_generate_llama,2,"2

This comment appears"
00ac52a3-f8eb-4c52-b2d9-6e734d579fcb,askacademia_train,losing_generate_mistral,1,"1

This comment does"
00ac52a3-f8eb-4c52-b2d9-6e734d579fcb,askacademia_train,losing_generate_qwen,2,"2

The comment appears"
00ac52a3-f8eb-4c52-b2d9-6e734d579fcb,askacademia_train,losing_improve_claude,2,"2

This appears to"
00ac52a3-f8eb-4c52-b2d9-6e734d579fcb,askacademia_train,losing_improve_gemini,2,"2

This comment has"
00ac52a3-f8eb-4c52-b2d9-6e734d579fcb,askacademia_train,losing_improve_gpt4omini,3,"3

This comment provides"
00ac52a3-f8eb-4c52-b2d9-6e734d579fcb,askacademia_train,losing_improve_gpt5nano,2,"2

This comment appears"
00ac52a3-f8eb-4c52-b2d9-6e734d579fcb,askacademia_train,losing_improve_llama,2,"2

The comment provides"
00ac52a3-f8eb-4c52-b2d9-6e734d579fcb,askacademia_train,losing_improve_mistral,2,"2

This comment provides"
00ac52a3-f8eb-4c52-b2d9-6e734d579fcb,askacademia_train,losing_improve_qwen,2,"2

This comment provides"
00ac52a3-f8eb-4c52-b2d9-6e734d579fcb,askacademia_train,losing_paraphrase_claude,3,"3

This comment provides"
00ac52a3-f8eb-4c52-b2d9-6e734d579fcb,askacademia_train,losing_paraphrase_gemini,3,"3

This comment provides"
00ac52a3-f8eb-4c52-b2d9-6e734d579fcb,askacademia_train,losing_paraphrase_gpt4omini,3,"3

This comment provides"
00ac52a3-f8eb-4c52-b2d9-6e734d579fcb,askacademia_train,losing_paraphrase_gpt5nano,2,"2

This comment provides"
00ac52a3-f8eb-4c52-b2d9-6e734d579fcb,askacademia_train,losing_paraphrase_llama,2,"2

The comment describes"
00ac52a3-f8eb-4c52-b2d9-6e734d579fcb,askacademia_train,losing_paraphrase_mistral,2,"2

This comment provides"
00ac52a3-f8eb-4c52-b2d9-6e734d579fcb,askacademia_train,losing_paraphrase_qwen,2,"2

This comment provides"
febe22ae-412b-4310-894e-e568ba9d9bb1,askacademia_train,winning_text,3,"3

This comment exp"
febe22ae-412b-4310-894e-e568ba9d9bb1,askacademia_train,losing_text,2,"2

This comment provides"
febe22ae-412b-4310-894e-e568ba9d9bb1,askacademia_train,losing_generate_claude,4,"4

This is a"
febe22ae-412b-4310-894e-e568ba9d9bb1,askacademia_train,losing_generate_gemini,4,"4

This comment provides"
febe22ae-412b-4310-894e-e568ba9d9bb1,askacademia_train,losing_generate_gpt4omini,2,"2

This comment provides"
febe22ae-412b-4310-894e-e568ba9d9bb1,askacademia_train,losing_generate_gpt5nano,3,"3

This comment provides"
febe22ae-412b-4310-894e-e568ba9d9bb1,askacademia_train,losing_generate_llama,2,"2

This comment appears"
febe22ae-412b-4310-894e-e568ba9d9bb1,askacademia_train,losing_generate_mistral,2,"2

The comment provides"
febe22ae-412b-4310-894e-e568ba9d9bb1,askacademia_train,losing_generate_qwen,2,"2

This comment appears"
febe22ae-412b-4310-894e-e568ba9d9bb1,askacademia_train,losing_improve_claude,2,"2

This comment appears"
febe22ae-412b-4310-894e-e568ba9d9bb1,askacademia_train,losing_improve_gemini,2,"2

This comment has"
febe22ae-412b-4310-894e-e568ba9d9bb1,askacademia_train,losing_improve_gpt4omini,4,"4

This comment provides"
febe22ae-412b-4310-894e-e568ba9d9bb1,askacademia_train,losing_improve_gpt5nano,4,"4

This is a"
febe22ae-412b-4310-894e-e568ba9d9bb1,askacademia_train,losing_improve_llama,2,"2

This comment provides"
febe22ae-412b-4310-894e-e568ba9d9bb1,askacademia_train,losing_improve_mistral,2,"2

This comment provides"
febe22ae-412b-4310-894e-e568ba9d9bb1,askacademia_train,losing_improve_qwen,2,"2

This comment discusses"
febe22ae-412b-4310-894e-e568ba9d9bb1,askacademia_train,losing_paraphrase_claude,3,"3

This comment provides"
febe22ae-412b-4310-894e-e568ba9d9bb1,askacademia_train,losing_paraphrase_gemini,4,"4

This comment provides"
febe22ae-412b-4310-894e-e568ba9d9bb1,askacademia_train,losing_paraphrase_gpt4omini,3,"3

This comment provides"
febe22ae-412b-4310-894e-e568ba9d9bb1,askacademia_train,losing_paraphrase_gpt5nano,2,"2

This comment provides"
febe22ae-412b-4310-894e-e568ba9d9bb1,askacademia_train,losing_paraphrase_llama,2,"2

This appears to"
febe22ae-412b-4310-894e-e568ba9d9bb1,askacademia_train,losing_paraphrase_mistral,2,"2

This comment provides"
febe22ae-412b-4310-894e-e568ba9d9bb1,askacademia_train,losing_paraphrase_qwen,2,"2

This comment provides"
20726a84-5847-4d45-a08a-8e4376fa9a29,askacademia_train,winning_text,4,"4

This comment serves"
20726a84-5847-4d45-a08a-8e4376fa9a29,askacademia_train,losing_text,2,"2

This comment provides"
20726a84-5847-4d45-a08a-8e4376fa9a29,askacademia_train,losing_generate_claude,4,"4

This is a"
20726a84-5847-4d45-a08a-8e4376fa9a29,askacademia_train,losing_generate_gemini,4,"4

This is a"
20726a84-5847-4d45-a08a-8e4376fa9a29,askacademia_train,losing_generate_gpt4omini,1,"1

This comment fails"
20726a84-5847-4d45-a08a-8e4376fa9a29,askacademia_train,losing_generate_gpt5nano,2,"2

This comment appears"
20726a84-5847-4d45-a08a-8e4376fa9a29,askacademia_train,losing_generate_llama,2,"2

This comment appears"
20726a84-5847-4d45-a08a-8e4376fa9a29,askacademia_train,losing_generate_mistral,2,"2

The comment provides"
20726a84-5847-4d45-a08a-8e4376fa9a29,askacademia_train,losing_generate_qwen,2,"2

The comment appears"
20726a84-5847-4d45-a08a-8e4376fa9a29,askacademia_train,losing_improve_claude,3,"3

This comment appears"
20726a84-5847-4d45-a08a-8e4376fa9a29,askacademia_train,losing_improve_gemini,2,"2

This comment provides"
20726a84-5847-4d45-a08a-8e4376fa9a29,askacademia_train,losing_improve_gpt4omini,4,"4

This comment provides"
20726a84-5847-4d45-a08a-8e4376fa9a29,askacademia_train,losing_improve_gpt5nano,2,"2

This comment appears"
20726a84-5847-4d45-a08a-8e4376fa9a29,askacademia_train,losing_improve_llama,2,"2

The comment provides"
20726a84-5847-4d45-a08a-8e4376fa9a29,askacademia_train,losing_improve_mistral,2,"2

This comment describes"
20726a84-5847-4d45-a08a-8e4376fa9a29,askacademia_train,losing_improve_qwen,2,"2

This comment discusses"
20726a84-5847-4d45-a08a-8e4376fa9a29,askacademia_train,losing_paraphrase_claude,3,"3

This comment provides"
20726a84-5847-4d45-a08a-8e4376fa9a29,askacademia_train,losing_paraphrase_gemini,2,"2

This comment provides"
20726a84-5847-4d45-a08a-8e4376fa9a29,askacademia_train,losing_paraphrase_gpt4omini,2,"2

This comment provides"
20726a84-5847-4d45-a08a-8e4376fa9a29,askacademia_train,losing_paraphrase_gpt5nano,2,"2

This comment provides"
20726a84-5847-4d45-a08a-8e4376fa9a29,askacademia_train,losing_paraphrase_llama,2,"2

This appears to"
20726a84-5847-4d45-a08a-8e4376fa9a29,askacademia_train,losing_paraphrase_mistral,2,"2

This comment provides"
20726a84-5847-4d45-a08a-8e4376fa9a29,askacademia_train,losing_paraphrase_qwen,2,"2

This comment provides"
163fa501-abeb-47f6-84d0-2f9440b38d5d,askacademia_train,winning_text,4,"4

This comment serves"
163fa501-abeb-47f6-84d0-2f9440b38d5d,askacademia_train,losing_text,4,"4

This comment serves"
163fa501-abeb-47f6-84d0-2f9440b38d5d,askacademia_train,losing_generate_claude,3,"3

This comment provides"
163fa501-abeb-47f6-84d0-2f9440b38d5d,askacademia_train,losing_generate_gemini,4,"4

This is a"
163fa501-abeb-47f6-84d0-2f9440b38d5d,askacademia_train,losing_generate_gpt4omini,1,"1

This comment fails"
163fa501-abeb-47f6-84d0-2f9440b38d5d,askacademia_train,losing_generate_gpt5nano,1,"1

The comment completely"
163fa501-abeb-47f6-84d0-2f9440b38d5d,askacademia_train,losing_generate_llama,2,"2

This comment appears"
163fa501-abeb-47f6-84d0-2f9440b38d5d,askacademia_train,losing_generate_mistral,2,"2

The comment provides"
163fa501-abeb-47f6-84d0-2f9440b38d5d,askacademia_train,losing_generate_qwen,2,"2

This comment appears"
163fa501-abeb-47f6-84d0-2f9440b38d5d,askacademia_train,losing_improve_claude,4,"4

This is a"
163fa501-abeb-47f6-84d0-2f9440b38d5d,askacademia_train,losing_improve_gemini,4,"4

This is a"
163fa501-abeb-47f6-84d0-2f9440b38d5d,askacademia_train,losing_improve_gpt4omini,4,"4

This comment provides"
163fa501-abeb-47f6-84d0-2f9440b38d5d,askacademia_train,losing_improve_gpt5nano,3,"3

This comment provides"
163fa501-abeb-47f6-84d0-2f9440b38d5d,askacademia_train,losing_improve_llama,2,"2

This comment discusses"
163fa501-abeb-47f6-84d0-2f9440b38d5d,askacademia_train,losing_improve_mistral,4,"4

This is a"
163fa501-abeb-47f6-84d0-2f9440b38d5d,askacademia_train,losing_improve_qwen,4,"4

This is a"
163fa501-abeb-47f6-84d0-2f9440b38d5d,askacademia_train,losing_paraphrase_claude,4,"4

This is a"
163fa501-abeb-47f6-84d0-2f9440b38d5d,askacademia_train,losing_paraphrase_gemini,2,"2

This comment provides"
163fa501-abeb-47f6-84d0-2f9440b38d5d,askacademia_train,losing_paraphrase_gpt4omini,4,"4

This is a"
163fa501-abeb-47f6-84d0-2f9440b38d5d,askacademia_train,losing_paraphrase_gpt5nano,4,"4

This is a"
163fa501-abeb-47f6-84d0-2f9440b38d5d,askacademia_train,losing_paraphrase_llama,4,4
163fa501-abeb-47f6-84d0-2f9440b38d5d,askacademia_train,losing_paraphrase_mistral,3,"3

This comment offers"
163fa501-abeb-47f6-84d0-2f9440b38d5d,askacademia_train,losing_paraphrase_qwen,4,"4

This is a"
b53535e2-cb01-4d2b-be3c-ccde7b936979,askacademia_train,winning_text,3,"3

This comment exp"
b53535e2-cb01-4d2b-be3c-ccde7b936979,askacademia_train,losing_text,4,"4

This is a"
b53535e2-cb01-4d2b-be3c-ccde7b936979,askacademia_train,losing_generate_claude,5,"5

This comment is"
b53535e2-cb01-4d2b-be3c-ccde7b936979,askacademia_train,losing_generate_gemini,4,"4

This is a"
b53535e2-cb01-4d2b-be3c-ccde7b936979,askacademia_train,losing_generate_gpt4omini,1,"1

This comment fails"
b53535e2-cb01-4d2b-be3c-ccde7b936979,askacademia_train,losing_generate_gpt5nano,2,"2

This comment fails"
b53535e2-cb01-4d2b-be3c-ccde7b936979,askacademia_train,losing_generate_llama,2,"2

This comment appears"
b53535e2-cb01-4d2b-be3c-ccde7b936979,askacademia_train,losing_generate_mistral,2,"2

The comment provides"
b53535e2-cb01-4d2b-be3c-ccde7b936979,askacademia_train,losing_generate_qwen,2,"2

This comment appears"
b53535e2-cb01-4d2b-be3c-ccde7b936979,askacademia_train,losing_improve_claude,4,"4

This is a"
b53535e2-cb01-4d2b-be3c-ccde7b936979,askacademia_train,losing_improve_gemini,4,"4

This is a"
b53535e2-cb01-4d2b-be3c-ccde7b936979,askacademia_train,losing_improve_gpt4omini,4,"4

This comment provides"
b53535e2-cb01-4d2b-be3c-ccde7b936979,askacademia_train,losing_improve_gpt5nano,2,"2

This comment appears"
b53535e2-cb01-4d2b-be3c-ccde7b936979,askacademia_train,losing_improve_llama,2,"2

This comment discusses"
b53535e2-cb01-4d2b-be3c-ccde7b936979,askacademia_train,losing_improve_mistral,4,"4

This is a"
b53535e2-cb01-4d2b-be3c-ccde7b936979,askacademia_train,losing_improve_qwen,4,"4

This is a"
b53535e2-cb01-4d2b-be3c-ccde7b936979,askacademia_train,losing_paraphrase_claude,4,"4

This is a"
b53535e2-cb01-4d2b-be3c-ccde7b936979,askacademia_train,losing_paraphrase_gemini,3,"3

This comment provides"
b53535e2-cb01-4d2b-be3c-ccde7b936979,askacademia_train,losing_paraphrase_gpt4omini,4,"4

This is a"
b53535e2-cb01-4d2b-be3c-ccde7b936979,askacademia_train,losing_paraphrase_gpt5nano,4,"4

This is a"
b53535e2-cb01-4d2b-be3c-ccde7b936979,askacademia_train,losing_paraphrase_llama,4,4
b53535e2-cb01-4d2b-be3c-ccde7b936979,askacademia_train,losing_paraphrase_mistral,3,"3

This comment offers"
b53535e2-cb01-4d2b-be3c-ccde7b936979,askacademia_train,losing_paraphrase_qwen,4,"4

This is a"
0b77b76c-26bf-47f7-8af2-56083359c0c3,askacademia_train,winning_text,3,"3

This comment exp"
0b77b76c-26bf-47f7-8af2-56083359c0c3,askacademia_train,losing_text,3,3
0b77b76c-26bf-47f7-8af2-56083359c0c3,askacademia_train,losing_generate_claude,4,"4

This is a"
0b77b76c-26bf-47f7-8af2-56083359c0c3,askacademia_train,losing_generate_gemini,4,"4

This is a"
0b77b76c-26bf-47f7-8af2-56083359c0c3,askacademia_train,losing_generate_gpt4omini,1,"1

This comment fails"
0b77b76c-26bf-47f7-8af2-56083359c0c3,askacademia_train,losing_generate_gpt5nano,4,"4

This comment deser"
0b77b76c-26bf-47f7-8af2-56083359c0c3,askacademia_train,losing_generate_llama,2,"2

This comment appears"
0b77b76c-26bf-47f7-8af2-56083359c0c3,askacademia_train,losing_generate_mistral,2,"2

The comment provides"
0b77b76c-26bf-47f7-8af2-56083359c0c3,askacademia_train,losing_generate_qwen,2,"2

This comment appears"
0b77b76c-26bf-47f7-8af2-56083359c0c3,askacademia_train,losing_improve_claude,4,"4

This comment serves"
0b77b76c-26bf-47f7-8af2-56083359c0c3,askacademia_train,losing_improve_gemini,4,"4

This comment serves"
0b77b76c-26bf-47f7-8af2-56083359c0c3,askacademia_train,losing_improve_gpt4omini,2,"2

This comment appears"
0b77b76c-26bf-47f7-8af2-56083359c0c3,askacademia_train,losing_improve_gpt5nano,4,"4

This is a"
0b77b76c-26bf-47f7-8af2-56083359c0c3,askacademia_train,losing_improve_llama,2,"2

This comment makes"
0b77b76c-26bf-47f7-8af2-56083359c0c3,askacademia_train,losing_improve_mistral,3,3
0b77b76c-26bf-47f7-8af2-56083359c0c3,askacademia_train,losing_improve_qwen,2,"2

This comment shares"
0b77b76c-26bf-47f7-8af2-56083359c0c3,askacademia_train,losing_paraphrase_claude,2,"2

This comment shares"
0b77b76c-26bf-47f7-8af2-56083359c0c3,askacademia_train,losing_paraphrase_gemini,4,"4

This comment provides"
0b77b76c-26bf-47f7-8af2-56083359c0c3,askacademia_train,losing_paraphrase_gpt4omini,2,"2

This comment has"
0b77b76c-26bf-47f7-8af2-56083359c0c3,askacademia_train,losing_paraphrase_gpt5nano,2,"2

This comment shares"
0b77b76c-26bf-47f7-8af2-56083359c0c3,askacademia_train,losing_paraphrase_llama,4,"4

This comment serves"
0b77b76c-26bf-47f7-8af2-56083359c0c3,askacademia_train,losing_paraphrase_mistral,2,"2

This comment shares"
0b77b76c-26bf-47f7-8af2-56083359c0c3,askacademia_train,losing_paraphrase_qwen,2,"2

This comment provides"
bbed02c8-46a6-4fd8-9f8b-860095457ae4,askacademia_train,winning_text,4,"4

This comment provides"
bbed02c8-46a6-4fd8-9f8b-860095457ae4,askacademia_train,losing_text,4,"4

This comment provides"
bbed02c8-46a6-4fd8-9f8b-860095457ae4,askacademia_train,losing_generate_claude,4,"4

This is a"
bbed02c8-46a6-4fd8-9f8b-860095457ae4,askacademia_train,losing_generate_gemini,4,"4

This comment provides"
bbed02c8-46a6-4fd8-9f8b-860095457ae4,askacademia_train,losing_generate_gpt4omini,2,"2

This comment provides"
bbed02c8-46a6-4fd8-9f8b-860095457ae4,askacademia_train,losing_generate_gpt5nano,1,"1

This comment completely"
bbed02c8-46a6-4fd8-9f8b-860095457ae4,askacademia_train,losing_generate_llama,2,"2

This comment appears"
bbed02c8-46a6-4fd8-9f8b-860095457ae4,askacademia_train,losing_generate_mistral,2,"2

This comment provides"
bbed02c8-46a6-4fd8-9f8b-860095457ae4,askacademia_train,losing_generate_qwen,2,"2

This comment appears"
bbed02c8-46a6-4fd8-9f8b-860095457ae4,askacademia_train,losing_improve_claude,2,"2

This comment provides"
bbed02c8-46a6-4fd8-9f8b-860095457ae4,askacademia_train,losing_improve_gemini,4,"4

This is a"
bbed02c8-46a6-4fd8-9f8b-860095457ae4,askacademia_train,losing_improve_gpt4omini,2,"2

This comment provides"
bbed02c8-46a6-4fd8-9f8b-860095457ae4,askacademia_train,losing_improve_gpt5nano,4,"4

This is a"
bbed02c8-46a6-4fd8-9f8b-860095457ae4,askacademia_train,losing_improve_llama,2,"2

This comment reads"
bbed02c8-46a6-4fd8-9f8b-860095457ae4,askacademia_train,losing_improve_mistral,2,"2

This comment provides"
bbed02c8-46a6-4fd8-9f8b-860095457ae4,askacademia_train,losing_improve_qwen,4,"4

This comment provides"
bbed02c8-46a6-4fd8-9f8b-860095457ae4,askacademia_train,losing_paraphrase_claude,4,"4

This comment provides"
bbed02c8-46a6-4fd8-9f8b-860095457ae4,askacademia_train,losing_paraphrase_gemini,4,4
bbed02c8-46a6-4fd8-9f8b-860095457ae4,askacademia_train,losing_paraphrase_gpt4omini,2,"2

The comment provides"
bbed02c8-46a6-4fd8-9f8b-860095457ae4,askacademia_train,losing_paraphrase_gpt5nano,4,"4

This comment provides"
bbed02c8-46a6-4fd8-9f8b-860095457ae4,askacademia_train,losing_paraphrase_llama,3,"3

This comment provides"
bbed02c8-46a6-4fd8-9f8b-860095457ae4,askacademia_train,losing_paraphrase_mistral,2,"2

This comment provides"
bbed02c8-46a6-4fd8-9f8b-860095457ae4,askacademia_train,losing_paraphrase_qwen,2,"2

The comment provides"
28e76213-6d7a-4cf6-b6d5-dec7e1239e12,askacademia_train,winning_text,4,4
28e76213-6d7a-4cf6-b6d5-dec7e1239e12,askacademia_train,losing_text,4,"4

This comment serves"
28e76213-6d7a-4cf6-b6d5-dec7e1239e12,askacademia_train,losing_generate_claude,4,"4

This is a"
28e76213-6d7a-4cf6-b6d5-dec7e1239e12,askacademia_train,losing_generate_gemini,4,"4

This comment provides"
28e76213-6d7a-4cf6-b6d5-dec7e1239e12,askacademia_train,losing_generate_gpt4omini,1,"1

This comment fails"
28e76213-6d7a-4cf6-b6d5-dec7e1239e12,askacademia_train,losing_generate_gpt5nano,3,"3

This comment provides"
28e76213-6d7a-4cf6-b6d5-dec7e1239e12,askacademia_train,losing_generate_llama,2,"2

This comment appears"
28e76213-6d7a-4cf6-b6d5-dec7e1239e12,askacademia_train,losing_generate_mistral,2,"2

This comment provides"
28e76213-6d7a-4cf6-b6d5-dec7e1239e12,askacademia_train,losing_generate_qwen,2,"2

This comment appears"
28e76213-6d7a-4cf6-b6d5-dec7e1239e12,askacademia_train,losing_improve_claude,4,"4

This comment provides"
28e76213-6d7a-4cf6-b6d5-dec7e1239e12,askacademia_train,losing_improve_gemini,4,"4

This is a"
28e76213-6d7a-4cf6-b6d5-dec7e1239e12,askacademia_train,losing_improve_gpt4omini,3,"3

This comment provides"
28e76213-6d7a-4cf6-b6d5-dec7e1239e12,askacademia_train,losing_improve_gpt5nano,3,"3

This comment provides"
28e76213-6d7a-4cf6-b6d5-dec7e1239e12,askacademia_train,losing_improve_llama,2,"2

This comment reads"
28e76213-6d7a-4cf6-b6d5-dec7e1239e12,askacademia_train,losing_improve_mistral,2,"2

This comment provides"
28e76213-6d7a-4cf6-b6d5-dec7e1239e12,askacademia_train,losing_improve_qwen,3,"3

This comment provides"
28e76213-6d7a-4cf6-b6d5-dec7e1239e12,askacademia_train,losing_paraphrase_claude,4,"4

This comment provides"
28e76213-6d7a-4cf6-b6d5-dec7e1239e12,askacademia_train,losing_paraphrase_gemini,4,4
28e76213-6d7a-4cf6-b6d5-dec7e1239e12,askacademia_train,losing_paraphrase_gpt4omini,4,"4

This comment provides"
28e76213-6d7a-4cf6-b6d5-dec7e1239e12,askacademia_train,losing_paraphrase_gpt5nano,4,"4

This comment provides"
28e76213-6d7a-4cf6-b6d5-dec7e1239e12,askacademia_train,losing_paraphrase_llama,3,"3

This comment provides"
28e76213-6d7a-4cf6-b6d5-dec7e1239e12,askacademia_train,losing_paraphrase_mistral,2,"2

This comment provides"
28e76213-6d7a-4cf6-b6d5-dec7e1239e12,askacademia_train,losing_paraphrase_qwen,2,"2

This comment provides"
7e18d7a2-866f-42fa-9de7-594877bc8003,askacademia_train,winning_text,4,"4

This comment provides"
7e18d7a2-866f-42fa-9de7-594877bc8003,askacademia_train,losing_text,4,"4

This comment serves"
7e18d7a2-866f-42fa-9de7-594877bc8003,askacademia_train,losing_generate_claude,3,"3

This comment provides"
7e18d7a2-866f-42fa-9de7-594877bc8003,askacademia_train,losing_generate_gemini,4,"4

This is a"
7e18d7a2-866f-42fa-9de7-594877bc8003,askacademia_train,losing_generate_gpt4omini,1,"1

This comment fails"
7e18d7a2-866f-42fa-9de7-594877bc8003,askacademia_train,losing_generate_gpt5nano,1,"1

This comment fundament"
7e18d7a2-866f-42fa-9de7-594877bc8003,askacademia_train,losing_generate_llama,2,"2

This comment appears"
7e18d7a2-866f-42fa-9de7-594877bc8003,askacademia_train,losing_generate_mistral,2,"2

The comment provides"
7e18d7a2-866f-42fa-9de7-594877bc8003,askacademia_train,losing_generate_qwen,2,"2

The comment appears"
7e18d7a2-866f-42fa-9de7-594877bc8003,askacademia_train,losing_improve_claude,2,"2

This comment discusses"
7e18d7a2-866f-42fa-9de7-594877bc8003,askacademia_train,losing_improve_gemini,4,"4

This is a"
7e18d7a2-866f-42fa-9de7-594877bc8003,askacademia_train,losing_improve_gpt4omini,3,"3

This comment provides"
7e18d7a2-866f-42fa-9de7-594877bc8003,askacademia_train,losing_improve_gpt5nano,4,"4

This comment deser"
7e18d7a2-866f-42fa-9de7-594877bc8003,askacademia_train,losing_improve_llama,2,"2

This comment reads"
7e18d7a2-866f-42fa-9de7-594877bc8003,askacademia_train,losing_improve_mistral,2,"2

This comment provides"
7e18d7a2-866f-42fa-9de7-594877bc8003,askacademia_train,losing_improve_qwen,3,"3

This comment provides"
7e18d7a2-866f-42fa-9de7-594877bc8003,askacademia_train,losing_paraphrase_claude,2,"2

This comment appears"
7e18d7a2-866f-42fa-9de7-594877bc8003,askacademia_train,losing_paraphrase_gemini,3,"3

This comment provides"
7e18d7a2-866f-42fa-9de7-594877bc8003,askacademia_train,losing_paraphrase_gpt4omini,4,"4

This comment serves"
7e18d7a2-866f-42fa-9de7-594877bc8003,askacademia_train,losing_paraphrase_gpt5nano,4,"4

This comment provides"
7e18d7a2-866f-42fa-9de7-594877bc8003,askacademia_train,losing_paraphrase_llama,3,"3

This comment provides"
7e18d7a2-866f-42fa-9de7-594877bc8003,askacademia_train,losing_paraphrase_mistral,2,"2

This comment provides"
7e18d7a2-866f-42fa-9de7-594877bc8003,askacademia_train,losing_paraphrase_qwen,2,"2

The comment provides"
da85c2e9-df5f-4df3-97c5-47da6ba03e4e,askacademia_train,winning_text,AMBIG,I would rate this comment a
da85c2e9-df5f-4df3-97c5-47da6ba03e4e,askacademia_train,losing_text,4,"4

This comment provides"
da85c2e9-df5f-4df3-97c5-47da6ba03e4e,askacademia_train,losing_generate_claude,1,"1

This comment is"
da85c2e9-df5f-4df3-97c5-47da6ba03e4e,askacademia_train,losing_generate_gemini,4,"4

This comment provides"
da85c2e9-df5f-4df3-97c5-47da6ba03e4e,askacademia_train,losing_generate_gpt4omini,2,"2

This comment provides"
da85c2e9-df5f-4df3-97c5-47da6ba03e4e,askacademia_train,losing_generate_gpt5nano,2,"2

This comment appears"
da85c2e9-df5f-4df3-97c5-47da6ba03e4e,askacademia_train,losing_generate_llama,2,"2

This comment appears"
da85c2e9-df5f-4df3-97c5-47da6ba03e4e,askacademia_train,losing_generate_mistral,2,"2

The comment provides"
da85c2e9-df5f-4df3-97c5-47da6ba03e4e,askacademia_train,losing_generate_qwen,2,"2

This comment appears"
da85c2e9-df5f-4df3-97c5-47da6ba03e4e,askacademia_train,losing_improve_claude,4,"4

This comment provides"
da85c2e9-df5f-4df3-97c5-47da6ba03e4e,askacademia_train,losing_improve_gemini,4,"4

This is a"
da85c2e9-df5f-4df3-97c5-47da6ba03e4e,askacademia_train,losing_improve_gpt4omini,3,"3

This comment provides"
da85c2e9-df5f-4df3-97c5-47da6ba03e4e,askacademia_train,losing_improve_gpt5nano,4,"4

This is a"
da85c2e9-df5f-4df3-97c5-47da6ba03e4e,askacademia_train,losing_improve_llama,2,"2

This comment reads"
da85c2e9-df5f-4df3-97c5-47da6ba03e4e,askacademia_train,losing_improve_mistral,2,"2

This comment provides"
da85c2e9-df5f-4df3-97c5-47da6ba03e4e,askacademia_train,losing_improve_qwen,4,"4

This comment provides"
da85c2e9-df5f-4df3-97c5-47da6ba03e4e,askacademia_train,losing_paraphrase_claude,2,"2

This comment discusses"
da85c2e9-df5f-4df3-97c5-47da6ba03e4e,askacademia_train,losing_paraphrase_gemini,2,"2

This comment provides"
da85c2e9-df5f-4df3-97c5-47da6ba03e4e,askacademia_train,losing_paraphrase_gpt4omini,4,"4

This comment provides"
da85c2e9-df5f-4df3-97c5-47da6ba03e4e,askacademia_train,losing_paraphrase_gpt5nano,4,"4

This comment provides"
da85c2e9-df5f-4df3-97c5-47da6ba03e4e,askacademia_train,losing_paraphrase_llama,3,"3

This comment provides"
da85c2e9-df5f-4df3-97c5-47da6ba03e4e,askacademia_train,losing_paraphrase_mistral,4,"4

This comment provides"
da85c2e9-df5f-4df3-97c5-47da6ba03e4e,askacademia_train,losing_paraphrase_qwen,2,"2

The comment provides"
b85a8997-7faa-4977-85db-79fc13748382,askacademia_train,winning_text,2,"2

This comment is"
b85a8997-7faa-4977-85db-79fc13748382,askacademia_train,losing_text,4,"4

This comment serves"
b85a8997-7faa-4977-85db-79fc13748382,askacademia_train,losing_generate_claude,4,"4

This is a"
b85a8997-7faa-4977-85db-79fc13748382,askacademia_train,losing_generate_gemini,4,"4

This is a"
b85a8997-7faa-4977-85db-79fc13748382,askacademia_train,losing_generate_gpt4omini,1,"1

This comment fails"
b85a8997-7faa-4977-85db-79fc13748382,askacademia_train,losing_generate_gpt5nano,2,"2

This comment is"
b85a8997-7faa-4977-85db-79fc13748382,askacademia_train,losing_generate_llama,2,"2

This comment appears"
b85a8997-7faa-4977-85db-79fc13748382,askacademia_train,losing_generate_mistral,2,"2

This comment appears"
b85a8997-7faa-4977-85db-79fc13748382,askacademia_train,losing_generate_qwen,2,"2

The comment appears"
b85a8997-7faa-4977-85db-79fc13748382,askacademia_train,losing_improve_claude,2,"2

This comment provides"
b85a8997-7faa-4977-85db-79fc13748382,askacademia_train,losing_improve_gemini,4,"4

This is a"
b85a8997-7faa-4977-85db-79fc13748382,askacademia_train,losing_improve_gpt4omini,2,"2

This comment provides"
b85a8997-7faa-4977-85db-79fc13748382,askacademia_train,losing_improve_gpt5nano,3,"3

This comment provides"
b85a8997-7faa-4977-85db-79fc13748382,askacademia_train,losing_improve_llama,2,"2

This comment reads"
b85a8997-7faa-4977-85db-79fc13748382,askacademia_train,losing_improve_mistral,2,"2

This comment provides"
b85a8997-7faa-4977-85db-79fc13748382,askacademia_train,losing_improve_qwen,3,"3

This comment provides"
b85a8997-7faa-4977-85db-79fc13748382,askacademia_train,losing_paraphrase_claude,4,"4

This comment provides"
b85a8997-7faa-4977-85db-79fc13748382,askacademia_train,losing_paraphrase_gemini,AMBIG,I would rate this comment a
b85a8997-7faa-4977-85db-79fc13748382,askacademia_train,losing_paraphrase_gpt4omini,4,"4

This comment serves"
b85a8997-7faa-4977-85db-79fc13748382,askacademia_train,losing_paraphrase_gpt5nano,4,"4

This comment provides"
b85a8997-7faa-4977-85db-79fc13748382,askacademia_train,losing_paraphrase_llama,3,"3

This comment provides"
b85a8997-7faa-4977-85db-79fc13748382,askacademia_train,losing_paraphrase_mistral,2,"2

This comment provides"
b85a8997-7faa-4977-85db-79fc13748382,askacademia_train,losing_paraphrase_qwen,2,"2

The comment provides"
3480a5d5-2054-484c-86c1-20d098d54dbb,askacademia_train,winning_text,4,"4

This comment provides"
3480a5d5-2054-484c-86c1-20d098d54dbb,askacademia_train,losing_text,4,"4

This comment serves"
3480a5d5-2054-484c-86c1-20d098d54dbb,askacademia_train,losing_generate_claude,4,"4

This is a"
3480a5d5-2054-484c-86c1-20d098d54dbb,askacademia_train,losing_generate_gemini,4,"4

This comment provides"
3480a5d5-2054-484c-86c1-20d098d54dbb,askacademia_train,losing_generate_gpt4omini,1,"1

This comment fails"
3480a5d5-2054-484c-86c1-20d098d54dbb,askacademia_train,losing_generate_gpt5nano,3,"3

This comment provides"
3480a5d5-2054-484c-86c1-20d098d54dbb,askacademia_train,losing_generate_llama,2,"2

This comment appears"
3480a5d5-2054-484c-86c1-20d098d54dbb,askacademia_train,losing_generate_mistral,1,"1

This comment appears"
3480a5d5-2054-484c-86c1-20d098d54dbb,askacademia_train,losing_generate_qwen,2,"2

This comment appears"
3480a5d5-2054-484c-86c1-20d098d54dbb,askacademia_train,losing_improve_claude,4,"4

This is a"
3480a5d5-2054-484c-86c1-20d098d54dbb,askacademia_train,losing_improve_gemini,4,"4

This comment serves"
3480a5d5-2054-484c-86c1-20d098d54dbb,askacademia_train,losing_improve_gpt4omini,3,"3

This comment provides"
3480a5d5-2054-484c-86c1-20d098d54dbb,askacademia_train,losing_improve_gpt5nano,3,"3

This comment provides"
3480a5d5-2054-484c-86c1-20d098d54dbb,askacademia_train,losing_improve_llama,2,"2

This comment appears"
3480a5d5-2054-484c-86c1-20d098d54dbb,askacademia_train,losing_improve_mistral,2,"2

This comment appears"
3480a5d5-2054-484c-86c1-20d098d54dbb,askacademia_train,losing_improve_qwen,2,"2

This comment appears"
3480a5d5-2054-484c-86c1-20d098d54dbb,askacademia_train,losing_paraphrase_claude,1,"1

This comment does"
3480a5d5-2054-484c-86c1-20d098d54dbb,askacademia_train,losing_paraphrase_gemini,AMBIG,I would rate this comment a
3480a5d5-2054-484c-86c1-20d098d54dbb,askacademia_train,losing_paraphrase_gpt4omini,3,"3

This comment provides"
3480a5d5-2054-484c-86c1-20d098d54dbb,askacademia_train,losing_paraphrase_gpt5nano,4,"4

This comment serves"
3480a5d5-2054-484c-86c1-20d098d54dbb,askacademia_train,losing_paraphrase_llama,3,"3

This comment provides"
3480a5d5-2054-484c-86c1-20d098d54dbb,askacademia_train,losing_paraphrase_mistral,3,"3

This comment provides"
3480a5d5-2054-484c-86c1-20d098d54dbb,askacademia_train,losing_paraphrase_qwen,3,"3

This comment provides"
b8d2eab2-c72f-4303-a58e-bdbeeafb0804,askacademia_train,winning_text,3,3
b8d2eab2-c72f-4303-a58e-bdbeeafb0804,askacademia_train,losing_text,4,"4

This comment serves"
b8d2eab2-c72f-4303-a58e-bdbeeafb0804,askacademia_train,losing_generate_claude,1,"1

This comment is"
b8d2eab2-c72f-4303-a58e-bdbeeafb0804,askacademia_train,losing_generate_gemini,4,"4

This comment provides"
b8d2eab2-c72f-4303-a58e-bdbeeafb0804,askacademia_train,losing_generate_gpt4omini,1,"1

This comment fails"
b8d2eab2-c72f-4303-a58e-bdbeeafb0804,askacademia_train,losing_generate_gpt5nano,2,"2

This comment appears"
b8d2eab2-c72f-4303-a58e-bdbeeafb0804,askacademia_train,losing_generate_llama,2,"2

This comment appears"
b8d2eab2-c72f-4303-a58e-bdbeeafb0804,askacademia_train,losing_generate_mistral,2,"2

This comment provides"
b8d2eab2-c72f-4303-a58e-bdbeeafb0804,askacademia_train,losing_generate_qwen,2,"2

This comment appears"
b8d2eab2-c72f-4303-a58e-bdbeeafb0804,askacademia_train,losing_improve_claude,4,"4

This comment serves"
b8d2eab2-c72f-4303-a58e-bdbeeafb0804,askacademia_train,losing_improve_gemini,4,"4

This comment serves"
b8d2eab2-c72f-4303-a58e-bdbeeafb0804,askacademia_train,losing_improve_gpt4omini,2,"2

This comment discusses"
b8d2eab2-c72f-4303-a58e-bdbeeafb0804,askacademia_train,losing_improve_gpt5nano,1,"1

This comment fails"
b8d2eab2-c72f-4303-a58e-bdbeeafb0804,askacademia_train,losing_improve_llama,2,"2

This comment appears"
b8d2eab2-c72f-4303-a58e-bdbeeafb0804,askacademia_train,losing_improve_mistral,2,"2

This comment appears"
b8d2eab2-c72f-4303-a58e-bdbeeafb0804,askacademia_train,losing_improve_qwen,2,"2

This comment appears"
b8d2eab2-c72f-4303-a58e-bdbeeafb0804,askacademia_train,losing_paraphrase_claude,4,"4

This comment serves"
b8d2eab2-c72f-4303-a58e-bdbeeafb0804,askacademia_train,losing_paraphrase_gemini,3,"3

This comment provides"
b8d2eab2-c72f-4303-a58e-bdbeeafb0804,askacademia_train,losing_paraphrase_gpt4omini,3,"3

This comment provides"
b8d2eab2-c72f-4303-a58e-bdbeeafb0804,askacademia_train,losing_paraphrase_gpt5nano,2,"2

This comment does"
b8d2eab2-c72f-4303-a58e-bdbeeafb0804,askacademia_train,losing_paraphrase_llama,3,"3

This comment provides"
b8d2eab2-c72f-4303-a58e-bdbeeafb0804,askacademia_train,losing_paraphrase_mistral,4,"4

This comment serves"
b8d2eab2-c72f-4303-a58e-bdbeeafb0804,askacademia_train,losing_paraphrase_qwen,3,"3

This comment provides"
7fadceea-2eef-4980-8f2e-71d9588416a3,askacademia_train,winning_text,4,"4

This comment provides"
7fadceea-2eef-4980-8f2e-71d9588416a3,askacademia_train,losing_text,4,"4

This comment serves"
7fadceea-2eef-4980-8f2e-71d9588416a3,askacademia_train,losing_generate_claude,4,"4

This is a"
7fadceea-2eef-4980-8f2e-71d9588416a3,askacademia_train,losing_generate_gemini,4,"4

This comment provides"
7fadceea-2eef-4980-8f2e-71d9588416a3,askacademia_train,losing_generate_gpt4omini,1,"1

This comment fails"
7fadceea-2eef-4980-8f2e-71d9588416a3,askacademia_train,losing_generate_gpt5nano,2,"2

This comment appears"
7fadceea-2eef-4980-8f2e-71d9588416a3,askacademia_train,losing_generate_llama,2,"2

This comment appears"
7fadceea-2eef-4980-8f2e-71d9588416a3,askacademia_train,losing_generate_mistral,2,"2

The comment provides"
7fadceea-2eef-4980-8f2e-71d9588416a3,askacademia_train,losing_generate_qwen,2,"2

The comment appears"
7fadceea-2eef-4980-8f2e-71d9588416a3,askacademia_train,losing_improve_claude,4,"4

This comment serves"
7fadceea-2eef-4980-8f2e-71d9588416a3,askacademia_train,losing_improve_gemini,4,"4

This comment serves"
7fadceea-2eef-4980-8f2e-71d9588416a3,askacademia_train,losing_improve_gpt4omini,2,"2

This comment discusses"
7fadceea-2eef-4980-8f2e-71d9588416a3,askacademia_train,losing_improve_gpt5nano,4,"4

This is a"
7fadceea-2eef-4980-8f2e-71d9588416a3,askacademia_train,losing_improve_llama,2,"2

This comment appears"
7fadceea-2eef-4980-8f2e-71d9588416a3,askacademia_train,losing_improve_mistral,2,"2

This comment appears"
7fadceea-2eef-4980-8f2e-71d9588416a3,askacademia_train,losing_improve_qwen,2,"2

This comment appears"
7fadceea-2eef-4980-8f2e-71d9588416a3,askacademia_train,losing_paraphrase_claude,4,"4

This comment serves"
7fadceea-2eef-4980-8f2e-71d9588416a3,askacademia_train,losing_paraphrase_gemini,4,"4

This is a"
7fadceea-2eef-4980-8f2e-71d9588416a3,askacademia_train,losing_paraphrase_gpt4omini,4,"4

This comment serves"
7fadceea-2eef-4980-8f2e-71d9588416a3,askacademia_train,losing_paraphrase_gpt5nano,4,"4

This comment serves"
7fadceea-2eef-4980-8f2e-71d9588416a3,askacademia_train,losing_paraphrase_llama,3,"3

This comment provides"
7fadceea-2eef-4980-8f2e-71d9588416a3,askacademia_train,losing_paraphrase_mistral,4,"4

This comment serves"
7fadceea-2eef-4980-8f2e-71d9588416a3,askacademia_train,losing_paraphrase_qwen,3,"3

This comment provides"
