id,proposition,argument_type,score,raw_answer
e7a62f1b-e53f-4d94-aebc-f6c82d7a09e8,askacademia_train,winning_text,4,"4

This comment effectively"
e7a62f1b-e53f-4d94-aebc-f6c82d7a09e8,askacademia_train,losing_text,2,"2

This comment scores"
e7a62f1b-e53f-4d94-aebc-f6c82d7a09e8,askacademia_train,losing_generate_claude,5,"5

This comment exc"
e7a62f1b-e53f-4d94-aebc-f6c82d7a09e8,askacademia_train,losing_generate_gemini,5,"5

This comment scores"
e7a62f1b-e53f-4d94-aebc-f6c82d7a09e8,askacademia_train,losing_generate_gpt4omini,2,"2

**Reasoning"
e7a62f1b-e53f-4d94-aebc-f6c82d7a09e8,askacademia_train,losing_generate_gpt5nano,2,"2

This comment has"
e7a62f1b-e53f-4d94-aebc-f6c82d7a09e8,askacademia_train,losing_generate_llama,2,"2

The comment mis"
e7a62f1b-e53f-4d94-aebc-f6c82d7a09e8,askacademia_train,losing_generate_mistral,2,"2

**Reasoning"
e7a62f1b-e53f-4d94-aebc-f6c82d7a09e8,askacademia_train,losing_generate_qwen,2,"2

This comment does"
e7a62f1b-e53f-4d94-aebc-f6c82d7a09e8,askacademia_train,losing_improve_claude,4,"4

This comment scores"
e7a62f1b-e53f-4d94-aebc-f6c82d7a09e8,askacademia_train,losing_improve_gemini,4,"4

This comment scores"
e7a62f1b-e53f-4d94-aebc-f6c82d7a09e8,askacademia_train,losing_improve_gpt4omini,4,"4

This comment scores"
e7a62f1b-e53f-4d94-aebc-f6c82d7a09e8,askacademia_train,losing_improve_gpt5nano,4,"4

This comment scores"
e7a62f1b-e53f-4d94-aebc-f6c82d7a09e8,askacademia_train,losing_improve_llama,3,"3

The comment is"
e7a62f1b-e53f-4d94-aebc-f6c82d7a09e8,askacademia_train,losing_improve_mistral,3,"3

The comment is"
e7a62f1b-e53f-4d94-aebc-f6c82d7a09e8,askacademia_train,losing_improve_qwen,2,"2

The comment is"
e7a62f1b-e53f-4d94-aebc-f6c82d7a09e8,askacademia_train,losing_paraphrase_claude,4,"4

This comment scores"
e7a62f1b-e53f-4d94-aebc-f6c82d7a09e8,askacademia_train,losing_paraphrase_gemini,2,"2

The comment is"
e7a62f1b-e53f-4d94-aebc-f6c82d7a09e8,askacademia_train,losing_paraphrase_gpt4omini,2,"2

The comment is"
e7a62f1b-e53f-4d94-aebc-f6c82d7a09e8,askacademia_train,losing_paraphrase_gpt5nano,3,"3

This comment is"
e7a62f1b-e53f-4d94-aebc-f6c82d7a09e8,askacademia_train,losing_paraphrase_llama,2,"2

The comment is"
e7a62f1b-e53f-4d94-aebc-f6c82d7a09e8,askacademia_train,losing_paraphrase_mistral,2,"2

The comment is"
e7a62f1b-e53f-4d94-aebc-f6c82d7a09e8,askacademia_train,losing_paraphrase_qwen,2,"2

The comment is"
e0e76c73-21e7-4df5-ae3b-01c7a2ea5814,askacademia_train,winning_text,2,"2

This comment shares"
e0e76c73-21e7-4df5-ae3b-01c7a2ea5814,askacademia_train,losing_text,2,"2

The comment shares"
e0e76c73-21e7-4df5-ae3b-01c7a2ea5814,askacademia_train,losing_generate_claude,5,"5

This comment exc"
e0e76c73-21e7-4df5-ae3b-01c7a2ea5814,askacademia_train,losing_generate_gemini,5,"5

This comment scores"
e0e76c73-21e7-4df5-ae3b-01c7a2ea5814,askacademia_train,losing_generate_gpt4omini,3,"3

The comment provides"
e0e76c73-21e7-4df5-ae3b-01c7a2ea5814,askacademia_train,losing_generate_gpt5nano,2,"2

**Reasoning"
e0e76c73-21e7-4df5-ae3b-01c7a2ea5814,askacademia_train,losing_generate_llama,2,"2

**Reasoning"
e0e76c73-21e7-4df5-ae3b-01c7a2ea5814,askacademia_train,losing_generate_mistral,2,"2

**Reasoning"
e0e76c73-21e7-4df5-ae3b-01c7a2ea5814,askacademia_train,losing_generate_qwen,2,"2

This comment does"
e0e76c73-21e7-4df5-ae3b-01c7a2ea5814,askacademia_train,losing_improve_claude,4,"4

This comment scores"
e0e76c73-21e7-4df5-ae3b-01c7a2ea5814,askacademia_train,losing_improve_gemini,2,"2

The comment lacks"
e0e76c73-21e7-4df5-ae3b-01c7a2ea5814,askacademia_train,losing_improve_gpt4omini,2,"2

The comment discusses"
e0e76c73-21e7-4df5-ae3b-01c7a2ea5814,askacademia_train,losing_improve_gpt5nano,4,"4

This comment scores"
e0e76c73-21e7-4df5-ae3b-01c7a2ea5814,askacademia_train,losing_improve_llama,3,"3

The comment addresses"
e0e76c73-21e7-4df5-ae3b-01c7a2ea5814,askacademia_train,losing_improve_mistral,4,"4

The comment scores"
e0e76c73-21e7-4df5-ae3b-01c7a2ea5814,askacademia_train,losing_improve_qwen,3,"3

The comment provides"
e0e76c73-21e7-4df5-ae3b-01c7a2ea5814,askacademia_train,losing_paraphrase_claude,4,"4

This comment scores"
e0e76c73-21e7-4df5-ae3b-01c7a2ea5814,askacademia_train,losing_paraphrase_gemini,2,"2

The comment is"
e0e76c73-21e7-4df5-ae3b-01c7a2ea5814,askacademia_train,losing_paraphrase_gpt4omini,2,"2

The comment discusses"
e0e76c73-21e7-4df5-ae3b-01c7a2ea5814,askacademia_train,losing_paraphrase_gpt5nano,4,"4

This comment scores"
e0e76c73-21e7-4df5-ae3b-01c7a2ea5814,askacademia_train,losing_paraphrase_llama,3,"3

The comment addresses"
e0e76c73-21e7-4df5-ae3b-01c7a2ea5814,askacademia_train,losing_paraphrase_mistral,4,"4

This comment scores"
e0e76c73-21e7-4df5-ae3b-01c7a2ea5814,askacademia_train,losing_paraphrase_qwen,2,"2

The comment lacks"
53224857-de66-4568-a5a1-1fcde510bf49,askacademia_train,winning_text,2,"2

The comment scores"
53224857-de66-4568-a5a1-1fcde510bf49,askacademia_train,losing_text,4,"4

The comment scores"
53224857-de66-4568-a5a1-1fcde510bf49,askacademia_train,losing_generate_claude,5,"5

This comment exc"
53224857-de66-4568-a5a1-1fcde510bf49,askacademia_train,losing_generate_gemini,5,"5

This comment scores"
53224857-de66-4568-a5a1-1fcde510bf49,askacademia_train,losing_generate_gpt4omini,2,"2

**Reasoning"
53224857-de66-4568-a5a1-1fcde510bf49,askacademia_train,losing_generate_gpt5nano,5,"5

This comment exc"
53224857-de66-4568-a5a1-1fcde510bf49,askacademia_train,losing_generate_llama,2,"2

**Reasoning"
53224857-de66-4568-a5a1-1fcde510bf49,askacademia_train,losing_generate_mistral,4,"4

The comment scores"
53224857-de66-4568-a5a1-1fcde510bf49,askacademia_train,losing_generate_qwen,2,"2

This comment does"
53224857-de66-4568-a5a1-1fcde510bf49,askacademia_train,losing_improve_claude,4,"4

This comment scores"
53224857-de66-4568-a5a1-1fcde510bf49,askacademia_train,losing_improve_gemini,4,"4

This comment scores"
53224857-de66-4568-a5a1-1fcde510bf49,askacademia_train,losing_improve_gpt4omini,3,"3

This comment is"
53224857-de66-4568-a5a1-1fcde510bf49,askacademia_train,losing_improve_gpt5nano,4,"4

This comment scores"
53224857-de66-4568-a5a1-1fcde510bf49,askacademia_train,losing_improve_llama,2,"2

This comment has"
53224857-de66-4568-a5a1-1fcde510bf49,askacademia_train,losing_improve_mistral,2,"2

The comment addresses"
53224857-de66-4568-a5a1-1fcde510bf49,askacademia_train,losing_improve_qwen,3,"3

This comment appears"
53224857-de66-4568-a5a1-1fcde510bf49,askacademia_train,losing_paraphrase_claude,3,"3

The comment addresses"
53224857-de66-4568-a5a1-1fcde510bf49,askacademia_train,losing_paraphrase_gemini,2,"2

The comment """
53224857-de66-4568-a5a1-1fcde510bf49,askacademia_train,losing_paraphrase_gpt4omini,2,"2

The comment has"
53224857-de66-4568-a5a1-1fcde510bf49,askacademia_train,losing_paraphrase_gpt5nano,3,"3

The comment addresses"
53224857-de66-4568-a5a1-1fcde510bf49,askacademia_train,losing_paraphrase_llama,2,"2

The comment has"
53224857-de66-4568-a5a1-1fcde510bf49,askacademia_train,losing_paraphrase_mistral,4,"4

The comment scores"
53224857-de66-4568-a5a1-1fcde510bf49,askacademia_train,losing_paraphrase_qwen,3,"3

The comment addresses"
5201d75b-940f-454e-af9e-412ca80b0f22,askacademia_train,winning_text,2,"2

This comment shares"
5201d75b-940f-454e-af9e-412ca80b0f22,askacademia_train,losing_text,4,"4

The comment scores"
5201d75b-940f-454e-af9e-412ca80b0f22,askacademia_train,losing_generate_claude,5,"5

This comment exc"
5201d75b-940f-454e-af9e-412ca80b0f22,askacademia_train,losing_generate_gemini,5,"5

This comment scores"
5201d75b-940f-454e-af9e-412ca80b0f22,askacademia_train,losing_generate_gpt4omini,2,"2

**Reasoning"
5201d75b-940f-454e-af9e-412ca80b0f22,askacademia_train,losing_generate_gpt5nano,2,"2

**Reasoning"
5201d75b-940f-454e-af9e-412ca80b0f22,askacademia_train,losing_generate_llama,2,"2

**Reasoning"
5201d75b-940f-454e-af9e-412ca80b0f22,askacademia_train,losing_generate_mistral,2,"2

**Reasoning"
5201d75b-940f-454e-af9e-412ca80b0f22,askacademia_train,losing_generate_qwen,2,"2

The comment does"
5201d75b-940f-454e-af9e-412ca80b0f22,askacademia_train,losing_improve_claude,4,"4

This comment scores"
5201d75b-940f-454e-af9e-412ca80b0f22,askacademia_train,losing_improve_gemini,4,"4

This comment scores"
5201d75b-940f-454e-af9e-412ca80b0f22,askacademia_train,losing_improve_gpt4omini,4,"4

The comment is"
5201d75b-940f-454e-af9e-412ca80b0f22,askacademia_train,losing_improve_gpt5nano,5,"5

This comment exc"
5201d75b-940f-454e-af9e-412ca80b0f22,askacademia_train,losing_improve_llama,2,"2

This comment has"
5201d75b-940f-454e-af9e-412ca80b0f22,askacademia_train,losing_improve_mistral,2,"2

The comment addresses"
5201d75b-940f-454e-af9e-412ca80b0f22,askacademia_train,losing_improve_qwen,3,"3

This comment receives"
5201d75b-940f-454e-af9e-412ca80b0f22,askacademia_train,losing_paraphrase_claude,2,"2

The comment has"
5201d75b-940f-454e-af9e-412ca80b0f22,askacademia_train,losing_paraphrase_gemini,4,"4

This comment scores"
5201d75b-940f-454e-af9e-412ca80b0f22,askacademia_train,losing_paraphrase_gpt4omini,2,"2

The comment has"
5201d75b-940f-454e-af9e-412ca80b0f22,askacademia_train,losing_paraphrase_gpt5nano,4,"4

The comment scores"
5201d75b-940f-454e-af9e-412ca80b0f22,askacademia_train,losing_paraphrase_llama,2,"2

The comment has"
5201d75b-940f-454e-af9e-412ca80b0f22,askacademia_train,losing_paraphrase_mistral,3,"3

The comment addresses"
5201d75b-940f-454e-af9e-412ca80b0f22,askacademia_train,losing_paraphrase_qwen,4,"4

The comment is"
a4f335ee-4bbf-4484-a311-ef7665f17d1b,askacademia_train,winning_text,3,"3

The comment addresses"
a4f335ee-4bbf-4484-a311-ef7665f17d1b,askacademia_train,losing_text,4,"4

The comment scores"
a4f335ee-4bbf-4484-a311-ef7665f17d1b,askacademia_train,losing_generate_claude,5,"5

This comment exc"
a4f335ee-4bbf-4484-a311-ef7665f17d1b,askacademia_train,losing_generate_gemini,5,"5

This comment scores"
a4f335ee-4bbf-4484-a311-ef7665f17d1b,askacademia_train,losing_generate_gpt4omini,2,"2

**Reasoning"
a4f335ee-4bbf-4484-a311-ef7665f17d1b,askacademia_train,losing_generate_gpt5nano,2,"2

The comment fails"
a4f335ee-4bbf-4484-a311-ef7665f17d1b,askacademia_train,losing_generate_llama,2,"2

**Reasoning"
a4f335ee-4bbf-4484-a311-ef7665f17d1b,askacademia_train,losing_generate_mistral,2,"2

**Reasoning"
a4f335ee-4bbf-4484-a311-ef7665f17d1b,askacademia_train,losing_generate_qwen,2,"2

This comment does"
a4f335ee-4bbf-4484-a311-ef7665f17d1b,askacademia_train,losing_improve_claude,4,"4

This comment scores"
a4f335ee-4bbf-4484-a311-ef7665f17d1b,askacademia_train,losing_improve_gemini,4,"4

This comment scores"
a4f335ee-4bbf-4484-a311-ef7665f17d1b,askacademia_train,losing_improve_gpt4omini,4,"4

The comment is"
a4f335ee-4bbf-4484-a311-ef7665f17d1b,askacademia_train,losing_improve_gpt5nano,5,"5

This comment scores"
a4f335ee-4bbf-4484-a311-ef7665f17d1b,askacademia_train,losing_improve_llama,2,"2

This comment has"
a4f335ee-4bbf-4484-a311-ef7665f17d1b,askacademia_train,losing_improve_mistral,2,"2

The comment addresses"
a4f335ee-4bbf-4484-a311-ef7665f17d1b,askacademia_train,losing_improve_qwen,3,"3

This comment appears"
a4f335ee-4bbf-4484-a311-ef7665f17d1b,askacademia_train,losing_paraphrase_claude,3,"3

The comment addresses"
a4f335ee-4bbf-4484-a311-ef7665f17d1b,askacademia_train,losing_paraphrase_gemini,4,"4

This comment scores"
a4f335ee-4bbf-4484-a311-ef7665f17d1b,askacademia_train,losing_paraphrase_gpt4omini,2,"2

The comment has"
a4f335ee-4bbf-4484-a311-ef7665f17d1b,askacademia_train,losing_paraphrase_gpt5nano,2,"2

The comment has"
a4f335ee-4bbf-4484-a311-ef7665f17d1b,askacademia_train,losing_paraphrase_llama,2,"2

The comment has"
a4f335ee-4bbf-4484-a311-ef7665f17d1b,askacademia_train,losing_paraphrase_mistral,3,"3

The comment addresses"
a4f335ee-4bbf-4484-a311-ef7665f17d1b,askacademia_train,losing_paraphrase_qwen,4,"4

The comment is"
82a666ac-d301-441a-9fbf-50987a52185f,askacademia_train,winning_text,2,"2

The comment scores"
82a666ac-d301-441a-9fbf-50987a52185f,askacademia_train,losing_text,3,"3

This comment is"
82a666ac-d301-441a-9fbf-50987a52185f,askacademia_train,losing_generate_claude,5,"5

This comment exc"
82a666ac-d301-441a-9fbf-50987a52185f,askacademia_train,losing_generate_gemini,5,"5

This comment scores"
82a666ac-d301-441a-9fbf-50987a52185f,askacademia_train,losing_generate_gpt4omini,2,"2

**Reasoning"
82a666ac-d301-441a-9fbf-50987a52185f,askacademia_train,losing_generate_gpt5nano,5,"5

This comment scores"
82a666ac-d301-441a-9fbf-50987a52185f,askacademia_train,losing_generate_llama,2,"2

**Reasoning"
82a666ac-d301-441a-9fbf-50987a52185f,askacademia_train,losing_generate_mistral,2,"2

**Reasoning"
82a666ac-d301-441a-9fbf-50987a52185f,askacademia_train,losing_generate_qwen,2,"2

This comment does"
82a666ac-d301-441a-9fbf-50987a52185f,askacademia_train,losing_improve_claude,5,"5

This comment exc"
82a666ac-d301-441a-9fbf-50987a52185f,askacademia_train,losing_improve_gemini,4,"4

This comment scores"
82a666ac-d301-441a-9fbf-50987a52185f,askacademia_train,losing_improve_gpt4omini,5,"5

This comment scores"
82a666ac-d301-441a-9fbf-50987a52185f,askacademia_train,losing_improve_gpt5nano,3,"3

This comment has"
82a666ac-d301-441a-9fbf-50987a52185f,askacademia_train,losing_improve_llama,4,"4

The comment scores"
82a666ac-d301-441a-9fbf-50987a52185f,askacademia_train,losing_improve_mistral,2,"2

This comment shares"
82a666ac-d301-441a-9fbf-50987a52185f,askacademia_train,losing_improve_qwen,4,"4

The comment is"
82a666ac-d301-441a-9fbf-50987a52185f,askacademia_train,losing_paraphrase_claude,2,"2

This comment lacks"
82a666ac-d301-441a-9fbf-50987a52185f,askacademia_train,losing_paraphrase_gemini,5,"5

This comment scores"
82a666ac-d301-441a-9fbf-50987a52185f,askacademia_train,losing_paraphrase_gpt4omini,3,"3

This comment shares"
82a666ac-d301-441a-9fbf-50987a52185f,askacademia_train,losing_paraphrase_gpt5nano,3,"3

This comment has"
82a666ac-d301-441a-9fbf-50987a52185f,askacademia_train,losing_paraphrase_llama,2,"2

This comment lacks"
82a666ac-d301-441a-9fbf-50987a52185f,askacademia_train,losing_paraphrase_mistral,3,"3

This comment shares"
82a666ac-d301-441a-9fbf-50987a52185f,askacademia_train,losing_paraphrase_qwen,2,"2

This comment has"
2cf371a8-d8bd-401d-9e7d-11e0b469d270,askacademia_train,winning_text,2,"2

The comment scores"
2cf371a8-d8bd-401d-9e7d-11e0b469d270,askacademia_train,losing_text,3,"3

The comment addresses"
2cf371a8-d8bd-401d-9e7d-11e0b469d270,askacademia_train,losing_generate_claude,5,"5

This comment exc"
2cf371a8-d8bd-401d-9e7d-11e0b469d270,askacademia_train,losing_generate_gemini,5,"5

This comment scores"
2cf371a8-d8bd-401d-9e7d-11e0b469d270,askacademia_train,losing_generate_gpt4omini,3,"3

**Reasoning"
2cf371a8-d8bd-401d-9e7d-11e0b469d270,askacademia_train,losing_generate_gpt5nano,3,"3

This comment shows"
2cf371a8-d8bd-401d-9e7d-11e0b469d270,askacademia_train,losing_generate_llama,2,"2

**Reasoning"
2cf371a8-d8bd-401d-9e7d-11e0b469d270,askacademia_train,losing_generate_mistral,3,"3

The comment provides"
2cf371a8-d8bd-401d-9e7d-11e0b469d270,askacademia_train,losing_generate_qwen,2,"2

This comment does"
2cf371a8-d8bd-401d-9e7d-11e0b469d270,askacademia_train,losing_improve_claude,5,"5

This comment exc"
2cf371a8-d8bd-401d-9e7d-11e0b469d270,askacademia_train,losing_improve_gemini,4,"4

This comment scores"
2cf371a8-d8bd-401d-9e7d-11e0b469d270,askacademia_train,losing_improve_gpt4omini,2,"2

The comment has"
2cf371a8-d8bd-401d-9e7d-11e0b469d270,askacademia_train,losing_improve_gpt5nano,4,"4

This comment scores"
2cf371a8-d8bd-401d-9e7d-11e0b469d270,askacademia_train,losing_improve_llama,2,"2

**Reasoning"
2cf371a8-d8bd-401d-9e7d-11e0b469d270,askacademia_train,losing_improve_mistral,2,"2

This comment lacks"
2cf371a8-d8bd-401d-9e7d-11e0b469d270,askacademia_train,losing_improve_qwen,4,"4

The comment scores"
2cf371a8-d8bd-401d-9e7d-11e0b469d270,askacademia_train,losing_paraphrase_claude,2,"2

The comment has"
2cf371a8-d8bd-401d-9e7d-11e0b469d270,askacademia_train,losing_paraphrase_gemini,4,"4

This comment scores"
2cf371a8-d8bd-401d-9e7d-11e0b469d270,askacademia_train,losing_paraphrase_gpt4omini,2,"2

The comment has"
2cf371a8-d8bd-401d-9e7d-11e0b469d270,askacademia_train,losing_paraphrase_gpt5nano,2,"2

This comment has"
2cf371a8-d8bd-401d-9e7d-11e0b469d270,askacademia_train,losing_paraphrase_llama,2,"2

The comment has"
2cf371a8-d8bd-401d-9e7d-11e0b469d270,askacademia_train,losing_paraphrase_mistral,2,"2

The comment has"
2cf371a8-d8bd-401d-9e7d-11e0b469d270,askacademia_train,losing_paraphrase_qwen,2,"2

The comment has"
e3ab800a-80b7-4bd6-b708-247d7b5f6534,askacademia_train,winning_text,2,"2

This comment shares"
e3ab800a-80b7-4bd6-b708-247d7b5f6534,askacademia_train,losing_text,3,"3

This comment is"
e3ab800a-80b7-4bd6-b708-247d7b5f6534,askacademia_train,losing_generate_claude,5,"5

This comment exc"
e3ab800a-80b7-4bd6-b708-247d7b5f6534,askacademia_train,losing_generate_gemini,5,"5

This comment scores"
e3ab800a-80b7-4bd6-b708-247d7b5f6534,askacademia_train,losing_generate_gpt4omini,2,"2

**Reasoning"
e3ab800a-80b7-4bd6-b708-247d7b5f6534,askacademia_train,losing_generate_gpt5nano,2,"2

This comment fails"
e3ab800a-80b7-4bd6-b708-247d7b5f6534,askacademia_train,losing_generate_llama,2,"2

The comment fails"
e3ab800a-80b7-4bd6-b708-247d7b5f6534,askacademia_train,losing_generate_mistral,2,"2

**Reasoning"
e3ab800a-80b7-4bd6-b708-247d7b5f6534,askacademia_train,losing_generate_qwen,2,"2

This comment does"
e3ab800a-80b7-4bd6-b708-247d7b5f6534,askacademia_train,losing_improve_claude,5,"5

This comment exc"
e3ab800a-80b7-4bd6-b708-247d7b5f6534,askacademia_train,losing_improve_gemini,3,"3

This comment is"
e3ab800a-80b7-4bd6-b708-247d7b5f6534,askacademia_train,losing_improve_gpt4omini,5,"5

This comment scores"
e3ab800a-80b7-4bd6-b708-247d7b5f6534,askacademia_train,losing_improve_gpt5nano,5,"5

This comment exc"
e3ab800a-80b7-4bd6-b708-247d7b5f6534,askacademia_train,losing_improve_llama,4,"4

The comment scores"
e3ab800a-80b7-4bd6-b708-247d7b5f6534,askacademia_train,losing_improve_mistral,2,"2

This comment shares"
e3ab800a-80b7-4bd6-b708-247d7b5f6534,askacademia_train,losing_improve_qwen,4,"4

The comment is"
e3ab800a-80b7-4bd6-b708-247d7b5f6534,askacademia_train,losing_paraphrase_claude,2,"2

This comment appears"
e3ab800a-80b7-4bd6-b708-247d7b5f6534,askacademia_train,losing_paraphrase_gemini,3,"3

This comment scores"
e3ab800a-80b7-4bd6-b708-247d7b5f6534,askacademia_train,losing_paraphrase_gpt4omini,3,"3

This comment shares"
e3ab800a-80b7-4bd6-b708-247d7b5f6534,askacademia_train,losing_paraphrase_gpt5nano,3,"3

This comment shares"
e3ab800a-80b7-4bd6-b708-247d7b5f6534,askacademia_train,losing_paraphrase_llama,2,"2

This comment lacks"
e3ab800a-80b7-4bd6-b708-247d7b5f6534,askacademia_train,losing_paraphrase_mistral,3,"3

This comment has"
e3ab800a-80b7-4bd6-b708-247d7b5f6534,askacademia_train,losing_paraphrase_qwen,2,"2

This comment has"
58751f92-5fa6-4378-b19d-5efbf4899a4d,askacademia_train,winning_text,3,"3

The comment addresses"
58751f92-5fa6-4378-b19d-5efbf4899a4d,askacademia_train,losing_text,3,"3

This comment is"
58751f92-5fa6-4378-b19d-5efbf4899a4d,askacademia_train,losing_generate_claude,5,"5

This comment exc"
58751f92-5fa6-4378-b19d-5efbf4899a4d,askacademia_train,losing_generate_gemini,5,"5

This comment scores"
58751f92-5fa6-4378-b19d-5efbf4899a4d,askacademia_train,losing_generate_gpt4omini,2,"2

**Reasoning"
58751f92-5fa6-4378-b19d-5efbf4899a4d,askacademia_train,losing_generate_gpt5nano,4,"4

This comment scores"
58751f92-5fa6-4378-b19d-5efbf4899a4d,askacademia_train,losing_generate_llama,2,"2

**Reasoning"
58751f92-5fa6-4378-b19d-5efbf4899a4d,askacademia_train,losing_generate_mistral,2,"2

The comment provides"
58751f92-5fa6-4378-b19d-5efbf4899a4d,askacademia_train,losing_generate_qwen,2,"2

The comment does"
58751f92-5fa6-4378-b19d-5efbf4899a4d,askacademia_train,losing_improve_claude,4,"4

This comment scores"
58751f92-5fa6-4378-b19d-5efbf4899a4d,askacademia_train,losing_improve_gemini,3,"3

The comment is"
58751f92-5fa6-4378-b19d-5efbf4899a4d,askacademia_train,losing_improve_gpt4omini,5,"5

This comment scores"
58751f92-5fa6-4378-b19d-5efbf4899a4d,askacademia_train,losing_improve_gpt5nano,5,"5

This comment scores"
58751f92-5fa6-4378-b19d-5efbf4899a4d,askacademia_train,losing_improve_llama,4,"4

The comment scores"
58751f92-5fa6-4378-b19d-5efbf4899a4d,askacademia_train,losing_improve_mistral,2,"2

This comment shares"
58751f92-5fa6-4378-b19d-5efbf4899a4d,askacademia_train,losing_improve_qwen,4,"4

The comment scores"
58751f92-5fa6-4378-b19d-5efbf4899a4d,askacademia_train,losing_paraphrase_claude,2,"2

This comment appears"
58751f92-5fa6-4378-b19d-5efbf4899a4d,askacademia_train,losing_paraphrase_gemini,2,"2

**Reasoning"
58751f92-5fa6-4378-b19d-5efbf4899a4d,askacademia_train,losing_paraphrase_gpt4omini,3,"3

This comment shares"
58751f92-5fa6-4378-b19d-5efbf4899a4d,askacademia_train,losing_paraphrase_gpt5nano,3,"3

This comment has"
58751f92-5fa6-4378-b19d-5efbf4899a4d,askacademia_train,losing_paraphrase_llama,2,"2

This comment lacks"
58751f92-5fa6-4378-b19d-5efbf4899a4d,askacademia_train,losing_paraphrase_mistral,3,"3

This comment shares"
58751f92-5fa6-4378-b19d-5efbf4899a4d,askacademia_train,losing_paraphrase_qwen,2,"2

This comment has"
41ecdfbb-70bd-4a1d-af25-d97131d9ad1f,askacademia_train,winning_text,4,"4

This comment scores"
41ecdfbb-70bd-4a1d-af25-d97131d9ad1f,askacademia_train,losing_text,3,"3

This comment is"
41ecdfbb-70bd-4a1d-af25-d97131d9ad1f,askacademia_train,losing_generate_claude,5,"5

This comment exc"
41ecdfbb-70bd-4a1d-af25-d97131d9ad1f,askacademia_train,losing_generate_gemini,5,"5

This comment scores"
41ecdfbb-70bd-4a1d-af25-d97131d9ad1f,askacademia_train,losing_generate_gpt4omini,2,"2

**Reasoning"
41ecdfbb-70bd-4a1d-af25-d97131d9ad1f,askacademia_train,losing_generate_gpt5nano,2,"2

The comment mis"
41ecdfbb-70bd-4a1d-af25-d97131d9ad1f,askacademia_train,losing_generate_llama,2,"2

**Reasoning"
41ecdfbb-70bd-4a1d-af25-d97131d9ad1f,askacademia_train,losing_generate_mistral,2,"2

**Reasoning"
41ecdfbb-70bd-4a1d-af25-d97131d9ad1f,askacademia_train,losing_generate_qwen,2,"2

The comment does"
41ecdfbb-70bd-4a1d-af25-d97131d9ad1f,askacademia_train,losing_improve_claude,5,"5

This comment exc"
41ecdfbb-70bd-4a1d-af25-d97131d9ad1f,askacademia_train,losing_improve_gemini,3,"3

The comment is"
41ecdfbb-70bd-4a1d-af25-d97131d9ad1f,askacademia_train,losing_improve_gpt4omini,5,"5

This comment exc"
41ecdfbb-70bd-4a1d-af25-d97131d9ad1f,askacademia_train,losing_improve_gpt5nano,4,"4

This comment scores"
41ecdfbb-70bd-4a1d-af25-d97131d9ad1f,askacademia_train,losing_improve_llama,4,"4

The comment scores"
41ecdfbb-70bd-4a1d-af25-d97131d9ad1f,askacademia_train,losing_improve_mistral,2,"2

This comment shares"
41ecdfbb-70bd-4a1d-af25-d97131d9ad1f,askacademia_train,losing_improve_qwen,4,"4

The comment scores"
41ecdfbb-70bd-4a1d-af25-d97131d9ad1f,askacademia_train,losing_paraphrase_claude,2,"2

This comment appears"
41ecdfbb-70bd-4a1d-af25-d97131d9ad1f,askacademia_train,losing_paraphrase_gemini,3,"3

The comment addresses"
41ecdfbb-70bd-4a1d-af25-d97131d9ad1f,askacademia_train,losing_paraphrase_gpt4omini,3,"3

This comment shares"
41ecdfbb-70bd-4a1d-af25-d97131d9ad1f,askacademia_train,losing_paraphrase_gpt5nano,3,"3

This comment has"
41ecdfbb-70bd-4a1d-af25-d97131d9ad1f,askacademia_train,losing_paraphrase_llama,2,"2

This comment lacks"
41ecdfbb-70bd-4a1d-af25-d97131d9ad1f,askacademia_train,losing_paraphrase_mistral,3,"3

This comment has"
41ecdfbb-70bd-4a1d-af25-d97131d9ad1f,askacademia_train,losing_paraphrase_qwen,2,"2

This comment has"
70a5e661-8366-49fe-98b7-ec9a2dafce5f,askacademia_train,winning_text,3,"3

The comment shares"
70a5e661-8366-49fe-98b7-ec9a2dafce5f,askacademia_train,losing_text,3,"3

This comment is"
70a5e661-8366-49fe-98b7-ec9a2dafce5f,askacademia_train,losing_generate_claude,5,"5

This comment exc"
70a5e661-8366-49fe-98b7-ec9a2dafce5f,askacademia_train,losing_generate_gemini,5,"5

This comment scores"
70a5e661-8366-49fe-98b7-ec9a2dafce5f,askacademia_train,losing_generate_gpt4omini,2,"2

**Reasoning"
70a5e661-8366-49fe-98b7-ec9a2dafce5f,askacademia_train,losing_generate_gpt5nano,2,"2

The comment mis"
70a5e661-8366-49fe-98b7-ec9a2dafce5f,askacademia_train,losing_generate_llama,2,"2

**Reasoning"
70a5e661-8366-49fe-98b7-ec9a2dafce5f,askacademia_train,losing_generate_mistral,2,"2

**Reasoning"
70a5e661-8366-49fe-98b7-ec9a2dafce5f,askacademia_train,losing_generate_qwen,2,"2

The comment does"
70a5e661-8366-49fe-98b7-ec9a2dafce5f,askacademia_train,losing_improve_claude,2,"2

This comment is"
70a5e661-8366-49fe-98b7-ec9a2dafce5f,askacademia_train,losing_improve_gemini,3,"3

The comment is"
70a5e661-8366-49fe-98b7-ec9a2dafce5f,askacademia_train,losing_improve_gpt4omini,4,"4

This comment scores"
70a5e661-8366-49fe-98b7-ec9a2dafce5f,askacademia_train,losing_improve_gpt5nano,4,"4

This comment scores"
70a5e661-8366-49fe-98b7-ec9a2dafce5f,askacademia_train,losing_improve_llama,4,"4

The comment scores"
70a5e661-8366-49fe-98b7-ec9a2dafce5f,askacademia_train,losing_improve_mistral,2,"2

This comment shares"
70a5e661-8366-49fe-98b7-ec9a2dafce5f,askacademia_train,losing_improve_qwen,4,"4

The comment scores"
70a5e661-8366-49fe-98b7-ec9a2dafce5f,askacademia_train,losing_paraphrase_claude,2,"2

This comment appears"
70a5e661-8366-49fe-98b7-ec9a2dafce5f,askacademia_train,losing_paraphrase_gemini,3,"3

The comment addresses"
70a5e661-8366-49fe-98b7-ec9a2dafce5f,askacademia_train,losing_paraphrase_gpt4omini,3,"3

This comment shares"
70a5e661-8366-49fe-98b7-ec9a2dafce5f,askacademia_train,losing_paraphrase_gpt5nano,2,"2

This comment lacks"
70a5e661-8366-49fe-98b7-ec9a2dafce5f,askacademia_train,losing_paraphrase_llama,2,"2

This comment lacks"
70a5e661-8366-49fe-98b7-ec9a2dafce5f,askacademia_train,losing_paraphrase_mistral,3,"3

This comment has"
70a5e661-8366-49fe-98b7-ec9a2dafce5f,askacademia_train,losing_paraphrase_qwen,2,"2

This comment doesn"
101f1ad4-f0ec-468a-be68-e3ba1ca47e90,askacademia_train,winning_text,4,"4

The comment scores"
101f1ad4-f0ec-468a-be68-e3ba1ca47e90,askacademia_train,losing_text,3,"3

This comment is"
101f1ad4-f0ec-468a-be68-e3ba1ca47e90,askacademia_train,losing_generate_claude,5,"5

This comment exc"
101f1ad4-f0ec-468a-be68-e3ba1ca47e90,askacademia_train,losing_generate_gemini,5,"5

This comment scores"
101f1ad4-f0ec-468a-be68-e3ba1ca47e90,askacademia_train,losing_generate_gpt4omini,2,"2

**Reasoning"
101f1ad4-f0ec-468a-be68-e3ba1ca47e90,askacademia_train,losing_generate_gpt5nano,5,"5

This comment exc"
101f1ad4-f0ec-468a-be68-e3ba1ca47e90,askacademia_train,losing_generate_llama,2,"2

**Reasoning"
101f1ad4-f0ec-468a-be68-e3ba1ca47e90,askacademia_train,losing_generate_mistral,2,"2

**Reasoning"
101f1ad4-f0ec-468a-be68-e3ba1ca47e90,askacademia_train,losing_generate_qwen,2,"2

This comment does"
101f1ad4-f0ec-468a-be68-e3ba1ca47e90,askacademia_train,losing_improve_claude,2,"2

This comment is"
101f1ad4-f0ec-468a-be68-e3ba1ca47e90,askacademia_train,losing_improve_gemini,4,"4

This comment scores"
101f1ad4-f0ec-468a-be68-e3ba1ca47e90,askacademia_train,losing_improve_gpt4omini,2,"2

**Reasoning"
101f1ad4-f0ec-468a-be68-e3ba1ca47e90,askacademia_train,losing_improve_gpt5nano,5,"5

This comment exc"
101f1ad4-f0ec-468a-be68-e3ba1ca47e90,askacademia_train,losing_improve_llama,3,"3

The comment shows"
101f1ad4-f0ec-468a-be68-e3ba1ca47e90,askacademia_train,losing_improve_mistral,2,"2

This comment shares"
101f1ad4-f0ec-468a-be68-e3ba1ca47e90,askacademia_train,losing_improve_qwen,4,"4

The comment scores"
101f1ad4-f0ec-468a-be68-e3ba1ca47e90,askacademia_train,losing_paraphrase_claude,2,"2

This comment doesn"
101f1ad4-f0ec-468a-be68-e3ba1ca47e90,askacademia_train,losing_paraphrase_gemini,4,"4

This comment scores"
101f1ad4-f0ec-468a-be68-e3ba1ca47e90,askacademia_train,losing_paraphrase_gpt4omini,3,"3

This comment shares"
101f1ad4-f0ec-468a-be68-e3ba1ca47e90,askacademia_train,losing_paraphrase_gpt5nano,3,"3

This comment has"
101f1ad4-f0ec-468a-be68-e3ba1ca47e90,askacademia_train,losing_paraphrase_llama,2,"2

This comment lacks"
101f1ad4-f0ec-468a-be68-e3ba1ca47e90,askacademia_train,losing_paraphrase_mistral,3,"3

This comment has"
101f1ad4-f0ec-468a-be68-e3ba1ca47e90,askacademia_train,losing_paraphrase_qwen,2,"2

This comment has"
b93c4d39-bde7-4f82-9a15-540e7b92a8b6,askacademia_train,winning_text,2,"2

This comment shares"
b93c4d39-bde7-4f82-9a15-540e7b92a8b6,askacademia_train,losing_text,3,"3

The comment addresses"
b93c4d39-bde7-4f82-9a15-540e7b92a8b6,askacademia_train,losing_generate_claude,5,"5

This comment exc"
b93c4d39-bde7-4f82-9a15-540e7b92a8b6,askacademia_train,losing_generate_gemini,5,"5

This comment scores"
b93c4d39-bde7-4f82-9a15-540e7b92a8b6,askacademia_train,losing_generate_gpt4omini,2,"2

**Reasoning"
b93c4d39-bde7-4f82-9a15-540e7b92a8b6,askacademia_train,losing_generate_gpt5nano,5,"5

This comment exc"
b93c4d39-bde7-4f82-9a15-540e7b92a8b6,askacademia_train,losing_generate_llama,2,"2

**Reasoning"
b93c4d39-bde7-4f82-9a15-540e7b92a8b6,askacademia_train,losing_generate_mistral,2,"2

The comment provides"
b93c4d39-bde7-4f82-9a15-540e7b92a8b6,askacademia_train,losing_generate_qwen,2,"2

The comment does"
b93c4d39-bde7-4f82-9a15-540e7b92a8b6,askacademia_train,losing_improve_claude,5,"5

This comment exc"
b93c4d39-bde7-4f82-9a15-540e7b92a8b6,askacademia_train,losing_improve_gemini,4,"4

The comment is"
b93c4d39-bde7-4f82-9a15-540e7b92a8b6,askacademia_train,losing_improve_gpt4omini,2,"2

The comment has"
b93c4d39-bde7-4f82-9a15-540e7b92a8b6,askacademia_train,losing_improve_gpt5nano,4,"4

This comment scores"
b93c4d39-bde7-4f82-9a15-540e7b92a8b6,askacademia_train,losing_improve_llama,2,"2

This comment has"
b93c4d39-bde7-4f82-9a15-540e7b92a8b6,askacademia_train,losing_improve_mistral,2,"2

The comment lacks"
b93c4d39-bde7-4f82-9a15-540e7b92a8b6,askacademia_train,losing_improve_qwen,2,"2

This comment appears"
b93c4d39-bde7-4f82-9a15-540e7b92a8b6,askacademia_train,losing_paraphrase_claude,2,"2

The comment has"
b93c4d39-bde7-4f82-9a15-540e7b92a8b6,askacademia_train,losing_paraphrase_gemini,4,"4

This comment scores"
b93c4d39-bde7-4f82-9a15-540e7b92a8b6,askacademia_train,losing_paraphrase_gpt4omini,3,"3

The comment addresses"
b93c4d39-bde7-4f82-9a15-540e7b92a8b6,askacademia_train,losing_paraphrase_gpt5nano,2,"2

The comment has"
b93c4d39-bde7-4f82-9a15-540e7b92a8b6,askacademia_train,losing_paraphrase_llama,2,"2

The comment has"
b93c4d39-bde7-4f82-9a15-540e7b92a8b6,askacademia_train,losing_paraphrase_mistral,2,"2

The comment has"
b93c4d39-bde7-4f82-9a15-540e7b92a8b6,askacademia_train,losing_paraphrase_qwen,2,"2

The comment has"
24df0df1-9084-4d81-b204-957880931e40,askacademia_train,winning_text,3,"3

The comment shares"
24df0df1-9084-4d81-b204-957880931e40,askacademia_train,losing_text,4,"4

This comment scores"
24df0df1-9084-4d81-b204-957880931e40,askacademia_train,losing_generate_claude,5,"5

This comment exc"
24df0df1-9084-4d81-b204-957880931e40,askacademia_train,losing_generate_gemini,5,"5

This comment scores"
24df0df1-9084-4d81-b204-957880931e40,askacademia_train,losing_generate_gpt4omini,2,"2

**Reasoning"
24df0df1-9084-4d81-b204-957880931e40,askacademia_train,losing_generate_gpt5nano,3,"3

**Reasoning"
24df0df1-9084-4d81-b204-957880931e40,askacademia_train,losing_generate_llama,2,"2

**Reasoning"
24df0df1-9084-4d81-b204-957880931e40,askacademia_train,losing_generate_mistral,2,"2

**Reasoning"
24df0df1-9084-4d81-b204-957880931e40,askacademia_train,losing_generate_qwen,2,"2

The comment does"
24df0df1-9084-4d81-b204-957880931e40,askacademia_train,losing_improve_claude,5,"5

This comment excell"
24df0df1-9084-4d81-b204-957880931e40,askacademia_train,losing_improve_gemini,4,"4

This comment scores"
24df0df1-9084-4d81-b204-957880931e40,askacademia_train,losing_improve_gpt4omini,3,"3

The comment provides"
24df0df1-9084-4d81-b204-957880931e40,askacademia_train,losing_improve_gpt5nano,3,"3

This comment has"
24df0df1-9084-4d81-b204-957880931e40,askacademia_train,losing_improve_llama,2,"2

The comment lacks"
24df0df1-9084-4d81-b204-957880931e40,askacademia_train,losing_improve_mistral,2,"2

This comment has"
24df0df1-9084-4d81-b204-957880931e40,askacademia_train,losing_improve_qwen,4,"4

This comment scores"
24df0df1-9084-4d81-b204-957880931e40,askacademia_train,losing_paraphrase_claude,1,"1

This comment fails"
24df0df1-9084-4d81-b204-957880931e40,askacademia_train,losing_paraphrase_gemini,3,"3

This comment shows"
24df0df1-9084-4d81-b204-957880931e40,askacademia_train,losing_paraphrase_gpt4omini,3,"3

The comment provides"
24df0df1-9084-4d81-b204-957880931e40,askacademia_train,losing_paraphrase_gpt5nano,2,"2

This comment has"
24df0df1-9084-4d81-b204-957880931e40,askacademia_train,losing_paraphrase_llama,4,"4

This comment scores"
24df0df1-9084-4d81-b204-957880931e40,askacademia_train,losing_paraphrase_mistral,4,"4

This comment scores"
24df0df1-9084-4d81-b204-957880931e40,askacademia_train,losing_paraphrase_qwen,2,"2

This comment has"
513d4f1e-3ed3-49c9-9850-b7901df3fe4a,askacademia_train,winning_text,2,"2

The comment """
513d4f1e-3ed3-49c9-9850-b7901df3fe4a,askacademia_train,losing_text,4,"4

This comment scores"
513d4f1e-3ed3-49c9-9850-b7901df3fe4a,askacademia_train,losing_generate_claude,1,"1

This comment fails"
513d4f1e-3ed3-49c9-9850-b7901df3fe4a,askacademia_train,losing_generate_gemini,5,"5

This comment scores"
513d4f1e-3ed3-49c9-9850-b7901df3fe4a,askacademia_train,losing_generate_gpt4omini,2,"2

**Reasoning"
513d4f1e-3ed3-49c9-9850-b7901df3fe4a,askacademia_train,losing_generate_gpt5nano,2,"2

**Reasoning"
513d4f1e-3ed3-49c9-9850-b7901df3fe4a,askacademia_train,losing_generate_llama,2,"2

**Reasoning"
513d4f1e-3ed3-49c9-9850-b7901df3fe4a,askacademia_train,losing_generate_mistral,2,"2

**Reasoning"
513d4f1e-3ed3-49c9-9850-b7901df3fe4a,askacademia_train,losing_generate_qwen,2,"2

The comment does"
513d4f1e-3ed3-49c9-9850-b7901df3fe4a,askacademia_train,losing_improve_claude,5,"5

This comment scores"
513d4f1e-3ed3-49c9-9850-b7901df3fe4a,askacademia_train,losing_improve_gemini,4,"4

The comment scores"
513d4f1e-3ed3-49c9-9850-b7901df3fe4a,askacademia_train,losing_improve_gpt4omini,3,"3

The comment addresses"
513d4f1e-3ed3-49c9-9850-b7901df3fe4a,askacademia_train,losing_improve_gpt5nano,5,"5

This comment scores"
513d4f1e-3ed3-49c9-9850-b7901df3fe4a,askacademia_train,losing_improve_llama,2,"2

The comment has"
513d4f1e-3ed3-49c9-9850-b7901df3fe4a,askacademia_train,losing_improve_mistral,4,"4

This comment scores"
513d4f1e-3ed3-49c9-9850-b7901df3fe4a,askacademia_train,losing_improve_qwen,4,"4

This comment scores"
513d4f1e-3ed3-49c9-9850-b7901df3fe4a,askacademia_train,losing_paraphrase_claude,4,"4

The comment scores"
513d4f1e-3ed3-49c9-9850-b7901df3fe4a,askacademia_train,losing_paraphrase_gemini,3,"3

This comment shows"
513d4f1e-3ed3-49c9-9850-b7901df3fe4a,askacademia_train,losing_paraphrase_gpt4omini,4,"4

This comment scores"
513d4f1e-3ed3-49c9-9850-b7901df3fe4a,askacademia_train,losing_paraphrase_gpt5nano,4,"4

The comment scores"
513d4f1e-3ed3-49c9-9850-b7901df3fe4a,askacademia_train,losing_paraphrase_llama,2,"2

The comment has"
513d4f1e-3ed3-49c9-9850-b7901df3fe4a,askacademia_train,losing_paraphrase_mistral,4,"4

This comment scores"
513d4f1e-3ed3-49c9-9850-b7901df3fe4a,askacademia_train,losing_paraphrase_qwen,4,"4

The comment scores"
a374d5f7-3237-412d-b8c6-5e5ff0d5a0fd,askacademia_train,winning_text,3,"3

The comment shares"
a374d5f7-3237-412d-b8c6-5e5ff0d5a0fd,askacademia_train,losing_text,4,"4

This comment scores"
a374d5f7-3237-412d-b8c6-5e5ff0d5a0fd,askacademia_train,losing_generate_claude,5,"5

This comment exc"
a374d5f7-3237-412d-b8c6-5e5ff0d5a0fd,askacademia_train,losing_generate_gemini,5,"5

This comment scores"
a374d5f7-3237-412d-b8c6-5e5ff0d5a0fd,askacademia_train,losing_generate_gpt4omini,2,"2

**Reasoning"
a374d5f7-3237-412d-b8c6-5e5ff0d5a0fd,askacademia_train,losing_generate_gpt5nano,2,"2

The comment fails"
a374d5f7-3237-412d-b8c6-5e5ff0d5a0fd,askacademia_train,losing_generate_llama,2,"2

The comment has"
a374d5f7-3237-412d-b8c6-5e5ff0d5a0fd,askacademia_train,losing_generate_mistral,2,"2

The comment provides"
a374d5f7-3237-412d-b8c6-5e5ff0d5a0fd,askacademia_train,losing_generate_qwen,2,"2

The comment does"
a374d5f7-3237-412d-b8c6-5e5ff0d5a0fd,askacademia_train,losing_improve_claude,5,"5

This comment exc"
a374d5f7-3237-412d-b8c6-5e5ff0d5a0fd,askacademia_train,losing_improve_gemini,4,"4

This comment scores"
a374d5f7-3237-412d-b8c6-5e5ff0d5a0fd,askacademia_train,losing_improve_gpt4omini,2,"2

The comment addresses"
a374d5f7-3237-412d-b8c6-5e5ff0d5a0fd,askacademia_train,losing_improve_gpt5nano,5,"5

This comment scores"
a374d5f7-3237-412d-b8c6-5e5ff0d5a0fd,askacademia_train,losing_improve_llama,2,"2

This comment has"
a374d5f7-3237-412d-b8c6-5e5ff0d5a0fd,askacademia_train,losing_improve_mistral,4,"4

The comment addresses"
a374d5f7-3237-412d-b8c6-5e5ff0d5a0fd,askacademia_train,losing_improve_qwen,4,"4

The comment scores"
a374d5f7-3237-412d-b8c6-5e5ff0d5a0fd,askacademia_train,losing_paraphrase_claude,4,"4

The comment scores"
a374d5f7-3237-412d-b8c6-5e5ff0d5a0fd,askacademia_train,losing_paraphrase_gemini,4,"4

This comment scores"
a374d5f7-3237-412d-b8c6-5e5ff0d5a0fd,askacademia_train,losing_paraphrase_gpt4omini,4,"4

This comment scores"
a374d5f7-3237-412d-b8c6-5e5ff0d5a0fd,askacademia_train,losing_paraphrase_gpt5nano,4,"4

The comment scores"
a374d5f7-3237-412d-b8c6-5e5ff0d5a0fd,askacademia_train,losing_paraphrase_llama,2,"2

The comment has"
a374d5f7-3237-412d-b8c6-5e5ff0d5a0fd,askacademia_train,losing_paraphrase_mistral,4,"4

The comment scores"
a374d5f7-3237-412d-b8c6-5e5ff0d5a0fd,askacademia_train,losing_paraphrase_qwen,4,"4

The comment scores"
7f5ebc0e-809d-43ec-aa67-eb8f9f28533b,askacademia_train,winning_text,4,"4

This comment scores"
7f5ebc0e-809d-43ec-aa67-eb8f9f28533b,askacademia_train,losing_text,4,"4

This comment scores"
7f5ebc0e-809d-43ec-aa67-eb8f9f28533b,askacademia_train,losing_generate_claude,5,"5

This comment exc"
7f5ebc0e-809d-43ec-aa67-eb8f9f28533b,askacademia_train,losing_generate_gemini,5,"5

This comment scores"
7f5ebc0e-809d-43ec-aa67-eb8f9f28533b,askacademia_train,losing_generate_gpt4omini,2,"2

**Reasoning"
7f5ebc0e-809d-43ec-aa67-eb8f9f28533b,askacademia_train,losing_generate_gpt5nano,2,"2

**Reasoning"
7f5ebc0e-809d-43ec-aa67-eb8f9f28533b,askacademia_train,losing_generate_llama,2,"2

**Reasoning"
7f5ebc0e-809d-43ec-aa67-eb8f9f28533b,askacademia_train,losing_generate_mistral,2,"2

The comment provides"
7f5ebc0e-809d-43ec-aa67-eb8f9f28533b,askacademia_train,losing_generate_qwen,2,"2

The comment does"
7f5ebc0e-809d-43ec-aa67-eb8f9f28533b,askacademia_train,losing_improve_claude,4,"4

This comment scores"
7f5ebc0e-809d-43ec-aa67-eb8f9f28533b,askacademia_train,losing_improve_gemini,4,"4

This comment scores"
7f5ebc0e-809d-43ec-aa67-eb8f9f28533b,askacademia_train,losing_improve_gpt4omini,2,"2

The comment addresses"
7f5ebc0e-809d-43ec-aa67-eb8f9f28533b,askacademia_train,losing_improve_gpt5nano,5,"5

This comment scores"
7f5ebc0e-809d-43ec-aa67-eb8f9f28533b,askacademia_train,losing_improve_llama,2,"2

The comment has"
7f5ebc0e-809d-43ec-aa67-eb8f9f28533b,askacademia_train,losing_improve_mistral,3,"3

The comment addresses"
7f5ebc0e-809d-43ec-aa67-eb8f9f28533b,askacademia_train,losing_improve_qwen,4,"4

The comment scores"
7f5ebc0e-809d-43ec-aa67-eb8f9f28533b,askacademia_train,losing_paraphrase_claude,4,"4

This comment scores"
7f5ebc0e-809d-43ec-aa67-eb8f9f28533b,askacademia_train,losing_paraphrase_gemini,4,"4

This comment scores"
7f5ebc0e-809d-43ec-aa67-eb8f9f28533b,askacademia_train,losing_paraphrase_gpt4omini,4,"4

This comment scores"
7f5ebc0e-809d-43ec-aa67-eb8f9f28533b,askacademia_train,losing_paraphrase_gpt5nano,4,"4

The comment scores"
7f5ebc0e-809d-43ec-aa67-eb8f9f28533b,askacademia_train,losing_paraphrase_llama,2,"2

The comment has"
7f5ebc0e-809d-43ec-aa67-eb8f9f28533b,askacademia_train,losing_paraphrase_mistral,4,"4

The comment scores"
7f5ebc0e-809d-43ec-aa67-eb8f9f28533b,askacademia_train,losing_paraphrase_qwen,4,"4

The comment scores"
e20460d8-e921-412f-bd55-b193022b011f,askacademia_train,winning_text,2,"2

The comment has"
e20460d8-e921-412f-bd55-b193022b011f,askacademia_train,losing_text,4,"4

The comment scores"
e20460d8-e921-412f-bd55-b193022b011f,askacademia_train,losing_generate_claude,5,"5

This comment exc"
e20460d8-e921-412f-bd55-b193022b011f,askacademia_train,losing_generate_gemini,5,"5

This comment scores"
e20460d8-e921-412f-bd55-b193022b011f,askacademia_train,losing_generate_gpt4omini,2,"2

**Reasoning"
e20460d8-e921-412f-bd55-b193022b011f,askacademia_train,losing_generate_gpt5nano,2,"2

This comment has"
e20460d8-e921-412f-bd55-b193022b011f,askacademia_train,losing_generate_llama,2,"2

**Reasoning"
e20460d8-e921-412f-bd55-b193022b011f,askacademia_train,losing_generate_mistral,4,"4

This comment scores"
e20460d8-e921-412f-bd55-b193022b011f,askacademia_train,losing_generate_qwen,2,"2

This comment does"
e20460d8-e921-412f-bd55-b193022b011f,askacademia_train,losing_improve_claude,4,"4

This comment scores"
e20460d8-e921-412f-bd55-b193022b011f,askacademia_train,losing_improve_gemini,4,"4

This comment scores"
e20460d8-e921-412f-bd55-b193022b011f,askacademia_train,losing_improve_gpt4omini,4,"4

This comment scores"
e20460d8-e921-412f-bd55-b193022b011f,askacademia_train,losing_improve_gpt5nano,5,"5

This comment scores"
e20460d8-e921-412f-bd55-b193022b011f,askacademia_train,losing_improve_llama,2,"2

This comment has"
e20460d8-e921-412f-bd55-b193022b011f,askacademia_train,losing_improve_mistral,4,"4

The comment addresses"
e20460d8-e921-412f-bd55-b193022b011f,askacademia_train,losing_improve_qwen,4,"4

The comment scores"
e20460d8-e921-412f-bd55-b193022b011f,askacademia_train,losing_paraphrase_claude,4,"4

The comment scores"
e20460d8-e921-412f-bd55-b193022b011f,askacademia_train,losing_paraphrase_gemini,4,"4

This comment scores"
e20460d8-e921-412f-bd55-b193022b011f,askacademia_train,losing_paraphrase_gpt4omini,4,"4

This comment scores"
e20460d8-e921-412f-bd55-b193022b011f,askacademia_train,losing_paraphrase_gpt5nano,4,"4

This comment scores"
e20460d8-e921-412f-bd55-b193022b011f,askacademia_train,losing_paraphrase_llama,2,"2

The comment has"
e20460d8-e921-412f-bd55-b193022b011f,askacademia_train,losing_paraphrase_mistral,4,"4

The comment scores"
e20460d8-e921-412f-bd55-b193022b011f,askacademia_train,losing_paraphrase_qwen,4,"4

The comment scores"
2949a5d0-8052-4ebc-b763-946036efa205,askacademia_train,winning_text,4,"4

This comment scores"
2949a5d0-8052-4ebc-b763-946036efa205,askacademia_train,losing_text,3,"3

The comment is"
2949a5d0-8052-4ebc-b763-946036efa205,askacademia_train,losing_generate_claude,5,"5

This comment exc"
2949a5d0-8052-4ebc-b763-946036efa205,askacademia_train,losing_generate_gemini,5,"5

This comment scores"
2949a5d0-8052-4ebc-b763-946036efa205,askacademia_train,losing_generate_gpt4omini,2,"2

**Reasoning"
2949a5d0-8052-4ebc-b763-946036efa205,askacademia_train,losing_generate_gpt5nano,5,"5

This comment exc"
2949a5d0-8052-4ebc-b763-946036efa205,askacademia_train,losing_generate_llama,2,"2

**Reasoning"
2949a5d0-8052-4ebc-b763-946036efa205,askacademia_train,losing_generate_mistral,4,"4

The comment scores"
2949a5d0-8052-4ebc-b763-946036efa205,askacademia_train,losing_generate_qwen,2,"2

The comment does"
2949a5d0-8052-4ebc-b763-946036efa205,askacademia_train,losing_improve_claude,5,"5

This comment exc"
2949a5d0-8052-4ebc-b763-946036efa205,askacademia_train,losing_improve_gemini,4,"4

This comment scores"
2949a5d0-8052-4ebc-b763-946036efa205,askacademia_train,losing_improve_gpt4omini,3,"3

The comment addresses"
2949a5d0-8052-4ebc-b763-946036efa205,askacademia_train,losing_improve_gpt5nano,3,"3

This comment receives"
2949a5d0-8052-4ebc-b763-946036efa205,askacademia_train,losing_improve_llama,4,"4

The comment scores"
2949a5d0-8052-4ebc-b763-946036efa205,askacademia_train,losing_improve_mistral,3,"3

The comment addresses"
2949a5d0-8052-4ebc-b763-946036efa205,askacademia_train,losing_improve_qwen,2,"2

**Reasoning"
2949a5d0-8052-4ebc-b763-946036efa205,askacademia_train,losing_paraphrase_claude,4,"4

The comment scores"
2949a5d0-8052-4ebc-b763-946036efa205,askacademia_train,losing_paraphrase_gemini,4,"4

This comment scores"
2949a5d0-8052-4ebc-b763-946036efa205,askacademia_train,losing_paraphrase_gpt4omini,3,"3

The comment addresses"
2949a5d0-8052-4ebc-b763-946036efa205,askacademia_train,losing_paraphrase_gpt5nano,3,"3

The comment addresses"
2949a5d0-8052-4ebc-b763-946036efa205,askacademia_train,losing_paraphrase_llama,3,"3

The comment shows"
2949a5d0-8052-4ebc-b763-946036efa205,askacademia_train,losing_paraphrase_mistral,4,"4

This comment scores"
2949a5d0-8052-4ebc-b763-946036efa205,askacademia_train,losing_paraphrase_qwen,3,"3

The comment addresses"
af568eb1-f318-425d-8624-b2da799b10bb,askacademia_train,winning_text,4,"4

This comment scores"
af568eb1-f318-425d-8624-b2da799b10bb,askacademia_train,losing_text,3,"3

The comment addresses"
af568eb1-f318-425d-8624-b2da799b10bb,askacademia_train,losing_generate_claude,5,"5

This comment exc"
af568eb1-f318-425d-8624-b2da799b10bb,askacademia_train,losing_generate_gemini,5,"5

This comment scores"
af568eb1-f318-425d-8624-b2da799b10bb,askacademia_train,losing_generate_gpt4omini,3,"3

The comment provides"
af568eb1-f318-425d-8624-b2da799b10bb,askacademia_train,losing_generate_gpt5nano,2,"2

The comment fails"
af568eb1-f318-425d-8624-b2da799b10bb,askacademia_train,losing_generate_llama,2,"2

**Reasoning"
af568eb1-f318-425d-8624-b2da799b10bb,askacademia_train,losing_generate_mistral,4,"4

This comment scores"
af568eb1-f318-425d-8624-b2da799b10bb,askacademia_train,losing_generate_qwen,2,"2

This comment does"
af568eb1-f318-425d-8624-b2da799b10bb,askacademia_train,losing_improve_claude,2,"2

This comment appears"
af568eb1-f318-425d-8624-b2da799b10bb,askacademia_train,losing_improve_gemini,4,"4

This comment scores"
af568eb1-f318-425d-8624-b2da799b10bb,askacademia_train,losing_improve_gpt4omini,2,"2

The comment provides"
af568eb1-f318-425d-8624-b2da799b10bb,askacademia_train,losing_improve_gpt5nano,3,"3

This comment has"
af568eb1-f318-425d-8624-b2da799b10bb,askacademia_train,losing_improve_llama,3,"3

The comment addresses"
af568eb1-f318-425d-8624-b2da799b10bb,askacademia_train,losing_improve_mistral,4,"4

The comment scores"
af568eb1-f318-425d-8624-b2da799b10bb,askacademia_train,losing_improve_qwen,2,"2

The comment provides"
af568eb1-f318-425d-8624-b2da799b10bb,askacademia_train,losing_paraphrase_claude,3,"3

The comment addresses"
af568eb1-f318-425d-8624-b2da799b10bb,askacademia_train,losing_paraphrase_gemini,3,"3

This comment addresses"
af568eb1-f318-425d-8624-b2da799b10bb,askacademia_train,losing_paraphrase_gpt4omini,4,"4

This comment scores"
af568eb1-f318-425d-8624-b2da799b10bb,askacademia_train,losing_paraphrase_gpt5nano,4,"4

This comment scores"
af568eb1-f318-425d-8624-b2da799b10bb,askacademia_train,losing_paraphrase_llama,2,"2

The comment lacks"
af568eb1-f318-425d-8624-b2da799b10bb,askacademia_train,losing_paraphrase_mistral,2,"2

This comment has"
af568eb1-f318-425d-8624-b2da799b10bb,askacademia_train,losing_paraphrase_qwen,3,"3

The comment addresses"
720360b6-0960-480f-bb76-c54abf976da6,askacademia_train,winning_text,4,"4

This comment scores"
720360b6-0960-480f-bb76-c54abf976da6,askacademia_train,losing_text,4,"4

This comment scores"
720360b6-0960-480f-bb76-c54abf976da6,askacademia_train,losing_generate_claude,5,"5

This comment exc"
720360b6-0960-480f-bb76-c54abf976da6,askacademia_train,losing_generate_gemini,5,"5

This comment scores"
720360b6-0960-480f-bb76-c54abf976da6,askacademia_train,losing_generate_gpt4omini,2,"2

**Reasoning"
720360b6-0960-480f-bb76-c54abf976da6,askacademia_train,losing_generate_gpt5nano,1,"1

The comment completely"
720360b6-0960-480f-bb76-c54abf976da6,askacademia_train,losing_generate_llama,2,"2

**Reasoning"
720360b6-0960-480f-bb76-c54abf976da6,askacademia_train,losing_generate_mistral,4,"4

This comment scores"
720360b6-0960-480f-bb76-c54abf976da6,askacademia_train,losing_generate_qwen,2,"2

This comment does"
720360b6-0960-480f-bb76-c54abf976da6,askacademia_train,losing_improve_claude,5,"5

This comment exc"
720360b6-0960-480f-bb76-c54abf976da6,askacademia_train,losing_improve_gemini,4,"4

This comment scores"
720360b6-0960-480f-bb76-c54abf976da6,askacademia_train,losing_improve_gpt4omini,4,"4

This comment scores"
720360b6-0960-480f-bb76-c54abf976da6,askacademia_train,losing_improve_gpt5nano,5,"5

This comment scores"
720360b6-0960-480f-bb76-c54abf976da6,askacademia_train,losing_improve_llama,3,"3

This comment is"
720360b6-0960-480f-bb76-c54abf976da6,askacademia_train,losing_improve_mistral,4,"4

The comment is"
720360b6-0960-480f-bb76-c54abf976da6,askacademia_train,losing_improve_qwen,4,"4

This comment scores"
720360b6-0960-480f-bb76-c54abf976da6,askacademia_train,losing_paraphrase_claude,4,"4

This comment scores"
720360b6-0960-480f-bb76-c54abf976da6,askacademia_train,losing_paraphrase_gemini,3,"3

This comment addresses"
720360b6-0960-480f-bb76-c54abf976da6,askacademia_train,losing_paraphrase_gpt4omini,4,"4

This comment scores"
720360b6-0960-480f-bb76-c54abf976da6,askacademia_train,losing_paraphrase_gpt5nano,4,"4

This comment scores"
720360b6-0960-480f-bb76-c54abf976da6,askacademia_train,losing_paraphrase_llama,3,"3

The comment addresses"
720360b6-0960-480f-bb76-c54abf976da6,askacademia_train,losing_paraphrase_mistral,4,"4

This comment scores"
720360b6-0960-480f-bb76-c54abf976da6,askacademia_train,losing_paraphrase_qwen,4,"4

This comment scores"
14bc93bf-d633-423a-a5d3-33d6794ddfc3,askacademia_train,winning_text,4,"4

This comment scores"
14bc93bf-d633-423a-a5d3-33d6794ddfc3,askacademia_train,losing_text,4,"4

This comment scores"
14bc93bf-d633-423a-a5d3-33d6794ddfc3,askacademia_train,losing_generate_claude,5,"5

This comment exc"
14bc93bf-d633-423a-a5d3-33d6794ddfc3,askacademia_train,losing_generate_gemini,5,"5

This comment scores"
14bc93bf-d633-423a-a5d3-33d6794ddfc3,askacademia_train,losing_generate_gpt4omini,3,"3

The comment provides"
14bc93bf-d633-423a-a5d3-33d6794ddfc3,askacademia_train,losing_generate_gpt5nano,5,"5

This comment scores"
14bc93bf-d633-423a-a5d3-33d6794ddfc3,askacademia_train,losing_generate_llama,2,"2

**Reasoning"
14bc93bf-d633-423a-a5d3-33d6794ddfc3,askacademia_train,losing_generate_mistral,4,"4

This comment scores"
14bc93bf-d633-423a-a5d3-33d6794ddfc3,askacademia_train,losing_generate_qwen,2,"2

This comment does"
14bc93bf-d633-423a-a5d3-33d6794ddfc3,askacademia_train,losing_improve_claude,2,"2

The comment lacks"
14bc93bf-d633-423a-a5d3-33d6794ddfc3,askacademia_train,losing_improve_gemini,4,"4

This comment scores"
14bc93bf-d633-423a-a5d3-33d6794ddfc3,askacademia_train,losing_improve_gpt4omini,4,"4

This comment scores"
14bc93bf-d633-423a-a5d3-33d6794ddfc3,askacademia_train,losing_improve_gpt5nano,5,"5

This comment is"
14bc93bf-d633-423a-a5d3-33d6794ddfc3,askacademia_train,losing_improve_llama,4,"4

This comment scores"
14bc93bf-d633-423a-a5d3-33d6794ddfc3,askacademia_train,losing_improve_mistral,2,"2

The comment has"
14bc93bf-d633-423a-a5d3-33d6794ddfc3,askacademia_train,losing_improve_qwen,2,"2

The comment discusses"
14bc93bf-d633-423a-a5d3-33d6794ddfc3,askacademia_train,losing_paraphrase_claude,4,"4

This comment scores"
14bc93bf-d633-423a-a5d3-33d6794ddfc3,askacademia_train,losing_paraphrase_gemini,3,"3

This comment addresses"
14bc93bf-d633-423a-a5d3-33d6794ddfc3,askacademia_train,losing_paraphrase_gpt4omini,4,"4

This comment scores"
14bc93bf-d633-423a-a5d3-33d6794ddfc3,askacademia_train,losing_paraphrase_gpt5nano,4,"4

This comment scores"
14bc93bf-d633-423a-a5d3-33d6794ddfc3,askacademia_train,losing_paraphrase_llama,2,"2

The comment discusses"
14bc93bf-d633-423a-a5d3-33d6794ddfc3,askacademia_train,losing_paraphrase_mistral,4,"4

The comment scores"
14bc93bf-d633-423a-a5d3-33d6794ddfc3,askacademia_train,losing_paraphrase_qwen,3,"3

The comment addresses"
27702e5c-1858-4d21-9c1a-ab8515553f25,askacademia_train,winning_text,2,"2

The comment """
27702e5c-1858-4d21-9c1a-ab8515553f25,askacademia_train,losing_text,3,"3

The comment is"
27702e5c-1858-4d21-9c1a-ab8515553f25,askacademia_train,losing_generate_claude,5,"5

This comment exc"
27702e5c-1858-4d21-9c1a-ab8515553f25,askacademia_train,losing_generate_gemini,5,"5

This comment scores"
27702e5c-1858-4d21-9c1a-ab8515553f25,askacademia_train,losing_generate_gpt4omini,2,"2

**Reasoning"
27702e5c-1858-4d21-9c1a-ab8515553f25,askacademia_train,losing_generate_gpt5nano,2,"2

**Reasoning"
27702e5c-1858-4d21-9c1a-ab8515553f25,askacademia_train,losing_generate_llama,2,"2

**Reasoning"
27702e5c-1858-4d21-9c1a-ab8515553f25,askacademia_train,losing_generate_mistral,4,"4

The comment scores"
27702e5c-1858-4d21-9c1a-ab8515553f25,askacademia_train,losing_generate_qwen,2,"2

This comment does"
27702e5c-1858-4d21-9c1a-ab8515553f25,askacademia_train,losing_improve_claude,5,"5

This comment exc"
27702e5c-1858-4d21-9c1a-ab8515553f25,askacademia_train,losing_improve_gemini,4,"4

This comment scores"
27702e5c-1858-4d21-9c1a-ab8515553f25,askacademia_train,losing_improve_gpt4omini,2,"2

The comment has"
27702e5c-1858-4d21-9c1a-ab8515553f25,askacademia_train,losing_improve_gpt5nano,4,"4

This comment scores"
27702e5c-1858-4d21-9c1a-ab8515553f25,askacademia_train,losing_improve_llama,4,"4

The comment scores"
27702e5c-1858-4d21-9c1a-ab8515553f25,askacademia_train,losing_improve_mistral,4,"4

The comment scores"
27702e5c-1858-4d21-9c1a-ab8515553f25,askacademia_train,losing_improve_qwen,2,"2

**Reasoning"
27702e5c-1858-4d21-9c1a-ab8515553f25,askacademia_train,losing_paraphrase_claude,4,"4

The comment scores"
27702e5c-1858-4d21-9c1a-ab8515553f25,askacademia_train,losing_paraphrase_gemini,3,"3

This comment addresses"
27702e5c-1858-4d21-9c1a-ab8515553f25,askacademia_train,losing_paraphrase_gpt4omini,3,"3

The comment addresses"
27702e5c-1858-4d21-9c1a-ab8515553f25,askacademia_train,losing_paraphrase_gpt5nano,4,"4

This comment scores"
27702e5c-1858-4d21-9c1a-ab8515553f25,askacademia_train,losing_paraphrase_llama,3,"3

The comment shows"
27702e5c-1858-4d21-9c1a-ab8515553f25,askacademia_train,losing_paraphrase_mistral,4,"4

This comment scores"
27702e5c-1858-4d21-9c1a-ab8515553f25,askacademia_train,losing_paraphrase_qwen,4,"4

This comment scores"
787dd421-eb36-4260-8a60-6a6082b9c3b2,askacademia_train,winning_text,4,"4

This comment scores"
787dd421-eb36-4260-8a60-6a6082b9c3b2,askacademia_train,losing_text,3,"3

This comment is"
787dd421-eb36-4260-8a60-6a6082b9c3b2,askacademia_train,losing_generate_claude,5,"5

This comment exc"
787dd421-eb36-4260-8a60-6a6082b9c3b2,askacademia_train,losing_generate_gemini,5,"5

This comment scores"
787dd421-eb36-4260-8a60-6a6082b9c3b2,askacademia_train,losing_generate_gpt4omini,2,"2

**Reasoning"
787dd421-eb36-4260-8a60-6a6082b9c3b2,askacademia_train,losing_generate_gpt5nano,5,"5

This comment exc"
787dd421-eb36-4260-8a60-6a6082b9c3b2,askacademia_train,losing_generate_llama,2,"2

**Reasoning"
787dd421-eb36-4260-8a60-6a6082b9c3b2,askacademia_train,losing_generate_mistral,4,"4

The comment scores"
787dd421-eb36-4260-8a60-6a6082b9c3b2,askacademia_train,losing_generate_qwen,2,"2

This comment does"
787dd421-eb36-4260-8a60-6a6082b9c3b2,askacademia_train,losing_improve_claude,5,"5

This comment exc"
787dd421-eb36-4260-8a60-6a6082b9c3b2,askacademia_train,losing_improve_gemini,4,"4

This comment scores"
787dd421-eb36-4260-8a60-6a6082b9c3b2,askacademia_train,losing_improve_gpt4omini,3,"3

The comment addresses"
787dd421-eb36-4260-8a60-6a6082b9c3b2,askacademia_train,losing_improve_gpt5nano,3,"3

The comment addresses"
787dd421-eb36-4260-8a60-6a6082b9c3b2,askacademia_train,losing_improve_llama,4,"4

The comment scores"
787dd421-eb36-4260-8a60-6a6082b9c3b2,askacademia_train,losing_improve_mistral,2,"2

The comment has"
787dd421-eb36-4260-8a60-6a6082b9c3b2,askacademia_train,losing_improve_qwen,2,"2

**Reasoning"
787dd421-eb36-4260-8a60-6a6082b9c3b2,askacademia_train,losing_paraphrase_claude,4,"4

The comment scores"
787dd421-eb36-4260-8a60-6a6082b9c3b2,askacademia_train,losing_paraphrase_gemini,3,"3

This comment addresses"
787dd421-eb36-4260-8a60-6a6082b9c3b2,askacademia_train,losing_paraphrase_gpt4omini,2,"2

The comment has"
787dd421-eb36-4260-8a60-6a6082b9c3b2,askacademia_train,losing_paraphrase_gpt5nano,3,"3

The comment addresses"
787dd421-eb36-4260-8a60-6a6082b9c3b2,askacademia_train,losing_paraphrase_llama,3,"3

The comment shows"
787dd421-eb36-4260-8a60-6a6082b9c3b2,askacademia_train,losing_paraphrase_mistral,4,"4

This comment scores"
787dd421-eb36-4260-8a60-6a6082b9c3b2,askacademia_train,losing_paraphrase_qwen,4,"4

This comment scores"
ea74a3b4-7832-4e25-a273-b8b55eba0742,askacademia_train,winning_text,4,"4

This comment scores"
ea74a3b4-7832-4e25-a273-b8b55eba0742,askacademia_train,losing_text,3,"3

The comment is"
ea74a3b4-7832-4e25-a273-b8b55eba0742,askacademia_train,losing_generate_claude,5,"5

This comment exc"
ea74a3b4-7832-4e25-a273-b8b55eba0742,askacademia_train,losing_generate_gemini,5,"5

This comment scores"
ea74a3b4-7832-4e25-a273-b8b55eba0742,askacademia_train,losing_generate_gpt4omini,2,"2

**Reasoning"
ea74a3b4-7832-4e25-a273-b8b55eba0742,askacademia_train,losing_generate_gpt5nano,2,"2

The comment mis"
ea74a3b4-7832-4e25-a273-b8b55eba0742,askacademia_train,losing_generate_llama,2,"2

**Reasoning"
ea74a3b4-7832-4e25-a273-b8b55eba0742,askacademia_train,losing_generate_mistral,3,"3

The comment provides"
ea74a3b4-7832-4e25-a273-b8b55eba0742,askacademia_train,losing_generate_qwen,2,"2

The comment does"
ea74a3b4-7832-4e25-a273-b8b55eba0742,askacademia_train,losing_improve_claude,5,"5

This comment exc"
ea74a3b4-7832-4e25-a273-b8b55eba0742,askacademia_train,losing_improve_gemini,4,"4

This comment scores"
ea74a3b4-7832-4e25-a273-b8b55eba0742,askacademia_train,losing_improve_gpt4omini,3,"3

The comment addresses"
ea74a3b4-7832-4e25-a273-b8b55eba0742,askacademia_train,losing_improve_gpt5nano,4,"4

This comment scores"
ea74a3b4-7832-4e25-a273-b8b55eba0742,askacademia_train,losing_improve_llama,4,"4

The comment scores"
ea74a3b4-7832-4e25-a273-b8b55eba0742,askacademia_train,losing_improve_mistral,3,"3

The comment addresses"
ea74a3b4-7832-4e25-a273-b8b55eba0742,askacademia_train,losing_improve_qwen,2,"2

The comment has"
ea74a3b4-7832-4e25-a273-b8b55eba0742,askacademia_train,losing_paraphrase_claude,4,"4

The comment scores"
ea74a3b4-7832-4e25-a273-b8b55eba0742,askacademia_train,losing_paraphrase_gemini,5,"5

This comment scores"
ea74a3b4-7832-4e25-a273-b8b55eba0742,askacademia_train,losing_paraphrase_gpt4omini,3,"3

The comment addresses"
ea74a3b4-7832-4e25-a273-b8b55eba0742,askacademia_train,losing_paraphrase_gpt5nano,4,"4

The comment is"
ea74a3b4-7832-4e25-a273-b8b55eba0742,askacademia_train,losing_paraphrase_llama,3,"3

This comment is"
ea74a3b4-7832-4e25-a273-b8b55eba0742,askacademia_train,losing_paraphrase_mistral,4,"4

The comment is"
ea74a3b4-7832-4e25-a273-b8b55eba0742,askacademia_train,losing_paraphrase_qwen,3,"3

This comment is"
d0d31b89-6154-4b4b-b2be-17a2bd7b5306,askacademia_train,winning_text,4,"4

The comment scores"
d0d31b89-6154-4b4b-b2be-17a2bd7b5306,askacademia_train,losing_text,3,"3

The comment is"
d0d31b89-6154-4b4b-b2be-17a2bd7b5306,askacademia_train,losing_generate_claude,5,"5

This comment exc"
d0d31b89-6154-4b4b-b2be-17a2bd7b5306,askacademia_train,losing_generate_gemini,5,"5

This comment scores"
d0d31b89-6154-4b4b-b2be-17a2bd7b5306,askacademia_train,losing_generate_gpt4omini,2,"2

**Reasoning"
d0d31b89-6154-4b4b-b2be-17a2bd7b5306,askacademia_train,losing_generate_gpt5nano,3,"3

The comment has"
d0d31b89-6154-4b4b-b2be-17a2bd7b5306,askacademia_train,losing_generate_llama,2,"2

**Reasoning"
d0d31b89-6154-4b4b-b2be-17a2bd7b5306,askacademia_train,losing_generate_mistral,4,"4

This comment scores"
d0d31b89-6154-4b4b-b2be-17a2bd7b5306,askacademia_train,losing_generate_qwen,2,"2

The comment does"
d0d31b89-6154-4b4b-b2be-17a2bd7b5306,askacademia_train,losing_improve_claude,5,"5

This comment exc"
d0d31b89-6154-4b4b-b2be-17a2bd7b5306,askacademia_train,losing_improve_gemini,4,"4

This comment scores"
d0d31b89-6154-4b4b-b2be-17a2bd7b5306,askacademia_train,losing_improve_gpt4omini,4,"4

This comment scores"
d0d31b89-6154-4b4b-b2be-17a2bd7b5306,askacademia_train,losing_improve_gpt5nano,4,"4

This comment scores"
d0d31b89-6154-4b4b-b2be-17a2bd7b5306,askacademia_train,losing_improve_llama,4,"4

The comment scores"
d0d31b89-6154-4b4b-b2be-17a2bd7b5306,askacademia_train,losing_improve_mistral,3,"3

The comment addresses"
d0d31b89-6154-4b4b-b2be-17a2bd7b5306,askacademia_train,losing_improve_qwen,2,"2

**Reasoning"
d0d31b89-6154-4b4b-b2be-17a2bd7b5306,askacademia_train,losing_paraphrase_claude,4,"4

The comment scores"
d0d31b89-6154-4b4b-b2be-17a2bd7b5306,askacademia_train,losing_paraphrase_gemini,4,"4

This comment scores"
d0d31b89-6154-4b4b-b2be-17a2bd7b5306,askacademia_train,losing_paraphrase_gpt4omini,3,"3

The comment addresses"
d0d31b89-6154-4b4b-b2be-17a2bd7b5306,askacademia_train,losing_paraphrase_gpt5nano,4,"4

This comment scores"
d0d31b89-6154-4b4b-b2be-17a2bd7b5306,askacademia_train,losing_paraphrase_llama,3,"3

This comment is"
d0d31b89-6154-4b4b-b2be-17a2bd7b5306,askacademia_train,losing_paraphrase_mistral,4,"4

This comment scores"
d0d31b89-6154-4b4b-b2be-17a2bd7b5306,askacademia_train,losing_paraphrase_qwen,3,"3

The comment addresses"
16dc6258-e48c-4bdd-b738-9b1940d6ecb7,askacademia_train,winning_text,3,"3

The comment shares"
16dc6258-e48c-4bdd-b738-9b1940d6ecb7,askacademia_train,losing_text,3,"3

The comment addresses"
16dc6258-e48c-4bdd-b738-9b1940d6ecb7,askacademia_train,losing_generate_claude,5,"5

This comment exc"
16dc6258-e48c-4bdd-b738-9b1940d6ecb7,askacademia_train,losing_generate_gemini,5,"5

This comment scores"
16dc6258-e48c-4bdd-b738-9b1940d6ecb7,askacademia_train,losing_generate_gpt4omini,2,"2

**Reasoning"
16dc6258-e48c-4bdd-b738-9b1940d6ecb7,askacademia_train,losing_generate_gpt5nano,4,"4

This comment scores"
16dc6258-e48c-4bdd-b738-9b1940d6ecb7,askacademia_train,losing_generate_llama,2,"2

The comment mis"
16dc6258-e48c-4bdd-b738-9b1940d6ecb7,askacademia_train,losing_generate_mistral,3,"3

The comment provides"
16dc6258-e48c-4bdd-b738-9b1940d6ecb7,askacademia_train,losing_generate_qwen,2,"2

This comment does"
16dc6258-e48c-4bdd-b738-9b1940d6ecb7,askacademia_train,losing_improve_claude,5,"5

This comment exc"
16dc6258-e48c-4bdd-b738-9b1940d6ecb7,askacademia_train,losing_improve_gemini,4,"4

This comment scores"
16dc6258-e48c-4bdd-b738-9b1940d6ecb7,askacademia_train,losing_improve_gpt4omini,3,"3

The comment addresses"
16dc6258-e48c-4bdd-b738-9b1940d6ecb7,askacademia_train,losing_improve_gpt5nano,4,"4

This comment scores"
16dc6258-e48c-4bdd-b738-9b1940d6ecb7,askacademia_train,losing_improve_llama,4,"4

The comment scores"
16dc6258-e48c-4bdd-b738-9b1940d6ecb7,askacademia_train,losing_improve_mistral,3,"3

The comment addresses"
16dc6258-e48c-4bdd-b738-9b1940d6ecb7,askacademia_train,losing_improve_qwen,2,"2

**Reasoning"
16dc6258-e48c-4bdd-b738-9b1940d6ecb7,askacademia_train,losing_paraphrase_claude,4,"4

The comment scores"
16dc6258-e48c-4bdd-b738-9b1940d6ecb7,askacademia_train,losing_paraphrase_gemini,1,"1

This comment fails"
16dc6258-e48c-4bdd-b738-9b1940d6ecb7,askacademia_train,losing_paraphrase_gpt4omini,3,"3

This comment shows"
16dc6258-e48c-4bdd-b738-9b1940d6ecb7,askacademia_train,losing_paraphrase_gpt5nano,4,"4

The comment is"
16dc6258-e48c-4bdd-b738-9b1940d6ecb7,askacademia_train,losing_paraphrase_llama,3,"3

The comment shows"
16dc6258-e48c-4bdd-b738-9b1940d6ecb7,askacademia_train,losing_paraphrase_mistral,4,"4

The comment is"
16dc6258-e48c-4bdd-b738-9b1940d6ecb7,askacademia_train,losing_paraphrase_qwen,4,"4

This comment scores"
2ba56371-a5a9-4f6e-92cd-fc7ec5576332,askacademia_train,winning_text,4,"4

This comment scores"
2ba56371-a5a9-4f6e-92cd-fc7ec5576332,askacademia_train,losing_text,3,"3

The comment is"
2ba56371-a5a9-4f6e-92cd-fc7ec5576332,askacademia_train,losing_generate_claude,5,"5

This comment exc"
2ba56371-a5a9-4f6e-92cd-fc7ec5576332,askacademia_train,losing_generate_gemini,5,"5

This comment scores"
2ba56371-a5a9-4f6e-92cd-fc7ec5576332,askacademia_train,losing_generate_gpt4omini,2,"2

**Reasoning"
2ba56371-a5a9-4f6e-92cd-fc7ec5576332,askacademia_train,losing_generate_gpt5nano,5,"5

This comment exc"
2ba56371-a5a9-4f6e-92cd-fc7ec5576332,askacademia_train,losing_generate_llama,2,"2

**Reasoning"
2ba56371-a5a9-4f6e-92cd-fc7ec5576332,askacademia_train,losing_generate_mistral,4,"4

The comment scores"
2ba56371-a5a9-4f6e-92cd-fc7ec5576332,askacademia_train,losing_generate_qwen,2,"2

This comment does"
2ba56371-a5a9-4f6e-92cd-fc7ec5576332,askacademia_train,losing_improve_claude,5,"5

This comment exc"
2ba56371-a5a9-4f6e-92cd-fc7ec5576332,askacademia_train,losing_improve_gemini,4,"4

This comment scores"
2ba56371-a5a9-4f6e-92cd-fc7ec5576332,askacademia_train,losing_improve_gpt4omini,2,"2

The comment has"
2ba56371-a5a9-4f6e-92cd-fc7ec5576332,askacademia_train,losing_improve_gpt5nano,3,"3

This comment receives"
2ba56371-a5a9-4f6e-92cd-fc7ec5576332,askacademia_train,losing_improve_llama,ERROR,BATCH_ERROR: expired
2ba56371-a5a9-4f6e-92cd-fc7ec5576332,askacademia_train,losing_improve_mistral,3,"3

The comment addresses"
2ba56371-a5a9-4f6e-92cd-fc7ec5576332,askacademia_train,losing_improve_qwen,2,"2

The comment has"
2ba56371-a5a9-4f6e-92cd-fc7ec5576332,askacademia_train,losing_paraphrase_claude,4,"4

The comment scores"
2ba56371-a5a9-4f6e-92cd-fc7ec5576332,askacademia_train,losing_paraphrase_gemini,3,"3

This comment is"
2ba56371-a5a9-4f6e-92cd-fc7ec5576332,askacademia_train,losing_paraphrase_gpt4omini,3,"3

The comment addresses"
2ba56371-a5a9-4f6e-92cd-fc7ec5576332,askacademia_train,losing_paraphrase_gpt5nano,4,"4

This comment scores"
2ba56371-a5a9-4f6e-92cd-fc7ec5576332,askacademia_train,losing_paraphrase_llama,3,"3

The comment shows"
2ba56371-a5a9-4f6e-92cd-fc7ec5576332,askacademia_train,losing_paraphrase_mistral,4,"4

The comment is"
2ba56371-a5a9-4f6e-92cd-fc7ec5576332,askacademia_train,losing_paraphrase_qwen,4,"4

This comment scores"
db5fcda6-7b0c-4aea-844e-8c8f5c389234,askacademia_train,winning_text,2,"2

The comment has"
db5fcda6-7b0c-4aea-844e-8c8f5c389234,askacademia_train,losing_text,3,"3

The comment is"
db5fcda6-7b0c-4aea-844e-8c8f5c389234,askacademia_train,losing_generate_claude,5,"5

This comment exc"
db5fcda6-7b0c-4aea-844e-8c8f5c389234,askacademia_train,losing_generate_gemini,5,"5

This comment scores"
db5fcda6-7b0c-4aea-844e-8c8f5c389234,askacademia_train,losing_generate_gpt4omini,2,"2

**Reasoning"
db5fcda6-7b0c-4aea-844e-8c8f5c389234,askacademia_train,losing_generate_gpt5nano,2,"2

This comment fails"
db5fcda6-7b0c-4aea-844e-8c8f5c389234,askacademia_train,losing_generate_llama,2,"2

**Reasoning"
db5fcda6-7b0c-4aea-844e-8c8f5c389234,askacademia_train,losing_generate_mistral,4,"4

The comment scores"
db5fcda6-7b0c-4aea-844e-8c8f5c389234,askacademia_train,losing_generate_qwen,2,"2

The comment does"
db5fcda6-7b0c-4aea-844e-8c8f5c389234,askacademia_train,losing_improve_claude,5,"5

This comment exc"
db5fcda6-7b0c-4aea-844e-8c8f5c389234,askacademia_train,losing_improve_gemini,4,"4

This comment scores"
db5fcda6-7b0c-4aea-844e-8c8f5c389234,askacademia_train,losing_improve_gpt4omini,2,"2

**Reasoning"
db5fcda6-7b0c-4aea-844e-8c8f5c389234,askacademia_train,losing_improve_gpt5nano,4,"4

This comment scores"
db5fcda6-7b0c-4aea-844e-8c8f5c389234,askacademia_train,losing_improve_llama,4,"4

The comment scores"
db5fcda6-7b0c-4aea-844e-8c8f5c389234,askacademia_train,losing_improve_mistral,2,"2

The comment attempts"
db5fcda6-7b0c-4aea-844e-8c8f5c389234,askacademia_train,losing_improve_qwen,2,"2

The comment has"
db5fcda6-7b0c-4aea-844e-8c8f5c389234,askacademia_train,losing_paraphrase_claude,4,"4

The comment scores"
db5fcda6-7b0c-4aea-844e-8c8f5c389234,askacademia_train,losing_paraphrase_gemini,3,"3

The comment addresses"
db5fcda6-7b0c-4aea-844e-8c8f5c389234,askacademia_train,losing_paraphrase_gpt4omini,3,"3

The comment addresses"
db5fcda6-7b0c-4aea-844e-8c8f5c389234,askacademia_train,losing_paraphrase_gpt5nano,4,"4

This comment scores"
db5fcda6-7b0c-4aea-844e-8c8f5c389234,askacademia_train,losing_paraphrase_llama,3,"3

The comment shows"
db5fcda6-7b0c-4aea-844e-8c8f5c389234,askacademia_train,losing_paraphrase_mistral,4,"4

The comment is"
db5fcda6-7b0c-4aea-844e-8c8f5c389234,askacademia_train,losing_paraphrase_qwen,3,"3

The comment addresses"
49f2ea2c-21e7-40b8-a005-d180925d504f,askacademia_train,winning_text,2,"2

The comment """
49f2ea2c-21e7-40b8-a005-d180925d504f,askacademia_train,losing_text,3,"3

The comment addresses"
49f2ea2c-21e7-40b8-a005-d180925d504f,askacademia_train,losing_generate_claude,5,"5

This comment exc"
49f2ea2c-21e7-40b8-a005-d180925d504f,askacademia_train,losing_generate_gemini,5,"5

This comment scores"
49f2ea2c-21e7-40b8-a005-d180925d504f,askacademia_train,losing_generate_gpt4omini,2,"2

**Reasoning"
49f2ea2c-21e7-40b8-a005-d180925d504f,askacademia_train,losing_generate_gpt5nano,2,"2

This comment has"
49f2ea2c-21e7-40b8-a005-d180925d504f,askacademia_train,losing_generate_llama,2,"2

**Reasoning"
49f2ea2c-21e7-40b8-a005-d180925d504f,askacademia_train,losing_generate_mistral,4,"4

This comment scores"
49f2ea2c-21e7-40b8-a005-d180925d504f,askacademia_train,losing_generate_qwen,2,"2

This comment does"
49f2ea2c-21e7-40b8-a005-d180925d504f,askacademia_train,losing_improve_claude,4,"4

This comment scores"
49f2ea2c-21e7-40b8-a005-d180925d504f,askacademia_train,losing_improve_gemini,4,"4

This comment scores"
49f2ea2c-21e7-40b8-a005-d180925d504f,askacademia_train,losing_improve_gpt4omini,2,"2

The comment provides"
49f2ea2c-21e7-40b8-a005-d180925d504f,askacademia_train,losing_improve_gpt5nano,4,"4

This comment scores"
49f2ea2c-21e7-40b8-a005-d180925d504f,askacademia_train,losing_improve_llama,3,"3

The comment addresses"
49f2ea2c-21e7-40b8-a005-d180925d504f,askacademia_train,losing_improve_mistral,2,"2

The comment provides"
49f2ea2c-21e7-40b8-a005-d180925d504f,askacademia_train,losing_improve_qwen,2,"2

The comment provides"
49f2ea2c-21e7-40b8-a005-d180925d504f,askacademia_train,losing_paraphrase_claude,3,"3

The comment addresses"
49f2ea2c-21e7-40b8-a005-d180925d504f,askacademia_train,losing_paraphrase_gemini,2,"2

This comment shares"
49f2ea2c-21e7-40b8-a005-d180925d504f,askacademia_train,losing_paraphrase_gpt4omini,4,"4

This comment scores"
49f2ea2c-21e7-40b8-a005-d180925d504f,askacademia_train,losing_paraphrase_gpt5nano,4,"4

The comment scores"
49f2ea2c-21e7-40b8-a005-d180925d504f,askacademia_train,losing_paraphrase_llama,2,"2

The comment lacks"
49f2ea2c-21e7-40b8-a005-d180925d504f,askacademia_train,losing_paraphrase_mistral,2,"2

The comment has"
49f2ea2c-21e7-40b8-a005-d180925d504f,askacademia_train,losing_paraphrase_qwen,3,"3

The comment addresses"
fc0d11f9-80cf-4110-9ead-7270c9d752d4,askacademia_train,winning_text,3,"3

The comment addresses"
fc0d11f9-80cf-4110-9ead-7270c9d752d4,askacademia_train,losing_text,3,"3

The comment addresses"
fc0d11f9-80cf-4110-9ead-7270c9d752d4,askacademia_train,losing_generate_claude,5,"5

This comment exc"
fc0d11f9-80cf-4110-9ead-7270c9d752d4,askacademia_train,losing_generate_gemini,5,"5

This comment scores"
fc0d11f9-80cf-4110-9ead-7270c9d752d4,askacademia_train,losing_generate_gpt4omini,2,"2

**Reasoning"
fc0d11f9-80cf-4110-9ead-7270c9d752d4,askacademia_train,losing_generate_gpt5nano,4,"4

This comment scores"
fc0d11f9-80cf-4110-9ead-7270c9d752d4,askacademia_train,losing_generate_llama,2,"2

**Reasoning"
fc0d11f9-80cf-4110-9ead-7270c9d752d4,askacademia_train,losing_generate_mistral,4,"4

This comment scores"
fc0d11f9-80cf-4110-9ead-7270c9d752d4,askacademia_train,losing_generate_qwen,2,"2

This comment does"
fc0d11f9-80cf-4110-9ead-7270c9d752d4,askacademia_train,losing_improve_claude,2,"2

This comment appears"
fc0d11f9-80cf-4110-9ead-7270c9d752d4,askacademia_train,losing_improve_gemini,4,"4

This comment scores"
fc0d11f9-80cf-4110-9ead-7270c9d752d4,askacademia_train,losing_improve_gpt4omini,2,"2

The comment provides"
fc0d11f9-80cf-4110-9ead-7270c9d752d4,askacademia_train,losing_improve_gpt5nano,4,"4

This comment scores"
fc0d11f9-80cf-4110-9ead-7270c9d752d4,askacademia_train,losing_improve_llama,3,"3

The comment addresses"
fc0d11f9-80cf-4110-9ead-7270c9d752d4,askacademia_train,losing_improve_mistral,3,"3

The comment provides"
fc0d11f9-80cf-4110-9ead-7270c9d752d4,askacademia_train,losing_improve_qwen,2,"2

The comment provides"
fc0d11f9-80cf-4110-9ead-7270c9d752d4,askacademia_train,losing_paraphrase_claude,4,"4

This comment scores"
fc0d11f9-80cf-4110-9ead-7270c9d752d4,askacademia_train,losing_paraphrase_gemini,2,"2

This comment shares"
fc0d11f9-80cf-4110-9ead-7270c9d752d4,askacademia_train,losing_paraphrase_gpt4omini,3,"3

This comment is"
fc0d11f9-80cf-4110-9ead-7270c9d752d4,askacademia_train,losing_paraphrase_gpt5nano,4,"4

This comment scores"
fc0d11f9-80cf-4110-9ead-7270c9d752d4,askacademia_train,losing_paraphrase_llama,2,"2

The comment lacks"
fc0d11f9-80cf-4110-9ead-7270c9d752d4,askacademia_train,losing_paraphrase_mistral,2,"2

This comment has"
fc0d11f9-80cf-4110-9ead-7270c9d752d4,askacademia_train,losing_paraphrase_qwen,3,"3

The comment addresses"
7beb091b-7423-4c06-8da3-a7d6568081d1,askacademia_train,winning_text,4,"4

This comment scores"
7beb091b-7423-4c06-8da3-a7d6568081d1,askacademia_train,losing_text,3,"3

The comment addresses"
7beb091b-7423-4c06-8da3-a7d6568081d1,askacademia_train,losing_generate_claude,5,"5

This comment exc"
7beb091b-7423-4c06-8da3-a7d6568081d1,askacademia_train,losing_generate_gemini,5,"5

This comment scores"
7beb091b-7423-4c06-8da3-a7d6568081d1,askacademia_train,losing_generate_gpt4omini,2,"2

**Reasoning"
7beb091b-7423-4c06-8da3-a7d6568081d1,askacademia_train,losing_generate_gpt5nano,2,"2

**Reasoning"
7beb091b-7423-4c06-8da3-a7d6568081d1,askacademia_train,losing_generate_llama,2,"2

**Reasoning"
7beb091b-7423-4c06-8da3-a7d6568081d1,askacademia_train,losing_generate_mistral,4,"4

This comment scores"
7beb091b-7423-4c06-8da3-a7d6568081d1,askacademia_train,losing_generate_qwen,2,"2

This comment does"
7beb091b-7423-4c06-8da3-a7d6568081d1,askacademia_train,losing_improve_claude,4,"4

This comment scores"
7beb091b-7423-4c06-8da3-a7d6568081d1,askacademia_train,losing_improve_gemini,4,"4

This comment scores"
7beb091b-7423-4c06-8da3-a7d6568081d1,askacademia_train,losing_improve_gpt4omini,2,"2

The comment provides"
7beb091b-7423-4c06-8da3-a7d6568081d1,askacademia_train,losing_improve_gpt5nano,2,"2

This comment provides"
7beb091b-7423-4c06-8da3-a7d6568081d1,askacademia_train,losing_improve_llama,3,"3

The comment addresses"
7beb091b-7423-4c06-8da3-a7d6568081d1,askacademia_train,losing_improve_mistral,2,"2

The comment provides"
7beb091b-7423-4c06-8da3-a7d6568081d1,askacademia_train,losing_improve_qwen,2,"2

The comment provides"
7beb091b-7423-4c06-8da3-a7d6568081d1,askacademia_train,losing_paraphrase_claude,2,"2

The comment has"
7beb091b-7423-4c06-8da3-a7d6568081d1,askacademia_train,losing_paraphrase_gemini,4,"4

This comment scores"
7beb091b-7423-4c06-8da3-a7d6568081d1,askacademia_train,losing_paraphrase_gpt4omini,3,"3

This comment is"
7beb091b-7423-4c06-8da3-a7d6568081d1,askacademia_train,losing_paraphrase_gpt5nano,3,"3

The comment addresses"
7beb091b-7423-4c06-8da3-a7d6568081d1,askacademia_train,losing_paraphrase_llama,2,"2

The comment lacks"
7beb091b-7423-4c06-8da3-a7d6568081d1,askacademia_train,losing_paraphrase_mistral,2,"2

This comment has"
7beb091b-7423-4c06-8da3-a7d6568081d1,askacademia_train,losing_paraphrase_qwen,3,"3

The comment addresses"
355a34ef-ae09-49dd-9d1e-e25018351122,askacademia_train,winning_text,4,"4

The comment scores"
355a34ef-ae09-49dd-9d1e-e25018351122,askacademia_train,losing_text,3,"3

The comment addresses"
355a34ef-ae09-49dd-9d1e-e25018351122,askacademia_train,losing_generate_claude,5,"5

This comment exc"
355a34ef-ae09-49dd-9d1e-e25018351122,askacademia_train,losing_generate_gemini,5,"5

This comment scores"
355a34ef-ae09-49dd-9d1e-e25018351122,askacademia_train,losing_generate_gpt4omini,2,"2

**Reasoning"
355a34ef-ae09-49dd-9d1e-e25018351122,askacademia_train,losing_generate_gpt5nano,1,"1

The comment completely"
355a34ef-ae09-49dd-9d1e-e25018351122,askacademia_train,losing_generate_llama,2,"2

**Reasoning"
355a34ef-ae09-49dd-9d1e-e25018351122,askacademia_train,losing_generate_mistral,4,"4

The comment scores"
355a34ef-ae09-49dd-9d1e-e25018351122,askacademia_train,losing_generate_qwen,2,"2

The comment does"
355a34ef-ae09-49dd-9d1e-e25018351122,askacademia_train,losing_improve_claude,2,"2

This comment has"
355a34ef-ae09-49dd-9d1e-e25018351122,askacademia_train,losing_improve_gemini,4,"4

This comment scores"
355a34ef-ae09-49dd-9d1e-e25018351122,askacademia_train,losing_improve_gpt4omini,2,"2

The comment provides"
355a34ef-ae09-49dd-9d1e-e25018351122,askacademia_train,losing_improve_gpt5nano,4,"4

This comment scores"
355a34ef-ae09-49dd-9d1e-e25018351122,askacademia_train,losing_improve_llama,2,"2

The comment lacks"
355a34ef-ae09-49dd-9d1e-e25018351122,askacademia_train,losing_improve_mistral,2,"2

The comment provides"
355a34ef-ae09-49dd-9d1e-e25018351122,askacademia_train,losing_improve_qwen,2,"2

The comment provides"
355a34ef-ae09-49dd-9d1e-e25018351122,askacademia_train,losing_paraphrase_claude,3,"3

The comment addresses"
355a34ef-ae09-49dd-9d1e-e25018351122,askacademia_train,losing_paraphrase_gemini,4,"4

This comment scores"
355a34ef-ae09-49dd-9d1e-e25018351122,askacademia_train,losing_paraphrase_gpt4omini,3,"3

This comment receives"
355a34ef-ae09-49dd-9d1e-e25018351122,askacademia_train,losing_paraphrase_gpt5nano,4,"4

The comment is"
355a34ef-ae09-49dd-9d1e-e25018351122,askacademia_train,losing_paraphrase_llama,2,"2

The comment lacks"
355a34ef-ae09-49dd-9d1e-e25018351122,askacademia_train,losing_paraphrase_mistral,2,"2

This comment has"
355a34ef-ae09-49dd-9d1e-e25018351122,askacademia_train,losing_paraphrase_qwen,3,"3

The comment addresses"
4b5519a5-681d-46c3-b794-cadb14453f88,askacademia_train,winning_text,3,"3

The comment shares"
4b5519a5-681d-46c3-b794-cadb14453f88,askacademia_train,losing_text,3,"3

The comment addresses"
4b5519a5-681d-46c3-b794-cadb14453f88,askacademia_train,losing_generate_claude,5,"5

This comment exc"
4b5519a5-681d-46c3-b794-cadb14453f88,askacademia_train,losing_generate_gemini,5,"5

This comment scores"
4b5519a5-681d-46c3-b794-cadb14453f88,askacademia_train,losing_generate_gpt4omini,2,"2

**Reasoning"
4b5519a5-681d-46c3-b794-cadb14453f88,askacademia_train,losing_generate_gpt5nano,2,"2

**Reasoning"
4b5519a5-681d-46c3-b794-cadb14453f88,askacademia_train,losing_generate_llama,2,"2

**Reasoning"
4b5519a5-681d-46c3-b794-cadb14453f88,askacademia_train,losing_generate_mistral,4,"4

The comment scores"
4b5519a5-681d-46c3-b794-cadb14453f88,askacademia_train,losing_generate_qwen,2,"2

This comment does"
4b5519a5-681d-46c3-b794-cadb14453f88,askacademia_train,losing_improve_claude,4,"4

This comment scores"
4b5519a5-681d-46c3-b794-cadb14453f88,askacademia_train,losing_improve_gemini,4,"4

This comment scores"
4b5519a5-681d-46c3-b794-cadb14453f88,askacademia_train,losing_improve_gpt4omini,2,"2

**Reasoning"
4b5519a5-681d-46c3-b794-cadb14453f88,askacademia_train,losing_improve_gpt5nano,3,"3

The comment provides"
4b5519a5-681d-46c3-b794-cadb14453f88,askacademia_train,losing_improve_llama,3,"3

The comment addresses"
4b5519a5-681d-46c3-b794-cadb14453f88,askacademia_train,losing_improve_mistral,3,"3

The comment provides"
4b5519a5-681d-46c3-b794-cadb14453f88,askacademia_train,losing_improve_qwen,2,"2

The comment provides"
4b5519a5-681d-46c3-b794-cadb14453f88,askacademia_train,losing_paraphrase_claude,3,"3

The comment addresses"
4b5519a5-681d-46c3-b794-cadb14453f88,askacademia_train,losing_paraphrase_gemini,4,"4

This comment scores"
4b5519a5-681d-46c3-b794-cadb14453f88,askacademia_train,losing_paraphrase_gpt4omini,4,"4

This comment scores"
4b5519a5-681d-46c3-b794-cadb14453f88,askacademia_train,losing_paraphrase_gpt5nano,2,"2

The comment has"
4b5519a5-681d-46c3-b794-cadb14453f88,askacademia_train,losing_paraphrase_llama,2,"2

The comment lacks"
4b5519a5-681d-46c3-b794-cadb14453f88,askacademia_train,losing_paraphrase_mistral,2,"2

This comment has"
4b5519a5-681d-46c3-b794-cadb14453f88,askacademia_train,losing_paraphrase_qwen,3,"3

The comment addresses"
a3e00ec4-4f29-4e1d-bc86-d62aa0663085,askacademia_train,winning_text,4,"4

This comment scores"
a3e00ec4-4f29-4e1d-bc86-d62aa0663085,askacademia_train,losing_text,3,"3

The comment addresses"
a3e00ec4-4f29-4e1d-bc86-d62aa0663085,askacademia_train,losing_generate_claude,5,"5

This comment exc"
a3e00ec4-4f29-4e1d-bc86-d62aa0663085,askacademia_train,losing_generate_gemini,5,"5

This comment scores"
a3e00ec4-4f29-4e1d-bc86-d62aa0663085,askacademia_train,losing_generate_gpt4omini,2,"2

**Reasoning"
a3e00ec4-4f29-4e1d-bc86-d62aa0663085,askacademia_train,losing_generate_gpt5nano,2,"2

This comment has"
a3e00ec4-4f29-4e1d-bc86-d62aa0663085,askacademia_train,losing_generate_llama,2,"2

**Reasoning"
a3e00ec4-4f29-4e1d-bc86-d62aa0663085,askacademia_train,losing_generate_mistral,4,"4

The comment scores"
a3e00ec4-4f29-4e1d-bc86-d62aa0663085,askacademia_train,losing_generate_qwen,2,"2

The comment does"
a3e00ec4-4f29-4e1d-bc86-d62aa0663085,askacademia_train,losing_improve_claude,4,"4

This comment scores"
a3e00ec4-4f29-4e1d-bc86-d62aa0663085,askacademia_train,losing_improve_gemini,4,"4

This comment scores"
a3e00ec4-4f29-4e1d-bc86-d62aa0663085,askacademia_train,losing_improve_gpt4omini,2,"2

The comment provides"
a3e00ec4-4f29-4e1d-bc86-d62aa0663085,askacademia_train,losing_improve_gpt5nano,4,"4

This comment scores"
a3e00ec4-4f29-4e1d-bc86-d62aa0663085,askacademia_train,losing_improve_llama,3,"3

The comment addresses"
a3e00ec4-4f29-4e1d-bc86-d62aa0663085,askacademia_train,losing_improve_mistral,3,"3

The comment provides"
a3e00ec4-4f29-4e1d-bc86-d62aa0663085,askacademia_train,losing_improve_qwen,2,"2

The comment provides"
a3e00ec4-4f29-4e1d-bc86-d62aa0663085,askacademia_train,losing_paraphrase_claude,4,"4

This comment scores"
a3e00ec4-4f29-4e1d-bc86-d62aa0663085,askacademia_train,losing_paraphrase_gemini,4,"4

This comment scores"
a3e00ec4-4f29-4e1d-bc86-d62aa0663085,askacademia_train,losing_paraphrase_gpt4omini,3,"3

This comment receives"
a3e00ec4-4f29-4e1d-bc86-d62aa0663085,askacademia_train,losing_paraphrase_gpt5nano,3,"3

This comment has"
a3e00ec4-4f29-4e1d-bc86-d62aa0663085,askacademia_train,losing_paraphrase_llama,2,"2

The comment lacks"
a3e00ec4-4f29-4e1d-bc86-d62aa0663085,askacademia_train,losing_paraphrase_mistral,2,"2

This comment has"
a3e00ec4-4f29-4e1d-bc86-d62aa0663085,askacademia_train,losing_paraphrase_qwen,3,"3

The comment addresses"
ed33a1be-68db-4548-9c7a-c60b56826b47,askacademia_train,winning_text,2,"2

The comment has"
ed33a1be-68db-4548-9c7a-c60b56826b47,askacademia_train,losing_text,3,"3

The comment addresses"
ed33a1be-68db-4548-9c7a-c60b56826b47,askacademia_train,losing_generate_claude,5,"5

This comment exc"
ed33a1be-68db-4548-9c7a-c60b56826b47,askacademia_train,losing_generate_gemini,5,"5

This comment scores"
ed33a1be-68db-4548-9c7a-c60b56826b47,askacademia_train,losing_generate_gpt4omini,2,"2

**Reasoning"
ed33a1be-68db-4548-9c7a-c60b56826b47,askacademia_train,losing_generate_gpt5nano,2,"2

This comment has"
ed33a1be-68db-4548-9c7a-c60b56826b47,askacademia_train,losing_generate_llama,2,"2

**Reasoning"
ed33a1be-68db-4548-9c7a-c60b56826b47,askacademia_train,losing_generate_mistral,3,"3

The comment provides"
ed33a1be-68db-4548-9c7a-c60b56826b47,askacademia_train,losing_generate_qwen,2,"2

This comment does"
ed33a1be-68db-4548-9c7a-c60b56826b47,askacademia_train,losing_improve_claude,4,"4

This comment scores"
ed33a1be-68db-4548-9c7a-c60b56826b47,askacademia_train,losing_improve_gemini,4,"4

This comment scores"
ed33a1be-68db-4548-9c7a-c60b56826b47,askacademia_train,losing_improve_gpt4omini,2,"2

The comment provides"
ed33a1be-68db-4548-9c7a-c60b56826b47,askacademia_train,losing_improve_gpt5nano,4,"4

This comment scores"
ed33a1be-68db-4548-9c7a-c60b56826b47,askacademia_train,losing_improve_llama,3,"3

The comment addresses"
ed33a1be-68db-4548-9c7a-c60b56826b47,askacademia_train,losing_improve_mistral,2,"2

The comment provides"
ed33a1be-68db-4548-9c7a-c60b56826b47,askacademia_train,losing_improve_qwen,2,"2

The comment provides"
ed33a1be-68db-4548-9c7a-c60b56826b47,askacademia_train,losing_paraphrase_claude,4,"4

This comment scores"
ed33a1be-68db-4548-9c7a-c60b56826b47,askacademia_train,losing_paraphrase_gemini,4,"4

This comment scores"
ed33a1be-68db-4548-9c7a-c60b56826b47,askacademia_train,losing_paraphrase_gpt4omini,3,"3

This comment receives"
ed33a1be-68db-4548-9c7a-c60b56826b47,askacademia_train,losing_paraphrase_gpt5nano,3,"3

The comment addresses"
ed33a1be-68db-4548-9c7a-c60b56826b47,askacademia_train,losing_paraphrase_llama,2,"2

The comment lacks"
ed33a1be-68db-4548-9c7a-c60b56826b47,askacademia_train,losing_paraphrase_mistral,2,"2

This comment has"
ed33a1be-68db-4548-9c7a-c60b56826b47,askacademia_train,losing_paraphrase_qwen,3,"3

The comment addresses"
47c7e961-6c14-4fa0-8783-45420dd52467,askacademia_train,winning_text,2,"2

The comment """
47c7e961-6c14-4fa0-8783-45420dd52467,askacademia_train,losing_text,4,"4

This comment scores"
47c7e961-6c14-4fa0-8783-45420dd52467,askacademia_train,losing_generate_claude,5,"5

This comment exc"
47c7e961-6c14-4fa0-8783-45420dd52467,askacademia_train,losing_generate_gemini,5,"5

This comment scores"
47c7e961-6c14-4fa0-8783-45420dd52467,askacademia_train,losing_generate_gpt4omini,2,"2

**Reasoning"
47c7e961-6c14-4fa0-8783-45420dd52467,askacademia_train,losing_generate_gpt5nano,4,"4

This comment scores"
47c7e961-6c14-4fa0-8783-45420dd52467,askacademia_train,losing_generate_llama,2,"2

**Reasoning"
47c7e961-6c14-4fa0-8783-45420dd52467,askacademia_train,losing_generate_mistral,2,"2

The comment assumes"
47c7e961-6c14-4fa0-8783-45420dd52467,askacademia_train,losing_generate_qwen,2,"2

The comment does"
47c7e961-6c14-4fa0-8783-45420dd52467,askacademia_train,losing_improve_claude,4,"4

This comment scores"
47c7e961-6c14-4fa0-8783-45420dd52467,askacademia_train,losing_improve_gemini,4,"4

This comment scores"
47c7e961-6c14-4fa0-8783-45420dd52467,askacademia_train,losing_improve_gpt4omini,4,"4

This comment scores"
47c7e961-6c14-4fa0-8783-45420dd52467,askacademia_train,losing_improve_gpt5nano,4,"4

This comment scores"
47c7e961-6c14-4fa0-8783-45420dd52467,askacademia_train,losing_improve_llama,3,"3

This comment is"
47c7e961-6c14-4fa0-8783-45420dd52467,askacademia_train,losing_improve_mistral,4,"4

The comment is"
47c7e961-6c14-4fa0-8783-45420dd52467,askacademia_train,losing_improve_qwen,4,"4

The comment scores"
47c7e961-6c14-4fa0-8783-45420dd52467,askacademia_train,losing_paraphrase_claude,4,"4

This comment scores"
47c7e961-6c14-4fa0-8783-45420dd52467,askacademia_train,losing_paraphrase_gemini,4,"4

This comment scores"
47c7e961-6c14-4fa0-8783-45420dd52467,askacademia_train,losing_paraphrase_gpt4omini,4,"4

This comment scores"
47c7e961-6c14-4fa0-8783-45420dd52467,askacademia_train,losing_paraphrase_gpt5nano,4,"4

This comment scores"
47c7e961-6c14-4fa0-8783-45420dd52467,askacademia_train,losing_paraphrase_llama,3,"3

The comment addresses"
47c7e961-6c14-4fa0-8783-45420dd52467,askacademia_train,losing_paraphrase_mistral,4,"4

This comment scores"
47c7e961-6c14-4fa0-8783-45420dd52467,askacademia_train,losing_paraphrase_qwen,4,"4

This comment scores"
77da1e49-6304-4976-b1e1-c2f7e0484835,askacademia_train,winning_text,4,"4

This comment scores"
77da1e49-6304-4976-b1e1-c2f7e0484835,askacademia_train,losing_text,4,"4

This comment scores"
77da1e49-6304-4976-b1e1-c2f7e0484835,askacademia_train,losing_generate_claude,5,"5

This comment exc"
77da1e49-6304-4976-b1e1-c2f7e0484835,askacademia_train,losing_generate_gemini,5,"5

This comment scores"
77da1e49-6304-4976-b1e1-c2f7e0484835,askacademia_train,losing_generate_gpt4omini,2,"2

**Reasoning"
77da1e49-6304-4976-b1e1-c2f7e0484835,askacademia_train,losing_generate_gpt5nano,2,"2

**Reasoning"
77da1e49-6304-4976-b1e1-c2f7e0484835,askacademia_train,losing_generate_llama,2,"2

**Reasoning"
77da1e49-6304-4976-b1e1-c2f7e0484835,askacademia_train,losing_generate_mistral,2,"2

**Reasoning"
77da1e49-6304-4976-b1e1-c2f7e0484835,askacademia_train,losing_generate_qwen,2,"2

This comment does"
77da1e49-6304-4976-b1e1-c2f7e0484835,askacademia_train,losing_improve_claude,4,"4

This comment scores"
77da1e49-6304-4976-b1e1-c2f7e0484835,askacademia_train,losing_improve_gemini,5,"5

This comment scores"
77da1e49-6304-4976-b1e1-c2f7e0484835,askacademia_train,losing_improve_gpt4omini,4,"4

This comment scores"
77da1e49-6304-4976-b1e1-c2f7e0484835,askacademia_train,losing_improve_gpt5nano,5,"5

This comment scores"
77da1e49-6304-4976-b1e1-c2f7e0484835,askacademia_train,losing_improve_llama,3,"3

This comment receives"
77da1e49-6304-4976-b1e1-c2f7e0484835,askacademia_train,losing_improve_mistral,4,"4

The comment is"
77da1e49-6304-4976-b1e1-c2f7e0484835,askacademia_train,losing_improve_qwen,4,"4

This comment scores"
77da1e49-6304-4976-b1e1-c2f7e0484835,askacademia_train,losing_paraphrase_claude,4,"4

This comment scores"
77da1e49-6304-4976-b1e1-c2f7e0484835,askacademia_train,losing_paraphrase_gemini,2,"2

This comment is"
77da1e49-6304-4976-b1e1-c2f7e0484835,askacademia_train,losing_paraphrase_gpt4omini,3,"3

The comment addresses"
77da1e49-6304-4976-b1e1-c2f7e0484835,askacademia_train,losing_paraphrase_gpt5nano,4,"4

This comment scores"
77da1e49-6304-4976-b1e1-c2f7e0484835,askacademia_train,losing_paraphrase_llama,3,"3

The comment addresses"
77da1e49-6304-4976-b1e1-c2f7e0484835,askacademia_train,losing_paraphrase_mistral,4,"4

This comment scores"
77da1e49-6304-4976-b1e1-c2f7e0484835,askacademia_train,losing_paraphrase_qwen,4,"4

This comment scores"
81317a72-dfc1-45c1-b21e-bd6bc196e816,askacademia_train,winning_text,4,"4

This comment scores"
81317a72-dfc1-45c1-b21e-bd6bc196e816,askacademia_train,losing_text,4,"4

This comment scores"
81317a72-dfc1-45c1-b21e-bd6bc196e816,askacademia_train,losing_generate_claude,5,"5

This comment exc"
81317a72-dfc1-45c1-b21e-bd6bc196e816,askacademia_train,losing_generate_gemini,5,"5

This comment scores"
81317a72-dfc1-45c1-b21e-bd6bc196e816,askacademia_train,losing_generate_gpt4omini,2,"2

**Reasoning"
81317a72-dfc1-45c1-b21e-bd6bc196e816,askacademia_train,losing_generate_gpt5nano,2,"2

The comment fails"
81317a72-dfc1-45c1-b21e-bd6bc196e816,askacademia_train,losing_generate_llama,2,"2

**Reasoning"
81317a72-dfc1-45c1-b21e-bd6bc196e816,askacademia_train,losing_generate_mistral,2,"2

The comment has"
81317a72-dfc1-45c1-b21e-bd6bc196e816,askacademia_train,losing_generate_qwen,2,"2

This comment does"
81317a72-dfc1-45c1-b21e-bd6bc196e816,askacademia_train,losing_improve_claude,4,"4

This comment scores"
81317a72-dfc1-45c1-b21e-bd6bc196e816,askacademia_train,losing_improve_gemini,4,"4

This comment scores"
81317a72-dfc1-45c1-b21e-bd6bc196e816,askacademia_train,losing_improve_gpt4omini,4,"4

This comment scores"
81317a72-dfc1-45c1-b21e-bd6bc196e816,askacademia_train,losing_improve_gpt5nano,4,"4

This comment scores"
81317a72-dfc1-45c1-b21e-bd6bc196e816,askacademia_train,losing_improve_llama,3,"3

The comment is"
81317a72-dfc1-45c1-b21e-bd6bc196e816,askacademia_train,losing_improve_mistral,4,"4

The comment is"
81317a72-dfc1-45c1-b21e-bd6bc196e816,askacademia_train,losing_improve_qwen,4,"4

This comment scores"
81317a72-dfc1-45c1-b21e-bd6bc196e816,askacademia_train,losing_paraphrase_claude,4,"4

This comment scores"
81317a72-dfc1-45c1-b21e-bd6bc196e816,askacademia_train,losing_paraphrase_gemini,2,"2

The comment is"
81317a72-dfc1-45c1-b21e-bd6bc196e816,askacademia_train,losing_paraphrase_gpt4omini,4,"4

This comment scores"
81317a72-dfc1-45c1-b21e-bd6bc196e816,askacademia_train,losing_paraphrase_gpt5nano,4,"4

This comment scores"
81317a72-dfc1-45c1-b21e-bd6bc196e816,askacademia_train,losing_paraphrase_llama,3,"3

The comment addresses"
81317a72-dfc1-45c1-b21e-bd6bc196e816,askacademia_train,losing_paraphrase_mistral,4,"4

This comment scores"
81317a72-dfc1-45c1-b21e-bd6bc196e816,askacademia_train,losing_paraphrase_qwen,4,"4

This comment scores"
09359459-abd3-45ee-810d-7ef72a1bbd8d,askacademia_train,winning_text,4,"4

The comment scores"
09359459-abd3-45ee-810d-7ef72a1bbd8d,askacademia_train,losing_text,4,"4

This comment scores"
09359459-abd3-45ee-810d-7ef72a1bbd8d,askacademia_train,losing_generate_claude,5,"5

This comment exc"
09359459-abd3-45ee-810d-7ef72a1bbd8d,askacademia_train,losing_generate_gemini,5,"5

This comment scores"
09359459-abd3-45ee-810d-7ef72a1bbd8d,askacademia_train,losing_generate_gpt4omini,2,"2

**Reasoning"
09359459-abd3-45ee-810d-7ef72a1bbd8d,askacademia_train,losing_generate_gpt5nano,4,"4

This comment scores"
09359459-abd3-45ee-810d-7ef72a1bbd8d,askacademia_train,losing_generate_llama,2,"2

**Reasoning"
09359459-abd3-45ee-810d-7ef72a1bbd8d,askacademia_train,losing_generate_mistral,4,"4

This comment scores"
09359459-abd3-45ee-810d-7ef72a1bbd8d,askacademia_train,losing_generate_qwen,2,"2

The comment does"
09359459-abd3-45ee-810d-7ef72a1bbd8d,askacademia_train,losing_improve_claude,5,"5

This comment exc"
09359459-abd3-45ee-810d-7ef72a1bbd8d,askacademia_train,losing_improve_gemini,5,"5

This comment scores"
09359459-abd3-45ee-810d-7ef72a1bbd8d,askacademia_train,losing_improve_gpt4omini,4,"4

This comment scores"
09359459-abd3-45ee-810d-7ef72a1bbd8d,askacademia_train,losing_improve_gpt5nano,5,"5

This comment exc"
09359459-abd3-45ee-810d-7ef72a1bbd8d,askacademia_train,losing_improve_llama,3,"3

This comment is"
09359459-abd3-45ee-810d-7ef72a1bbd8d,askacademia_train,losing_improve_mistral,4,"4

The comment is"
09359459-abd3-45ee-810d-7ef72a1bbd8d,askacademia_train,losing_improve_qwen,4,"4

This comment scores"
09359459-abd3-45ee-810d-7ef72a1bbd8d,askacademia_train,losing_paraphrase_claude,4,"4

This comment scores"
09359459-abd3-45ee-810d-7ef72a1bbd8d,askacademia_train,losing_paraphrase_gemini,3,"3

This comment is"
09359459-abd3-45ee-810d-7ef72a1bbd8d,askacademia_train,losing_paraphrase_gpt4omini,4,"4

This comment scores"
09359459-abd3-45ee-810d-7ef72a1bbd8d,askacademia_train,losing_paraphrase_gpt5nano,4,"4

This comment scores"
09359459-abd3-45ee-810d-7ef72a1bbd8d,askacademia_train,losing_paraphrase_llama,3,"3

The comment addresses"
09359459-abd3-45ee-810d-7ef72a1bbd8d,askacademia_train,losing_paraphrase_mistral,4,"4

This comment scores"
09359459-abd3-45ee-810d-7ef72a1bbd8d,askacademia_train,losing_paraphrase_qwen,4,"4

This comment scores"
a5eaa135-4288-43ab-91a5-8392b6f596bc,askacademia_train,winning_text,3,"3

The comment shares"
a5eaa135-4288-43ab-91a5-8392b6f596bc,askacademia_train,losing_text,4,"4

This comment scores"
a5eaa135-4288-43ab-91a5-8392b6f596bc,askacademia_train,losing_generate_claude,5,"5

This comment exc"
a5eaa135-4288-43ab-91a5-8392b6f596bc,askacademia_train,losing_generate_gemini,5,"5

This comment scores"
a5eaa135-4288-43ab-91a5-8392b6f596bc,askacademia_train,losing_generate_gpt4omini,2,"2

**Reasoning"
a5eaa135-4288-43ab-91a5-8392b6f596bc,askacademia_train,losing_generate_gpt5nano,2,"2

This comment has"
a5eaa135-4288-43ab-91a5-8392b6f596bc,askacademia_train,losing_generate_llama,2,"2

**Reasoning"
a5eaa135-4288-43ab-91a5-8392b6f596bc,askacademia_train,losing_generate_mistral,4,"4

This comment scores"
a5eaa135-4288-43ab-91a5-8392b6f596bc,askacademia_train,losing_generate_qwen,2,"2

This comment does"
a5eaa135-4288-43ab-91a5-8392b6f596bc,askacademia_train,losing_improve_claude,5,"5

This comment exc"
a5eaa135-4288-43ab-91a5-8392b6f596bc,askacademia_train,losing_improve_gemini,5,"5

This comment scores"
a5eaa135-4288-43ab-91a5-8392b6f596bc,askacademia_train,losing_improve_gpt4omini,4,"4

This comment scores"
a5eaa135-4288-43ab-91a5-8392b6f596bc,askacademia_train,losing_improve_gpt5nano,4,"4

This comment scores"
a5eaa135-4288-43ab-91a5-8392b6f596bc,askacademia_train,losing_improve_llama,3,"3

This comment is"
a5eaa135-4288-43ab-91a5-8392b6f596bc,askacademia_train,losing_improve_mistral,4,"4

The comment is"
a5eaa135-4288-43ab-91a5-8392b6f596bc,askacademia_train,losing_improve_qwen,4,"4

The comment scores"
a5eaa135-4288-43ab-91a5-8392b6f596bc,askacademia_train,losing_paraphrase_claude,4,"4

This comment scores"
a5eaa135-4288-43ab-91a5-8392b6f596bc,askacademia_train,losing_paraphrase_gemini,2,"2

The comment is"
a5eaa135-4288-43ab-91a5-8392b6f596bc,askacademia_train,losing_paraphrase_gpt4omini,4,"4

This comment scores"
a5eaa135-4288-43ab-91a5-8392b6f596bc,askacademia_train,losing_paraphrase_gpt5nano,4,"4

This comment scores"
a5eaa135-4288-43ab-91a5-8392b6f596bc,askacademia_train,losing_paraphrase_llama,3,"3

The comment addresses"
a5eaa135-4288-43ab-91a5-8392b6f596bc,askacademia_train,losing_paraphrase_mistral,4,"4

This comment scores"
a5eaa135-4288-43ab-91a5-8392b6f596bc,askacademia_train,losing_paraphrase_qwen,4,"4

This comment scores"
c24e7487-7f44-4a8a-bc41-210d808c392c,askacademia_train,winning_text,4,"4

This comment scores"
c24e7487-7f44-4a8a-bc41-210d808c392c,askacademia_train,losing_text,4,"4

This comment scores"
c24e7487-7f44-4a8a-bc41-210d808c392c,askacademia_train,losing_generate_claude,5,"5

This comment exc"
c24e7487-7f44-4a8a-bc41-210d808c392c,askacademia_train,losing_generate_gemini,5,"5

This comment scores"
c24e7487-7f44-4a8a-bc41-210d808c392c,askacademia_train,losing_generate_gpt4omini,2,"2

**Reasoning"
c24e7487-7f44-4a8a-bc41-210d808c392c,askacademia_train,losing_generate_gpt5nano,5,"5

This comment scores"
c24e7487-7f44-4a8a-bc41-210d808c392c,askacademia_train,losing_generate_llama,2,"2

**Reasoning"
c24e7487-7f44-4a8a-bc41-210d808c392c,askacademia_train,losing_generate_mistral,2,"2

The comment provides"
c24e7487-7f44-4a8a-bc41-210d808c392c,askacademia_train,losing_generate_qwen,2,"2

The comment does"
c24e7487-7f44-4a8a-bc41-210d808c392c,askacademia_train,losing_improve_claude,4,"4

This comment scores"
c24e7487-7f44-4a8a-bc41-210d808c392c,askacademia_train,losing_improve_gemini,5,"5

This comment scores"
c24e7487-7f44-4a8a-bc41-210d808c392c,askacademia_train,losing_improve_gpt4omini,4,"4

This comment scores"
c24e7487-7f44-4a8a-bc41-210d808c392c,askacademia_train,losing_improve_gpt5nano,5,"5

This comment exc"
c24e7487-7f44-4a8a-bc41-210d808c392c,askacademia_train,losing_improve_llama,3,"3

This comment is"
c24e7487-7f44-4a8a-bc41-210d808c392c,askacademia_train,losing_improve_mistral,4,"4

The comment is"
c24e7487-7f44-4a8a-bc41-210d808c392c,askacademia_train,losing_improve_qwen,4,"4

The comment scores"
c24e7487-7f44-4a8a-bc41-210d808c392c,askacademia_train,losing_paraphrase_claude,4,"4

This comment scores"
c24e7487-7f44-4a8a-bc41-210d808c392c,askacademia_train,losing_paraphrase_gemini,2,"2

The comment is"
c24e7487-7f44-4a8a-bc41-210d808c392c,askacademia_train,losing_paraphrase_gpt4omini,3,"3

The comment addresses"
c24e7487-7f44-4a8a-bc41-210d808c392c,askacademia_train,losing_paraphrase_gpt5nano,4,"4

This comment scores"
c24e7487-7f44-4a8a-bc41-210d808c392c,askacademia_train,losing_paraphrase_llama,3,"3

The comment addresses"
c24e7487-7f44-4a8a-bc41-210d808c392c,askacademia_train,losing_paraphrase_mistral,4,"4

This comment scores"
c24e7487-7f44-4a8a-bc41-210d808c392c,askacademia_train,losing_paraphrase_qwen,4,"4

This comment scores"
f721d063-7c18-4eb6-a981-59de7f767fa4,askacademia_train,winning_text,2,"2

The comment has"
f721d063-7c18-4eb6-a981-59de7f767fa4,askacademia_train,losing_text,4,"4

This comment scores"
f721d063-7c18-4eb6-a981-59de7f767fa4,askacademia_train,losing_generate_claude,5,"5

This comment exc"
f721d063-7c18-4eb6-a981-59de7f767fa4,askacademia_train,losing_generate_gemini,5,"5

This comment scores"
f721d063-7c18-4eb6-a981-59de7f767fa4,askacademia_train,losing_generate_gpt4omini,2,"2

**Reasoning"
f721d063-7c18-4eb6-a981-59de7f767fa4,askacademia_train,losing_generate_gpt5nano,5,"5

This comment exc"
f721d063-7c18-4eb6-a981-59de7f767fa4,askacademia_train,losing_generate_llama,2,"2

**Reasoning"
f721d063-7c18-4eb6-a981-59de7f767fa4,askacademia_train,losing_generate_mistral,4,"4

The comment scores"
f721d063-7c18-4eb6-a981-59de7f767fa4,askacademia_train,losing_generate_qwen,2,"2

This comment does"
f721d063-7c18-4eb6-a981-59de7f767fa4,askacademia_train,losing_improve_claude,4,"4

This comment scores"
f721d063-7c18-4eb6-a981-59de7f767fa4,askacademia_train,losing_improve_gemini,4,"4

This comment scores"
f721d063-7c18-4eb6-a981-59de7f767fa4,askacademia_train,losing_improve_gpt4omini,4,"4

This comment scores"
f721d063-7c18-4eb6-a981-59de7f767fa4,askacademia_train,losing_improve_gpt5nano,5,"5

This comment exc"
f721d063-7c18-4eb6-a981-59de7f767fa4,askacademia_train,losing_improve_llama,3,"3

The comment addresses"
f721d063-7c18-4eb6-a981-59de7f767fa4,askacademia_train,losing_improve_mistral,4,"4

The comment is"
f721d063-7c18-4eb6-a981-59de7f767fa4,askacademia_train,losing_improve_qwen,4,"4

The comment is"
f721d063-7c18-4eb6-a981-59de7f767fa4,askacademia_train,losing_paraphrase_claude,4,"4

This comment scores"
f721d063-7c18-4eb6-a981-59de7f767fa4,askacademia_train,losing_paraphrase_gemini,2,"2

The comment is"
f721d063-7c18-4eb6-a981-59de7f767fa4,askacademia_train,losing_paraphrase_gpt4omini,4,"4

This comment scores"
f721d063-7c18-4eb6-a981-59de7f767fa4,askacademia_train,losing_paraphrase_gpt5nano,4,"4

This comment scores"
f721d063-7c18-4eb6-a981-59de7f767fa4,askacademia_train,losing_paraphrase_llama,3,"3

The comment addresses"
f721d063-7c18-4eb6-a981-59de7f767fa4,askacademia_train,losing_paraphrase_mistral,4,"4

This comment scores"
f721d063-7c18-4eb6-a981-59de7f767fa4,askacademia_train,losing_paraphrase_qwen,4,"4

This comment scores"
38d93014-e229-4c14-9edc-056cf09e95f0,askacademia_train,winning_text,3,"3

The comment shares"
38d93014-e229-4c14-9edc-056cf09e95f0,askacademia_train,losing_text,4,"4

This comment scores"
38d93014-e229-4c14-9edc-056cf09e95f0,askacademia_train,losing_generate_claude,5,"5

This comment exc"
38d93014-e229-4c14-9edc-056cf09e95f0,askacademia_train,losing_generate_gemini,5,"5

This comment scores"
38d93014-e229-4c14-9edc-056cf09e95f0,askacademia_train,losing_generate_gpt4omini,2,"2

**Reasoning"
38d93014-e229-4c14-9edc-056cf09e95f0,askacademia_train,losing_generate_gpt5nano,5,"5

This comment exc"
38d93014-e229-4c14-9edc-056cf09e95f0,askacademia_train,losing_generate_llama,2,"2

The comment mis"
38d93014-e229-4c14-9edc-056cf09e95f0,askacademia_train,losing_generate_mistral,4,"4

The comment scores"
38d93014-e229-4c14-9edc-056cf09e95f0,askacademia_train,losing_generate_qwen,2,"2

This comment does"
38d93014-e229-4c14-9edc-056cf09e95f0,askacademia_train,losing_improve_claude,4,"4

This comment scores"
38d93014-e229-4c14-9edc-056cf09e95f0,askacademia_train,losing_improve_gemini,4,"4

This comment scores"
38d93014-e229-4c14-9edc-056cf09e95f0,askacademia_train,losing_improve_gpt4omini,2,"2

The comment discusses"
38d93014-e229-4c14-9edc-056cf09e95f0,askacademia_train,losing_improve_gpt5nano,5,"5

This comment exc"
38d93014-e229-4c14-9edc-056cf09e95f0,askacademia_train,losing_improve_llama,4,"4

This comment scores"
38d93014-e229-4c14-9edc-056cf09e95f0,askacademia_train,losing_improve_mistral,4,"4

The comment scores"
38d93014-e229-4c14-9edc-056cf09e95f0,askacademia_train,losing_improve_qwen,2,"2

The comment discusses"
38d93014-e229-4c14-9edc-056cf09e95f0,askacademia_train,losing_paraphrase_claude,4,"4

This comment scores"
38d93014-e229-4c14-9edc-056cf09e95f0,askacademia_train,losing_paraphrase_gemini,2,"2

The comment is"
38d93014-e229-4c14-9edc-056cf09e95f0,askacademia_train,losing_paraphrase_gpt4omini,4,"4

This comment scores"
38d93014-e229-4c14-9edc-056cf09e95f0,askacademia_train,losing_paraphrase_gpt5nano,4,"4

The comment is"
38d93014-e229-4c14-9edc-056cf09e95f0,askacademia_train,losing_paraphrase_llama,2,"2

The comment discusses"
38d93014-e229-4c14-9edc-056cf09e95f0,askacademia_train,losing_paraphrase_mistral,2,"2

The comment addresses"
38d93014-e229-4c14-9edc-056cf09e95f0,askacademia_train,losing_paraphrase_qwen,3,"3

This comment addresses"
2be706a7-38bb-4aec-b812-cd4d4fb9505d,askacademia_train,winning_text,4,"4

This comment scores"
2be706a7-38bb-4aec-b812-cd4d4fb9505d,askacademia_train,losing_text,4,"4

This comment scores"
2be706a7-38bb-4aec-b812-cd4d4fb9505d,askacademia_train,losing_generate_claude,5,"5

This comment exc"
2be706a7-38bb-4aec-b812-cd4d4fb9505d,askacademia_train,losing_generate_gemini,5,"5

This comment scores"
2be706a7-38bb-4aec-b812-cd4d4fb9505d,askacademia_train,losing_generate_gpt4omini,2,"2

**Reasoning"
2be706a7-38bb-4aec-b812-cd4d4fb9505d,askacademia_train,losing_generate_gpt5nano,2,"2

**Reasoning"
2be706a7-38bb-4aec-b812-cd4d4fb9505d,askacademia_train,losing_generate_llama,2,"2

**Reasoning"
2be706a7-38bb-4aec-b812-cd4d4fb9505d,askacademia_train,losing_generate_mistral,4,"4

This comment scores"
2be706a7-38bb-4aec-b812-cd4d4fb9505d,askacademia_train,losing_generate_qwen,2,"2

This comment does"
2be706a7-38bb-4aec-b812-cd4d4fb9505d,askacademia_train,losing_improve_claude,2,"2

The comment lacks"
2be706a7-38bb-4aec-b812-cd4d4fb9505d,askacademia_train,losing_improve_gemini,4,"4

This comment scores"
2be706a7-38bb-4aec-b812-cd4d4fb9505d,askacademia_train,losing_improve_gpt4omini,4,"4

This comment scores"
2be706a7-38bb-4aec-b812-cd4d4fb9505d,askacademia_train,losing_improve_gpt5nano,3,"3

This comment has"
2be706a7-38bb-4aec-b812-cd4d4fb9505d,askacademia_train,losing_improve_llama,4,"4

This comment scores"
2be706a7-38bb-4aec-b812-cd4d4fb9505d,askacademia_train,losing_improve_mistral,4,"4

The comment scores"
2be706a7-38bb-4aec-b812-cd4d4fb9505d,askacademia_train,losing_improve_qwen,2,"2

The comment discusses"
2be706a7-38bb-4aec-b812-cd4d4fb9505d,askacademia_train,losing_paraphrase_claude,4,"4

This comment scores"
2be706a7-38bb-4aec-b812-cd4d4fb9505d,askacademia_train,losing_paraphrase_gemini,2,"2

The comment is"
2be706a7-38bb-4aec-b812-cd4d4fb9505d,askacademia_train,losing_paraphrase_gpt4omini,4,"4

This comment scores"
2be706a7-38bb-4aec-b812-cd4d4fb9505d,askacademia_train,losing_paraphrase_gpt5nano,4,"4

This comment scores"
2be706a7-38bb-4aec-b812-cd4d4fb9505d,askacademia_train,losing_paraphrase_llama,2,"2

The comment discusses"
2be706a7-38bb-4aec-b812-cd4d4fb9505d,askacademia_train,losing_paraphrase_mistral,2,"2

The comment addresses"
2be706a7-38bb-4aec-b812-cd4d4fb9505d,askacademia_train,losing_paraphrase_qwen,3,"3

This comment addresses"
3d6311a8-315a-4664-8e4c-53f6273958dd,askacademia_train,winning_text,2,"2

The comment has"
3d6311a8-315a-4664-8e4c-53f6273958dd,askacademia_train,losing_text,4,"4

This comment scores"
3d6311a8-315a-4664-8e4c-53f6273958dd,askacademia_train,losing_generate_claude,5,"5

This comment exc"
3d6311a8-315a-4664-8e4c-53f6273958dd,askacademia_train,losing_generate_gemini,5,"5

This comment scores"
3d6311a8-315a-4664-8e4c-53f6273958dd,askacademia_train,losing_generate_gpt4omini,3,"3

**Reasoning"
3d6311a8-315a-4664-8e4c-53f6273958dd,askacademia_train,losing_generate_gpt5nano,3,"3

**Reasoning"
3d6311a8-315a-4664-8e4c-53f6273958dd,askacademia_train,losing_generate_llama,2,"2

**Reasoning"
3d6311a8-315a-4664-8e4c-53f6273958dd,askacademia_train,losing_generate_mistral,4,"4

The comment scores"
3d6311a8-315a-4664-8e4c-53f6273958dd,askacademia_train,losing_generate_qwen,2,"2

This comment does"
3d6311a8-315a-4664-8e4c-53f6273958dd,askacademia_train,losing_improve_claude,2,"2

The comment lacks"
3d6311a8-315a-4664-8e4c-53f6273958dd,askacademia_train,losing_improve_gemini,4,"4

This comment scores"
3d6311a8-315a-4664-8e4c-53f6273958dd,askacademia_train,losing_improve_gpt4omini,4,"4

This comment scores"
3d6311a8-315a-4664-8e4c-53f6273958dd,askacademia_train,losing_improve_gpt5nano,2,"2

This comment has"
3d6311a8-315a-4664-8e4c-53f6273958dd,askacademia_train,losing_improve_llama,4,"4

This comment scores"
3d6311a8-315a-4664-8e4c-53f6273958dd,askacademia_train,losing_improve_mistral,2,"2

**Reasoning"
3d6311a8-315a-4664-8e4c-53f6273958dd,askacademia_train,losing_improve_qwen,2,"2

The comment discusses"
3d6311a8-315a-4664-8e4c-53f6273958dd,askacademia_train,losing_paraphrase_claude,4,"4

This comment scores"
3d6311a8-315a-4664-8e4c-53f6273958dd,askacademia_train,losing_paraphrase_gemini,2,"2

The comment is"
3d6311a8-315a-4664-8e4c-53f6273958dd,askacademia_train,losing_paraphrase_gpt4omini,2,"2

The comment lacks"
3d6311a8-315a-4664-8e4c-53f6273958dd,askacademia_train,losing_paraphrase_gpt5nano,4,"4

This comment scores"
3d6311a8-315a-4664-8e4c-53f6273958dd,askacademia_train,losing_paraphrase_llama,2,"2

The comment discusses"
3d6311a8-315a-4664-8e4c-53f6273958dd,askacademia_train,losing_paraphrase_mistral,2,"2

The comment addresses"
3d6311a8-315a-4664-8e4c-53f6273958dd,askacademia_train,losing_paraphrase_qwen,3,"3

This comment addresses"
8d15762d-2586-450d-91d3-b2623a6f8f45,askacademia_train,winning_text,3,"3

The comment shares"
8d15762d-2586-450d-91d3-b2623a6f8f45,askacademia_train,losing_text,2,"2

The comment """
8d15762d-2586-450d-91d3-b2623a6f8f45,askacademia_train,losing_generate_claude,5,"5

This comment exc"
8d15762d-2586-450d-91d3-b2623a6f8f45,askacademia_train,losing_generate_gemini,5,"5

This comment scores"
8d15762d-2586-450d-91d3-b2623a6f8f45,askacademia_train,losing_generate_gpt4omini,2,"2

**Reasoning"
8d15762d-2586-450d-91d3-b2623a6f8f45,askacademia_train,losing_generate_gpt5nano,2,"2

This comment has"
8d15762d-2586-450d-91d3-b2623a6f8f45,askacademia_train,losing_generate_llama,2,"2

**Reasoning"
8d15762d-2586-450d-91d3-b2623a6f8f45,askacademia_train,losing_generate_mistral,4,"4

The comment scores"
8d15762d-2586-450d-91d3-b2623a6f8f45,askacademia_train,losing_generate_qwen,2,"2

The comment does"
8d15762d-2586-450d-91d3-b2623a6f8f45,askacademia_train,losing_improve_claude,4,"4

This comment scores"
8d15762d-2586-450d-91d3-b2623a6f8f45,askacademia_train,losing_improve_gemini,2,"2

This comment has"
8d15762d-2586-450d-91d3-b2623a6f8f45,askacademia_train,losing_improve_gpt4omini,2,"2

This comment is"
8d15762d-2586-450d-91d3-b2623a6f8f45,askacademia_train,losing_improve_gpt5nano,2,"2

This comment appears"
8d15762d-2586-450d-91d3-b2623a6f8f45,askacademia_train,losing_improve_llama,2,"2

This comment is"
8d15762d-2586-450d-91d3-b2623a6f8f45,askacademia_train,losing_improve_mistral,2,"2

This comment is"
8d15762d-2586-450d-91d3-b2623a6f8f45,askacademia_train,losing_improve_qwen,2,"2

This comment is"
8d15762d-2586-450d-91d3-b2623a6f8f45,askacademia_train,losing_paraphrase_claude,2,"2

This comment is"
8d15762d-2586-450d-91d3-b2623a6f8f45,askacademia_train,losing_paraphrase_gemini,2,"2

The comment is"
8d15762d-2586-450d-91d3-b2623a6f8f45,askacademia_train,losing_paraphrase_gpt4omini,2,"2

The comment is"
8d15762d-2586-450d-91d3-b2623a6f8f45,askacademia_train,losing_paraphrase_gpt5nano,2,"2

This comment is"
8d15762d-2586-450d-91d3-b2623a6f8f45,askacademia_train,losing_paraphrase_llama,2,"2

This comment is"
8d15762d-2586-450d-91d3-b2623a6f8f45,askacademia_train,losing_paraphrase_mistral,2,"2

The comment """
8d15762d-2586-450d-91d3-b2623a6f8f45,askacademia_train,losing_paraphrase_qwen,2,"2

This comment is"
ceb191eb-bd55-41ff-bf24-a9bb7b77cb13,askacademia_train,winning_text,4,"4

This comment scores"
ceb191eb-bd55-41ff-bf24-a9bb7b77cb13,askacademia_train,losing_text,2,"2

The comment """
ceb191eb-bd55-41ff-bf24-a9bb7b77cb13,askacademia_train,losing_generate_claude,5,"5

This comment exc"
ceb191eb-bd55-41ff-bf24-a9bb7b77cb13,askacademia_train,losing_generate_gemini,5,"5

This comment scores"
ceb191eb-bd55-41ff-bf24-a9bb7b77cb13,askacademia_train,losing_generate_gpt4omini,2,"2

**Reasoning"
ceb191eb-bd55-41ff-bf24-a9bb7b77cb13,askacademia_train,losing_generate_gpt5nano,2,"2

**Reasoning"
ceb191eb-bd55-41ff-bf24-a9bb7b77cb13,askacademia_train,losing_generate_llama,2,"2

**Reasoning"
ceb191eb-bd55-41ff-bf24-a9bb7b77cb13,askacademia_train,losing_generate_mistral,2,"2

**Reasoning"
ceb191eb-bd55-41ff-bf24-a9bb7b77cb13,askacademia_train,losing_generate_qwen,2,"2

The comment does"
ceb191eb-bd55-41ff-bf24-a9bb7b77cb13,askacademia_train,losing_improve_claude,3,"3

This comment receives"
ceb191eb-bd55-41ff-bf24-a9bb7b77cb13,askacademia_train,losing_improve_gemini,2,"2

This comment has"
ceb191eb-bd55-41ff-bf24-a9bb7b77cb13,askacademia_train,losing_improve_gpt4omini,2,"2

This comment is"
ceb191eb-bd55-41ff-bf24-a9bb7b77cb13,askacademia_train,losing_improve_gpt5nano,3,"3

This comment has"
ceb191eb-bd55-41ff-bf24-a9bb7b77cb13,askacademia_train,losing_improve_llama,2,"2

This comment is"
ceb191eb-bd55-41ff-bf24-a9bb7b77cb13,askacademia_train,losing_improve_mistral,2,"2

This comment appears"
ceb191eb-bd55-41ff-bf24-a9bb7b77cb13,askacademia_train,losing_improve_qwen,2,"2

This comment is"
ceb191eb-bd55-41ff-bf24-a9bb7b77cb13,askacademia_train,losing_paraphrase_claude,2,"2

This comment is"
ceb191eb-bd55-41ff-bf24-a9bb7b77cb13,askacademia_train,losing_paraphrase_gemini,2,"2

The comment is"
ceb191eb-bd55-41ff-bf24-a9bb7b77cb13,askacademia_train,losing_paraphrase_gpt4omini,2,"2

The comment is"
ceb191eb-bd55-41ff-bf24-a9bb7b77cb13,askacademia_train,losing_paraphrase_gpt5nano,2,"2

The comment """
ceb191eb-bd55-41ff-bf24-a9bb7b77cb13,askacademia_train,losing_paraphrase_llama,2,"2

This comment is"
ceb191eb-bd55-41ff-bf24-a9bb7b77cb13,askacademia_train,losing_paraphrase_mistral,2,"2

The comment """
ceb191eb-bd55-41ff-bf24-a9bb7b77cb13,askacademia_train,losing_paraphrase_qwen,2,"2

This comment is"
da44bbbb-f45a-47e7-b669-0a181c45e33a,askacademia_train,winning_text,2,"2

The comment has"
da44bbbb-f45a-47e7-b669-0a181c45e33a,askacademia_train,losing_text,2,"2

The comment """
da44bbbb-f45a-47e7-b669-0a181c45e33a,askacademia_train,losing_generate_claude,5,"5

This comment exc"
da44bbbb-f45a-47e7-b669-0a181c45e33a,askacademia_train,losing_generate_gemini,5,"5

This comment scores"
da44bbbb-f45a-47e7-b669-0a181c45e33a,askacademia_train,losing_generate_gpt4omini,2,"2

**Reasoning"
da44bbbb-f45a-47e7-b669-0a181c45e33a,askacademia_train,losing_generate_gpt5nano,2,"2

The comment fails"
da44bbbb-f45a-47e7-b669-0a181c45e33a,askacademia_train,losing_generate_llama,2,"2

**Reasoning"
da44bbbb-f45a-47e7-b669-0a181c45e33a,askacademia_train,losing_generate_mistral,2,"2

**Reasoning"
da44bbbb-f45a-47e7-b669-0a181c45e33a,askacademia_train,losing_generate_qwen,2,"2

The comment does"
da44bbbb-f45a-47e7-b669-0a181c45e33a,askacademia_train,losing_improve_claude,4,"4

This comment scores"
da44bbbb-f45a-47e7-b669-0a181c45e33a,askacademia_train,losing_improve_gemini,2,"2

This comment has"
da44bbbb-f45a-47e7-b669-0a181c45e33a,askacademia_train,losing_improve_gpt4omini,2,"2

This comment is"
da44bbbb-f45a-47e7-b669-0a181c45e33a,askacademia_train,losing_improve_gpt5nano,3,"3

This comment appears"
da44bbbb-f45a-47e7-b669-0a181c45e33a,askacademia_train,losing_improve_llama,2,"2

This comment is"
da44bbbb-f45a-47e7-b669-0a181c45e33a,askacademia_train,losing_improve_mistral,2,"2

This comment appears"
da44bbbb-f45a-47e7-b669-0a181c45e33a,askacademia_train,losing_improve_qwen,2,"2

This comment is"
da44bbbb-f45a-47e7-b669-0a181c45e33a,askacademia_train,losing_paraphrase_claude,2,"2

This comment is"
da44bbbb-f45a-47e7-b669-0a181c45e33a,askacademia_train,losing_paraphrase_gemini,4,"4

The comment scores"
da44bbbb-f45a-47e7-b669-0a181c45e33a,askacademia_train,losing_paraphrase_gpt4omini,2,"2

The comment is"
da44bbbb-f45a-47e7-b669-0a181c45e33a,askacademia_train,losing_paraphrase_gpt5nano,2,"2

This comment is"
da44bbbb-f45a-47e7-b669-0a181c45e33a,askacademia_train,losing_paraphrase_llama,2,"2

This comment is"
da44bbbb-f45a-47e7-b669-0a181c45e33a,askacademia_train,losing_paraphrase_mistral,2,"2

The comment """
da44bbbb-f45a-47e7-b669-0a181c45e33a,askacademia_train,losing_paraphrase_qwen,2,"2

This comment is"
f76f5ddb-e2d1-4b72-8972-151102a49741,askacademia_train,winning_text,3,"3

The comment shares"
f76f5ddb-e2d1-4b72-8972-151102a49741,askacademia_train,losing_text,4,"4

This comment scores"
f76f5ddb-e2d1-4b72-8972-151102a49741,askacademia_train,losing_generate_claude,5,"5

This comment exc"
f76f5ddb-e2d1-4b72-8972-151102a49741,askacademia_train,losing_generate_gemini,5,"5

This comment scores"
f76f5ddb-e2d1-4b72-8972-151102a49741,askacademia_train,losing_generate_gpt4omini,2,"2

**Reasoning"
f76f5ddb-e2d1-4b72-8972-151102a49741,askacademia_train,losing_generate_gpt5nano,2,"2

This comment has"
f76f5ddb-e2d1-4b72-8972-151102a49741,askacademia_train,losing_generate_llama,2,"2

**Reasoning"
f76f5ddb-e2d1-4b72-8972-151102a49741,askacademia_train,losing_generate_mistral,2,"2

The comment provides"
f76f5ddb-e2d1-4b72-8972-151102a49741,askacademia_train,losing_generate_qwen,2,"2

This comment does"
f76f5ddb-e2d1-4b72-8972-151102a49741,askacademia_train,losing_improve_claude,2,"2

This comment provides"
f76f5ddb-e2d1-4b72-8972-151102a49741,askacademia_train,losing_improve_gemini,4,"4

This comment scores"
f76f5ddb-e2d1-4b72-8972-151102a49741,askacademia_train,losing_improve_gpt4omini,4,"4

This comment scores"
f76f5ddb-e2d1-4b72-8972-151102a49741,askacademia_train,losing_improve_gpt5nano,5,"5

This comment scores"
f76f5ddb-e2d1-4b72-8972-151102a49741,askacademia_train,losing_improve_llama,2,"2

The comment discusses"
f76f5ddb-e2d1-4b72-8972-151102a49741,askacademia_train,losing_improve_mistral,2,"2

The comment provides"
f76f5ddb-e2d1-4b72-8972-151102a49741,askacademia_train,losing_improve_qwen,4,"4

The comment scores"
f76f5ddb-e2d1-4b72-8972-151102a49741,askacademia_train,losing_paraphrase_claude,4,"4

This comment scores"
f76f5ddb-e2d1-4b72-8972-151102a49741,askacademia_train,losing_paraphrase_gemini,4,"4

The comment is"
f76f5ddb-e2d1-4b72-8972-151102a49741,askacademia_train,losing_paraphrase_gpt4omini,4,"4

This comment scores"
f76f5ddb-e2d1-4b72-8972-151102a49741,askacademia_train,losing_paraphrase_gpt5nano,4,"4

The comment scores"
f76f5ddb-e2d1-4b72-8972-151102a49741,askacademia_train,losing_paraphrase_llama,4,"4

This comment scores"
f76f5ddb-e2d1-4b72-8972-151102a49741,askacademia_train,losing_paraphrase_mistral,2,"2

The comment provides"
f76f5ddb-e2d1-4b72-8972-151102a49741,askacademia_train,losing_paraphrase_qwen,4,"4

This comment scores"
89a700ea-d03a-464d-bcf4-8d11974bbe1d,askacademia_train,winning_text,4,"4

This comment scores"
89a700ea-d03a-464d-bcf4-8d11974bbe1d,askacademia_train,losing_text,3,"3

The comment addresses"
89a700ea-d03a-464d-bcf4-8d11974bbe1d,askacademia_train,losing_generate_claude,5,"5

This comment exc"
89a700ea-d03a-464d-bcf4-8d11974bbe1d,askacademia_train,losing_generate_gemini,5,"5

This comment scores"
89a700ea-d03a-464d-bcf4-8d11974bbe1d,askacademia_train,losing_generate_gpt4omini,2,"2

**Reasoning"
89a700ea-d03a-464d-bcf4-8d11974bbe1d,askacademia_train,losing_generate_gpt5nano,2,"2

This comment has"
89a700ea-d03a-464d-bcf4-8d11974bbe1d,askacademia_train,losing_generate_llama,2,"2

**Reasoning"
89a700ea-d03a-464d-bcf4-8d11974bbe1d,askacademia_train,losing_generate_mistral,2,"2

The comment has"
89a700ea-d03a-464d-bcf4-8d11974bbe1d,askacademia_train,losing_generate_qwen,2,"2

This comment does"
89a700ea-d03a-464d-bcf4-8d11974bbe1d,askacademia_train,losing_improve_claude,4,"4

This comment scores"
89a700ea-d03a-464d-bcf4-8d11974bbe1d,askacademia_train,losing_improve_gemini,4,"4

This comment scores"
89a700ea-d03a-464d-bcf4-8d11974bbe1d,askacademia_train,losing_improve_gpt4omini,4,"4

This comment scores"
89a700ea-d03a-464d-bcf4-8d11974bbe1d,askacademia_train,losing_improve_gpt5nano,4,"4

This comment scores"
89a700ea-d03a-464d-bcf4-8d11974bbe1d,askacademia_train,losing_improve_llama,2,"2

The comment discusses"
89a700ea-d03a-464d-bcf4-8d11974bbe1d,askacademia_train,losing_improve_mistral,2,"2

The comment provides"
89a700ea-d03a-464d-bcf4-8d11974bbe1d,askacademia_train,losing_improve_qwen,4,"4

The comment scores"
89a700ea-d03a-464d-bcf4-8d11974bbe1d,askacademia_train,losing_paraphrase_claude,2,"2

The comment provides"
89a700ea-d03a-464d-bcf4-8d11974bbe1d,askacademia_train,losing_paraphrase_gemini,4,"4

This comment scores"
89a700ea-d03a-464d-bcf4-8d11974bbe1d,askacademia_train,losing_paraphrase_gpt4omini,4,"4

This comment scores"
89a700ea-d03a-464d-bcf4-8d11974bbe1d,askacademia_train,losing_paraphrase_gpt5nano,4,"4

The comment scores"
89a700ea-d03a-464d-bcf4-8d11974bbe1d,askacademia_train,losing_paraphrase_llama,4,"4

This comment scores"
89a700ea-d03a-464d-bcf4-8d11974bbe1d,askacademia_train,losing_paraphrase_mistral,2,"2

The comment provides"
89a700ea-d03a-464d-bcf4-8d11974bbe1d,askacademia_train,losing_paraphrase_qwen,4,"4

The comment addresses"
c5a3dec0-8bfa-43a6-8d7a-0817e02ab038,askacademia_train,winning_text,2,"2

The comment has"
c5a3dec0-8bfa-43a6-8d7a-0817e02ab038,askacademia_train,losing_text,4,"4

This comment scores"
c5a3dec0-8bfa-43a6-8d7a-0817e02ab038,askacademia_train,losing_generate_claude,5,"5

This comment exc"
c5a3dec0-8bfa-43a6-8d7a-0817e02ab038,askacademia_train,losing_generate_gemini,5,"5

This comment scores"
c5a3dec0-8bfa-43a6-8d7a-0817e02ab038,askacademia_train,losing_generate_gpt4omini,2,"2

**Reasoning"
c5a3dec0-8bfa-43a6-8d7a-0817e02ab038,askacademia_train,losing_generate_gpt5nano,3,"3

The comment has"
c5a3dec0-8bfa-43a6-8d7a-0817e02ab038,askacademia_train,losing_generate_llama,2,"2

**Reasoning"
c5a3dec0-8bfa-43a6-8d7a-0817e02ab038,askacademia_train,losing_generate_mistral,4,"4

This comment scores"
c5a3dec0-8bfa-43a6-8d7a-0817e02ab038,askacademia_train,losing_generate_qwen,2,"2

This comment does"
c5a3dec0-8bfa-43a6-8d7a-0817e02ab038,askacademia_train,losing_improve_claude,2,"2

This comment provides"
c5a3dec0-8bfa-43a6-8d7a-0817e02ab038,askacademia_train,losing_improve_gemini,4,"4

This comment scores"
c5a3dec0-8bfa-43a6-8d7a-0817e02ab038,askacademia_train,losing_improve_gpt4omini,2,"2

The comment provides"
c5a3dec0-8bfa-43a6-8d7a-0817e02ab038,askacademia_train,losing_improve_gpt5nano,4,"4

This comment scores"
c5a3dec0-8bfa-43a6-8d7a-0817e02ab038,askacademia_train,losing_improve_llama,2,"2

The comment discusses"
c5a3dec0-8bfa-43a6-8d7a-0817e02ab038,askacademia_train,losing_improve_mistral,2,"2

The comment provides"
c5a3dec0-8bfa-43a6-8d7a-0817e02ab038,askacademia_train,losing_improve_qwen,4,"4

The comment scores"
c5a3dec0-8bfa-43a6-8d7a-0817e02ab038,askacademia_train,losing_paraphrase_claude,2,"2

The comment provides"
c5a3dec0-8bfa-43a6-8d7a-0817e02ab038,askacademia_train,losing_paraphrase_gemini,4,"4

The comment scores"
c5a3dec0-8bfa-43a6-8d7a-0817e02ab038,askacademia_train,losing_paraphrase_gpt4omini,4,"4

This comment scores"
c5a3dec0-8bfa-43a6-8d7a-0817e02ab038,askacademia_train,losing_paraphrase_gpt5nano,4,"4

This comment scores"
c5a3dec0-8bfa-43a6-8d7a-0817e02ab038,askacademia_train,losing_paraphrase_llama,4,"4

This comment scores"
c5a3dec0-8bfa-43a6-8d7a-0817e02ab038,askacademia_train,losing_paraphrase_mistral,2,"2

The comment provides"
c5a3dec0-8bfa-43a6-8d7a-0817e02ab038,askacademia_train,losing_paraphrase_qwen,4,"4

This comment scores"
f0c89ccf-d31e-479b-be2c-6bc18e13213f,askacademia_train,winning_text,3,"3

The comment shares"
f0c89ccf-d31e-479b-be2c-6bc18e13213f,askacademia_train,losing_text,4,"4

This comment scores"
f0c89ccf-d31e-479b-be2c-6bc18e13213f,askacademia_train,losing_generate_claude,5,"5

This comment exc"
f0c89ccf-d31e-479b-be2c-6bc18e13213f,askacademia_train,losing_generate_gemini,5,"5

This comment scores"
f0c89ccf-d31e-479b-be2c-6bc18e13213f,askacademia_train,losing_generate_gpt4omini,2,"2

**Reasoning"
f0c89ccf-d31e-479b-be2c-6bc18e13213f,askacademia_train,losing_generate_gpt5nano,2,"2

**Reasoning"
f0c89ccf-d31e-479b-be2c-6bc18e13213f,askacademia_train,losing_generate_llama,2,"2

**Reasoning"
f0c89ccf-d31e-479b-be2c-6bc18e13213f,askacademia_train,losing_generate_mistral,4,"4

This comment scores"
f0c89ccf-d31e-479b-be2c-6bc18e13213f,askacademia_train,losing_generate_qwen,2,"2

The comment does"
f0c89ccf-d31e-479b-be2c-6bc18e13213f,askacademia_train,losing_improve_claude,3,3
f0c89ccf-d31e-479b-be2c-6bc18e13213f,askacademia_train,losing_improve_gemini,4,"4

This comment scores"
f0c89ccf-d31e-479b-be2c-6bc18e13213f,askacademia_train,losing_improve_gpt4omini,4,"4

This comment scores"
f0c89ccf-d31e-479b-be2c-6bc18e13213f,askacademia_train,losing_improve_gpt5nano,5,"5

This comment exc"
f0c89ccf-d31e-479b-be2c-6bc18e13213f,askacademia_train,losing_improve_llama,4,"4

The comment addresses"
f0c89ccf-d31e-479b-be2c-6bc18e13213f,askacademia_train,losing_improve_mistral,4,"4

This comment scores"
f0c89ccf-d31e-479b-be2c-6bc18e13213f,askacademia_train,losing_improve_qwen,4,"4

The comment scores"
f0c89ccf-d31e-479b-be2c-6bc18e13213f,askacademia_train,losing_paraphrase_claude,4,"4

This comment scores"
f0c89ccf-d31e-479b-be2c-6bc18e13213f,askacademia_train,losing_paraphrase_gemini,4,"4

This comment scores"
f0c89ccf-d31e-479b-be2c-6bc18e13213f,askacademia_train,losing_paraphrase_gpt4omini,3,"3

The comment addresses"
f0c89ccf-d31e-479b-be2c-6bc18e13213f,askacademia_train,losing_paraphrase_gpt5nano,4,"4

The comment addresses"
f0c89ccf-d31e-479b-be2c-6bc18e13213f,askacademia_train,losing_paraphrase_llama,4,"4

This comment scores"
f0c89ccf-d31e-479b-be2c-6bc18e13213f,askacademia_train,losing_paraphrase_mistral,3,"3

The comment addresses"
f0c89ccf-d31e-479b-be2c-6bc18e13213f,askacademia_train,losing_paraphrase_qwen,4,"4

The comment addresses"
cfbd749d-3a68-418b-a7ff-f2e7ba106d7e,askacademia_train,winning_text,4,"4

This comment scores"
cfbd749d-3a68-418b-a7ff-f2e7ba106d7e,askacademia_train,losing_text,4,"4

This comment scores"
cfbd749d-3a68-418b-a7ff-f2e7ba106d7e,askacademia_train,losing_generate_claude,5,"5

This comment exc"
cfbd749d-3a68-418b-a7ff-f2e7ba106d7e,askacademia_train,losing_generate_gemini,5,"5

This comment scores"
cfbd749d-3a68-418b-a7ff-f2e7ba106d7e,askacademia_train,losing_generate_gpt4omini,2,"2

**Reasoning"
cfbd749d-3a68-418b-a7ff-f2e7ba106d7e,askacademia_train,losing_generate_gpt5nano,5,"5

This comment scores"
cfbd749d-3a68-418b-a7ff-f2e7ba106d7e,askacademia_train,losing_generate_llama,2,"2

**Reasoning"
cfbd749d-3a68-418b-a7ff-f2e7ba106d7e,askacademia_train,losing_generate_mistral,2,"2

**Reasoning"
cfbd749d-3a68-418b-a7ff-f2e7ba106d7e,askacademia_train,losing_generate_qwen,2,"2

The comment does"
cfbd749d-3a68-418b-a7ff-f2e7ba106d7e,askacademia_train,losing_improve_claude,2,2
cfbd749d-3a68-418b-a7ff-f2e7ba106d7e,askacademia_train,losing_improve_gemini,4,"4

This comment scores"
cfbd749d-3a68-418b-a7ff-f2e7ba106d7e,askacademia_train,losing_improve_gpt4omini,4,"4

This comment scores"
cfbd749d-3a68-418b-a7ff-f2e7ba106d7e,askacademia_train,losing_improve_gpt5nano,4,"4

This comment scores"
cfbd749d-3a68-418b-a7ff-f2e7ba106d7e,askacademia_train,losing_improve_llama,4,"4

This comment scores"
cfbd749d-3a68-418b-a7ff-f2e7ba106d7e,askacademia_train,losing_improve_mistral,4,"4

The comment is"
cfbd749d-3a68-418b-a7ff-f2e7ba106d7e,askacademia_train,losing_improve_qwen,4,"4

The comment scores"
cfbd749d-3a68-418b-a7ff-f2e7ba106d7e,askacademia_train,losing_paraphrase_claude,4,"4

This comment scores"
cfbd749d-3a68-418b-a7ff-f2e7ba106d7e,askacademia_train,losing_paraphrase_gemini,4,"4

The comment scores"
cfbd749d-3a68-418b-a7ff-f2e7ba106d7e,askacademia_train,losing_paraphrase_gpt4omini,3,"3

The comment addresses"
cfbd749d-3a68-418b-a7ff-f2e7ba106d7e,askacademia_train,losing_paraphrase_gpt5nano,4,"4

The comment addresses"
cfbd749d-3a68-418b-a7ff-f2e7ba106d7e,askacademia_train,losing_paraphrase_llama,4,"4

The comment addresses"
cfbd749d-3a68-418b-a7ff-f2e7ba106d7e,askacademia_train,losing_paraphrase_mistral,3,"3

The comment addresses"
cfbd749d-3a68-418b-a7ff-f2e7ba106d7e,askacademia_train,losing_paraphrase_qwen,4,"4

The comment addresses"
e1ef2b69-4b95-4ada-ac0a-493d2427d7c7,askacademia_train,winning_text,2,"2

The comment has"
e1ef2b69-4b95-4ada-ac0a-493d2427d7c7,askacademia_train,losing_text,4,"4

This comment scores"
e1ef2b69-4b95-4ada-ac0a-493d2427d7c7,askacademia_train,losing_generate_claude,5,"5

This comment exc"
e1ef2b69-4b95-4ada-ac0a-493d2427d7c7,askacademia_train,losing_generate_gemini,5,"5

This comment scores"
e1ef2b69-4b95-4ada-ac0a-493d2427d7c7,askacademia_train,losing_generate_gpt4omini,2,"2

**Reasoning"
e1ef2b69-4b95-4ada-ac0a-493d2427d7c7,askacademia_train,losing_generate_gpt5nano,1,"1

The comment fails"
e1ef2b69-4b95-4ada-ac0a-493d2427d7c7,askacademia_train,losing_generate_llama,2,"2

**Reasoning"
e1ef2b69-4b95-4ada-ac0a-493d2427d7c7,askacademia_train,losing_generate_mistral,2,"2

**Reasoning"
e1ef2b69-4b95-4ada-ac0a-493d2427d7c7,askacademia_train,losing_generate_qwen,2,"2

The comment does"
e1ef2b69-4b95-4ada-ac0a-493d2427d7c7,askacademia_train,losing_improve_claude,3,"3

The comment provides"
e1ef2b69-4b95-4ada-ac0a-493d2427d7c7,askacademia_train,losing_improve_gemini,4,"4

This comment scores"
e1ef2b69-4b95-4ada-ac0a-493d2427d7c7,askacademia_train,losing_improve_gpt4omini,2,"2

The comment provides"
e1ef2b69-4b95-4ada-ac0a-493d2427d7c7,askacademia_train,losing_improve_gpt5nano,3,3
e1ef2b69-4b95-4ada-ac0a-493d2427d7c7,askacademia_train,losing_improve_llama,4,"4

The comment is"
e1ef2b69-4b95-4ada-ac0a-493d2427d7c7,askacademia_train,losing_improve_mistral,4,"4

This comment scores"
e1ef2b69-4b95-4ada-ac0a-493d2427d7c7,askacademia_train,losing_improve_qwen,4,"4

The comment is"
e1ef2b69-4b95-4ada-ac0a-493d2427d7c7,askacademia_train,losing_paraphrase_claude,4,"4

This comment scores"
e1ef2b69-4b95-4ada-ac0a-493d2427d7c7,askacademia_train,losing_paraphrase_gemini,4,"4

This comment scores"
e1ef2b69-4b95-4ada-ac0a-493d2427d7c7,askacademia_train,losing_paraphrase_gpt4omini,3,"3

The comment addresses"
e1ef2b69-4b95-4ada-ac0a-493d2427d7c7,askacademia_train,losing_paraphrase_gpt5nano,4,"4

The comment addresses"
e1ef2b69-4b95-4ada-ac0a-493d2427d7c7,askacademia_train,losing_paraphrase_llama,4,"4

This comment scores"
e1ef2b69-4b95-4ada-ac0a-493d2427d7c7,askacademia_train,losing_paraphrase_mistral,3,"3

The comment addresses"
e1ef2b69-4b95-4ada-ac0a-493d2427d7c7,askacademia_train,losing_paraphrase_qwen,4,"4

The comment addresses"
9928a2d6-ca8f-4016-84e1-8b52c6fc22ed,askacademia_train,winning_text,3,"3

The comment shares"
9928a2d6-ca8f-4016-84e1-8b52c6fc22ed,askacademia_train,losing_text,4,"4

The comment scores"
9928a2d6-ca8f-4016-84e1-8b52c6fc22ed,askacademia_train,losing_generate_claude,5,"5

This comment exc"
9928a2d6-ca8f-4016-84e1-8b52c6fc22ed,askacademia_train,losing_generate_gemini,5,"5

This comment scores"
9928a2d6-ca8f-4016-84e1-8b52c6fc22ed,askacademia_train,losing_generate_gpt4omini,2,"2

**Reasoning"
9928a2d6-ca8f-4016-84e1-8b52c6fc22ed,askacademia_train,losing_generate_gpt5nano,2,"2

**Reasoning"
9928a2d6-ca8f-4016-84e1-8b52c6fc22ed,askacademia_train,losing_generate_llama,2,"2

**Reasoning"
9928a2d6-ca8f-4016-84e1-8b52c6fc22ed,askacademia_train,losing_generate_mistral,4,"4

The comment scores"
9928a2d6-ca8f-4016-84e1-8b52c6fc22ed,askacademia_train,losing_generate_qwen,2,"2

The comment does"
9928a2d6-ca8f-4016-84e1-8b52c6fc22ed,askacademia_train,losing_improve_claude,3,"3

**Reasoning"
9928a2d6-ca8f-4016-84e1-8b52c6fc22ed,askacademia_train,losing_improve_gemini,5,"5

This comment scores"
9928a2d6-ca8f-4016-84e1-8b52c6fc22ed,askacademia_train,losing_improve_gpt4omini,2,"2

The comment discusses"
9928a2d6-ca8f-4016-84e1-8b52c6fc22ed,askacademia_train,losing_improve_gpt5nano,4,"4

This comment scores"
9928a2d6-ca8f-4016-84e1-8b52c6fc22ed,askacademia_train,losing_improve_llama,2,"2

The comment lacks"
9928a2d6-ca8f-4016-84e1-8b52c6fc22ed,askacademia_train,losing_improve_mistral,2,"2

The comment provides"
9928a2d6-ca8f-4016-84e1-8b52c6fc22ed,askacademia_train,losing_improve_qwen,4,"4

The comment scores"
9928a2d6-ca8f-4016-84e1-8b52c6fc22ed,askacademia_train,losing_paraphrase_claude,4,"4

The comment scores"
9928a2d6-ca8f-4016-84e1-8b52c6fc22ed,askacademia_train,losing_paraphrase_gemini,4,"4

This comment scores"
9928a2d6-ca8f-4016-84e1-8b52c6fc22ed,askacademia_train,losing_paraphrase_gpt4omini,4,"4

The comment scores"
9928a2d6-ca8f-4016-84e1-8b52c6fc22ed,askacademia_train,losing_paraphrase_gpt5nano,4,"4

The comment scores"
9928a2d6-ca8f-4016-84e1-8b52c6fc22ed,askacademia_train,losing_paraphrase_llama,3,"3

The comment addresses"
9928a2d6-ca8f-4016-84e1-8b52c6fc22ed,askacademia_train,losing_paraphrase_mistral,2,"2

The comment has"
9928a2d6-ca8f-4016-84e1-8b52c6fc22ed,askacademia_train,losing_paraphrase_qwen,2,"2

The comment discusses"
826f90c4-70e3-4654-8c4f-eb18ba76c704,askacademia_train,winning_text,4,"4

This comment scores"
826f90c4-70e3-4654-8c4f-eb18ba76c704,askacademia_train,losing_text,4,"4

The comment scores"
826f90c4-70e3-4654-8c4f-eb18ba76c704,askacademia_train,losing_generate_claude,5,"5

This comment exc"
826f90c4-70e3-4654-8c4f-eb18ba76c704,askacademia_train,losing_generate_gemini,5,"5

This comment scores"
826f90c4-70e3-4654-8c4f-eb18ba76c704,askacademia_train,losing_generate_gpt4omini,2,"2

This comment has"
826f90c4-70e3-4654-8c4f-eb18ba76c704,askacademia_train,losing_generate_gpt5nano,2,"2

The comment has"
826f90c4-70e3-4654-8c4f-eb18ba76c704,askacademia_train,losing_generate_llama,2,"2

**Reasoning"
826f90c4-70e3-4654-8c4f-eb18ba76c704,askacademia_train,losing_generate_mistral,2,"2

**Reasoning"
826f90c4-70e3-4654-8c4f-eb18ba76c704,askacademia_train,losing_generate_qwen,2,"2

This comment does"
826f90c4-70e3-4654-8c4f-eb18ba76c704,askacademia_train,losing_improve_claude,3,"3

This comment has"
826f90c4-70e3-4654-8c4f-eb18ba76c704,askacademia_train,losing_improve_gemini,5,"5

This comment scores"
826f90c4-70e3-4654-8c4f-eb18ba76c704,askacademia_train,losing_improve_gpt4omini,4,"4

This comment scores"
826f90c4-70e3-4654-8c4f-eb18ba76c704,askacademia_train,losing_improve_gpt5nano,4,"4

This comment scores"
826f90c4-70e3-4654-8c4f-eb18ba76c704,askacademia_train,losing_improve_llama,2,"2

The comment discusses"
826f90c4-70e3-4654-8c4f-eb18ba76c704,askacademia_train,losing_improve_mistral,2,"2

The comment provides"
826f90c4-70e3-4654-8c4f-eb18ba76c704,askacademia_train,losing_improve_qwen,4,"4

The comment scores"
826f90c4-70e3-4654-8c4f-eb18ba76c704,askacademia_train,losing_paraphrase_claude,4,"4

The comment scores"
826f90c4-70e3-4654-8c4f-eb18ba76c704,askacademia_train,losing_paraphrase_gemini,4,"4

This comment scores"
826f90c4-70e3-4654-8c4f-eb18ba76c704,askacademia_train,losing_paraphrase_gpt4omini,4,"4

The comment scores"
826f90c4-70e3-4654-8c4f-eb18ba76c704,askacademia_train,losing_paraphrase_gpt5nano,4,"4

The comment scores"
826f90c4-70e3-4654-8c4f-eb18ba76c704,askacademia_train,losing_paraphrase_llama,4,"4

The comment scores"
826f90c4-70e3-4654-8c4f-eb18ba76c704,askacademia_train,losing_paraphrase_mistral,2,"2

The comment has"
826f90c4-70e3-4654-8c4f-eb18ba76c704,askacademia_train,losing_paraphrase_qwen,2,"2

The comment addresses"
9c0c7402-5534-4fc9-b69a-057bbcaded2c,askacademia_train,winning_text,2,"2

The comment has"
9c0c7402-5534-4fc9-b69a-057bbcaded2c,askacademia_train,losing_text,4,"4

The comment scores"
9c0c7402-5534-4fc9-b69a-057bbcaded2c,askacademia_train,losing_generate_claude,5,"5

This comment exc"
9c0c7402-5534-4fc9-b69a-057bbcaded2c,askacademia_train,losing_generate_gemini,5,"5

This comment scores"
9c0c7402-5534-4fc9-b69a-057bbcaded2c,askacademia_train,losing_generate_gpt4omini,2,"2

**Reasoning"
9c0c7402-5534-4fc9-b69a-057bbcaded2c,askacademia_train,losing_generate_gpt5nano,2,"2

The comment fails"
9c0c7402-5534-4fc9-b69a-057bbcaded2c,askacademia_train,losing_generate_llama,2,"2

**Reasoning"
9c0c7402-5534-4fc9-b69a-057bbcaded2c,askacademia_train,losing_generate_mistral,4,"4

The comment scores"
9c0c7402-5534-4fc9-b69a-057bbcaded2c,askacademia_train,losing_generate_qwen,2,"2

The comment does"
9c0c7402-5534-4fc9-b69a-057bbcaded2c,askacademia_train,losing_improve_claude,3,"3

**Reasoning"
9c0c7402-5534-4fc9-b69a-057bbcaded2c,askacademia_train,losing_improve_gemini,4,"4

This comment scores"
9c0c7402-5534-4fc9-b69a-057bbcaded2c,askacademia_train,losing_improve_gpt4omini,4,"4

The comment is"
9c0c7402-5534-4fc9-b69a-057bbcaded2c,askacademia_train,losing_improve_gpt5nano,4,"4

This comment scores"
9c0c7402-5534-4fc9-b69a-057bbcaded2c,askacademia_train,losing_improve_llama,2,"2

The comment lacks"
9c0c7402-5534-4fc9-b69a-057bbcaded2c,askacademia_train,losing_improve_mistral,2,"2

The comment provides"
9c0c7402-5534-4fc9-b69a-057bbcaded2c,askacademia_train,losing_improve_qwen,4,"4

The comment scores"
9c0c7402-5534-4fc9-b69a-057bbcaded2c,askacademia_train,losing_paraphrase_claude,4,"4

The comment scores"
9c0c7402-5534-4fc9-b69a-057bbcaded2c,askacademia_train,losing_paraphrase_gemini,4,"4

This comment scores"
9c0c7402-5534-4fc9-b69a-057bbcaded2c,askacademia_train,losing_paraphrase_gpt4omini,4,"4

The comment scores"
9c0c7402-5534-4fc9-b69a-057bbcaded2c,askacademia_train,losing_paraphrase_gpt5nano,4,"4

The comment scores"
9c0c7402-5534-4fc9-b69a-057bbcaded2c,askacademia_train,losing_paraphrase_llama,4,"4

The comment scores"
9c0c7402-5534-4fc9-b69a-057bbcaded2c,askacademia_train,losing_paraphrase_mistral,2,"2

The comment has"
9c0c7402-5534-4fc9-b69a-057bbcaded2c,askacademia_train,losing_paraphrase_qwen,2,"2

The comment discusses"
739d5d21-b433-4546-bbbb-85e4ee659a41,askacademia_train,winning_text,2,"2

The comment is"
739d5d21-b433-4546-bbbb-85e4ee659a41,askacademia_train,losing_text,2,"2

The comment is"
739d5d21-b433-4546-bbbb-85e4ee659a41,askacademia_train,losing_generate_claude,5,"5

This comment exc"
739d5d21-b433-4546-bbbb-85e4ee659a41,askacademia_train,losing_generate_gemini,5,"5

This comment scores"
739d5d21-b433-4546-bbbb-85e4ee659a41,askacademia_train,losing_generate_gpt4omini,2,"2

**Reasoning"
739d5d21-b433-4546-bbbb-85e4ee659a41,askacademia_train,losing_generate_gpt5nano,5,"5

This comment scores"
739d5d21-b433-4546-bbbb-85e4ee659a41,askacademia_train,losing_generate_llama,2,"2

The comment mis"
739d5d21-b433-4546-bbbb-85e4ee659a41,askacademia_train,losing_generate_mistral,2,"2

The comment provides"
739d5d21-b433-4546-bbbb-85e4ee659a41,askacademia_train,losing_generate_qwen,2,"2

This comment does"
739d5d21-b433-4546-bbbb-85e4ee659a41,askacademia_train,losing_improve_claude,4,"4

This comment scores"
739d5d21-b433-4546-bbbb-85e4ee659a41,askacademia_train,losing_improve_gemini,2,"2

The comment has"
739d5d21-b433-4546-bbbb-85e4ee659a41,askacademia_train,losing_improve_gpt4omini,3,"3

The comment provides"
739d5d21-b433-4546-bbbb-85e4ee659a41,askacademia_train,losing_improve_gpt5nano,5,"5

This comment scores"
739d5d21-b433-4546-bbbb-85e4ee659a41,askacademia_train,losing_improve_llama,2,"2

This comment has"
739d5d21-b433-4546-bbbb-85e4ee659a41,askacademia_train,losing_improve_mistral,2,"2

The comment has"
739d5d21-b433-4546-bbbb-85e4ee659a41,askacademia_train,losing_improve_qwen,2,"2

The comment has"
739d5d21-b433-4546-bbbb-85e4ee659a41,askacademia_train,losing_paraphrase_claude,2,"2

This comment has"
739d5d21-b433-4546-bbbb-85e4ee659a41,askacademia_train,losing_paraphrase_gemini,2,"2

The comment asks"
739d5d21-b433-4546-bbbb-85e4ee659a41,askacademia_train,losing_paraphrase_gpt4omini,2,"2

The comment is"
739d5d21-b433-4546-bbbb-85e4ee659a41,askacademia_train,losing_paraphrase_gpt5nano,2,"2

The comment lacks"
739d5d21-b433-4546-bbbb-85e4ee659a41,askacademia_train,losing_paraphrase_llama,2,"2

The comment has"
739d5d21-b433-4546-bbbb-85e4ee659a41,askacademia_train,losing_paraphrase_mistral,2,"2

The comment suggests"
739d5d21-b433-4546-bbbb-85e4ee659a41,askacademia_train,losing_paraphrase_qwen,2,"2

The comment has"
98680199-d60a-4792-93f8-1fcbb8eb59f7,askacademia_train,winning_text,2,"2

The comment is"
98680199-d60a-4792-93f8-1fcbb8eb59f7,askacademia_train,losing_text,2,"2

This comment scores"
98680199-d60a-4792-93f8-1fcbb8eb59f7,askacademia_train,losing_generate_claude,5,"5

This comment exc"
98680199-d60a-4792-93f8-1fcbb8eb59f7,askacademia_train,losing_generate_gemini,5,"5

This comment scores"
98680199-d60a-4792-93f8-1fcbb8eb59f7,askacademia_train,losing_generate_gpt4omini,2,"2

**Reasoning"
98680199-d60a-4792-93f8-1fcbb8eb59f7,askacademia_train,losing_generate_gpt5nano,3,"3

The comment has"
98680199-d60a-4792-93f8-1fcbb8eb59f7,askacademia_train,losing_generate_llama,2,"2

**Reasoning"
98680199-d60a-4792-93f8-1fcbb8eb59f7,askacademia_train,losing_generate_mistral,2,"2

**Reasoning"
98680199-d60a-4792-93f8-1fcbb8eb59f7,askacademia_train,losing_generate_qwen,2,"2

This comment does"
98680199-d60a-4792-93f8-1fcbb8eb59f7,askacademia_train,losing_improve_claude,2,"2

This comment appears"
98680199-d60a-4792-93f8-1fcbb8eb59f7,askacademia_train,losing_improve_gemini,3,"3

This comment is"
98680199-d60a-4792-93f8-1fcbb8eb59f7,askacademia_train,losing_improve_gpt4omini,4,"4

The comment scores"
98680199-d60a-4792-93f8-1fcbb8eb59f7,askacademia_train,losing_improve_gpt5nano,4,"4

This comment scores"
98680199-d60a-4792-93f8-1fcbb8eb59f7,askacademia_train,losing_improve_llama,2,"2

The comment has"
98680199-d60a-4792-93f8-1fcbb8eb59f7,askacademia_train,losing_improve_mistral,2,"2

The comment addresses"
98680199-d60a-4792-93f8-1fcbb8eb59f7,askacademia_train,losing_improve_qwen,4,"4

The comment scores"
98680199-d60a-4792-93f8-1fcbb8eb59f7,askacademia_train,losing_paraphrase_claude,2,"2

This comment scores"
98680199-d60a-4792-93f8-1fcbb8eb59f7,askacademia_train,losing_paraphrase_gemini,2,"2

The comment asks"
98680199-d60a-4792-93f8-1fcbb8eb59f7,askacademia_train,losing_paraphrase_gpt4omini,2,"2

This comment scores"
98680199-d60a-4792-93f8-1fcbb8eb59f7,askacademia_train,losing_paraphrase_gpt5nano,2,"2

This comment scores"
98680199-d60a-4792-93f8-1fcbb8eb59f7,askacademia_train,losing_paraphrase_llama,2,"2

This comment scores"
98680199-d60a-4792-93f8-1fcbb8eb59f7,askacademia_train,losing_paraphrase_mistral,2,"2

The comment fails"
98680199-d60a-4792-93f8-1fcbb8eb59f7,askacademia_train,losing_paraphrase_qwen,2,"2

The comment addresses"
476a13a9-c38f-4865-9979-756b62c565e3,askacademia_train,winning_text,2,"2

This comment scores"
476a13a9-c38f-4865-9979-756b62c565e3,askacademia_train,losing_text,2,"2

This comment scores"
476a13a9-c38f-4865-9979-756b62c565e3,askacademia_train,losing_generate_claude,5,"5

This comment exc"
476a13a9-c38f-4865-9979-756b62c565e3,askacademia_train,losing_generate_gemini,5,"5

This comment scores"
476a13a9-c38f-4865-9979-756b62c565e3,askacademia_train,losing_generate_gpt4omini,2,"2

**Reasoning"
476a13a9-c38f-4865-9979-756b62c565e3,askacademia_train,losing_generate_gpt5nano,2,"2

**Reasoning"
476a13a9-c38f-4865-9979-756b62c565e3,askacademia_train,losing_generate_llama,2,"2

**Reasoning"
476a13a9-c38f-4865-9979-756b62c565e3,askacademia_train,losing_generate_mistral,2,"2

**Reasoning"
476a13a9-c38f-4865-9979-756b62c565e3,askacademia_train,losing_generate_qwen,2,"2

This comment does"
476a13a9-c38f-4865-9979-756b62c565e3,askacademia_train,losing_improve_claude,2,"2

This comment scores"
476a13a9-c38f-4865-9979-756b62c565e3,askacademia_train,losing_improve_gemini,3,"3

This comment is"
476a13a9-c38f-4865-9979-756b62c565e3,askacademia_train,losing_improve_gpt4omini,4,"4

The comment scores"
476a13a9-c38f-4865-9979-756b62c565e3,askacademia_train,losing_improve_gpt5nano,2,"2

This comment has"
476a13a9-c38f-4865-9979-756b62c565e3,askacademia_train,losing_improve_llama,2,"2

The comment has"
476a13a9-c38f-4865-9979-756b62c565e3,askacademia_train,losing_improve_mistral,3,"3

The comment addresses"
476a13a9-c38f-4865-9979-756b62c565e3,askacademia_train,losing_improve_qwen,4,"4

The comment scores"
476a13a9-c38f-4865-9979-756b62c565e3,askacademia_train,losing_paraphrase_claude,2,"2

This comment scores"
476a13a9-c38f-4865-9979-756b62c565e3,askacademia_train,losing_paraphrase_gemini,1,"1

This comment fails"
476a13a9-c38f-4865-9979-756b62c565e3,askacademia_train,losing_paraphrase_gpt4omini,2,"2

This comment appears"
476a13a9-c38f-4865-9979-756b62c565e3,askacademia_train,losing_paraphrase_gpt5nano,2,"2

This comment scores"
476a13a9-c38f-4865-9979-756b62c565e3,askacademia_train,losing_paraphrase_llama,2,"2

This comment appears"
476a13a9-c38f-4865-9979-756b62c565e3,askacademia_train,losing_paraphrase_mistral,2,"2

The comment fails"
476a13a9-c38f-4865-9979-756b62c565e3,askacademia_train,losing_paraphrase_qwen,2,"2

The comment has"
7f0a423c-dba8-4c45-8dd9-bde39a0630e4,askacademia_train,winning_text,2,"2

This comment scores"
7f0a423c-dba8-4c45-8dd9-bde39a0630e4,askacademia_train,losing_text,2,"2

This comment scores"
7f0a423c-dba8-4c45-8dd9-bde39a0630e4,askacademia_train,losing_generate_claude,5,"5

This comment exc"
7f0a423c-dba8-4c45-8dd9-bde39a0630e4,askacademia_train,losing_generate_gemini,5,"5

This comment scores"
7f0a423c-dba8-4c45-8dd9-bde39a0630e4,askacademia_train,losing_generate_gpt4omini,2,"2

**Reasoning"
7f0a423c-dba8-4c45-8dd9-bde39a0630e4,askacademia_train,losing_generate_gpt5nano,5,"5

This comment exc"
7f0a423c-dba8-4c45-8dd9-bde39a0630e4,askacademia_train,losing_generate_llama,2,"2

**Reasoning"
7f0a423c-dba8-4c45-8dd9-bde39a0630e4,askacademia_train,losing_generate_mistral,2,"2

**Reasoning"
7f0a423c-dba8-4c45-8dd9-bde39a0630e4,askacademia_train,losing_generate_qwen,2,"2

This comment does"
7f0a423c-dba8-4c45-8dd9-bde39a0630e4,askacademia_train,losing_improve_claude,2,"2

This comment scores"
7f0a423c-dba8-4c45-8dd9-bde39a0630e4,askacademia_train,losing_improve_gemini,3,"3

This comment scores"
7f0a423c-dba8-4c45-8dd9-bde39a0630e4,askacademia_train,losing_improve_gpt4omini,4,"4

The comment scores"
7f0a423c-dba8-4c45-8dd9-bde39a0630e4,askacademia_train,losing_improve_gpt5nano,4,"4

This comment scores"
7f0a423c-dba8-4c45-8dd9-bde39a0630e4,askacademia_train,losing_improve_llama,2,"2

The comment has"
7f0a423c-dba8-4c45-8dd9-bde39a0630e4,askacademia_train,losing_improve_mistral,2,"2

The comment addresses"
7f0a423c-dba8-4c45-8dd9-bde39a0630e4,askacademia_train,losing_improve_qwen,4,"4

The comment scores"
7f0a423c-dba8-4c45-8dd9-bde39a0630e4,askacademia_train,losing_paraphrase_claude,2,"2

This comment is"
7f0a423c-dba8-4c45-8dd9-bde39a0630e4,askacademia_train,losing_paraphrase_gemini,2,"2

This comment appears"
7f0a423c-dba8-4c45-8dd9-bde39a0630e4,askacademia_train,losing_paraphrase_gpt4omini,2,"2

This comment scores"
7f0a423c-dba8-4c45-8dd9-bde39a0630e4,askacademia_train,losing_paraphrase_gpt5nano,2,"2

This comment appears"
7f0a423c-dba8-4c45-8dd9-bde39a0630e4,askacademia_train,losing_paraphrase_llama,2,"2

This comment appears"
7f0a423c-dba8-4c45-8dd9-bde39a0630e4,askacademia_train,losing_paraphrase_mistral,2,"2

This comment appears"
7f0a423c-dba8-4c45-8dd9-bde39a0630e4,askacademia_train,losing_paraphrase_qwen,2,"2

The comment has"
b804bdaf-c5a5-4faa-b7bd-74f14b4e30d4,askacademia_train,winning_text,2,"2

This comment scores"
b804bdaf-c5a5-4faa-b7bd-74f14b4e30d4,askacademia_train,losing_text,2,"2

This comment scores"
b804bdaf-c5a5-4faa-b7bd-74f14b4e30d4,askacademia_train,losing_generate_claude,5,"5

This comment exc"
b804bdaf-c5a5-4faa-b7bd-74f14b4e30d4,askacademia_train,losing_generate_gemini,5,"5

This comment scores"
b804bdaf-c5a5-4faa-b7bd-74f14b4e30d4,askacademia_train,losing_generate_gpt4omini,2,"2

**Reasoning"
b804bdaf-c5a5-4faa-b7bd-74f14b4e30d4,askacademia_train,losing_generate_gpt5nano,2,"2

**Reasoning"
b804bdaf-c5a5-4faa-b7bd-74f14b4e30d4,askacademia_train,losing_generate_llama,2,"2

**Reasoning"
b804bdaf-c5a5-4faa-b7bd-74f14b4e30d4,askacademia_train,losing_generate_mistral,2,"2

The comment has"
b804bdaf-c5a5-4faa-b7bd-74f14b4e30d4,askacademia_train,losing_generate_qwen,2,"2

The comment does"
b804bdaf-c5a5-4faa-b7bd-74f14b4e30d4,askacademia_train,losing_improve_claude,5,"5

This comment exc"
b804bdaf-c5a5-4faa-b7bd-74f14b4e30d4,askacademia_train,losing_improve_gemini,4,"4

This comment scores"
b804bdaf-c5a5-4faa-b7bd-74f14b4e30d4,askacademia_train,losing_improve_gpt4omini,4,"4

This comment scores"
b804bdaf-c5a5-4faa-b7bd-74f14b4e30d4,askacademia_train,losing_improve_gpt5nano,4,"4

This comment scores"
b804bdaf-c5a5-4faa-b7bd-74f14b4e30d4,askacademia_train,losing_improve_llama,2,"2

The comment lacks"
b804bdaf-c5a5-4faa-b7bd-74f14b4e30d4,askacademia_train,losing_improve_mistral,2,"2

This comment appears"
b804bdaf-c5a5-4faa-b7bd-74f14b4e30d4,askacademia_train,losing_improve_qwen,4,"4

This comment scores"
b804bdaf-c5a5-4faa-b7bd-74f14b4e30d4,askacademia_train,losing_paraphrase_claude,2,"2

This comment has"
b804bdaf-c5a5-4faa-b7bd-74f14b4e30d4,askacademia_train,losing_paraphrase_gemini,2,"2

This comment appears"
b804bdaf-c5a5-4faa-b7bd-74f14b4e30d4,askacademia_train,losing_paraphrase_gpt4omini,2,"2

This comment is"
b804bdaf-c5a5-4faa-b7bd-74f14b4e30d4,askacademia_train,losing_paraphrase_gpt5nano,3,"3

This comment is"
b804bdaf-c5a5-4faa-b7bd-74f14b4e30d4,askacademia_train,losing_paraphrase_llama,2,"2

The comment has"
b804bdaf-c5a5-4faa-b7bd-74f14b4e30d4,askacademia_train,losing_paraphrase_mistral,3,"3

This comment is"
b804bdaf-c5a5-4faa-b7bd-74f14b4e30d4,askacademia_train,losing_paraphrase_qwen,3,3
36a3c91b-d2de-452c-a3c6-5ac71f8efc8a,askacademia_train,winning_text,3,"3

The comment addresses"
36a3c91b-d2de-452c-a3c6-5ac71f8efc8a,askacademia_train,losing_text,3,"3

This comment is"
36a3c91b-d2de-452c-a3c6-5ac71f8efc8a,askacademia_train,losing_generate_claude,5,"5

This comment exc"
36a3c91b-d2de-452c-a3c6-5ac71f8efc8a,askacademia_train,losing_generate_gemini,5,"5

This comment scores"
36a3c91b-d2de-452c-a3c6-5ac71f8efc8a,askacademia_train,losing_generate_gpt4omini,2,"2

**Reasoning"
36a3c91b-d2de-452c-a3c6-5ac71f8efc8a,askacademia_train,losing_generate_gpt5nano,4,"4

This comment scores"
36a3c91b-d2de-452c-a3c6-5ac71f8efc8a,askacademia_train,losing_generate_llama,2,"2

The comment fails"
36a3c91b-d2de-452c-a3c6-5ac71f8efc8a,askacademia_train,losing_generate_mistral,2,"2

The comment has"
36a3c91b-d2de-452c-a3c6-5ac71f8efc8a,askacademia_train,losing_generate_qwen,2,"2

This comment does"
36a3c91b-d2de-452c-a3c6-5ac71f8efc8a,askacademia_train,losing_improve_claude,5,"5

This comment exc"
36a3c91b-d2de-452c-a3c6-5ac71f8efc8a,askacademia_train,losing_improve_gemini,4,"4

This comment scores"
36a3c91b-d2de-452c-a3c6-5ac71f8efc8a,askacademia_train,losing_improve_gpt4omini,4,"4

This comment scores"
36a3c91b-d2de-452c-a3c6-5ac71f8efc8a,askacademia_train,losing_improve_gpt5nano,2,"2

This comment is"
36a3c91b-d2de-452c-a3c6-5ac71f8efc8a,askacademia_train,losing_improve_llama,2,"2

The comment lacks"
36a3c91b-d2de-452c-a3c6-5ac71f8efc8a,askacademia_train,losing_improve_mistral,2,"2

This comment appears"
36a3c91b-d2de-452c-a3c6-5ac71f8efc8a,askacademia_train,losing_improve_qwen,4,"4

This comment scores"
36a3c91b-d2de-452c-a3c6-5ac71f8efc8a,askacademia_train,losing_paraphrase_claude,2,"2

This comment has"
36a3c91b-d2de-452c-a3c6-5ac71f8efc8a,askacademia_train,losing_paraphrase_gemini,2,"2

This comment appears"
36a3c91b-d2de-452c-a3c6-5ac71f8efc8a,askacademia_train,losing_paraphrase_gpt4omini,3,"3

This comment is"
36a3c91b-d2de-452c-a3c6-5ac71f8efc8a,askacademia_train,losing_paraphrase_gpt5nano,2,"2

This comment has"
36a3c91b-d2de-452c-a3c6-5ac71f8efc8a,askacademia_train,losing_paraphrase_llama,2,"2

The comment has"
36a3c91b-d2de-452c-a3c6-5ac71f8efc8a,askacademia_train,losing_paraphrase_mistral,3,"3

This comment is"
36a3c91b-d2de-452c-a3c6-5ac71f8efc8a,askacademia_train,losing_paraphrase_qwen,4,"4

This comment scores"
1d823be5-ceae-4c60-b7fc-2bb418fbeca2,askacademia_train,winning_text,2,"2

This comment scores"
1d823be5-ceae-4c60-b7fc-2bb418fbeca2,askacademia_train,losing_text,2,"2

This comment is"
1d823be5-ceae-4c60-b7fc-2bb418fbeca2,askacademia_train,losing_generate_claude,5,"5

This comment exc"
1d823be5-ceae-4c60-b7fc-2bb418fbeca2,askacademia_train,losing_generate_gemini,5,"5

This comment scores"
1d823be5-ceae-4c60-b7fc-2bb418fbeca2,askacademia_train,losing_generate_gpt4omini,2,"2

**Reasoning"
1d823be5-ceae-4c60-b7fc-2bb418fbeca2,askacademia_train,losing_generate_gpt5nano,2,"2

The comment mis"
1d823be5-ceae-4c60-b7fc-2bb418fbeca2,askacademia_train,losing_generate_llama,2,"2

**Reasoning"
1d823be5-ceae-4c60-b7fc-2bb418fbeca2,askacademia_train,losing_generate_mistral,2,"2

**Reasoning"
1d823be5-ceae-4c60-b7fc-2bb418fbeca2,askacademia_train,losing_generate_qwen,2,"2

This comment does"
1d823be5-ceae-4c60-b7fc-2bb418fbeca2,askacademia_train,losing_improve_claude,5,"5

This comment exc"
1d823be5-ceae-4c60-b7fc-2bb418fbeca2,askacademia_train,losing_improve_gemini,4,"4

This comment scores"
1d823be5-ceae-4c60-b7fc-2bb418fbeca2,askacademia_train,losing_improve_gpt4omini,4,"4

This comment scores"
1d823be5-ceae-4c60-b7fc-2bb418fbeca2,askacademia_train,losing_improve_gpt5nano,5,"5

This comment exc"
1d823be5-ceae-4c60-b7fc-2bb418fbeca2,askacademia_train,losing_improve_llama,2,"2

The comment lacks"
1d823be5-ceae-4c60-b7fc-2bb418fbeca2,askacademia_train,losing_improve_mistral,2,"2

This comment appears"
1d823be5-ceae-4c60-b7fc-2bb418fbeca2,askacademia_train,losing_improve_qwen,4,"4

This comment scores"
1d823be5-ceae-4c60-b7fc-2bb418fbeca2,askacademia_train,losing_paraphrase_claude,2,"2

This comment has"
1d823be5-ceae-4c60-b7fc-2bb418fbeca2,askacademia_train,losing_paraphrase_gemini,2,"2

This comment appears"
1d823be5-ceae-4c60-b7fc-2bb418fbeca2,askacademia_train,losing_paraphrase_gpt4omini,3,"3

This comment is"
1d823be5-ceae-4c60-b7fc-2bb418fbeca2,askacademia_train,losing_paraphrase_gpt5nano,2,"2

This comment is"
1d823be5-ceae-4c60-b7fc-2bb418fbeca2,askacademia_train,losing_paraphrase_llama,2,"2

The comment has"
1d823be5-ceae-4c60-b7fc-2bb418fbeca2,askacademia_train,losing_paraphrase_mistral,3,"3

This comment is"
1d823be5-ceae-4c60-b7fc-2bb418fbeca2,askacademia_train,losing_paraphrase_qwen,4,"4

This comment scores"
f849d124-f5a6-4839-90ae-1d4961eecfdf,askacademia_train,winning_text,2,"2

This comment scores"
f849d124-f5a6-4839-90ae-1d4961eecfdf,askacademia_train,losing_text,2,"2

This comment scores"
f849d124-f5a6-4839-90ae-1d4961eecfdf,askacademia_train,losing_generate_claude,5,"5

This comment exc"
f849d124-f5a6-4839-90ae-1d4961eecfdf,askacademia_train,losing_generate_gemini,5,"5

This comment scores"
f849d124-f5a6-4839-90ae-1d4961eecfdf,askacademia_train,losing_generate_gpt4omini,2,"2

**Reasoning"
f849d124-f5a6-4839-90ae-1d4961eecfdf,askacademia_train,losing_generate_gpt5nano,4,"4

This comment scores"
f849d124-f5a6-4839-90ae-1d4961eecfdf,askacademia_train,losing_generate_llama,2,"2

**Reasoning"
f849d124-f5a6-4839-90ae-1d4961eecfdf,askacademia_train,losing_generate_mistral,4,"4

This comment scores"
f849d124-f5a6-4839-90ae-1d4961eecfdf,askacademia_train,losing_generate_qwen,2,"2

The comment does"
f849d124-f5a6-4839-90ae-1d4961eecfdf,askacademia_train,losing_improve_claude,5,"5

This comment exc"
f849d124-f5a6-4839-90ae-1d4961eecfdf,askacademia_train,losing_improve_gemini,4,"4

This comment scores"
f849d124-f5a6-4839-90ae-1d4961eecfdf,askacademia_train,losing_improve_gpt4omini,2,"2

The comment addresses"
f849d124-f5a6-4839-90ae-1d4961eecfdf,askacademia_train,losing_improve_gpt5nano,4,"4

This comment scores"
f849d124-f5a6-4839-90ae-1d4961eecfdf,askacademia_train,losing_improve_llama,2,"2

The comment lacks"
f849d124-f5a6-4839-90ae-1d4961eecfdf,askacademia_train,losing_improve_mistral,2,"2

This comment appears"
f849d124-f5a6-4839-90ae-1d4961eecfdf,askacademia_train,losing_improve_qwen,4,"4

This comment scores"
f849d124-f5a6-4839-90ae-1d4961eecfdf,askacademia_train,losing_paraphrase_claude,2,"2

This comment has"
f849d124-f5a6-4839-90ae-1d4961eecfdf,askacademia_train,losing_paraphrase_gemini,2,"2

This comment appears"
f849d124-f5a6-4839-90ae-1d4961eecfdf,askacademia_train,losing_paraphrase_gpt4omini,2,"2

This comment is"
f849d124-f5a6-4839-90ae-1d4961eecfdf,askacademia_train,losing_paraphrase_gpt5nano,2,"2

This comment scores"
f849d124-f5a6-4839-90ae-1d4961eecfdf,askacademia_train,losing_paraphrase_llama,2,"2

The comment has"
f849d124-f5a6-4839-90ae-1d4961eecfdf,askacademia_train,losing_paraphrase_mistral,3,"3

This comment is"
f849d124-f5a6-4839-90ae-1d4961eecfdf,askacademia_train,losing_paraphrase_qwen,4,"4

This comment scores"
d94561e2-1314-4f9f-b36c-d6eaa82eccf7,askacademia_train,winning_text,2,"2

This comment scores"
d94561e2-1314-4f9f-b36c-d6eaa82eccf7,askacademia_train,losing_text,2,"2

This comment scores"
d94561e2-1314-4f9f-b36c-d6eaa82eccf7,askacademia_train,losing_generate_claude,5,"5

This comment exc"
d94561e2-1314-4f9f-b36c-d6eaa82eccf7,askacademia_train,losing_generate_gemini,5,"5

This comment scores"
d94561e2-1314-4f9f-b36c-d6eaa82eccf7,askacademia_train,losing_generate_gpt4omini,4,"4

This comment scores"
d94561e2-1314-4f9f-b36c-d6eaa82eccf7,askacademia_train,losing_generate_gpt5nano,1,"1

This comment fails"
d94561e2-1314-4f9f-b36c-d6eaa82eccf7,askacademia_train,losing_generate_llama,2,"2

**Reasoning"
d94561e2-1314-4f9f-b36c-d6eaa82eccf7,askacademia_train,losing_generate_mistral,2,"2

The comment has"
d94561e2-1314-4f9f-b36c-d6eaa82eccf7,askacademia_train,losing_generate_qwen,2,"2

This comment does"
d94561e2-1314-4f9f-b36c-d6eaa82eccf7,askacademia_train,losing_improve_claude,3,"3

The comment is"
d94561e2-1314-4f9f-b36c-d6eaa82eccf7,askacademia_train,losing_improve_gemini,4,"4

This comment scores"
d94561e2-1314-4f9f-b36c-d6eaa82eccf7,askacademia_train,losing_improve_gpt4omini,2,"2

The comment has"
d94561e2-1314-4f9f-b36c-d6eaa82eccf7,askacademia_train,losing_improve_gpt5nano,4,"4

This comment scores"
d94561e2-1314-4f9f-b36c-d6eaa82eccf7,askacademia_train,losing_improve_llama,2,"2

This comment:"
d94561e2-1314-4f9f-b36c-d6eaa82eccf7,askacademia_train,losing_improve_mistral,3,"3

The comment is"
d94561e2-1314-4f9f-b36c-d6eaa82eccf7,askacademia_train,losing_improve_qwen,3,3
d94561e2-1314-4f9f-b36c-d6eaa82eccf7,askacademia_train,losing_paraphrase_claude,2,"2

The comment is"
d94561e2-1314-4f9f-b36c-d6eaa82eccf7,askacademia_train,losing_paraphrase_gemini,2,"2

The comment fails"
d94561e2-1314-4f9f-b36c-d6eaa82eccf7,askacademia_train,losing_paraphrase_gpt4omini,2,"2

This comment scores"
d94561e2-1314-4f9f-b36c-d6eaa82eccf7,askacademia_train,losing_paraphrase_gpt5nano,2,"2

This comment scores"
d94561e2-1314-4f9f-b36c-d6eaa82eccf7,askacademia_train,losing_paraphrase_llama,3,"3

This comment receives"
d94561e2-1314-4f9f-b36c-d6eaa82eccf7,askacademia_train,losing_paraphrase_mistral,2,"2

This comment scores"
d94561e2-1314-4f9f-b36c-d6eaa82eccf7,askacademia_train,losing_paraphrase_qwen,2,"2

This comment scores"
e6a6cd28-b838-4f67-8a66-59d14ee066da,askacademia_train,winning_text,2,"2

This comment scores"
e6a6cd28-b838-4f67-8a66-59d14ee066da,askacademia_train,losing_text,2,"2

This comment scores"
e6a6cd28-b838-4f67-8a66-59d14ee066da,askacademia_train,losing_generate_claude,5,"5

This comment exc"
e6a6cd28-b838-4f67-8a66-59d14ee066da,askacademia_train,losing_generate_gemini,5,"5

This comment scores"
e6a6cd28-b838-4f67-8a66-59d14ee066da,askacademia_train,losing_generate_gpt4omini,2,"2

**Reasoning"
e6a6cd28-b838-4f67-8a66-59d14ee066da,askacademia_train,losing_generate_gpt5nano,2,"2

The comment mis"
e6a6cd28-b838-4f67-8a66-59d14ee066da,askacademia_train,losing_generate_llama,2,"2

**Reasoning"
e6a6cd28-b838-4f67-8a66-59d14ee066da,askacademia_train,losing_generate_mistral,2,"2

**Reasoning"
e6a6cd28-b838-4f67-8a66-59d14ee066da,askacademia_train,losing_generate_qwen,2,"2

The comment does"
e6a6cd28-b838-4f67-8a66-59d14ee066da,askacademia_train,losing_improve_claude,3,"3

This comment demonstrates"
e6a6cd28-b838-4f67-8a66-59d14ee066da,askacademia_train,losing_improve_gemini,4,"4

This comment scores"
e6a6cd28-b838-4f67-8a66-59d14ee066da,askacademia_train,losing_improve_gpt4omini,2,"2

This comment has"
e6a6cd28-b838-4f67-8a66-59d14ee066da,askacademia_train,losing_improve_gpt5nano,2,"2

The comment has"
e6a6cd28-b838-4f67-8a66-59d14ee066da,askacademia_train,losing_improve_llama,2,"2

This comment fails"
e6a6cd28-b838-4f67-8a66-59d14ee066da,askacademia_train,losing_improve_mistral,2,"2

The comment references"
e6a6cd28-b838-4f67-8a66-59d14ee066da,askacademia_train,losing_improve_qwen,3,"3

This comment receives"
e6a6cd28-b838-4f67-8a66-59d14ee066da,askacademia_train,losing_paraphrase_claude,3,"3

The comment scores"
e6a6cd28-b838-4f67-8a66-59d14ee066da,askacademia_train,losing_paraphrase_gemini,2,"2

The comment fails"
e6a6cd28-b838-4f67-8a66-59d14ee066da,askacademia_train,losing_paraphrase_gpt4omini,3,"3

This comment scores"
e6a6cd28-b838-4f67-8a66-59d14ee066da,askacademia_train,losing_paraphrase_gpt5nano,2,"2

This comment scores"
e6a6cd28-b838-4f67-8a66-59d14ee066da,askacademia_train,losing_paraphrase_llama,2,"2

This comment scores"
e6a6cd28-b838-4f67-8a66-59d14ee066da,askacademia_train,losing_paraphrase_mistral,3,"3

The comment scores"
e6a6cd28-b838-4f67-8a66-59d14ee066da,askacademia_train,losing_paraphrase_qwen,2,"2

This comment scores"
1872d984-5432-4f1e-b5ba-b024d08a1bc2,askacademia_train,winning_text,3,"3

The comment is"
1872d984-5432-4f1e-b5ba-b024d08a1bc2,askacademia_train,losing_text,2,"2

This comment scores"
1872d984-5432-4f1e-b5ba-b024d08a1bc2,askacademia_train,losing_generate_claude,5,"5

This comment exc"
1872d984-5432-4f1e-b5ba-b024d08a1bc2,askacademia_train,losing_generate_gemini,5,"5

This comment scores"
1872d984-5432-4f1e-b5ba-b024d08a1bc2,askacademia_train,losing_generate_gpt4omini,2,"2

**Reasoning"
1872d984-5432-4f1e-b5ba-b024d08a1bc2,askacademia_train,losing_generate_gpt5nano,5,"5

This comment scores"
1872d984-5432-4f1e-b5ba-b024d08a1bc2,askacademia_train,losing_generate_llama,2,"2

The comment makes"
1872d984-5432-4f1e-b5ba-b024d08a1bc2,askacademia_train,losing_generate_mistral,2,"2

The comment provides"
1872d984-5432-4f1e-b5ba-b024d08a1bc2,askacademia_train,losing_generate_qwen,2,"2

This comment does"
1872d984-5432-4f1e-b5ba-b024d08a1bc2,askacademia_train,losing_improve_claude,4,"4

This comment demonstrates"
1872d984-5432-4f1e-b5ba-b024d08a1bc2,askacademia_train,losing_improve_gemini,2,"2

This comment has"
1872d984-5432-4f1e-b5ba-b024d08a1bc2,askacademia_train,losing_improve_gpt4omini,2,"2

This comment scores"
1872d984-5432-4f1e-b5ba-b024d08a1bc2,askacademia_train,losing_improve_gpt5nano,4,"4

The comment scores"
1872d984-5432-4f1e-b5ba-b024d08a1bc2,askacademia_train,losing_improve_llama,2,"2

This comment fails"
1872d984-5432-4f1e-b5ba-b024d08a1bc2,askacademia_train,losing_improve_mistral,2,"2

This comment scores"
1872d984-5432-4f1e-b5ba-b024d08a1bc2,askacademia_train,losing_improve_qwen,2,"2

This comment scores"
1872d984-5432-4f1e-b5ba-b024d08a1bc2,askacademia_train,losing_paraphrase_claude,3,"3

The comment scores"
1872d984-5432-4f1e-b5ba-b024d08a1bc2,askacademia_train,losing_paraphrase_gemini,2,"2

This comment scores"
1872d984-5432-4f1e-b5ba-b024d08a1bc2,askacademia_train,losing_paraphrase_gpt4omini,3,"3

This comment scores"
1872d984-5432-4f1e-b5ba-b024d08a1bc2,askacademia_train,losing_paraphrase_gpt5nano,2,"2

The comment has"
1872d984-5432-4f1e-b5ba-b024d08a1bc2,askacademia_train,losing_paraphrase_llama,2,"2

This comment scores"
1872d984-5432-4f1e-b5ba-b024d08a1bc2,askacademia_train,losing_paraphrase_mistral,3,"3

The comment receives"
1872d984-5432-4f1e-b5ba-b024d08a1bc2,askacademia_train,losing_paraphrase_qwen,2,"2

This comment scores"
9afacd51-0226-44cc-a193-1b8f24214ccf,askacademia_train,winning_text,2,"2

The comment """
9afacd51-0226-44cc-a193-1b8f24214ccf,askacademia_train,losing_text,2,"2

This comment scores"
9afacd51-0226-44cc-a193-1b8f24214ccf,askacademia_train,losing_generate_claude,5,"5

This comment exc"
9afacd51-0226-44cc-a193-1b8f24214ccf,askacademia_train,losing_generate_gemini,5,"5

This comment scores"
9afacd51-0226-44cc-a193-1b8f24214ccf,askacademia_train,losing_generate_gpt4omini,2,"2

**Reasoning"
9afacd51-0226-44cc-a193-1b8f24214ccf,askacademia_train,losing_generate_gpt5nano,4,"4

The comment scores"
9afacd51-0226-44cc-a193-1b8f24214ccf,askacademia_train,losing_generate_llama,2,"2

**Reasoning"
9afacd51-0226-44cc-a193-1b8f24214ccf,askacademia_train,losing_generate_mistral,2,"2

The comment provides"
9afacd51-0226-44cc-a193-1b8f24214ccf,askacademia_train,losing_generate_qwen,2,"2

This comment does"
9afacd51-0226-44cc-a193-1b8f24214ccf,askacademia_train,losing_improve_claude,3,"3

This comment demonstrates"
9afacd51-0226-44cc-a193-1b8f24214ccf,askacademia_train,losing_improve_gemini,3,"3

The comment is"
9afacd51-0226-44cc-a193-1b8f24214ccf,askacademia_train,losing_improve_gpt4omini,2,"2

This comment has"
9afacd51-0226-44cc-a193-1b8f24214ccf,askacademia_train,losing_improve_gpt5nano,2,"2

This comment appears"
9afacd51-0226-44cc-a193-1b8f24214ccf,askacademia_train,losing_improve_llama,2,"2

This comment appears"
9afacd51-0226-44cc-a193-1b8f24214ccf,askacademia_train,losing_improve_mistral,2,"2

This comment scores"
9afacd51-0226-44cc-a193-1b8f24214ccf,askacademia_train,losing_improve_qwen,3,"3

This comment receives"
9afacd51-0226-44cc-a193-1b8f24214ccf,askacademia_train,losing_paraphrase_claude,3,"3

The comment scores"
9afacd51-0226-44cc-a193-1b8f24214ccf,askacademia_train,losing_paraphrase_gemini,2,"2

This comment appears"
9afacd51-0226-44cc-a193-1b8f24214ccf,askacademia_train,losing_paraphrase_gpt4omini,3,"3

This comment scores"
9afacd51-0226-44cc-a193-1b8f24214ccf,askacademia_train,losing_paraphrase_gpt5nano,2,"2

The comment fails"
9afacd51-0226-44cc-a193-1b8f24214ccf,askacademia_train,losing_paraphrase_llama,2,"2

This comment scores"
9afacd51-0226-44cc-a193-1b8f24214ccf,askacademia_train,losing_paraphrase_mistral,3,"3

This comment receives"
9afacd51-0226-44cc-a193-1b8f24214ccf,askacademia_train,losing_paraphrase_qwen,2,"2

This comment scores"
fc56af8f-7321-4891-94c9-40ecd1f70263,askacademia_train,winning_text,3,"3

The comment addresses"
fc56af8f-7321-4891-94c9-40ecd1f70263,askacademia_train,losing_text,2,"2

This comment scores"
fc56af8f-7321-4891-94c9-40ecd1f70263,askacademia_train,losing_generate_claude,5,"5

This comment exc"
fc56af8f-7321-4891-94c9-40ecd1f70263,askacademia_train,losing_generate_gemini,5,"5

This comment scores"
fc56af8f-7321-4891-94c9-40ecd1f70263,askacademia_train,losing_generate_gpt4omini,2,"2

**Reasoning"
fc56af8f-7321-4891-94c9-40ecd1f70263,askacademia_train,losing_generate_gpt5nano,4,"4

This comment scores"
fc56af8f-7321-4891-94c9-40ecd1f70263,askacademia_train,losing_generate_llama,2,"2

**Reasoning"
fc56af8f-7321-4891-94c9-40ecd1f70263,askacademia_train,losing_generate_mistral,4,"4

This comment scores"
fc56af8f-7321-4891-94c9-40ecd1f70263,askacademia_train,losing_generate_qwen,2,"2

The comment does"
fc56af8f-7321-4891-94c9-40ecd1f70263,askacademia_train,losing_improve_claude,3,"3

This comment demonstrates"
fc56af8f-7321-4891-94c9-40ecd1f70263,askacademia_train,losing_improve_gemini,3,"3

The comment is"
fc56af8f-7321-4891-94c9-40ecd1f70263,askacademia_train,losing_improve_gpt4omini,2,"2

This comment has"
fc56af8f-7321-4891-94c9-40ecd1f70263,askacademia_train,losing_improve_gpt5nano,3,"3

The comment receives"
fc56af8f-7321-4891-94c9-40ecd1f70263,askacademia_train,losing_improve_llama,2,"2

This comment fails"
fc56af8f-7321-4891-94c9-40ecd1f70263,askacademia_train,losing_improve_mistral,2,"2

This comment scores"
fc56af8f-7321-4891-94c9-40ecd1f70263,askacademia_train,losing_improve_qwen,2,"2

This comment scores"
fc56af8f-7321-4891-94c9-40ecd1f70263,askacademia_train,losing_paraphrase_claude,3,"3

The comment scores"
fc56af8f-7321-4891-94c9-40ecd1f70263,askacademia_train,losing_paraphrase_gemini,3,"3

The comment is"
fc56af8f-7321-4891-94c9-40ecd1f70263,askacademia_train,losing_paraphrase_gpt4omini,3,"3

This comment scores"
fc56af8f-7321-4891-94c9-40ecd1f70263,askacademia_train,losing_paraphrase_gpt5nano,2,"2

This comment scores"
fc56af8f-7321-4891-94c9-40ecd1f70263,askacademia_train,losing_paraphrase_llama,2,"2

This comment scores"
fc56af8f-7321-4891-94c9-40ecd1f70263,askacademia_train,losing_paraphrase_mistral,3,"3

This comment receives"
fc56af8f-7321-4891-94c9-40ecd1f70263,askacademia_train,losing_paraphrase_qwen,2,"2

This comment scores"
431086a1-cd8f-4a1d-93a0-40919cd4b1a5,askacademia_train,winning_text,2,"2

This comment scores"
431086a1-cd8f-4a1d-93a0-40919cd4b1a5,askacademia_train,losing_text,2,"2

This comment scores"
431086a1-cd8f-4a1d-93a0-40919cd4b1a5,askacademia_train,losing_generate_claude,5,"5

This comment exc"
431086a1-cd8f-4a1d-93a0-40919cd4b1a5,askacademia_train,losing_generate_gemini,5,"5

This comment scores"
431086a1-cd8f-4a1d-93a0-40919cd4b1a5,askacademia_train,losing_generate_gpt4omini,3,"3

The comment provides"
431086a1-cd8f-4a1d-93a0-40919cd4b1a5,askacademia_train,losing_generate_gpt5nano,2,"2

**Reasoning"
431086a1-cd8f-4a1d-93a0-40919cd4b1a5,askacademia_train,losing_generate_llama,2,"2

**Reasoning"
431086a1-cd8f-4a1d-93a0-40919cd4b1a5,askacademia_train,losing_generate_mistral,4,"4

This comment scores"
431086a1-cd8f-4a1d-93a0-40919cd4b1a5,askacademia_train,losing_generate_qwen,2,"2

This comment does"
431086a1-cd8f-4a1d-93a0-40919cd4b1a5,askacademia_train,losing_improve_claude,3,"3

This comment demonstrates"
431086a1-cd8f-4a1d-93a0-40919cd4b1a5,askacademia_train,losing_improve_gemini,3,"3

The comment is"
431086a1-cd8f-4a1d-93a0-40919cd4b1a5,askacademia_train,losing_improve_gpt4omini,2,"2

This comment scores"
431086a1-cd8f-4a1d-93a0-40919cd4b1a5,askacademia_train,losing_improve_gpt5nano,2,"2

The comment fails"
431086a1-cd8f-4a1d-93a0-40919cd4b1a5,askacademia_train,losing_improve_llama,2,"2

This comment fails"
431086a1-cd8f-4a1d-93a0-40919cd4b1a5,askacademia_train,losing_improve_mistral,2,"2

This comment scores"
431086a1-cd8f-4a1d-93a0-40919cd4b1a5,askacademia_train,losing_improve_qwen,3,"3

This comment receives"
431086a1-cd8f-4a1d-93a0-40919cd4b1a5,askacademia_train,losing_paraphrase_claude,3,"3

The comment scores"
431086a1-cd8f-4a1d-93a0-40919cd4b1a5,askacademia_train,losing_paraphrase_gemini,3,"3

This comment is"
431086a1-cd8f-4a1d-93a0-40919cd4b1a5,askacademia_train,losing_paraphrase_gpt4omini,3,"3

This comment scores"
431086a1-cd8f-4a1d-93a0-40919cd4b1a5,askacademia_train,losing_paraphrase_gpt5nano,3,"3

The comment receives"
431086a1-cd8f-4a1d-93a0-40919cd4b1a5,askacademia_train,losing_paraphrase_llama,2,"2

This comment scores"
431086a1-cd8f-4a1d-93a0-40919cd4b1a5,askacademia_train,losing_paraphrase_mistral,3,"3

The comment receives"
431086a1-cd8f-4a1d-93a0-40919cd4b1a5,askacademia_train,losing_paraphrase_qwen,2,"2

This comment scores"
a512b18d-c13e-4033-b316-d7d92bd9d0ad,askacademia_train,winning_text,3,"3

This comment has"
a512b18d-c13e-4033-b316-d7d92bd9d0ad,askacademia_train,losing_text,2,"2

This comment scores"
a512b18d-c13e-4033-b316-d7d92bd9d0ad,askacademia_train,losing_generate_claude,5,"5

This comment exc"
a512b18d-c13e-4033-b316-d7d92bd9d0ad,askacademia_train,losing_generate_gemini,5,"5

This comment scores"
a512b18d-c13e-4033-b316-d7d92bd9d0ad,askacademia_train,losing_generate_gpt4omini,2,"2

**Reasoning"
a512b18d-c13e-4033-b316-d7d92bd9d0ad,askacademia_train,losing_generate_gpt5nano,4,"4

This comment scores"
a512b18d-c13e-4033-b316-d7d92bd9d0ad,askacademia_train,losing_generate_llama,2,"2

The comment has"
a512b18d-c13e-4033-b316-d7d92bd9d0ad,askacademia_train,losing_generate_mistral,2,"2

**Reasoning"
a512b18d-c13e-4033-b316-d7d92bd9d0ad,askacademia_train,losing_generate_qwen,2,"2

The comment does"
a512b18d-c13e-4033-b316-d7d92bd9d0ad,askacademia_train,losing_improve_claude,3,"3

This comment demonstrates"
a512b18d-c13e-4033-b316-d7d92bd9d0ad,askacademia_train,losing_improve_gemini,3,"3

The comment has"
a512b18d-c13e-4033-b316-d7d92bd9d0ad,askacademia_train,losing_improve_gpt4omini,2,"2

This comment scores"
a512b18d-c13e-4033-b316-d7d92bd9d0ad,askacademia_train,losing_improve_gpt5nano,2,"2

The comment scores"
a512b18d-c13e-4033-b316-d7d92bd9d0ad,askacademia_train,losing_improve_llama,2,"2

This comment appears"
a512b18d-c13e-4033-b316-d7d92bd9d0ad,askacademia_train,losing_improve_mistral,2,"2

This comment scores"
a512b18d-c13e-4033-b316-d7d92bd9d0ad,askacademia_train,losing_improve_qwen,3,"3

This comment receives"
a512b18d-c13e-4033-b316-d7d92bd9d0ad,askacademia_train,losing_paraphrase_claude,2,"2

The comment has"
a512b18d-c13e-4033-b316-d7d92bd9d0ad,askacademia_train,losing_paraphrase_gemini,2,"2

This comment scores"
a512b18d-c13e-4033-b316-d7d92bd9d0ad,askacademia_train,losing_paraphrase_gpt4omini,3,"3

This comment scores"
a512b18d-c13e-4033-b316-d7d92bd9d0ad,askacademia_train,losing_paraphrase_gpt5nano,2,"2

The comment has"
a512b18d-c13e-4033-b316-d7d92bd9d0ad,askacademia_train,losing_paraphrase_llama,2,"2

This comment scores"
a512b18d-c13e-4033-b316-d7d92bd9d0ad,askacademia_train,losing_paraphrase_mistral,3,"3

This comment receives"
a512b18d-c13e-4033-b316-d7d92bd9d0ad,askacademia_train,losing_paraphrase_qwen,2,"2

This comment scores"
ef39c5bc-dd81-441e-9171-20cf9c31b74b,askacademia_train,winning_text,2,"2

This comment scores"
ef39c5bc-dd81-441e-9171-20cf9c31b74b,askacademia_train,losing_text,2,"2

This comment scores"
ef39c5bc-dd81-441e-9171-20cf9c31b74b,askacademia_train,losing_generate_claude,5,"5

This comment exc"
ef39c5bc-dd81-441e-9171-20cf9c31b74b,askacademia_train,losing_generate_gemini,5,"5

This comment scores"
ef39c5bc-dd81-441e-9171-20cf9c31b74b,askacademia_train,losing_generate_gpt4omini,2,"2

**Reasoning"
ef39c5bc-dd81-441e-9171-20cf9c31b74b,askacademia_train,losing_generate_gpt5nano,2,"2

**Reasoning"
ef39c5bc-dd81-441e-9171-20cf9c31b74b,askacademia_train,losing_generate_llama,2,"2

**Reasoning"
ef39c5bc-dd81-441e-9171-20cf9c31b74b,askacademia_train,losing_generate_mistral,2,"2

**Reasoning"
ef39c5bc-dd81-441e-9171-20cf9c31b74b,askacademia_train,losing_generate_qwen,2,"2

This comment does"
ef39c5bc-dd81-441e-9171-20cf9c31b74b,askacademia_train,losing_improve_claude,4,"4

This comment scores"
ef39c5bc-dd81-441e-9171-20cf9c31b74b,askacademia_train,losing_improve_gemini,3,"3

The comment is"
ef39c5bc-dd81-441e-9171-20cf9c31b74b,askacademia_train,losing_improve_gpt4omini,2,"2

This comment scores"
ef39c5bc-dd81-441e-9171-20cf9c31b74b,askacademia_train,losing_improve_gpt5nano,2,"2

This comment has"
ef39c5bc-dd81-441e-9171-20cf9c31b74b,askacademia_train,losing_improve_llama,2,"2

This comment appears"
ef39c5bc-dd81-441e-9171-20cf9c31b74b,askacademia_train,losing_improve_mistral,2,"2

This comment scores"
ef39c5bc-dd81-441e-9171-20cf9c31b74b,askacademia_train,losing_improve_qwen,3,"3

The comment references"
ef39c5bc-dd81-441e-9171-20cf9c31b74b,askacademia_train,losing_paraphrase_claude,3,"3

The comment scores"
ef39c5bc-dd81-441e-9171-20cf9c31b74b,askacademia_train,losing_paraphrase_gemini,2,"2

This comment scores"
ef39c5bc-dd81-441e-9171-20cf9c31b74b,askacademia_train,losing_paraphrase_gpt4omini,3,"3

This comment scores"
ef39c5bc-dd81-441e-9171-20cf9c31b74b,askacademia_train,losing_paraphrase_gpt5nano,3,"3

The comment references"
ef39c5bc-dd81-441e-9171-20cf9c31b74b,askacademia_train,losing_paraphrase_llama,2,"2

This comment scores"
ef39c5bc-dd81-441e-9171-20cf9c31b74b,askacademia_train,losing_paraphrase_mistral,3,"3

The comment receives"
ef39c5bc-dd81-441e-9171-20cf9c31b74b,askacademia_train,losing_paraphrase_qwen,2,"2

This comment scores"
c00349d5-317e-434e-92cc-ec6347b8e31a,askacademia_train,winning_text,2,"2

The comment is"
c00349d5-317e-434e-92cc-ec6347b8e31a,askacademia_train,losing_text,2,"2

This comment scores"
c00349d5-317e-434e-92cc-ec6347b8e31a,askacademia_train,losing_generate_claude,5,"5

This comment exc"
c00349d5-317e-434e-92cc-ec6347b8e31a,askacademia_train,losing_generate_gemini,5,"5

This comment scores"
c00349d5-317e-434e-92cc-ec6347b8e31a,askacademia_train,losing_generate_gpt4omini,2,"2

The comment has"
c00349d5-317e-434e-92cc-ec6347b8e31a,askacademia_train,losing_generate_gpt5nano,1,"1

The comment completely"
c00349d5-317e-434e-92cc-ec6347b8e31a,askacademia_train,losing_generate_llama,2,"2

**Reasoning"
c00349d5-317e-434e-92cc-ec6347b8e31a,askacademia_train,losing_generate_mistral,3,"3

The comment provides"
c00349d5-317e-434e-92cc-ec6347b8e31a,askacademia_train,losing_generate_qwen,2,"2

This comment does"
c00349d5-317e-434e-92cc-ec6347b8e31a,askacademia_train,losing_improve_claude,2,"2

This comment appears"
c00349d5-317e-434e-92cc-ec6347b8e31a,askacademia_train,losing_improve_gemini,3,"3

This comment shows"
c00349d5-317e-434e-92cc-ec6347b8e31a,askacademia_train,losing_improve_gpt4omini,2,"2

This comment is"
c00349d5-317e-434e-92cc-ec6347b8e31a,askacademia_train,losing_improve_gpt5nano,5,"5

This comment scores"
c00349d5-317e-434e-92cc-ec6347b8e31a,askacademia_train,losing_improve_llama,2,"2

The comment appears"
c00349d5-317e-434e-92cc-ec6347b8e31a,askacademia_train,losing_improve_mistral,2,"2

This comment scores"
c00349d5-317e-434e-92cc-ec6347b8e31a,askacademia_train,losing_improve_qwen,4,"4

The comment scores"
c00349d5-317e-434e-92cc-ec6347b8e31a,askacademia_train,losing_paraphrase_claude,2,"2

The comment fails"
c00349d5-317e-434e-92cc-ec6347b8e31a,askacademia_train,losing_paraphrase_gemini,2,"2

This comment scores"
c00349d5-317e-434e-92cc-ec6347b8e31a,askacademia_train,losing_paraphrase_gpt4omini,2,"2

This comment scores"
c00349d5-317e-434e-92cc-ec6347b8e31a,askacademia_train,losing_paraphrase_gpt5nano,2,"2

This comment scores"
c00349d5-317e-434e-92cc-ec6347b8e31a,askacademia_train,losing_paraphrase_llama,3,"3

This comment scores"
c00349d5-317e-434e-92cc-ec6347b8e31a,askacademia_train,losing_paraphrase_mistral,2,"2

This comment scores"
c00349d5-317e-434e-92cc-ec6347b8e31a,askacademia_train,losing_paraphrase_qwen,2,"2

This comment scores"
004036c7-55eb-4199-a086-6cdb5d40af52,askacademia_train,winning_text,3,"3

The comment addresses"
004036c7-55eb-4199-a086-6cdb5d40af52,askacademia_train,losing_text,2,"2

This comment scores"
004036c7-55eb-4199-a086-6cdb5d40af52,askacademia_train,losing_generate_claude,5,"5

This comment exc"
004036c7-55eb-4199-a086-6cdb5d40af52,askacademia_train,losing_generate_gemini,5,"5

This comment scores"
004036c7-55eb-4199-a086-6cdb5d40af52,askacademia_train,losing_generate_gpt4omini,2,"2

**Reasoning"
004036c7-55eb-4199-a086-6cdb5d40af52,askacademia_train,losing_generate_gpt5nano,5,"5

This comment exc"
004036c7-55eb-4199-a086-6cdb5d40af52,askacademia_train,losing_generate_llama,2,"2

**Reasoning"
004036c7-55eb-4199-a086-6cdb5d40af52,askacademia_train,losing_generate_mistral,3,"3

The comment provides"
004036c7-55eb-4199-a086-6cdb5d40af52,askacademia_train,losing_generate_qwen,2,"2

The comment does"
004036c7-55eb-4199-a086-6cdb5d40af52,askacademia_train,losing_improve_claude,2,"2

This comment fails"
004036c7-55eb-4199-a086-6cdb5d40af52,askacademia_train,losing_improve_gemini,3,"3

This comment scores"
004036c7-55eb-4199-a086-6cdb5d40af52,askacademia_train,losing_improve_gpt4omini,2,"2

This comment scores"
004036c7-55eb-4199-a086-6cdb5d40af52,askacademia_train,losing_improve_gpt5nano,4,"4

This comment scores"
004036c7-55eb-4199-a086-6cdb5d40af52,askacademia_train,losing_improve_llama,2,"2

The comment appears"
004036c7-55eb-4199-a086-6cdb5d40af52,askacademia_train,losing_improve_mistral,2,"2

This comment scores"
004036c7-55eb-4199-a086-6cdb5d40af52,askacademia_train,losing_improve_qwen,4,"4

The comment scores"
004036c7-55eb-4199-a086-6cdb5d40af52,askacademia_train,losing_paraphrase_claude,2,"2

This comment is"
004036c7-55eb-4199-a086-6cdb5d40af52,askacademia_train,losing_paraphrase_gemini,2,"2

This comment fails"
004036c7-55eb-4199-a086-6cdb5d40af52,askacademia_train,losing_paraphrase_gpt4omini,2,"2

This comment fails"
004036c7-55eb-4199-a086-6cdb5d40af52,askacademia_train,losing_paraphrase_gpt5nano,2,"2

This comment scores"
004036c7-55eb-4199-a086-6cdb5d40af52,askacademia_train,losing_paraphrase_llama,3,"3

This comment shows"
004036c7-55eb-4199-a086-6cdb5d40af52,askacademia_train,losing_paraphrase_mistral,2,"2

This comment scores"
004036c7-55eb-4199-a086-6cdb5d40af52,askacademia_train,losing_paraphrase_qwen,2,"2

This comment scores"
0daa48a6-7d18-453f-9bd6-9997ad41376d,askacademia_train,winning_text,2,"2

This comment scores"
0daa48a6-7d18-453f-9bd6-9997ad41376d,askacademia_train,losing_text,2,"2

This comment scores"
0daa48a6-7d18-453f-9bd6-9997ad41376d,askacademia_train,losing_generate_claude,5,"5

This comment exc"
0daa48a6-7d18-453f-9bd6-9997ad41376d,askacademia_train,losing_generate_gemini,5,"5

This comment scores"
0daa48a6-7d18-453f-9bd6-9997ad41376d,askacademia_train,losing_generate_gpt4omini,2,"2

**Reasoning"
0daa48a6-7d18-453f-9bd6-9997ad41376d,askacademia_train,losing_generate_gpt5nano,5,"5

This comment scores"
0daa48a6-7d18-453f-9bd6-9997ad41376d,askacademia_train,losing_generate_llama,2,"2

**Reasoning"
0daa48a6-7d18-453f-9bd6-9997ad41376d,askacademia_train,losing_generate_mistral,3,"3

The comment provides"
0daa48a6-7d18-453f-9bd6-9997ad41376d,askacademia_train,losing_generate_qwen,2,"2

The comment does"
0daa48a6-7d18-453f-9bd6-9997ad41376d,askacademia_train,losing_improve_claude,2,"2

This comment fails"
0daa48a6-7d18-453f-9bd6-9997ad41376d,askacademia_train,losing_improve_gemini,3,"3

This comment shows"
0daa48a6-7d18-453f-9bd6-9997ad41376d,askacademia_train,losing_improve_gpt4omini,2,"2

This comment scores"
0daa48a6-7d18-453f-9bd6-9997ad41376d,askacademia_train,losing_improve_gpt5nano,5,"5

This comment exc"
0daa48a6-7d18-453f-9bd6-9997ad41376d,askacademia_train,losing_improve_llama,2,"2

The comment appears"
0daa48a6-7d18-453f-9bd6-9997ad41376d,askacademia_train,losing_improve_mistral,2,"2

This comment scores"
0daa48a6-7d18-453f-9bd6-9997ad41376d,askacademia_train,losing_improve_qwen,4,"4

The comment scores"
0daa48a6-7d18-453f-9bd6-9997ad41376d,askacademia_train,losing_paraphrase_claude,2,"2

This comment is"
0daa48a6-7d18-453f-9bd6-9997ad41376d,askacademia_train,losing_paraphrase_gemini,2,"2

This comment fails"
0daa48a6-7d18-453f-9bd6-9997ad41376d,askacademia_train,losing_paraphrase_gpt4omini,2,"2

This comment scores"
0daa48a6-7d18-453f-9bd6-9997ad41376d,askacademia_train,losing_paraphrase_gpt5nano,2,"2

This comment scores"
0daa48a6-7d18-453f-9bd6-9997ad41376d,askacademia_train,losing_paraphrase_llama,3,"3

This comment shows"
0daa48a6-7d18-453f-9bd6-9997ad41376d,askacademia_train,losing_paraphrase_mistral,2,"2

This comment scores"
0daa48a6-7d18-453f-9bd6-9997ad41376d,askacademia_train,losing_paraphrase_qwen,2,"2

This comment scores"
94357f35-360d-4bab-a1ab-a9d6bb34113e,askacademia_train,winning_text,3,"3

This comment has"
94357f35-360d-4bab-a1ab-a9d6bb34113e,askacademia_train,losing_text,2,"2

This comment scores"
94357f35-360d-4bab-a1ab-a9d6bb34113e,askacademia_train,losing_generate_claude,5,"5

This comment exc"
94357f35-360d-4bab-a1ab-a9d6bb34113e,askacademia_train,losing_generate_gemini,5,"5

This comment scores"
94357f35-360d-4bab-a1ab-a9d6bb34113e,askacademia_train,losing_generate_gpt4omini,3,"3

**Reasoning"
94357f35-360d-4bab-a1ab-a9d6bb34113e,askacademia_train,losing_generate_gpt5nano,4,"4

This comment scores"
94357f35-360d-4bab-a1ab-a9d6bb34113e,askacademia_train,losing_generate_llama,2,"2

**Reasoning"
94357f35-360d-4bab-a1ab-a9d6bb34113e,askacademia_train,losing_generate_mistral,2,"2

The comment has"
94357f35-360d-4bab-a1ab-a9d6bb34113e,askacademia_train,losing_generate_qwen,2,"2

The comment does"
94357f35-360d-4bab-a1ab-a9d6bb34113e,askacademia_train,losing_improve_claude,2,"2

This comment fails"
94357f35-360d-4bab-a1ab-a9d6bb34113e,askacademia_train,losing_improve_gemini,3,"3

This comment shows"
94357f35-360d-4bab-a1ab-a9d6bb34113e,askacademia_train,losing_improve_gpt4omini,3,"3

The comment is"
94357f35-360d-4bab-a1ab-a9d6bb34113e,askacademia_train,losing_improve_gpt5nano,4,"4

This comment scores"
94357f35-360d-4bab-a1ab-a9d6bb34113e,askacademia_train,losing_improve_llama,2,"2

This comment appears"
94357f35-360d-4bab-a1ab-a9d6bb34113e,askacademia_train,losing_improve_mistral,2,"2

This comment scores"
94357f35-360d-4bab-a1ab-a9d6bb34113e,askacademia_train,losing_improve_qwen,4,"4

The comment scores"
94357f35-360d-4bab-a1ab-a9d6bb34113e,askacademia_train,losing_paraphrase_claude,2,"2

This comment fails"
94357f35-360d-4bab-a1ab-a9d6bb34113e,askacademia_train,losing_paraphrase_gemini,2,"2

This comment fails"
94357f35-360d-4bab-a1ab-a9d6bb34113e,askacademia_train,losing_paraphrase_gpt4omini,2,"2

This comment scores"
94357f35-360d-4bab-a1ab-a9d6bb34113e,askacademia_train,losing_paraphrase_gpt5nano,2,"2

This comment fails"
94357f35-360d-4bab-a1ab-a9d6bb34113e,askacademia_train,losing_paraphrase_llama,3,"3

This comment scores"
94357f35-360d-4bab-a1ab-a9d6bb34113e,askacademia_train,losing_paraphrase_mistral,2,"2

This comment scores"
94357f35-360d-4bab-a1ab-a9d6bb34113e,askacademia_train,losing_paraphrase_qwen,2,"2

This comment scores"
b4612eb0-1772-4632-bfb5-cd44f8dbbfa3,askacademia_train,winning_text,2,"2

This comment scores"
b4612eb0-1772-4632-bfb5-cd44f8dbbfa3,askacademia_train,losing_text,2,"2

This comment scores"
b4612eb0-1772-4632-bfb5-cd44f8dbbfa3,askacademia_train,losing_generate_claude,5,"5

This comment exc"
b4612eb0-1772-4632-bfb5-cd44f8dbbfa3,askacademia_train,losing_generate_gemini,5,"5

This comment scores"
b4612eb0-1772-4632-bfb5-cd44f8dbbfa3,askacademia_train,losing_generate_gpt4omini,2,"2

**Reasoning"
b4612eb0-1772-4632-bfb5-cd44f8dbbfa3,askacademia_train,losing_generate_gpt5nano,2,"2

This comment has"
b4612eb0-1772-4632-bfb5-cd44f8dbbfa3,askacademia_train,losing_generate_llama,2,"2

**Reasoning"
b4612eb0-1772-4632-bfb5-cd44f8dbbfa3,askacademia_train,losing_generate_mistral,2,"2

**Reasoning"
b4612eb0-1772-4632-bfb5-cd44f8dbbfa3,askacademia_train,losing_generate_qwen,2,"2

The comment does"
b4612eb0-1772-4632-bfb5-cd44f8dbbfa3,askacademia_train,losing_improve_claude,2,"2

This comment fails"
b4612eb0-1772-4632-bfb5-cd44f8dbbfa3,askacademia_train,losing_improve_gemini,3,"3

This comment shows"
b4612eb0-1772-4632-bfb5-cd44f8dbbfa3,askacademia_train,losing_improve_gpt4omini,2,"2

This comment scores"
b4612eb0-1772-4632-bfb5-cd44f8dbbfa3,askacademia_train,losing_improve_gpt5nano,5,"5

This comment scores"
b4612eb0-1772-4632-bfb5-cd44f8dbbfa3,askacademia_train,losing_improve_llama,2,"2

The comment appears"
b4612eb0-1772-4632-bfb5-cd44f8dbbfa3,askacademia_train,losing_improve_mistral,2,"2

This comment scores"
b4612eb0-1772-4632-bfb5-cd44f8dbbfa3,askacademia_train,losing_improve_qwen,4,"4

The comment scores"
b4612eb0-1772-4632-bfb5-cd44f8dbbfa3,askacademia_train,losing_paraphrase_claude,2,"2

The comment fails"
b4612eb0-1772-4632-bfb5-cd44f8dbbfa3,askacademia_train,losing_paraphrase_gemini,2,"2

This comment scores"
b4612eb0-1772-4632-bfb5-cd44f8dbbfa3,askacademia_train,losing_paraphrase_gpt4omini,2,"2

This comment scores"
b4612eb0-1772-4632-bfb5-cd44f8dbbfa3,askacademia_train,losing_paraphrase_gpt5nano,2,"2

This comment scores"
b4612eb0-1772-4632-bfb5-cd44f8dbbfa3,askacademia_train,losing_paraphrase_llama,3,"3

This comment shows"
b4612eb0-1772-4632-bfb5-cd44f8dbbfa3,askacademia_train,losing_paraphrase_mistral,2,"2

This comment scores"
b4612eb0-1772-4632-bfb5-cd44f8dbbfa3,askacademia_train,losing_paraphrase_qwen,2,"2

This comment scores"
11b7e63a-ade4-488c-a7ef-d4bbfc662559,askacademia_train,winning_text,3,"3

The comment is"
11b7e63a-ade4-488c-a7ef-d4bbfc662559,askacademia_train,losing_text,2,"2

The comment """
11b7e63a-ade4-488c-a7ef-d4bbfc662559,askacademia_train,losing_generate_claude,5,"5

This comment exc"
11b7e63a-ade4-488c-a7ef-d4bbfc662559,askacademia_train,losing_generate_gemini,5,"5

This comment scores"
11b7e63a-ade4-488c-a7ef-d4bbfc662559,askacademia_train,losing_generate_gpt4omini,2,"2

**Reasoning"
11b7e63a-ade4-488c-a7ef-d4bbfc662559,askacademia_train,losing_generate_gpt5nano,4,"4

This comment scores"
11b7e63a-ade4-488c-a7ef-d4bbfc662559,askacademia_train,losing_generate_llama,2,"2

**Reasoning"
11b7e63a-ade4-488c-a7ef-d4bbfc662559,askacademia_train,losing_generate_mistral,2,"2

The comment provides"
11b7e63a-ade4-488c-a7ef-d4bbfc662559,askacademia_train,losing_generate_qwen,2,"2

The comment does"
11b7e63a-ade4-488c-a7ef-d4bbfc662559,askacademia_train,losing_improve_claude,3,"3

This comment is"
11b7e63a-ade4-488c-a7ef-d4bbfc662559,askacademia_train,losing_improve_gemini,3,"3

This comment is"
11b7e63a-ade4-488c-a7ef-d4bbfc662559,askacademia_train,losing_improve_gpt4omini,2,"2

The comment assumes"
11b7e63a-ade4-488c-a7ef-d4bbfc662559,askacademia_train,losing_improve_gpt5nano,2,"2

This comment scores"
11b7e63a-ade4-488c-a7ef-d4bbfc662559,askacademia_train,losing_improve_llama,2,"2

This comment appears"
11b7e63a-ade4-488c-a7ef-d4bbfc662559,askacademia_train,losing_improve_mistral,2,"2

This comment has"
11b7e63a-ade4-488c-a7ef-d4bbfc662559,askacademia_train,losing_improve_qwen,2,"2

This comment scores"
11b7e63a-ade4-488c-a7ef-d4bbfc662559,askacademia_train,losing_paraphrase_claude,3,"3

This comment is"
11b7e63a-ade4-488c-a7ef-d4bbfc662559,askacademia_train,losing_paraphrase_gemini,2,"2

The comment has"
11b7e63a-ade4-488c-a7ef-d4bbfc662559,askacademia_train,losing_paraphrase_gpt4omini,2,"2

This comment scores"
11b7e63a-ade4-488c-a7ef-d4bbfc662559,askacademia_train,losing_paraphrase_gpt5nano,2,"2

This comment scores"
11b7e63a-ade4-488c-a7ef-d4bbfc662559,askacademia_train,losing_paraphrase_llama,2,"2

The comment appears"
11b7e63a-ade4-488c-a7ef-d4bbfc662559,askacademia_train,losing_paraphrase_mistral,2,"2

This comment scores"
11b7e63a-ade4-488c-a7ef-d4bbfc662559,askacademia_train,losing_paraphrase_qwen,2,"2

This comment scores"
459c37cc-e7d0-4611-a21b-d018cfd98b54,askacademia_train,winning_text,3,"3

The comment addresses"
459c37cc-e7d0-4611-a21b-d018cfd98b54,askacademia_train,losing_text,3,"3

The comment is"
459c37cc-e7d0-4611-a21b-d018cfd98b54,askacademia_train,losing_generate_claude,5,"5

This comment exc"
459c37cc-e7d0-4611-a21b-d018cfd98b54,askacademia_train,losing_generate_gemini,5,"5

This comment scores"
459c37cc-e7d0-4611-a21b-d018cfd98b54,askacademia_train,losing_generate_gpt4omini,2,"2

**Reasoning"
459c37cc-e7d0-4611-a21b-d018cfd98b54,askacademia_train,losing_generate_gpt5nano,2,"2

The comment mis"
459c37cc-e7d0-4611-a21b-d018cfd98b54,askacademia_train,losing_generate_llama,2,"2

**Reasoning"
459c37cc-e7d0-4611-a21b-d018cfd98b54,askacademia_train,losing_generate_mistral,2,"2

The comment provides"
459c37cc-e7d0-4611-a21b-d018cfd98b54,askacademia_train,losing_generate_qwen,2,"2

This comment does"
459c37cc-e7d0-4611-a21b-d018cfd98b54,askacademia_train,losing_improve_claude,4,"4

The comment scores"
459c37cc-e7d0-4611-a21b-d018cfd98b54,askacademia_train,losing_improve_gemini,4,"4

This comment scores"
459c37cc-e7d0-4611-a21b-d018cfd98b54,askacademia_train,losing_improve_gpt4omini,2,"2

The comment is"
459c37cc-e7d0-4611-a21b-d018cfd98b54,askacademia_train,losing_improve_gpt5nano,3,"3

This comment has"
459c37cc-e7d0-4611-a21b-d018cfd98b54,askacademia_train,losing_improve_llama,3,"3

The comment is"
459c37cc-e7d0-4611-a21b-d018cfd98b54,askacademia_train,losing_improve_mistral,2,"2

This comment scores"
459c37cc-e7d0-4611-a21b-d018cfd98b54,askacademia_train,losing_improve_qwen,2,"2

This comment appears"
459c37cc-e7d0-4611-a21b-d018cfd98b54,askacademia_train,losing_paraphrase_claude,2,"2

The comment is"
459c37cc-e7d0-4611-a21b-d018cfd98b54,askacademia_train,losing_paraphrase_gemini,2,"2

The comment has"
459c37cc-e7d0-4611-a21b-d018cfd98b54,askacademia_train,losing_paraphrase_gpt4omini,2,"2

The comment is"
459c37cc-e7d0-4611-a21b-d018cfd98b54,askacademia_train,losing_paraphrase_gpt5nano,2,"2

The comment is"
459c37cc-e7d0-4611-a21b-d018cfd98b54,askacademia_train,losing_paraphrase_llama,2,"2

The comment is"
459c37cc-e7d0-4611-a21b-d018cfd98b54,askacademia_train,losing_paraphrase_mistral,4,"4

This comment scores"
459c37cc-e7d0-4611-a21b-d018cfd98b54,askacademia_train,losing_paraphrase_qwen,2,"2

This comment appears"
e57a8b1b-1050-457a-85c9-ecba94c63d02,askacademia_train,winning_text,2,"2

This comment scores"
e57a8b1b-1050-457a-85c9-ecba94c63d02,askacademia_train,losing_text,3,"3

The comment is"
e57a8b1b-1050-457a-85c9-ecba94c63d02,askacademia_train,losing_generate_claude,5,"5

This comment exc"
e57a8b1b-1050-457a-85c9-ecba94c63d02,askacademia_train,losing_generate_gemini,5,"5

This comment scores"
e57a8b1b-1050-457a-85c9-ecba94c63d02,askacademia_train,losing_generate_gpt4omini,2,"2

**Reasoning"
e57a8b1b-1050-457a-85c9-ecba94c63d02,askacademia_train,losing_generate_gpt5nano,2,"2

**Reasoning"
e57a8b1b-1050-457a-85c9-ecba94c63d02,askacademia_train,losing_generate_llama,2,"2

**Reasoning"
e57a8b1b-1050-457a-85c9-ecba94c63d02,askacademia_train,losing_generate_mistral,2,"2

**Reasoning"
e57a8b1b-1050-457a-85c9-ecba94c63d02,askacademia_train,losing_generate_qwen,2,"2

The comment does"
e57a8b1b-1050-457a-85c9-ecba94c63d02,askacademia_train,losing_improve_claude,4,"4

The comment scores"
e57a8b1b-1050-457a-85c9-ecba94c63d02,askacademia_train,losing_improve_gemini,4,"4

This comment scores"
e57a8b1b-1050-457a-85c9-ecba94c63d02,askacademia_train,losing_improve_gpt4omini,2,"2

The comment is"
e57a8b1b-1050-457a-85c9-ecba94c63d02,askacademia_train,losing_improve_gpt5nano,2,"2

The comment fails"
e57a8b1b-1050-457a-85c9-ecba94c63d02,askacademia_train,losing_improve_llama,3,"3

The comment addresses"
e57a8b1b-1050-457a-85c9-ecba94c63d02,askacademia_train,losing_improve_mistral,2,"2

This comment scores"
e57a8b1b-1050-457a-85c9-ecba94c63d02,askacademia_train,losing_improve_qwen,2,"2

This comment appears"
e57a8b1b-1050-457a-85c9-ecba94c63d02,askacademia_train,losing_paraphrase_claude,2,"2

The comment is"
e57a8b1b-1050-457a-85c9-ecba94c63d02,askacademia_train,losing_paraphrase_gemini,2,"2

This comment lacks"
e57a8b1b-1050-457a-85c9-ecba94c63d02,askacademia_train,losing_paraphrase_gpt4omini,2,"2

The comment is"
e57a8b1b-1050-457a-85c9-ecba94c63d02,askacademia_train,losing_paraphrase_gpt5nano,2,"2

The comment is"
e57a8b1b-1050-457a-85c9-ecba94c63d02,askacademia_train,losing_paraphrase_llama,2,"2

The comment is"
e57a8b1b-1050-457a-85c9-ecba94c63d02,askacademia_train,losing_paraphrase_mistral,4,"4

This comment scores"
e57a8b1b-1050-457a-85c9-ecba94c63d02,askacademia_train,losing_paraphrase_qwen,2,"2

This comment appears"
f35c0b8d-f88b-4d21-b43b-7668069d026c,askacademia_train,winning_text,3,"3

This comment has"
f35c0b8d-f88b-4d21-b43b-7668069d026c,askacademia_train,losing_text,3,"3

The comment is"
f35c0b8d-f88b-4d21-b43b-7668069d026c,askacademia_train,losing_generate_claude,5,"5

This comment exc"
f35c0b8d-f88b-4d21-b43b-7668069d026c,askacademia_train,losing_generate_gemini,5,"5

This comment scores"
f35c0b8d-f88b-4d21-b43b-7668069d026c,askacademia_train,losing_generate_gpt4omini,2,"2

**Reasoning"
f35c0b8d-f88b-4d21-b43b-7668069d026c,askacademia_train,losing_generate_gpt5nano,3,"3

This comment shows"
f35c0b8d-f88b-4d21-b43b-7668069d026c,askacademia_train,losing_generate_llama,2,"2

**Reasoning"
f35c0b8d-f88b-4d21-b43b-7668069d026c,askacademia_train,losing_generate_mistral,2,"2

The comment has"
f35c0b8d-f88b-4d21-b43b-7668069d026c,askacademia_train,losing_generate_qwen,2,"2

The comment does"
f35c0b8d-f88b-4d21-b43b-7668069d026c,askacademia_train,losing_improve_claude,4,"4

This comment scores"
f35c0b8d-f88b-4d21-b43b-7668069d026c,askacademia_train,losing_improve_gemini,4,"4

The comment scores"
f35c0b8d-f88b-4d21-b43b-7668069d026c,askacademia_train,losing_improve_gpt4omini,2,"2

**Reasoning"
f35c0b8d-f88b-4d21-b43b-7668069d026c,askacademia_train,losing_improve_gpt5nano,4,"4

This comment scores"
f35c0b8d-f88b-4d21-b43b-7668069d026c,askacademia_train,losing_improve_llama,3,"3

The comment addresses"
f35c0b8d-f88b-4d21-b43b-7668069d026c,askacademia_train,losing_improve_mistral,2,"2

This comment scores"
f35c0b8d-f88b-4d21-b43b-7668069d026c,askacademia_train,losing_improve_qwen,2,"2

This comment appears"
f35c0b8d-f88b-4d21-b43b-7668069d026c,askacademia_train,losing_paraphrase_claude,2,"2

The comment is"
f35c0b8d-f88b-4d21-b43b-7668069d026c,askacademia_train,losing_paraphrase_gemini,4,"4

This comment scores"
f35c0b8d-f88b-4d21-b43b-7668069d026c,askacademia_train,losing_paraphrase_gpt4omini,2,"2

The comment is"
f35c0b8d-f88b-4d21-b43b-7668069d026c,askacademia_train,losing_paraphrase_gpt5nano,2,"2

The comment is"
f35c0b8d-f88b-4d21-b43b-7668069d026c,askacademia_train,losing_paraphrase_llama,2,"2

The comment is"
f35c0b8d-f88b-4d21-b43b-7668069d026c,askacademia_train,losing_paraphrase_mistral,4,"4

This comment scores"
f35c0b8d-f88b-4d21-b43b-7668069d026c,askacademia_train,losing_paraphrase_qwen,2,"2

This comment appears"
2d40847e-4874-4f1a-9eaf-f511ace256f2,askacademia_train,winning_text,2,"2

This comment scores"
2d40847e-4874-4f1a-9eaf-f511ace256f2,askacademia_train,losing_text,2,"2

The comment is"
2d40847e-4874-4f1a-9eaf-f511ace256f2,askacademia_train,losing_generate_claude,5,"5

This comment exc"
2d40847e-4874-4f1a-9eaf-f511ace256f2,askacademia_train,losing_generate_gemini,5,"5

This comment scores"
2d40847e-4874-4f1a-9eaf-f511ace256f2,askacademia_train,losing_generate_gpt4omini,2,"2

**Reasoning"
2d40847e-4874-4f1a-9eaf-f511ace256f2,askacademia_train,losing_generate_gpt5nano,2,"2

The comment mis"
2d40847e-4874-4f1a-9eaf-f511ace256f2,askacademia_train,losing_generate_llama,2,"2

**Reasoning"
2d40847e-4874-4f1a-9eaf-f511ace256f2,askacademia_train,losing_generate_mistral,2,"2

The comment has"
2d40847e-4874-4f1a-9eaf-f511ace256f2,askacademia_train,losing_generate_qwen,2,"2

This comment does"
2d40847e-4874-4f1a-9eaf-f511ace256f2,askacademia_train,losing_improve_claude,4,"4

The comment scores"
2d40847e-4874-4f1a-9eaf-f511ace256f2,askacademia_train,losing_improve_gemini,4,"4

This comment scores"
2d40847e-4874-4f1a-9eaf-f511ace256f2,askacademia_train,losing_improve_gpt4omini,2,"2

The comment has"
2d40847e-4874-4f1a-9eaf-f511ace256f2,askacademia_train,losing_improve_gpt5nano,2,"2

The comment provides"
2d40847e-4874-4f1a-9eaf-f511ace256f2,askacademia_train,losing_improve_llama,3,"3

The comment addresses"
2d40847e-4874-4f1a-9eaf-f511ace256f2,askacademia_train,losing_improve_mistral,2,"2

This comment scores"
2d40847e-4874-4f1a-9eaf-f511ace256f2,askacademia_train,losing_improve_qwen,2,"2

This comment appears"
2d40847e-4874-4f1a-9eaf-f511ace256f2,askacademia_train,losing_paraphrase_claude,2,"2

The comment is"
2d40847e-4874-4f1a-9eaf-f511ace256f2,askacademia_train,losing_paraphrase_gemini,4,"4

This comment scores"
2d40847e-4874-4f1a-9eaf-f511ace256f2,askacademia_train,losing_paraphrase_gpt4omini,2,"2

The comment is"
2d40847e-4874-4f1a-9eaf-f511ace256f2,askacademia_train,losing_paraphrase_gpt5nano,2,"2

The comment is"
2d40847e-4874-4f1a-9eaf-f511ace256f2,askacademia_train,losing_paraphrase_llama,2,"2

The comment is"
2d40847e-4874-4f1a-9eaf-f511ace256f2,askacademia_train,losing_paraphrase_mistral,4,"4

This comment scores"
2d40847e-4874-4f1a-9eaf-f511ace256f2,askacademia_train,losing_paraphrase_qwen,2,"2

This comment appears"
60493546-6c01-4ad2-9892-1649796003fa,askacademia_train,winning_text,3,"3

The comment addresses"
60493546-6c01-4ad2-9892-1649796003fa,askacademia_train,losing_text,2,"2

The comment """
60493546-6c01-4ad2-9892-1649796003fa,askacademia_train,losing_generate_claude,5,"5

This comment exc"
60493546-6c01-4ad2-9892-1649796003fa,askacademia_train,losing_generate_gemini,5,"5

This comment scores"
60493546-6c01-4ad2-9892-1649796003fa,askacademia_train,losing_generate_gpt4omini,2,"2

**Reasoning"
60493546-6c01-4ad2-9892-1649796003fa,askacademia_train,losing_generate_gpt5nano,5,"5

This comment exc"
60493546-6c01-4ad2-9892-1649796003fa,askacademia_train,losing_generate_llama,2,"2

**Reasoning"
60493546-6c01-4ad2-9892-1649796003fa,askacademia_train,losing_generate_mistral,2,"2

**Reasoning"
60493546-6c01-4ad2-9892-1649796003fa,askacademia_train,losing_generate_qwen,2,"2

This comment does"
60493546-6c01-4ad2-9892-1649796003fa,askacademia_train,losing_improve_claude,2,"2

This comment is"
60493546-6c01-4ad2-9892-1649796003fa,askacademia_train,losing_improve_gemini,3,"3

This comment is"
60493546-6c01-4ad2-9892-1649796003fa,askacademia_train,losing_improve_gpt4omini,2,"2

The comment has"
60493546-6c01-4ad2-9892-1649796003fa,askacademia_train,losing_improve_gpt5nano,2,"2

This comment provides"
60493546-6c01-4ad2-9892-1649796003fa,askacademia_train,losing_improve_llama,2,"2

This comment appears"
60493546-6c01-4ad2-9892-1649796003fa,askacademia_train,losing_improve_mistral,2,"2

This comment fails"
60493546-6c01-4ad2-9892-1649796003fa,askacademia_train,losing_improve_qwen,2,"2

This comment scores"
60493546-6c01-4ad2-9892-1649796003fa,askacademia_train,losing_paraphrase_claude,3,"3

This comment is"
60493546-6c01-4ad2-9892-1649796003fa,askacademia_train,losing_paraphrase_gemini,4,"4

This comment scores"
60493546-6c01-4ad2-9892-1649796003fa,askacademia_train,losing_paraphrase_gpt4omini,2,"2

This comment scores"
60493546-6c01-4ad2-9892-1649796003fa,askacademia_train,losing_paraphrase_gpt5nano,2,"2

This comment scores"
60493546-6c01-4ad2-9892-1649796003fa,askacademia_train,losing_paraphrase_llama,2,"2

The comment appears"
60493546-6c01-4ad2-9892-1649796003fa,askacademia_train,losing_paraphrase_mistral,2,"2

This comment scores"
60493546-6c01-4ad2-9892-1649796003fa,askacademia_train,losing_paraphrase_qwen,2,"2

This comment scores"
2cbae963-1778-487d-9072-3a36b97bfed8,askacademia_train,winning_text,2,"2

This comment scores"
2cbae963-1778-487d-9072-3a36b97bfed8,askacademia_train,losing_text,2,"2

The comment """
2cbae963-1778-487d-9072-3a36b97bfed8,askacademia_train,losing_generate_claude,5,"5

This comment exc"
2cbae963-1778-487d-9072-3a36b97bfed8,askacademia_train,losing_generate_gemini,5,"5

This comment scores"
2cbae963-1778-487d-9072-3a36b97bfed8,askacademia_train,losing_generate_gpt4omini,2,"2

**Reasoning"
2cbae963-1778-487d-9072-3a36b97bfed8,askacademia_train,losing_generate_gpt5nano,4,"4

This comment scores"
2cbae963-1778-487d-9072-3a36b97bfed8,askacademia_train,losing_generate_llama,2,"2

**Reasoning"
2cbae963-1778-487d-9072-3a36b97bfed8,askacademia_train,losing_generate_mistral,2,"2

The comment has"
2cbae963-1778-487d-9072-3a36b97bfed8,askacademia_train,losing_generate_qwen,2,"2

This comment does"
2cbae963-1778-487d-9072-3a36b97bfed8,askacademia_train,losing_improve_claude,2,"2

The comment appears"
2cbae963-1778-487d-9072-3a36b97bfed8,askacademia_train,losing_improve_gemini,2,"2

This comment fails"
2cbae963-1778-487d-9072-3a36b97bfed8,askacademia_train,losing_improve_gpt4omini,2,"2

This comment scores"
2cbae963-1778-487d-9072-3a36b97bfed8,askacademia_train,losing_improve_gpt5nano,2,"2

This comment has"
2cbae963-1778-487d-9072-3a36b97bfed8,askacademia_train,losing_improve_llama,2,"2

This comment appears"
2cbae963-1778-487d-9072-3a36b97bfed8,askacademia_train,losing_improve_mistral,2,"2

This comment fails"
2cbae963-1778-487d-9072-3a36b97bfed8,askacademia_train,losing_improve_qwen,2,"2

This comment scores"
2cbae963-1778-487d-9072-3a36b97bfed8,askacademia_train,losing_paraphrase_claude,3,"3

This comment is"
2cbae963-1778-487d-9072-3a36b97bfed8,askacademia_train,losing_paraphrase_gemini,3,"3

This comment is"
2cbae963-1778-487d-9072-3a36b97bfed8,askacademia_train,losing_paraphrase_gpt4omini,2,"2

This comment scores"
2cbae963-1778-487d-9072-3a36b97bfed8,askacademia_train,losing_paraphrase_gpt5nano,2,"2

This comment scores"
2cbae963-1778-487d-9072-3a36b97bfed8,askacademia_train,losing_paraphrase_llama,2,"2

The comment appears"
2cbae963-1778-487d-9072-3a36b97bfed8,askacademia_train,losing_paraphrase_mistral,2,"2

This comment scores"
2cbae963-1778-487d-9072-3a36b97bfed8,askacademia_train,losing_paraphrase_qwen,2,"2

This comment scores"
0a8e03e1-ad7e-424e-97ee-0e527fe92137,askacademia_train,winning_text,3,"3

This comment has"
0a8e03e1-ad7e-424e-97ee-0e527fe92137,askacademia_train,losing_text,2,"2

The comment """
0a8e03e1-ad7e-424e-97ee-0e527fe92137,askacademia_train,losing_generate_claude,5,"5

This comment exc"
0a8e03e1-ad7e-424e-97ee-0e527fe92137,askacademia_train,losing_generate_gemini,5,"5

This comment scores"
0a8e03e1-ad7e-424e-97ee-0e527fe92137,askacademia_train,losing_generate_gpt4omini,1,"1

**Reasoning"
0a8e03e1-ad7e-424e-97ee-0e527fe92137,askacademia_train,losing_generate_gpt5nano,3,"3

**Reasoning"
0a8e03e1-ad7e-424e-97ee-0e527fe92137,askacademia_train,losing_generate_llama,2,"2

**Reasoning"
0a8e03e1-ad7e-424e-97ee-0e527fe92137,askacademia_train,losing_generate_mistral,4,"4

This comment scores"
0a8e03e1-ad7e-424e-97ee-0e527fe92137,askacademia_train,losing_generate_qwen,2,"2

This comment does"
0a8e03e1-ad7e-424e-97ee-0e527fe92137,askacademia_train,losing_improve_claude,3,"3

This comment is"
0a8e03e1-ad7e-424e-97ee-0e527fe92137,askacademia_train,losing_improve_gemini,2,"2

This comment is"
0a8e03e1-ad7e-424e-97ee-0e527fe92137,askacademia_train,losing_improve_gpt4omini,2,"2

The comment scores"
0a8e03e1-ad7e-424e-97ee-0e527fe92137,askacademia_train,losing_improve_gpt5nano,2,"2

The comment assumes"
0a8e03e1-ad7e-424e-97ee-0e527fe92137,askacademia_train,losing_improve_llama,2,"2

This comment appears"
0a8e03e1-ad7e-424e-97ee-0e527fe92137,askacademia_train,losing_improve_mistral,2,"2

This comment scores"
0a8e03e1-ad7e-424e-97ee-0e527fe92137,askacademia_train,losing_improve_qwen,2,"2

This comment scores"
0a8e03e1-ad7e-424e-97ee-0e527fe92137,askacademia_train,losing_paraphrase_claude,3,"3

This comment is"
0a8e03e1-ad7e-424e-97ee-0e527fe92137,askacademia_train,losing_paraphrase_gemini,3,"3

This comment is"
0a8e03e1-ad7e-424e-97ee-0e527fe92137,askacademia_train,losing_paraphrase_gpt4omini,2,"2

This comment scores"
0a8e03e1-ad7e-424e-97ee-0e527fe92137,askacademia_train,losing_paraphrase_gpt5nano,2,"2

This comment scores"
0a8e03e1-ad7e-424e-97ee-0e527fe92137,askacademia_train,losing_paraphrase_llama,2,"2

The comment appears"
0a8e03e1-ad7e-424e-97ee-0e527fe92137,askacademia_train,losing_paraphrase_mistral,2,"2

This comment scores"
0a8e03e1-ad7e-424e-97ee-0e527fe92137,askacademia_train,losing_paraphrase_qwen,2,"2

This comment scores"
d3b6ae73-47de-4e1b-b1a3-7888337424ac,askacademia_train,winning_text,2,"2

This comment scores"
d3b6ae73-47de-4e1b-b1a3-7888337424ac,askacademia_train,losing_text,2,"2

The comment """
d3b6ae73-47de-4e1b-b1a3-7888337424ac,askacademia_train,losing_generate_claude,5,"5

This comment exc"
d3b6ae73-47de-4e1b-b1a3-7888337424ac,askacademia_train,losing_generate_gemini,5,"5

This comment scores"
d3b6ae73-47de-4e1b-b1a3-7888337424ac,askacademia_train,losing_generate_gpt4omini,3,"3

The comment provides"
d3b6ae73-47de-4e1b-b1a3-7888337424ac,askacademia_train,losing_generate_gpt5nano,5,"5

This comment scores"
d3b6ae73-47de-4e1b-b1a3-7888337424ac,askacademia_train,losing_generate_llama,2,"2

**Reasoning"
d3b6ae73-47de-4e1b-b1a3-7888337424ac,askacademia_train,losing_generate_mistral,2,"2

The comment provides"
d3b6ae73-47de-4e1b-b1a3-7888337424ac,askacademia_train,losing_generate_qwen,2,"2

The comment does"
d3b6ae73-47de-4e1b-b1a3-7888337424ac,askacademia_train,losing_improve_claude,2,"2

The comment fails"
d3b6ae73-47de-4e1b-b1a3-7888337424ac,askacademia_train,losing_improve_gemini,2,"2

This comment is"
d3b6ae73-47de-4e1b-b1a3-7888337424ac,askacademia_train,losing_improve_gpt4omini,2,"2

The comment assumes"
d3b6ae73-47de-4e1b-b1a3-7888337424ac,askacademia_train,losing_improve_gpt5nano,4,4
d3b6ae73-47de-4e1b-b1a3-7888337424ac,askacademia_train,losing_improve_llama,2,"2

This comment appears"
d3b6ae73-47de-4e1b-b1a3-7888337424ac,askacademia_train,losing_improve_mistral,2,"2

This comment fails"
d3b6ae73-47de-4e1b-b1a3-7888337424ac,askacademia_train,losing_improve_qwen,2,"2

This comment scores"
d3b6ae73-47de-4e1b-b1a3-7888337424ac,askacademia_train,losing_paraphrase_claude,3,"3

This comment is"
d3b6ae73-47de-4e1b-b1a3-7888337424ac,askacademia_train,losing_paraphrase_gemini,3,"3

This comment shares"
d3b6ae73-47de-4e1b-b1a3-7888337424ac,askacademia_train,losing_paraphrase_gpt4omini,2,"2

This comment scores"
d3b6ae73-47de-4e1b-b1a3-7888337424ac,askacademia_train,losing_paraphrase_gpt5nano,2,"2

This comment scores"
d3b6ae73-47de-4e1b-b1a3-7888337424ac,askacademia_train,losing_paraphrase_llama,2,"2

The comment appears"
d3b6ae73-47de-4e1b-b1a3-7888337424ac,askacademia_train,losing_paraphrase_mistral,2,"2

This comment scores"
d3b6ae73-47de-4e1b-b1a3-7888337424ac,askacademia_train,losing_paraphrase_qwen,2,"2

This comment scores"
01440904-0e40-4b7c-a877-41993417f19e,askacademia_train,winning_text,3,"3

The comment addresses"
01440904-0e40-4b7c-a877-41993417f19e,askacademia_train,losing_text,2,"2

The comment fails"
01440904-0e40-4b7c-a877-41993417f19e,askacademia_train,losing_generate_claude,5,"5

This comment exc"
01440904-0e40-4b7c-a877-41993417f19e,askacademia_train,losing_generate_gemini,5,"5

This comment scores"
01440904-0e40-4b7c-a877-41993417f19e,askacademia_train,losing_generate_gpt4omini,2,"2

**Reasoning"
01440904-0e40-4b7c-a877-41993417f19e,askacademia_train,losing_generate_gpt5nano,2,"2

The comment mis"
01440904-0e40-4b7c-a877-41993417f19e,askacademia_train,losing_generate_llama,2,"2

**Reasoning"
01440904-0e40-4b7c-a877-41993417f19e,askacademia_train,losing_generate_mistral,3,"3

The comment provides"
01440904-0e40-4b7c-a877-41993417f19e,askacademia_train,losing_generate_qwen,2,"2

This comment does"
01440904-0e40-4b7c-a877-41993417f19e,askacademia_train,losing_improve_claude,4,"4

This comment scores"
01440904-0e40-4b7c-a877-41993417f19e,askacademia_train,losing_improve_gemini,2,"2

The comment fails"
01440904-0e40-4b7c-a877-41993417f19e,askacademia_train,losing_improve_gpt4omini,3,"3

The comment provides"
01440904-0e40-4b7c-a877-41993417f19e,askacademia_train,losing_improve_gpt5nano,4,"4

This comment scores"
01440904-0e40-4b7c-a877-41993417f19e,askacademia_train,losing_improve_llama,4,"4

The comment scores"
01440904-0e40-4b7c-a877-41993417f19e,askacademia_train,losing_improve_mistral,2,"2

This comment lacks"
01440904-0e40-4b7c-a877-41993417f19e,askacademia_train,losing_improve_qwen,2,"2

The comment fails"
01440904-0e40-4b7c-a877-41993417f19e,askacademia_train,losing_paraphrase_claude,2,"2

The comment is"
01440904-0e40-4b7c-a877-41993417f19e,askacademia_train,losing_paraphrase_gemini,3,"3

This comment shares"
01440904-0e40-4b7c-a877-41993417f19e,askacademia_train,losing_paraphrase_gpt4omini,2,"2

This comment is"
01440904-0e40-4b7c-a877-41993417f19e,askacademia_train,losing_paraphrase_gpt5nano,2,"2

This comment fails"
01440904-0e40-4b7c-a877-41993417f19e,askacademia_train,losing_paraphrase_llama,3,"3

This comment provides"
01440904-0e40-4b7c-a877-41993417f19e,askacademia_train,losing_paraphrase_mistral,2,"2

This comment is"
01440904-0e40-4b7c-a877-41993417f19e,askacademia_train,losing_paraphrase_qwen,2,"2

This comment is"
3b5c48da-a8fe-4ab6-a587-c1a6772191f5,askacademia_train,winning_text,2,"2

This comment scores"
3b5c48da-a8fe-4ab6-a587-c1a6772191f5,askacademia_train,losing_text,2,"2

The comment fails"
3b5c48da-a8fe-4ab6-a587-c1a6772191f5,askacademia_train,losing_generate_claude,5,"5

This comment exc"
3b5c48da-a8fe-4ab6-a587-c1a6772191f5,askacademia_train,losing_generate_gemini,5,"5

This comment scores"
3b5c48da-a8fe-4ab6-a587-c1a6772191f5,askacademia_train,losing_generate_gpt4omini,2,"2

**Reasoning"
3b5c48da-a8fe-4ab6-a587-c1a6772191f5,askacademia_train,losing_generate_gpt5nano,2,"2

This comment fails"
3b5c48da-a8fe-4ab6-a587-c1a6772191f5,askacademia_train,losing_generate_llama,2,"2

The comment makes"
3b5c48da-a8fe-4ab6-a587-c1a6772191f5,askacademia_train,losing_generate_mistral,4,"4

This comment scores"
3b5c48da-a8fe-4ab6-a587-c1a6772191f5,askacademia_train,losing_generate_qwen,2,"2

The comment does"
3b5c48da-a8fe-4ab6-a587-c1a6772191f5,askacademia_train,losing_improve_claude,4,"4

This comment scores"
3b5c48da-a8fe-4ab6-a587-c1a6772191f5,askacademia_train,losing_improve_gemini,3,"3

This comment is"
3b5c48da-a8fe-4ab6-a587-c1a6772191f5,askacademia_train,losing_improve_gpt4omini,3,"3

**Reasoning"
3b5c48da-a8fe-4ab6-a587-c1a6772191f5,askacademia_train,losing_improve_gpt5nano,2,"2

This comment demonstrates"
3b5c48da-a8fe-4ab6-a587-c1a6772191f5,askacademia_train,losing_improve_llama,4,"4

The comment scores"
3b5c48da-a8fe-4ab6-a587-c1a6772191f5,askacademia_train,losing_improve_mistral,2,"2

This comment lacks"
3b5c48da-a8fe-4ab6-a587-c1a6772191f5,askacademia_train,losing_improve_qwen,2,"2

The comment fails"
3b5c48da-a8fe-4ab6-a587-c1a6772191f5,askacademia_train,losing_paraphrase_claude,2,"2

The comment is"
3b5c48da-a8fe-4ab6-a587-c1a6772191f5,askacademia_train,losing_paraphrase_gemini,4,"4

This comment scores"
3b5c48da-a8fe-4ab6-a587-c1a6772191f5,askacademia_train,losing_paraphrase_gpt4omini,2,"2

This comment is"
3b5c48da-a8fe-4ab6-a587-c1a6772191f5,askacademia_train,losing_paraphrase_gpt5nano,2,"2

The comment is"
3b5c48da-a8fe-4ab6-a587-c1a6772191f5,askacademia_train,losing_paraphrase_llama,3,"3

This comment provides"
3b5c48da-a8fe-4ab6-a587-c1a6772191f5,askacademia_train,losing_paraphrase_mistral,2,"2

This comment is"
3b5c48da-a8fe-4ab6-a587-c1a6772191f5,askacademia_train,losing_paraphrase_qwen,2,"2

This comment is"
3ed5aec2-7dfe-4686-8c17-3fa4db2b7963,askacademia_train,winning_text,3,"3

The comment addresses"
3ed5aec2-7dfe-4686-8c17-3fa4db2b7963,askacademia_train,losing_text,2,"2

This comment fails"
3ed5aec2-7dfe-4686-8c17-3fa4db2b7963,askacademia_train,losing_generate_claude,5,"5

This comment exc"
3ed5aec2-7dfe-4686-8c17-3fa4db2b7963,askacademia_train,losing_generate_gemini,5,"5

This comment scores"
3ed5aec2-7dfe-4686-8c17-3fa4db2b7963,askacademia_train,losing_generate_gpt4omini,2,"2

**Reasoning"
3ed5aec2-7dfe-4686-8c17-3fa4db2b7963,askacademia_train,losing_generate_gpt5nano,5,"5

This comment scores"
3ed5aec2-7dfe-4686-8c17-3fa4db2b7963,askacademia_train,losing_generate_llama,2,"2

**Reasoning"
3ed5aec2-7dfe-4686-8c17-3fa4db2b7963,askacademia_train,losing_generate_mistral,3,"3

The comment provides"
3ed5aec2-7dfe-4686-8c17-3fa4db2b7963,askacademia_train,losing_generate_qwen,2,"2

This comment does"
3ed5aec2-7dfe-4686-8c17-3fa4db2b7963,askacademia_train,losing_improve_claude,5,"5

This comment exc"
3ed5aec2-7dfe-4686-8c17-3fa4db2b7963,askacademia_train,losing_improve_gemini,2,"2

This comment has"
3ed5aec2-7dfe-4686-8c17-3fa4db2b7963,askacademia_train,losing_improve_gpt4omini,2,"2

**Reasoning"
3ed5aec2-7dfe-4686-8c17-3fa4db2b7963,askacademia_train,losing_improve_gpt5nano,2,"2

This comment is"
3ed5aec2-7dfe-4686-8c17-3fa4db2b7963,askacademia_train,losing_improve_llama,4,"4

The comment scores"
3ed5aec2-7dfe-4686-8c17-3fa4db2b7963,askacademia_train,losing_improve_mistral,2,"2

This comment lacks"
3ed5aec2-7dfe-4686-8c17-3fa4db2b7963,askacademia_train,losing_improve_qwen,2,"2

The comment fails"
3ed5aec2-7dfe-4686-8c17-3fa4db2b7963,askacademia_train,losing_paraphrase_claude,2,"2

The comment fails"
3ed5aec2-7dfe-4686-8c17-3fa4db2b7963,askacademia_train,losing_paraphrase_gemini,4,"4

This comment scores"
3ed5aec2-7dfe-4686-8c17-3fa4db2b7963,askacademia_train,losing_paraphrase_gpt4omini,2,"2

This comment is"
3ed5aec2-7dfe-4686-8c17-3fa4db2b7963,askacademia_train,losing_paraphrase_gpt5nano,2,"2

The comment is"
3ed5aec2-7dfe-4686-8c17-3fa4db2b7963,askacademia_train,losing_paraphrase_llama,3,"3

This comment provides"
3ed5aec2-7dfe-4686-8c17-3fa4db2b7963,askacademia_train,losing_paraphrase_mistral,2,"2

This comment is"
3ed5aec2-7dfe-4686-8c17-3fa4db2b7963,askacademia_train,losing_paraphrase_qwen,2,"2

This comment is"
6b8ea25c-868e-4f79-94cb-dd747a5d4666,askacademia_train,winning_text,2,"2

This comment scores"
6b8ea25c-868e-4f79-94cb-dd747a5d4666,askacademia_train,losing_text,2,"2

The comment fails"
6b8ea25c-868e-4f79-94cb-dd747a5d4666,askacademia_train,losing_generate_claude,5,"5

This comment exc"
6b8ea25c-868e-4f79-94cb-dd747a5d4666,askacademia_train,losing_generate_gemini,5,"5

This comment scores"
6b8ea25c-868e-4f79-94cb-dd747a5d4666,askacademia_train,losing_generate_gpt4omini,2,"2

**Reasoning"
6b8ea25c-868e-4f79-94cb-dd747a5d4666,askacademia_train,losing_generate_gpt5nano,2,"2

The comment fails"
6b8ea25c-868e-4f79-94cb-dd747a5d4666,askacademia_train,losing_generate_llama,2,"2

**Reasoning"
6b8ea25c-868e-4f79-94cb-dd747a5d4666,askacademia_train,losing_generate_mistral,2,"2

**Reasoning"
6b8ea25c-868e-4f79-94cb-dd747a5d4666,askacademia_train,losing_generate_qwen,2,"2

The comment does"
6b8ea25c-868e-4f79-94cb-dd747a5d4666,askacademia_train,losing_improve_claude,2,"2

This comment fails"
6b8ea25c-868e-4f79-94cb-dd747a5d4666,askacademia_train,losing_improve_gemini,2,"2

This comment has"
6b8ea25c-868e-4f79-94cb-dd747a5d4666,askacademia_train,losing_improve_gpt4omini,2,"2

**Reasoning"
6b8ea25c-868e-4f79-94cb-dd747a5d4666,askacademia_train,losing_improve_gpt5nano,4,"4

This comment scores"
6b8ea25c-868e-4f79-94cb-dd747a5d4666,askacademia_train,losing_improve_llama,4,"4

The comment scores"
6b8ea25c-868e-4f79-94cb-dd747a5d4666,askacademia_train,losing_improve_mistral,2,"2

This comment lacks"
6b8ea25c-868e-4f79-94cb-dd747a5d4666,askacademia_train,losing_improve_qwen,2,"2

The comment fails"
6b8ea25c-868e-4f79-94cb-dd747a5d4666,askacademia_train,losing_paraphrase_claude,2,"2

The comment is"
6b8ea25c-868e-4f79-94cb-dd747a5d4666,askacademia_train,losing_paraphrase_gemini,4,"4

This comment scores"
6b8ea25c-868e-4f79-94cb-dd747a5d4666,askacademia_train,losing_paraphrase_gpt4omini,2,"2

This comment is"
6b8ea25c-868e-4f79-94cb-dd747a5d4666,askacademia_train,losing_paraphrase_gpt5nano,2,"2

The comment fails"
6b8ea25c-868e-4f79-94cb-dd747a5d4666,askacademia_train,losing_paraphrase_llama,3,"3

This comment provides"
6b8ea25c-868e-4f79-94cb-dd747a5d4666,askacademia_train,losing_paraphrase_mistral,2,"2

This comment is"
6b8ea25c-868e-4f79-94cb-dd747a5d4666,askacademia_train,losing_paraphrase_qwen,2,"2

This comment is"
174a7dd7-d1e2-4448-9bc6-72daa891763c,askacademia_train,winning_text,2,"2

This comment scores"
174a7dd7-d1e2-4448-9bc6-72daa891763c,askacademia_train,losing_text,3,"3

The comment addresses"
174a7dd7-d1e2-4448-9bc6-72daa891763c,askacademia_train,losing_generate_claude,5,"5

This comment exc"
174a7dd7-d1e2-4448-9bc6-72daa891763c,askacademia_train,losing_generate_gemini,5,"5

This comment scores"
174a7dd7-d1e2-4448-9bc6-72daa891763c,askacademia_train,losing_generate_gpt4omini,2,"2

**Reasoning"
174a7dd7-d1e2-4448-9bc6-72daa891763c,askacademia_train,losing_generate_gpt5nano,2,"2

**Reasoning"
174a7dd7-d1e2-4448-9bc6-72daa891763c,askacademia_train,losing_generate_llama,2,"2

**Reasoning"
174a7dd7-d1e2-4448-9bc6-72daa891763c,askacademia_train,losing_generate_mistral,4,"4

This comment scores"
174a7dd7-d1e2-4448-9bc6-72daa891763c,askacademia_train,losing_generate_qwen,2,"2

This comment does"
174a7dd7-d1e2-4448-9bc6-72daa891763c,askacademia_train,losing_improve_claude,5,"5

This comment exc"
174a7dd7-d1e2-4448-9bc6-72daa891763c,askacademia_train,losing_improve_gemini,4,"4

The comment is"
174a7dd7-d1e2-4448-9bc6-72daa891763c,askacademia_train,losing_improve_gpt4omini,3,"3

The comment addresses"
174a7dd7-d1e2-4448-9bc6-72daa891763c,askacademia_train,losing_improve_gpt5nano,5,"5

This comment scores"
174a7dd7-d1e2-4448-9bc6-72daa891763c,askacademia_train,losing_improve_llama,3,"3

The comment provides"
174a7dd7-d1e2-4448-9bc6-72daa891763c,askacademia_train,losing_improve_mistral,4,"4

The comment is"
174a7dd7-d1e2-4448-9bc6-72daa891763c,askacademia_train,losing_improve_qwen,4,"4

This comment scores"
174a7dd7-d1e2-4448-9bc6-72daa891763c,askacademia_train,losing_paraphrase_claude,4,"4

The comment scores"
174a7dd7-d1e2-4448-9bc6-72daa891763c,askacademia_train,losing_paraphrase_gemini,4,"4

This comment scores"
174a7dd7-d1e2-4448-9bc6-72daa891763c,askacademia_train,losing_paraphrase_gpt4omini,3,"3

The comment addresses"
174a7dd7-d1e2-4448-9bc6-72daa891763c,askacademia_train,losing_paraphrase_gpt5nano,3,"3

The comment is"
174a7dd7-d1e2-4448-9bc6-72daa891763c,askacademia_train,losing_paraphrase_llama,3,"3

The comment addresses"
174a7dd7-d1e2-4448-9bc6-72daa891763c,askacademia_train,losing_paraphrase_mistral,3,"3

The comment addresses"
174a7dd7-d1e2-4448-9bc6-72daa891763c,askacademia_train,losing_paraphrase_qwen,4,"4

The comment is"
ef92f861-e5b4-4ce1-b984-9eac475a3517,askacademia_train,winning_text,2,"2

This comment scores"
ef92f861-e5b4-4ce1-b984-9eac475a3517,askacademia_train,losing_text,3,"3

The comment addresses"
ef92f861-e5b4-4ce1-b984-9eac475a3517,askacademia_train,losing_generate_claude,5,"5

This comment exc"
ef92f861-e5b4-4ce1-b984-9eac475a3517,askacademia_train,losing_generate_gemini,5,"5

This comment scores"
ef92f861-e5b4-4ce1-b984-9eac475a3517,askacademia_train,losing_generate_gpt4omini,2,"2

**Reasoning"
ef92f861-e5b4-4ce1-b984-9eac475a3517,askacademia_train,losing_generate_gpt5nano,5,"5

This comment exc"
ef92f861-e5b4-4ce1-b984-9eac475a3517,askacademia_train,losing_generate_llama,2,"2

**Reasoning"
ef92f861-e5b4-4ce1-b984-9eac475a3517,askacademia_train,losing_generate_mistral,4,"4

The comment scores"
ef92f861-e5b4-4ce1-b984-9eac475a3517,askacademia_train,losing_generate_qwen,2,"2

This comment does"
ef92f861-e5b4-4ce1-b984-9eac475a3517,askacademia_train,losing_improve_claude,5,"5

This comment exc"
ef92f861-e5b4-4ce1-b984-9eac475a3517,askacademia_train,losing_improve_gemini,4,"4

The comment is"
ef92f861-e5b4-4ce1-b984-9eac475a3517,askacademia_train,losing_improve_gpt4omini,4,"4

This comment scores"
ef92f861-e5b4-4ce1-b984-9eac475a3517,askacademia_train,losing_improve_gpt5nano,4,"4

This comment scores"
ef92f861-e5b4-4ce1-b984-9eac475a3517,askacademia_train,losing_improve_llama,4,"4

The comment scores"
ef92f861-e5b4-4ce1-b984-9eac475a3517,askacademia_train,losing_improve_mistral,4,"4

The comment is"
ef92f861-e5b4-4ce1-b984-9eac475a3517,askacademia_train,losing_improve_qwen,ERROR,BATCH_ERROR: expired
ef92f861-e5b4-4ce1-b984-9eac475a3517,askacademia_train,losing_paraphrase_claude,4,"4

The comment scores"
ef92f861-e5b4-4ce1-b984-9eac475a3517,askacademia_train,losing_paraphrase_gemini,4,"4

This comment scores"
ef92f861-e5b4-4ce1-b984-9eac475a3517,askacademia_train,losing_paraphrase_gpt4omini,3,"3

The comment addresses"
ef92f861-e5b4-4ce1-b984-9eac475a3517,askacademia_train,losing_paraphrase_gpt5nano,3,"3

The comment addresses"
ef92f861-e5b4-4ce1-b984-9eac475a3517,askacademia_train,losing_paraphrase_llama,3,"3

The comment addresses"
ef92f861-e5b4-4ce1-b984-9eac475a3517,askacademia_train,losing_paraphrase_mistral,3,"3

The comment addresses"
ef92f861-e5b4-4ce1-b984-9eac475a3517,askacademia_train,losing_paraphrase_qwen,4,"4

The comment is"
70643603-a227-4b43-b42a-95518e2adfb7,askacademia_train,winning_text,3,"3

This comment has"
70643603-a227-4b43-b42a-95518e2adfb7,askacademia_train,losing_text,2,"2

The comment has"
70643603-a227-4b43-b42a-95518e2adfb7,askacademia_train,losing_generate_claude,5,"5

This comment exc"
70643603-a227-4b43-b42a-95518e2adfb7,askacademia_train,losing_generate_gemini,5,"5

This comment scores"
70643603-a227-4b43-b42a-95518e2adfb7,askacademia_train,losing_generate_gpt4omini,2,"2

**Reasoning"
70643603-a227-4b43-b42a-95518e2adfb7,askacademia_train,losing_generate_gpt5nano,5,"5

This comment scores"
70643603-a227-4b43-b42a-95518e2adfb7,askacademia_train,losing_generate_llama,2,"2

**Reasoning"
70643603-a227-4b43-b42a-95518e2adfb7,askacademia_train,losing_generate_mistral,2,"2

The comment has"
70643603-a227-4b43-b42a-95518e2adfb7,askacademia_train,losing_generate_qwen,2,"2

This comment does"
70643603-a227-4b43-b42a-95518e2adfb7,askacademia_train,losing_improve_claude,2,"2

This comment appears"
70643603-a227-4b43-b42a-95518e2adfb7,askacademia_train,losing_improve_gemini,4,"4

This comment scores"
70643603-a227-4b43-b42a-95518e2adfb7,askacademia_train,losing_improve_gpt4omini,2,"2

The comment has"
70643603-a227-4b43-b42a-95518e2adfb7,askacademia_train,losing_improve_gpt5nano,4,"4

This comment scores"
70643603-a227-4b43-b42a-95518e2adfb7,askacademia_train,losing_improve_llama,4,"4

The comment scores"
70643603-a227-4b43-b42a-95518e2adfb7,askacademia_train,losing_improve_mistral,2,"2

**Reasoning"
70643603-a227-4b43-b42a-95518e2adfb7,askacademia_train,losing_improve_qwen,4,"4

This comment scores"
70643603-a227-4b43-b42a-95518e2adfb7,askacademia_train,losing_paraphrase_claude,3,"3

The comment has"
70643603-a227-4b43-b42a-95518e2adfb7,askacademia_train,losing_paraphrase_gemini,4,"4

This comment scores"
70643603-a227-4b43-b42a-95518e2adfb7,askacademia_train,losing_paraphrase_gpt4omini,2,"2

This comment has"
70643603-a227-4b43-b42a-95518e2adfb7,askacademia_train,losing_paraphrase_gpt5nano,3,"3

The comment is"
70643603-a227-4b43-b42a-95518e2adfb7,askacademia_train,losing_paraphrase_llama,2,"2

The comment fails"
70643603-a227-4b43-b42a-95518e2adfb7,askacademia_train,losing_paraphrase_mistral,3,"3

This comment is"
70643603-a227-4b43-b42a-95518e2adfb7,askacademia_train,losing_paraphrase_qwen,2,"2

This comment has"
037e6f05-8ec2-4a92-a4dd-f931bd1fa52d,askacademia_train,winning_text,2,"2

This comment fails"
037e6f05-8ec2-4a92-a4dd-f931bd1fa52d,askacademia_train,losing_text,2,"2

The comment has"
037e6f05-8ec2-4a92-a4dd-f931bd1fa52d,askacademia_train,losing_generate_claude,5,"5

This comment exc"
037e6f05-8ec2-4a92-a4dd-f931bd1fa52d,askacademia_train,losing_generate_gemini,5,"5

This comment scores"
037e6f05-8ec2-4a92-a4dd-f931bd1fa52d,askacademia_train,losing_generate_gpt4omini,2,"2

**Reasoning"
037e6f05-8ec2-4a92-a4dd-f931bd1fa52d,askacademia_train,losing_generate_gpt5nano,4,"4

This comment scores"
037e6f05-8ec2-4a92-a4dd-f931bd1fa52d,askacademia_train,losing_generate_llama,2,"2

**Reasoning"
037e6f05-8ec2-4a92-a4dd-f931bd1fa52d,askacademia_train,losing_generate_mistral,2,"2

The comment provides"
037e6f05-8ec2-4a92-a4dd-f931bd1fa52d,askacademia_train,losing_generate_qwen,2,"2

The comment does"
037e6f05-8ec2-4a92-a4dd-f931bd1fa52d,askacademia_train,losing_improve_claude,4,"4

This comment scores"
037e6f05-8ec2-4a92-a4dd-f931bd1fa52d,askacademia_train,losing_improve_gemini,4,"4

This comment scores"
037e6f05-8ec2-4a92-a4dd-f931bd1fa52d,askacademia_train,losing_improve_gpt4omini,2,"2

The comment has"
037e6f05-8ec2-4a92-a4dd-f931bd1fa52d,askacademia_train,losing_improve_gpt5nano,2,"2

This comment has"
037e6f05-8ec2-4a92-a4dd-f931bd1fa52d,askacademia_train,losing_improve_llama,4,"4

The comment scores"
037e6f05-8ec2-4a92-a4dd-f931bd1fa52d,askacademia_train,losing_improve_mistral,2,"2

**Reasoning"
037e6f05-8ec2-4a92-a4dd-f931bd1fa52d,askacademia_train,losing_improve_qwen,3,"3

The comment receives"
037e6f05-8ec2-4a92-a4dd-f931bd1fa52d,askacademia_train,losing_paraphrase_claude,4,"4

This comment scores"
037e6f05-8ec2-4a92-a4dd-f931bd1fa52d,askacademia_train,losing_paraphrase_gemini,4,"4

This comment scores"
037e6f05-8ec2-4a92-a4dd-f931bd1fa52d,askacademia_train,losing_paraphrase_gpt4omini,2,"2

This comment scores"
037e6f05-8ec2-4a92-a4dd-f931bd1fa52d,askacademia_train,losing_paraphrase_gpt5nano,2,"2

This comment scores"
037e6f05-8ec2-4a92-a4dd-f931bd1fa52d,askacademia_train,losing_paraphrase_llama,2,"2

The comment fails"
037e6f05-8ec2-4a92-a4dd-f931bd1fa52d,askacademia_train,losing_paraphrase_mistral,3,"3

This comment is"
037e6f05-8ec2-4a92-a4dd-f931bd1fa52d,askacademia_train,losing_paraphrase_qwen,2,"2

The comment has"
852ddcb1-21da-4644-a98b-b944d731d8df,askacademia_train,winning_text,2,"2

This comment scores"
852ddcb1-21da-4644-a98b-b944d731d8df,askacademia_train,losing_text,2,"2

The comment has"
852ddcb1-21da-4644-a98b-b944d731d8df,askacademia_train,losing_generate_claude,5,"5

This comment exc"
852ddcb1-21da-4644-a98b-b944d731d8df,askacademia_train,losing_generate_gemini,5,"5

This comment scores"
852ddcb1-21da-4644-a98b-b944d731d8df,askacademia_train,losing_generate_gpt4omini,3,"3

**Reasoning"
852ddcb1-21da-4644-a98b-b944d731d8df,askacademia_train,losing_generate_gpt5nano,3,"3

**Reasoning"
852ddcb1-21da-4644-a98b-b944d731d8df,askacademia_train,losing_generate_llama,2,"2

**Reasoning"
852ddcb1-21da-4644-a98b-b944d731d8df,askacademia_train,losing_generate_mistral,2,"2

The comment assumes"
852ddcb1-21da-4644-a98b-b944d731d8df,askacademia_train,losing_generate_qwen,2,"2

This comment does"
852ddcb1-21da-4644-a98b-b944d731d8df,askacademia_train,losing_improve_claude,3,"3

This comment appears"
852ddcb1-21da-4644-a98b-b944d731d8df,askacademia_train,losing_improve_gemini,4,"4

This comment scores"
852ddcb1-21da-4644-a98b-b944d731d8df,askacademia_train,losing_improve_gpt4omini,4,"4

This comment scores"
852ddcb1-21da-4644-a98b-b944d731d8df,askacademia_train,losing_improve_gpt5nano,2,"2

**Reasoning"
852ddcb1-21da-4644-a98b-b944d731d8df,askacademia_train,losing_improve_llama,4,"4

The comment scores"
852ddcb1-21da-4644-a98b-b944d731d8df,askacademia_train,losing_improve_mistral,2,"2

**Reasoning"
852ddcb1-21da-4644-a98b-b944d731d8df,askacademia_train,losing_improve_qwen,3,"3

The comment receives"
852ddcb1-21da-4644-a98b-b944d731d8df,askacademia_train,losing_paraphrase_claude,3,"3

The comment is"
852ddcb1-21da-4644-a98b-b944d731d8df,askacademia_train,losing_paraphrase_gemini,4,"4

This comment scores"
852ddcb1-21da-4644-a98b-b944d731d8df,askacademia_train,losing_paraphrase_gpt4omini,2,"2

The comment has"
852ddcb1-21da-4644-a98b-b944d731d8df,askacademia_train,losing_paraphrase_gpt5nano,3,"3

The comment is"
852ddcb1-21da-4644-a98b-b944d731d8df,askacademia_train,losing_paraphrase_llama,2,"2

The comment fails"
852ddcb1-21da-4644-a98b-b944d731d8df,askacademia_train,losing_paraphrase_mistral,3,"3

This comment is"
852ddcb1-21da-4644-a98b-b944d731d8df,askacademia_train,losing_paraphrase_qwen,2,"2

This comment has"
669ff101-0eb4-4387-97a3-50cb6e2ceaa0,askacademia_train,winning_text,2,"2

This comment scores"
669ff101-0eb4-4387-97a3-50cb6e2ceaa0,askacademia_train,losing_text,3,"3

This comment addresses"
669ff101-0eb4-4387-97a3-50cb6e2ceaa0,askacademia_train,losing_generate_claude,5,"5

This comment exc"
669ff101-0eb4-4387-97a3-50cb6e2ceaa0,askacademia_train,losing_generate_gemini,5,"5

This comment scores"
669ff101-0eb4-4387-97a3-50cb6e2ceaa0,askacademia_train,losing_generate_gpt4omini,2,"2

**Reasoning"
669ff101-0eb4-4387-97a3-50cb6e2ceaa0,askacademia_train,losing_generate_gpt5nano,2,"2

**Reasoning"
669ff101-0eb4-4387-97a3-50cb6e2ceaa0,askacademia_train,losing_generate_llama,2,"2

**Reasoning"
669ff101-0eb4-4387-97a3-50cb6e2ceaa0,askacademia_train,losing_generate_mistral,2,"2

**Reasoning"
669ff101-0eb4-4387-97a3-50cb6e2ceaa0,askacademia_train,losing_generate_qwen,2,"2

This comment does"
669ff101-0eb4-4387-97a3-50cb6e2ceaa0,askacademia_train,losing_improve_claude,4,"4

This comment scores"
669ff101-0eb4-4387-97a3-50cb6e2ceaa0,askacademia_train,losing_improve_gemini,3,"3

The comment addresses"
669ff101-0eb4-4387-97a3-50cb6e2ceaa0,askacademia_train,losing_improve_gpt4omini,4,"4

This comment scores"
669ff101-0eb4-4387-97a3-50cb6e2ceaa0,askacademia_train,losing_improve_gpt5nano,4,"4

This comment scores"
669ff101-0eb4-4387-97a3-50cb6e2ceaa0,askacademia_train,losing_improve_llama,4,"4

This comment scores"
669ff101-0eb4-4387-97a3-50cb6e2ceaa0,askacademia_train,losing_improve_mistral,2,"2

The comment makes"
669ff101-0eb4-4387-97a3-50cb6e2ceaa0,askacademia_train,losing_improve_qwen,3,"3

The comment addresses"
669ff101-0eb4-4387-97a3-50cb6e2ceaa0,askacademia_train,losing_paraphrase_claude,3,"3

The comment addresses"
669ff101-0eb4-4387-97a3-50cb6e2ceaa0,askacademia_train,losing_paraphrase_gemini,4,"4

This comment scores"
669ff101-0eb4-4387-97a3-50cb6e2ceaa0,askacademia_train,losing_paraphrase_gpt4omini,3,"3

The comment has"
669ff101-0eb4-4387-97a3-50cb6e2ceaa0,askacademia_train,losing_paraphrase_gpt5nano,3,"3

The comment has"
669ff101-0eb4-4387-97a3-50cb6e2ceaa0,askacademia_train,losing_paraphrase_llama,2,"2

The comment has"
669ff101-0eb4-4387-97a3-50cb6e2ceaa0,askacademia_train,losing_paraphrase_mistral,3,"3

The comment addresses"
669ff101-0eb4-4387-97a3-50cb6e2ceaa0,askacademia_train,losing_paraphrase_qwen,4,"4

The comment scores"
7ec12c56-e577-4088-8315-3d9ff4afea8d,askacademia_train,winning_text,2,"2

This comment scores"
7ec12c56-e577-4088-8315-3d9ff4afea8d,askacademia_train,losing_text,2,"2

This comment fails"
7ec12c56-e577-4088-8315-3d9ff4afea8d,askacademia_train,losing_generate_claude,5,"5

This comment exc"
7ec12c56-e577-4088-8315-3d9ff4afea8d,askacademia_train,losing_generate_gemini,5,"5

This comment scores"
7ec12c56-e577-4088-8315-3d9ff4afea8d,askacademia_train,losing_generate_gpt4omini,2,"2

**Reasoning"
7ec12c56-e577-4088-8315-3d9ff4afea8d,askacademia_train,losing_generate_gpt5nano,2,"2

This comment has"
7ec12c56-e577-4088-8315-3d9ff4afea8d,askacademia_train,losing_generate_llama,2,"2

**Reasoning"
7ec12c56-e577-4088-8315-3d9ff4afea8d,askacademia_train,losing_generate_mistral,2,"2

**Reasoning"
7ec12c56-e577-4088-8315-3d9ff4afea8d,askacademia_train,losing_generate_qwen,2,"2

The comment does"
7ec12c56-e577-4088-8315-3d9ff4afea8d,askacademia_train,losing_improve_claude,2,"2

This comment lacks"
7ec12c56-e577-4088-8315-3d9ff4afea8d,askacademia_train,losing_improve_gemini,2,"2

This comment is"
7ec12c56-e577-4088-8315-3d9ff4afea8d,askacademia_train,losing_improve_gpt4omini,2,"2

The comment fails"
7ec12c56-e577-4088-8315-3d9ff4afea8d,askacademia_train,losing_improve_gpt5nano,2,"2

This comment has"
7ec12c56-e577-4088-8315-3d9ff4afea8d,askacademia_train,losing_improve_llama,1,"1

This comment appears"
7ec12c56-e577-4088-8315-3d9ff4afea8d,askacademia_train,losing_improve_mistral,2,"2

This comment has"
7ec12c56-e577-4088-8315-3d9ff4afea8d,askacademia_train,losing_improve_qwen,1,"1

The comment ""["
7ec12c56-e577-4088-8315-3d9ff4afea8d,askacademia_train,losing_paraphrase_claude,2,"2

This comment is"
7ec12c56-e577-4088-8315-3d9ff4afea8d,askacademia_train,losing_paraphrase_gemini,4,"4

This comment scores"
7ec12c56-e577-4088-8315-3d9ff4afea8d,askacademia_train,losing_paraphrase_gpt4omini,2,"2

This comment appears"
7ec12c56-e577-4088-8315-3d9ff4afea8d,askacademia_train,losing_paraphrase_gpt5nano,2,"2

This comment scores"
7ec12c56-e577-4088-8315-3d9ff4afea8d,askacademia_train,losing_paraphrase_llama,2,"2

This comment scores"
7ec12c56-e577-4088-8315-3d9ff4afea8d,askacademia_train,losing_paraphrase_mistral,2,"2

This comment appears"
7ec12c56-e577-4088-8315-3d9ff4afea8d,askacademia_train,losing_paraphrase_qwen,2,"2

This comment fails"
3543e4db-1d24-432d-9f46-91d358490d40,askacademia_train,winning_text,3,"3

This comment addresses"
3543e4db-1d24-432d-9f46-91d358490d40,askacademia_train,losing_text,2,"2

This comment appears"
3543e4db-1d24-432d-9f46-91d358490d40,askacademia_train,losing_generate_claude,5,"5

This comment exc"
3543e4db-1d24-432d-9f46-91d358490d40,askacademia_train,losing_generate_gemini,5,"5

This comment scores"
3543e4db-1d24-432d-9f46-91d358490d40,askacademia_train,losing_generate_gpt4omini,3,"3

This comment provides"
3543e4db-1d24-432d-9f46-91d358490d40,askacademia_train,losing_generate_gpt5nano,5,"5

This comment exc"
3543e4db-1d24-432d-9f46-91d358490d40,askacademia_train,losing_generate_llama,2,"2

**Reasoning"
3543e4db-1d24-432d-9f46-91d358490d40,askacademia_train,losing_generate_mistral,3,"3

The comment provides"
3543e4db-1d24-432d-9f46-91d358490d40,askacademia_train,losing_generate_qwen,2,"2

This comment does"
3543e4db-1d24-432d-9f46-91d358490d40,askacademia_train,losing_improve_claude,1,"1

This comment completely"
3543e4db-1d24-432d-9f46-91d358490d40,askacademia_train,losing_improve_gemini,4,"4

This comment scores"
3543e4db-1d24-432d-9f46-91d358490d40,askacademia_train,losing_improve_gpt4omini,5,"5

This comment exc"
3543e4db-1d24-432d-9f46-91d358490d40,askacademia_train,losing_improve_gpt5nano,5,"5

This comment exc"
3543e4db-1d24-432d-9f46-91d358490d40,askacademia_train,losing_improve_llama,2,"2

**Reasoning"
3543e4db-1d24-432d-9f46-91d358490d40,askacademia_train,losing_improve_mistral,2,"2

This appears to"
3543e4db-1d24-432d-9f46-91d358490d40,askacademia_train,losing_improve_qwen,4,"4

This comment scores"
3543e4db-1d24-432d-9f46-91d358490d40,askacademia_train,losing_paraphrase_claude,2,"2

This comment appears"
3543e4db-1d24-432d-9f46-91d358490d40,askacademia_train,losing_paraphrase_gemini,4,"4

This comment scores"
3543e4db-1d24-432d-9f46-91d358490d40,askacademia_train,losing_paraphrase_gpt4omini,2,"2

This comment appears"
3543e4db-1d24-432d-9f46-91d358490d40,askacademia_train,losing_paraphrase_gpt5nano,2,"2

This comment has"
3543e4db-1d24-432d-9f46-91d358490d40,askacademia_train,losing_paraphrase_llama,2,"2

This comment appears"
3543e4db-1d24-432d-9f46-91d358490d40,askacademia_train,losing_paraphrase_mistral,2,"2

This comment appears"
3543e4db-1d24-432d-9f46-91d358490d40,askacademia_train,losing_paraphrase_qwen,2,"2

This comment appears"
5ae23fae-e8ff-4a1a-a668-6f93b9384fe5,askacademia_train,winning_text,2,"2

The comment lacks"
5ae23fae-e8ff-4a1a-a668-6f93b9384fe5,askacademia_train,losing_text,2,"2

This comment appears"
5ae23fae-e8ff-4a1a-a668-6f93b9384fe5,askacademia_train,losing_generate_claude,5,"5

This comment exc"
5ae23fae-e8ff-4a1a-a668-6f93b9384fe5,askacademia_train,losing_generate_gemini,5,"5

This comment scores"
5ae23fae-e8ff-4a1a-a668-6f93b9384fe5,askacademia_train,losing_generate_gpt4omini,2,"2

**Reasoning"
5ae23fae-e8ff-4a1a-a668-6f93b9384fe5,askacademia_train,losing_generate_gpt5nano,2,"2

This comment has"
5ae23fae-e8ff-4a1a-a668-6f93b9384fe5,askacademia_train,losing_generate_llama,2,"2

**Reasoning"
5ae23fae-e8ff-4a1a-a668-6f93b9384fe5,askacademia_train,losing_generate_mistral,2,"2

**Reasoning"
5ae23fae-e8ff-4a1a-a668-6f93b9384fe5,askacademia_train,losing_generate_qwen,2,"2

This comment does"
5ae23fae-e8ff-4a1a-a668-6f93b9384fe5,askacademia_train,losing_improve_claude,1,"1

This comment completely"
5ae23fae-e8ff-4a1a-a668-6f93b9384fe5,askacademia_train,losing_improve_gemini,4,"4

This comment scores"
5ae23fae-e8ff-4a1a-a668-6f93b9384fe5,askacademia_train,losing_improve_gpt4omini,5,"5

This comment scores"
5ae23fae-e8ff-4a1a-a668-6f93b9384fe5,askacademia_train,losing_improve_gpt5nano,5,"5

This comment scores"
5ae23fae-e8ff-4a1a-a668-6f93b9384fe5,askacademia_train,losing_improve_llama,2,"2

This appears to"
5ae23fae-e8ff-4a1a-a668-6f93b9384fe5,askacademia_train,losing_improve_mistral,2,"2

This appears to"
5ae23fae-e8ff-4a1a-a668-6f93b9384fe5,askacademia_train,losing_improve_qwen,4,"4

This comment scores"
5ae23fae-e8ff-4a1a-a668-6f93b9384fe5,askacademia_train,losing_paraphrase_claude,3,"3

This comment appears"
5ae23fae-e8ff-4a1a-a668-6f93b9384fe5,askacademia_train,losing_paraphrase_gemini,2,"2

This comment scores"
5ae23fae-e8ff-4a1a-a668-6f93b9384fe5,askacademia_train,losing_paraphrase_gpt4omini,3,"3

This appears to"
5ae23fae-e8ff-4a1a-a668-6f93b9384fe5,askacademia_train,losing_paraphrase_gpt5nano,3,"3

This appears to"
5ae23fae-e8ff-4a1a-a668-6f93b9384fe5,askacademia_train,losing_paraphrase_llama,2,"2

This comment appears"
5ae23fae-e8ff-4a1a-a668-6f93b9384fe5,askacademia_train,losing_paraphrase_mistral,2,"2

This comment appears"
5ae23fae-e8ff-4a1a-a668-6f93b9384fe5,askacademia_train,losing_paraphrase_qwen,2,"2

This comment appears"
a1bf7718-0903-4259-bee0-1896ba005896,askacademia_train,winning_text,4,"4

This comment scores"
a1bf7718-0903-4259-bee0-1896ba005896,askacademia_train,losing_text,2,"2

This comment appears"
a1bf7718-0903-4259-bee0-1896ba005896,askacademia_train,losing_generate_claude,5,"5

This comment exc"
a1bf7718-0903-4259-bee0-1896ba005896,askacademia_train,losing_generate_gemini,5,"5

This comment scores"
a1bf7718-0903-4259-bee0-1896ba005896,askacademia_train,losing_generate_gpt4omini,2,"2

**Reasoning"
a1bf7718-0903-4259-bee0-1896ba005896,askacademia_train,losing_generate_gpt5nano,5,"5

This comment exc"
a1bf7718-0903-4259-bee0-1896ba005896,askacademia_train,losing_generate_llama,2,"2

**Reasoning"
a1bf7718-0903-4259-bee0-1896ba005896,askacademia_train,losing_generate_mistral,2,"2

**Reasoning"
a1bf7718-0903-4259-bee0-1896ba005896,askacademia_train,losing_generate_qwen,2,"2

This comment does"
a1bf7718-0903-4259-bee0-1896ba005896,askacademia_train,losing_improve_claude,1,"1

This comment completely"
a1bf7718-0903-4259-bee0-1896ba005896,askacademia_train,losing_improve_gemini,2,"2

This comment doesn"
a1bf7718-0903-4259-bee0-1896ba005896,askacademia_train,losing_improve_gpt4omini,5,"5

This comment scores"
a1bf7718-0903-4259-bee0-1896ba005896,askacademia_train,losing_improve_gpt5nano,5,"5

This comment exc"
a1bf7718-0903-4259-bee0-1896ba005896,askacademia_train,losing_improve_llama,2,"2

This appears to"
a1bf7718-0903-4259-bee0-1896ba005896,askacademia_train,losing_improve_mistral,2,"2

This appears to"
a1bf7718-0903-4259-bee0-1896ba005896,askacademia_train,losing_improve_qwen,4,"4

This comment scores"
a1bf7718-0903-4259-bee0-1896ba005896,askacademia_train,losing_paraphrase_claude,2,"2

This comment doesn"
a1bf7718-0903-4259-bee0-1896ba005896,askacademia_train,losing_paraphrase_gemini,4,"4

This comment scores"
a1bf7718-0903-4259-bee0-1896ba005896,askacademia_train,losing_paraphrase_gpt4omini,4,"4

This comment effectively"
a1bf7718-0903-4259-bee0-1896ba005896,askacademia_train,losing_paraphrase_gpt5nano,3,"3

This appears to"
a1bf7718-0903-4259-bee0-1896ba005896,askacademia_train,losing_paraphrase_llama,2,"2

This comment appears"
a1bf7718-0903-4259-bee0-1896ba005896,askacademia_train,losing_paraphrase_mistral,2,"2

This comment appears"
a1bf7718-0903-4259-bee0-1896ba005896,askacademia_train,losing_paraphrase_qwen,2,"2

This comment has"
fd7a8939-54da-4f73-aa5a-b6ceb3206110,askacademia_train,winning_text,3,"3

This comment addresses"
fd7a8939-54da-4f73-aa5a-b6ceb3206110,askacademia_train,losing_text,3,"3

This comment addresses"
fd7a8939-54da-4f73-aa5a-b6ceb3206110,askacademia_train,losing_generate_claude,5,"5

This comment exc"
fd7a8939-54da-4f73-aa5a-b6ceb3206110,askacademia_train,losing_generate_gemini,5,"5

This comment scores"
fd7a8939-54da-4f73-aa5a-b6ceb3206110,askacademia_train,losing_generate_gpt4omini,2,"2

**Reasoning"
fd7a8939-54da-4f73-aa5a-b6ceb3206110,askacademia_train,losing_generate_gpt5nano,2,"2

The comment fundament"
fd7a8939-54da-4f73-aa5a-b6ceb3206110,askacademia_train,losing_generate_llama,2,"2

**Reasoning"
fd7a8939-54da-4f73-aa5a-b6ceb3206110,askacademia_train,losing_generate_mistral,2,"2

The comment provides"
fd7a8939-54da-4f73-aa5a-b6ceb3206110,askacademia_train,losing_generate_qwen,2,"2

This comment does"
fd7a8939-54da-4f73-aa5a-b6ceb3206110,askacademia_train,losing_improve_claude,1,"1

**Reasoning"
fd7a8939-54da-4f73-aa5a-b6ceb3206110,askacademia_train,losing_improve_gemini,3,"3

This comment addresses"
fd7a8939-54da-4f73-aa5a-b6ceb3206110,askacademia_train,losing_improve_gpt4omini,3,"3

The comment addresses"
fd7a8939-54da-4f73-aa5a-b6ceb3206110,askacademia_train,losing_improve_gpt5nano,3,"3

The comment addresses"
fd7a8939-54da-4f73-aa5a-b6ceb3206110,askacademia_train,losing_improve_llama,2,"2

**Reasoning"
fd7a8939-54da-4f73-aa5a-b6ceb3206110,askacademia_train,losing_improve_mistral,3,"3

This comment receives"
fd7a8939-54da-4f73-aa5a-b6ceb3206110,askacademia_train,losing_improve_qwen,2,"2

**Reasoning"
fd7a8939-54da-4f73-aa5a-b6ceb3206110,askacademia_train,losing_paraphrase_claude,4,"4

This comment scores"
fd7a8939-54da-4f73-aa5a-b6ceb3206110,askacademia_train,losing_paraphrase_gemini,4,"4

The comment scores"
fd7a8939-54da-4f73-aa5a-b6ceb3206110,askacademia_train,losing_paraphrase_gpt4omini,3,"3

This comment receives"
fd7a8939-54da-4f73-aa5a-b6ceb3206110,askacademia_train,losing_paraphrase_gpt5nano,3,"3

This comment receives"
fd7a8939-54da-4f73-aa5a-b6ceb3206110,askacademia_train,losing_paraphrase_llama,3,"3

This comment receives"
fd7a8939-54da-4f73-aa5a-b6ceb3206110,askacademia_train,losing_paraphrase_mistral,3,"3

This comment receives"
fd7a8939-54da-4f73-aa5a-b6ceb3206110,askacademia_train,losing_paraphrase_qwen,2,"2

The comment discusses"
b7be74dc-8d2c-4ccf-a1aa-1d6380f899e6,askacademia_train,winning_text,2,"2

The comment lacks"
b7be74dc-8d2c-4ccf-a1aa-1d6380f899e6,askacademia_train,losing_text,3,"3

This comment addresses"
b7be74dc-8d2c-4ccf-a1aa-1d6380f899e6,askacademia_train,losing_generate_claude,5,"5

This comment exc"
b7be74dc-8d2c-4ccf-a1aa-1d6380f899e6,askacademia_train,losing_generate_gemini,5,"5

This comment scores"
b7be74dc-8d2c-4ccf-a1aa-1d6380f899e6,askacademia_train,losing_generate_gpt4omini,2,"2

**Reasoning"
b7be74dc-8d2c-4ccf-a1aa-1d6380f899e6,askacademia_train,losing_generate_gpt5nano,2,"2

**Reasoning"
b7be74dc-8d2c-4ccf-a1aa-1d6380f899e6,askacademia_train,losing_generate_llama,2,"2

**Reasoning"
b7be74dc-8d2c-4ccf-a1aa-1d6380f899e6,askacademia_train,losing_generate_mistral,2,"2

**Reasoning"
b7be74dc-8d2c-4ccf-a1aa-1d6380f899e6,askacademia_train,losing_generate_qwen,2,"2

This comment does"
b7be74dc-8d2c-4ccf-a1aa-1d6380f899e6,askacademia_train,losing_improve_claude,4,"4

This comment scores"
b7be74dc-8d2c-4ccf-a1aa-1d6380f899e6,askacademia_train,losing_improve_gemini,3,"3

This comment addresses"
b7be74dc-8d2c-4ccf-a1aa-1d6380f899e6,askacademia_train,losing_improve_gpt4omini,2,"2

**Reasoning"
b7be74dc-8d2c-4ccf-a1aa-1d6380f899e6,askacademia_train,losing_improve_gpt5nano,5,"5

This comment exc"
b7be74dc-8d2c-4ccf-a1aa-1d6380f899e6,askacademia_train,losing_improve_llama,2,"2

**Reasoning"
b7be74dc-8d2c-4ccf-a1aa-1d6380f899e6,askacademia_train,losing_improve_mistral,2,"2

**Reasoning"
b7be74dc-8d2c-4ccf-a1aa-1d6380f899e6,askacademia_train,losing_improve_qwen,2,"2

**Reasoning"
b7be74dc-8d2c-4ccf-a1aa-1d6380f899e6,askacademia_train,losing_paraphrase_claude,4,"4

This comment scores"
b7be74dc-8d2c-4ccf-a1aa-1d6380f899e6,askacademia_train,losing_paraphrase_gemini,4,"4

The comment scores"
b7be74dc-8d2c-4ccf-a1aa-1d6380f899e6,askacademia_train,losing_paraphrase_gpt4omini,3,"3

This comment receives"
b7be74dc-8d2c-4ccf-a1aa-1d6380f899e6,askacademia_train,losing_paraphrase_gpt5nano,4,"4

This comment scores"
b7be74dc-8d2c-4ccf-a1aa-1d6380f899e6,askacademia_train,losing_paraphrase_llama,2,"2

This comment has"
b7be74dc-8d2c-4ccf-a1aa-1d6380f899e6,askacademia_train,losing_paraphrase_mistral,3,"3

This comment addresses"
b7be74dc-8d2c-4ccf-a1aa-1d6380f899e6,askacademia_train,losing_paraphrase_qwen,3,"3

This comment receives"
8e3a45bb-53da-4669-b7b4-24cf00e66d62,askacademia_train,winning_text,3,"3

The comment addresses"
8e3a45bb-53da-4669-b7b4-24cf00e66d62,askacademia_train,losing_text,3,"3

This comment scores"
8e3a45bb-53da-4669-b7b4-24cf00e66d62,askacademia_train,losing_generate_claude,5,"5

This comment exc"
8e3a45bb-53da-4669-b7b4-24cf00e66d62,askacademia_train,losing_generate_gemini,5,"5

This comment scores"
8e3a45bb-53da-4669-b7b4-24cf00e66d62,askacademia_train,losing_generate_gpt4omini,2,"2

**Reasoning"
8e3a45bb-53da-4669-b7b4-24cf00e66d62,askacademia_train,losing_generate_gpt5nano,5,"5

This comment scores"
8e3a45bb-53da-4669-b7b4-24cf00e66d62,askacademia_train,losing_generate_llama,2,"2

**Reasoning"
8e3a45bb-53da-4669-b7b4-24cf00e66d62,askacademia_train,losing_generate_mistral,2,"2

**Reasoning"
8e3a45bb-53da-4669-b7b4-24cf00e66d62,askacademia_train,losing_generate_qwen,2,"2

The comment does"
8e3a45bb-53da-4669-b7b4-24cf00e66d62,askacademia_train,losing_improve_claude,2,"2

**Reasoning"
8e3a45bb-53da-4669-b7b4-24cf00e66d62,askacademia_train,losing_improve_gemini,3,"3

This comment addresses"
8e3a45bb-53da-4669-b7b4-24cf00e66d62,askacademia_train,losing_improve_gpt4omini,4,"4

This comment scores"
8e3a45bb-53da-4669-b7b4-24cf00e66d62,askacademia_train,losing_improve_gpt5nano,5,"5

This comment exc"
8e3a45bb-53da-4669-b7b4-24cf00e66d62,askacademia_train,losing_improve_llama,2,"2

**Reasoning"
8e3a45bb-53da-4669-b7b4-24cf00e66d62,askacademia_train,losing_improve_mistral,3,"3

This comment addresses"
8e3a45bb-53da-4669-b7b4-24cf00e66d62,askacademia_train,losing_improve_qwen,2,"2

**Reasoning"
8e3a45bb-53da-4669-b7b4-24cf00e66d62,askacademia_train,losing_paraphrase_claude,4,"4

This comment scores"
8e3a45bb-53da-4669-b7b4-24cf00e66d62,askacademia_train,losing_paraphrase_gemini,4,"4

The comment scores"
8e3a45bb-53da-4669-b7b4-24cf00e66d62,askacademia_train,losing_paraphrase_gpt4omini,3,"3

This comment receives"
8e3a45bb-53da-4669-b7b4-24cf00e66d62,askacademia_train,losing_paraphrase_gpt5nano,3,"3

This comment receives"
8e3a45bb-53da-4669-b7b4-24cf00e66d62,askacademia_train,losing_paraphrase_llama,2,"2

This comment has"
8e3a45bb-53da-4669-b7b4-24cf00e66d62,askacademia_train,losing_paraphrase_mistral,3,"3

This comment receives"
8e3a45bb-53da-4669-b7b4-24cf00e66d62,askacademia_train,losing_paraphrase_qwen,3,"3

The comment addresses"
24c000fd-f544-4887-b521-1d6f7c74602d,askacademia_train,winning_text,4,"4

This comment scores"
24c000fd-f544-4887-b521-1d6f7c74602d,askacademia_train,losing_text,3,"3

This comment addresses"
24c000fd-f544-4887-b521-1d6f7c74602d,askacademia_train,losing_generate_claude,5,"5

This comment exc"
24c000fd-f544-4887-b521-1d6f7c74602d,askacademia_train,losing_generate_gemini,5,"5

This comment scores"
24c000fd-f544-4887-b521-1d6f7c74602d,askacademia_train,losing_generate_gpt4omini,1,"1

**Reasoning"
24c000fd-f544-4887-b521-1d6f7c74602d,askacademia_train,losing_generate_gpt5nano,5,"5

This comment scores"
24c000fd-f544-4887-b521-1d6f7c74602d,askacademia_train,losing_generate_llama,2,"2

**Reasoning"
24c000fd-f544-4887-b521-1d6f7c74602d,askacademia_train,losing_generate_mistral,2,"2

The comment provides"
24c000fd-f544-4887-b521-1d6f7c74602d,askacademia_train,losing_generate_qwen,2,"2

The comment does"
24c000fd-f544-4887-b521-1d6f7c74602d,askacademia_train,losing_improve_claude,4,"4

This comment scores"
24c000fd-f544-4887-b521-1d6f7c74602d,askacademia_train,losing_improve_gemini,3,"3

This comment addresses"
24c000fd-f544-4887-b521-1d6f7c74602d,askacademia_train,losing_improve_gpt4omini,3,"3

This comment receives"
24c000fd-f544-4887-b521-1d6f7c74602d,askacademia_train,losing_improve_gpt5nano,4,"4

This comment scores"
24c000fd-f544-4887-b521-1d6f7c74602d,askacademia_train,losing_improve_llama,2,"2

**Reasoning"
24c000fd-f544-4887-b521-1d6f7c74602d,askacademia_train,losing_improve_mistral,3,"3

This comment receives"
24c000fd-f544-4887-b521-1d6f7c74602d,askacademia_train,losing_improve_qwen,2,"2

**Reasoning"
24c000fd-f544-4887-b521-1d6f7c74602d,askacademia_train,losing_paraphrase_claude,4,"4

This comment scores"
24c000fd-f544-4887-b521-1d6f7c74602d,askacademia_train,losing_paraphrase_gemini,2,"2

This comment shares"
24c000fd-f544-4887-b521-1d6f7c74602d,askacademia_train,losing_paraphrase_gpt4omini,3,"3

This comment receives"
24c000fd-f544-4887-b521-1d6f7c74602d,askacademia_train,losing_paraphrase_gpt5nano,4,"4

This comment scores"
24c000fd-f544-4887-b521-1d6f7c74602d,askacademia_train,losing_paraphrase_llama,2,"2

This comment has"
24c000fd-f544-4887-b521-1d6f7c74602d,askacademia_train,losing_paraphrase_mistral,3,"3

This comment receives"
24c000fd-f544-4887-b521-1d6f7c74602d,askacademia_train,losing_paraphrase_qwen,3,"3

The comment addresses"
c7a84565-29f2-45e1-b5c8-ea830089dafd,askacademia_train,winning_text,4,"4

The comment is"
c7a84565-29f2-45e1-b5c8-ea830089dafd,askacademia_train,losing_text,3,"3

This comment addresses"
c7a84565-29f2-45e1-b5c8-ea830089dafd,askacademia_train,losing_generate_claude,5,"5

This comment exc"
c7a84565-29f2-45e1-b5c8-ea830089dafd,askacademia_train,losing_generate_gemini,5,"5

This comment scores"
c7a84565-29f2-45e1-b5c8-ea830089dafd,askacademia_train,losing_generate_gpt4omini,2,"2

**Reasoning"
c7a84565-29f2-45e1-b5c8-ea830089dafd,askacademia_train,losing_generate_gpt5nano,5,"5

This comment scores"
c7a84565-29f2-45e1-b5c8-ea830089dafd,askacademia_train,losing_generate_llama,2,"2

**Reasoning"
c7a84565-29f2-45e1-b5c8-ea830089dafd,askacademia_train,losing_generate_mistral,4,"4

This comment scores"
c7a84565-29f2-45e1-b5c8-ea830089dafd,askacademia_train,losing_generate_qwen,2,"2

This comment does"
c7a84565-29f2-45e1-b5c8-ea830089dafd,askacademia_train,losing_improve_claude,2,"2

**Reasoning"
c7a84565-29f2-45e1-b5c8-ea830089dafd,askacademia_train,losing_improve_gemini,3,"3

This comment addresses"
c7a84565-29f2-45e1-b5c8-ea830089dafd,askacademia_train,losing_improve_gpt4omini,3,"3

**Reasoning"
c7a84565-29f2-45e1-b5c8-ea830089dafd,askacademia_train,losing_improve_gpt5nano,5,"5

This comment exc"
c7a84565-29f2-45e1-b5c8-ea830089dafd,askacademia_train,losing_improve_llama,2,"2

**Reasoning"
c7a84565-29f2-45e1-b5c8-ea830089dafd,askacademia_train,losing_improve_mistral,3,"3

This comment addresses"
c7a84565-29f2-45e1-b5c8-ea830089dafd,askacademia_train,losing_improve_qwen,3,"3

This comment receives"
c7a84565-29f2-45e1-b5c8-ea830089dafd,askacademia_train,losing_paraphrase_claude,4,"4

This comment scores"
c7a84565-29f2-45e1-b5c8-ea830089dafd,askacademia_train,losing_paraphrase_gemini,2,"2

The comment has"
c7a84565-29f2-45e1-b5c8-ea830089dafd,askacademia_train,losing_paraphrase_gpt4omini,3,"3

This comment receives"
c7a84565-29f2-45e1-b5c8-ea830089dafd,askacademia_train,losing_paraphrase_gpt5nano,4,"4

This comment scores"
c7a84565-29f2-45e1-b5c8-ea830089dafd,askacademia_train,losing_paraphrase_llama,2,"2

This comment has"
c7a84565-29f2-45e1-b5c8-ea830089dafd,askacademia_train,losing_paraphrase_mistral,3,"3

This comment addresses"
c7a84565-29f2-45e1-b5c8-ea830089dafd,askacademia_train,losing_paraphrase_qwen,2,"2

This comment has"
833f55c8-5a97-42cb-b2a8-07dec8394f66,askacademia_train,winning_text,4,"4

This comment scores"
833f55c8-5a97-42cb-b2a8-07dec8394f66,askacademia_train,losing_text,3,"3

This comment addresses"
833f55c8-5a97-42cb-b2a8-07dec8394f66,askacademia_train,losing_generate_claude,5,"5

This comment exc"
833f55c8-5a97-42cb-b2a8-07dec8394f66,askacademia_train,losing_generate_gemini,5,"5

This comment scores"
833f55c8-5a97-42cb-b2a8-07dec8394f66,askacademia_train,losing_generate_gpt4omini,2,"2

**Reasoning"
833f55c8-5a97-42cb-b2a8-07dec8394f66,askacademia_train,losing_generate_gpt5nano,5,"5

This comment exc"
833f55c8-5a97-42cb-b2a8-07dec8394f66,askacademia_train,losing_generate_llama,2,"2

**Reasoning"
833f55c8-5a97-42cb-b2a8-07dec8394f66,askacademia_train,losing_generate_mistral,2,"2

The comment provides"
833f55c8-5a97-42cb-b2a8-07dec8394f66,askacademia_train,losing_generate_qwen,2,"2

The comment does"
833f55c8-5a97-42cb-b2a8-07dec8394f66,askacademia_train,losing_improve_claude,4,"4

This comment scores"
833f55c8-5a97-42cb-b2a8-07dec8394f66,askacademia_train,losing_improve_gemini,3,"3

This comment addresses"
833f55c8-5a97-42cb-b2a8-07dec8394f66,askacademia_train,losing_improve_gpt4omini,2,"2

**Reasoning"
833f55c8-5a97-42cb-b2a8-07dec8394f66,askacademia_train,losing_improve_gpt5nano,4,"4

This comment scores"
833f55c8-5a97-42cb-b2a8-07dec8394f66,askacademia_train,losing_improve_llama,2,"2

**Reasoning"
833f55c8-5a97-42cb-b2a8-07dec8394f66,askacademia_train,losing_improve_mistral,3,"3

This comment addresses"
833f55c8-5a97-42cb-b2a8-07dec8394f66,askacademia_train,losing_improve_qwen,2,"2

**Reasoning"
833f55c8-5a97-42cb-b2a8-07dec8394f66,askacademia_train,losing_paraphrase_claude,4,"4

This comment scores"
833f55c8-5a97-42cb-b2a8-07dec8394f66,askacademia_train,losing_paraphrase_gemini,3,"3

This comment shares"
833f55c8-5a97-42cb-b2a8-07dec8394f66,askacademia_train,losing_paraphrase_gpt4omini,4,"4

This comment scores"
833f55c8-5a97-42cb-b2a8-07dec8394f66,askacademia_train,losing_paraphrase_gpt5nano,3,"3

This comment addresses"
833f55c8-5a97-42cb-b2a8-07dec8394f66,askacademia_train,losing_paraphrase_llama,2,"2

This comment has"
833f55c8-5a97-42cb-b2a8-07dec8394f66,askacademia_train,losing_paraphrase_mistral,3,"3

This comment receives"
833f55c8-5a97-42cb-b2a8-07dec8394f66,askacademia_train,losing_paraphrase_qwen,2,"2

The comment lacks"
63dc3813-04cd-4278-9793-1606f591dbdd,askacademia_train,winning_text,4,"4

The comment scores"
63dc3813-04cd-4278-9793-1606f591dbdd,askacademia_train,losing_text,3,"3

This comment addresses"
63dc3813-04cd-4278-9793-1606f591dbdd,askacademia_train,losing_generate_claude,5,"5

This comment exc"
63dc3813-04cd-4278-9793-1606f591dbdd,askacademia_train,losing_generate_gemini,5,"5

This comment scores"
63dc3813-04cd-4278-9793-1606f591dbdd,askacademia_train,losing_generate_gpt4omini,2,"2

**Reasoning"
63dc3813-04cd-4278-9793-1606f591dbdd,askacademia_train,losing_generate_gpt5nano,2,"2

**Reasoning"
63dc3813-04cd-4278-9793-1606f591dbdd,askacademia_train,losing_generate_llama,2,"2

The comment fails"
63dc3813-04cd-4278-9793-1606f591dbdd,askacademia_train,losing_generate_mistral,2,"2

**Reasoning"
63dc3813-04cd-4278-9793-1606f591dbdd,askacademia_train,losing_generate_qwen,2,"2

The comment does"
63dc3813-04cd-4278-9793-1606f591dbdd,askacademia_train,losing_improve_claude,2,"2

**Reasoning"
63dc3813-04cd-4278-9793-1606f591dbdd,askacademia_train,losing_improve_gemini,3,"3

This comment addresses"
63dc3813-04cd-4278-9793-1606f591dbdd,askacademia_train,losing_improve_gpt4omini,3,"3

The comment addresses"
63dc3813-04cd-4278-9793-1606f591dbdd,askacademia_train,losing_improve_gpt5nano,3,"3

This comment addresses"
63dc3813-04cd-4278-9793-1606f591dbdd,askacademia_train,losing_improve_llama,2,"2

**Reasoning"
63dc3813-04cd-4278-9793-1606f591dbdd,askacademia_train,losing_improve_mistral,3,"3

**Reasoning"
63dc3813-04cd-4278-9793-1606f591dbdd,askacademia_train,losing_improve_qwen,2,"2

**Reasoning"
63dc3813-04cd-4278-9793-1606f591dbdd,askacademia_train,losing_paraphrase_claude,4,"4

This comment scores"
63dc3813-04cd-4278-9793-1606f591dbdd,askacademia_train,losing_paraphrase_gemini,2,"2

This comment fails"
63dc3813-04cd-4278-9793-1606f591dbdd,askacademia_train,losing_paraphrase_gpt4omini,3,"3

This comment receives"
63dc3813-04cd-4278-9793-1606f591dbdd,askacademia_train,losing_paraphrase_gpt5nano,4,"4

This comment scores"
63dc3813-04cd-4278-9793-1606f591dbdd,askacademia_train,losing_paraphrase_llama,2,"2

This comment has"
63dc3813-04cd-4278-9793-1606f591dbdd,askacademia_train,losing_paraphrase_mistral,3,"3

This comment addresses"
63dc3813-04cd-4278-9793-1606f591dbdd,askacademia_train,losing_paraphrase_qwen,3,"3

The comment addresses"
f9eb28f5-033f-4795-b0ad-d94f4e4eb0df,askacademia_train,winning_text,3,"3

The comment addresses"
f9eb28f5-033f-4795-b0ad-d94f4e4eb0df,askacademia_train,losing_text,3,"3

This comment scores"
f9eb28f5-033f-4795-b0ad-d94f4e4eb0df,askacademia_train,losing_generate_claude,5,"5

This comment exc"
f9eb28f5-033f-4795-b0ad-d94f4e4eb0df,askacademia_train,losing_generate_gemini,5,"5

This comment scores"
f9eb28f5-033f-4795-b0ad-d94f4e4eb0df,askacademia_train,losing_generate_gpt4omini,2,"2

**Reasoning"
f9eb28f5-033f-4795-b0ad-d94f4e4eb0df,askacademia_train,losing_generate_gpt5nano,5,"5

This comment exc"
f9eb28f5-033f-4795-b0ad-d94f4e4eb0df,askacademia_train,losing_generate_llama,2,"2

**Reasoning"
f9eb28f5-033f-4795-b0ad-d94f4e4eb0df,askacademia_train,losing_generate_mistral,2,"2

The comment has"
f9eb28f5-033f-4795-b0ad-d94f4e4eb0df,askacademia_train,losing_generate_qwen,2,"2

This comment does"
f9eb28f5-033f-4795-b0ad-d94f4e4eb0df,askacademia_train,losing_improve_claude,4,"4

This comment scores"
f9eb28f5-033f-4795-b0ad-d94f4e4eb0df,askacademia_train,losing_improve_gemini,3,"3

This comment addresses"
f9eb28f5-033f-4795-b0ad-d94f4e4eb0df,askacademia_train,losing_improve_gpt4omini,4,"4

This comment scores"
f9eb28f5-033f-4795-b0ad-d94f4e4eb0df,askacademia_train,losing_improve_gpt5nano,4,"4

This comment scores"
f9eb28f5-033f-4795-b0ad-d94f4e4eb0df,askacademia_train,losing_improve_llama,2,"2

**Reasoning"
f9eb28f5-033f-4795-b0ad-d94f4e4eb0df,askacademia_train,losing_improve_mistral,2,"2

**Reasoning"
f9eb28f5-033f-4795-b0ad-d94f4e4eb0df,askacademia_train,losing_improve_qwen,2,"2

**Reasoning"
f9eb28f5-033f-4795-b0ad-d94f4e4eb0df,askacademia_train,losing_paraphrase_claude,4,"4

This comment scores"
f9eb28f5-033f-4795-b0ad-d94f4e4eb0df,askacademia_train,losing_paraphrase_gemini,2,"2

This comment shares"
f9eb28f5-033f-4795-b0ad-d94f4e4eb0df,askacademia_train,losing_paraphrase_gpt4omini,3,"3

This comment receives"
f9eb28f5-033f-4795-b0ad-d94f4e4eb0df,askacademia_train,losing_paraphrase_gpt5nano,4,"4

This comment scores"
f9eb28f5-033f-4795-b0ad-d94f4e4eb0df,askacademia_train,losing_paraphrase_llama,2,"2

This comment has"
f9eb28f5-033f-4795-b0ad-d94f4e4eb0df,askacademia_train,losing_paraphrase_mistral,3,"3

This comment addresses"
f9eb28f5-033f-4795-b0ad-d94f4e4eb0df,askacademia_train,losing_paraphrase_qwen,3,"3

The comment addresses"
a0ec2689-dd6b-449a-a8d8-2262aacfe8e5,askacademia_train,winning_text,3,"3

The comment addresses"
a0ec2689-dd6b-449a-a8d8-2262aacfe8e5,askacademia_train,losing_text,3,"3

This comment addresses"
a0ec2689-dd6b-449a-a8d8-2262aacfe8e5,askacademia_train,losing_generate_claude,5,"5

This comment exc"
a0ec2689-dd6b-449a-a8d8-2262aacfe8e5,askacademia_train,losing_generate_gemini,5,"5

This comment scores"
a0ec2689-dd6b-449a-a8d8-2262aacfe8e5,askacademia_train,losing_generate_gpt4omini,2,"2

**Reasoning"
a0ec2689-dd6b-449a-a8d8-2262aacfe8e5,askacademia_train,losing_generate_gpt5nano,1,"1

This comment completely"
a0ec2689-dd6b-449a-a8d8-2262aacfe8e5,askacademia_train,losing_generate_llama,2,"2

**Reasoning"
a0ec2689-dd6b-449a-a8d8-2262aacfe8e5,askacademia_train,losing_generate_mistral,2,"2

The comment has"
a0ec2689-dd6b-449a-a8d8-2262aacfe8e5,askacademia_train,losing_generate_qwen,2,"2

This comment does"
a0ec2689-dd6b-449a-a8d8-2262aacfe8e5,askacademia_train,losing_improve_claude,5,"5

This comment exc"
a0ec2689-dd6b-449a-a8d8-2262aacfe8e5,askacademia_train,losing_improve_gemini,4,"4

This comment scores"
a0ec2689-dd6b-449a-a8d8-2262aacfe8e5,askacademia_train,losing_improve_gpt4omini,2,"2

The comment has"
a0ec2689-dd6b-449a-a8d8-2262aacfe8e5,askacademia_train,losing_improve_gpt5nano,5,"5

This comment exc"
a0ec2689-dd6b-449a-a8d8-2262aacfe8e5,askacademia_train,losing_improve_llama,2,"2

This comment appears"
a0ec2689-dd6b-449a-a8d8-2262aacfe8e5,askacademia_train,losing_improve_mistral,3,"3

The comment addresses"
a0ec2689-dd6b-449a-a8d8-2262aacfe8e5,askacademia_train,losing_improve_qwen,2,"2

The comment has"
a0ec2689-dd6b-449a-a8d8-2262aacfe8e5,askacademia_train,losing_paraphrase_claude,4,"4

This comment scores"
a0ec2689-dd6b-449a-a8d8-2262aacfe8e5,askacademia_train,losing_paraphrase_gemini,2,"2

This comment shares"
a0ec2689-dd6b-449a-a8d8-2262aacfe8e5,askacademia_train,losing_paraphrase_gpt4omini,4,"4

This comment scores"
a0ec2689-dd6b-449a-a8d8-2262aacfe8e5,askacademia_train,losing_paraphrase_gpt5nano,4,"4

This comment scores"
a0ec2689-dd6b-449a-a8d8-2262aacfe8e5,askacademia_train,losing_paraphrase_llama,2,"2

This comment appears"
a0ec2689-dd6b-449a-a8d8-2262aacfe8e5,askacademia_train,losing_paraphrase_mistral,4,"4

This comment scores"
a0ec2689-dd6b-449a-a8d8-2262aacfe8e5,askacademia_train,losing_paraphrase_qwen,3,"3

This comment addresses"
b9a7dce2-b5e5-43e3-a806-b688108049ce,askacademia_train,winning_text,4,"4

This comment scores"
b9a7dce2-b5e5-43e3-a806-b688108049ce,askacademia_train,losing_text,3,"3

This comment addresses"
b9a7dce2-b5e5-43e3-a806-b688108049ce,askacademia_train,losing_generate_claude,5,"5

This comment exc"
b9a7dce2-b5e5-43e3-a806-b688108049ce,askacademia_train,losing_generate_gemini,5,"5

This comment scores"
b9a7dce2-b5e5-43e3-a806-b688108049ce,askacademia_train,losing_generate_gpt4omini,2,"2

**Reasoning"
b9a7dce2-b5e5-43e3-a806-b688108049ce,askacademia_train,losing_generate_gpt5nano,2,"2

**Reasoning"
b9a7dce2-b5e5-43e3-a806-b688108049ce,askacademia_train,losing_generate_llama,2,"2

**Reasoning"
b9a7dce2-b5e5-43e3-a806-b688108049ce,askacademia_train,losing_generate_mistral,2,"2

The comment provides"
b9a7dce2-b5e5-43e3-a806-b688108049ce,askacademia_train,losing_generate_qwen,2,"2

This comment does"
b9a7dce2-b5e5-43e3-a806-b688108049ce,askacademia_train,losing_improve_claude,5,"5

This comment exc"
b9a7dce2-b5e5-43e3-a806-b688108049ce,askacademia_train,losing_improve_gemini,3,"3

This comment addresses"
b9a7dce2-b5e5-43e3-a806-b688108049ce,askacademia_train,losing_improve_gpt4omini,4,"4

This comment scores"
b9a7dce2-b5e5-43e3-a806-b688108049ce,askacademia_train,losing_improve_gpt5nano,5,"5

This comment scores"
b9a7dce2-b5e5-43e3-a806-b688108049ce,askacademia_train,losing_improve_llama,2,"2

This comment appears"
b9a7dce2-b5e5-43e3-a806-b688108049ce,askacademia_train,losing_improve_mistral,4,"4

This comment scores"
b9a7dce2-b5e5-43e3-a806-b688108049ce,askacademia_train,losing_improve_qwen,2,"2

The comment has"
b9a7dce2-b5e5-43e3-a806-b688108049ce,askacademia_train,losing_paraphrase_claude,4,"4

This comment scores"
b9a7dce2-b5e5-43e3-a806-b688108049ce,askacademia_train,losing_paraphrase_gemini,2,"2

This comment shares"
b9a7dce2-b5e5-43e3-a806-b688108049ce,askacademia_train,losing_paraphrase_gpt4omini,4,"4

This comment scores"
b9a7dce2-b5e5-43e3-a806-b688108049ce,askacademia_train,losing_paraphrase_gpt5nano,3,"3

The comment addresses"
b9a7dce2-b5e5-43e3-a806-b688108049ce,askacademia_train,losing_paraphrase_llama,2,"2

This comment appears"
b9a7dce2-b5e5-43e3-a806-b688108049ce,askacademia_train,losing_paraphrase_mistral,4,"4

This comment scores"
b9a7dce2-b5e5-43e3-a806-b688108049ce,askacademia_train,losing_paraphrase_qwen,3,"3

This comment addresses"
5acb90f4-26ff-4bbe-8703-efd78c8bb85a,askacademia_train,winning_text,4,"4

The comment scores"
5acb90f4-26ff-4bbe-8703-efd78c8bb85a,askacademia_train,losing_text,3,"3

This comment addresses"
5acb90f4-26ff-4bbe-8703-efd78c8bb85a,askacademia_train,losing_generate_claude,5,"5

This comment exc"
5acb90f4-26ff-4bbe-8703-efd78c8bb85a,askacademia_train,losing_generate_gemini,5,"5

This comment scores"
5acb90f4-26ff-4bbe-8703-efd78c8bb85a,askacademia_train,losing_generate_gpt4omini,2,"2

**Reasoning"
5acb90f4-26ff-4bbe-8703-efd78c8bb85a,askacademia_train,losing_generate_gpt5nano,4,"4

This comment scores"
5acb90f4-26ff-4bbe-8703-efd78c8bb85a,askacademia_train,losing_generate_llama,2,"2

**Reasoning"
5acb90f4-26ff-4bbe-8703-efd78c8bb85a,askacademia_train,losing_generate_mistral,2,"2

**Reasoning"
5acb90f4-26ff-4bbe-8703-efd78c8bb85a,askacademia_train,losing_generate_qwen,2,"2

This comment does"
5acb90f4-26ff-4bbe-8703-efd78c8bb85a,askacademia_train,losing_improve_claude,5,"5

This comment exc"
5acb90f4-26ff-4bbe-8703-efd78c8bb85a,askacademia_train,losing_improve_gemini,4,"4

This comment scores"
5acb90f4-26ff-4bbe-8703-efd78c8bb85a,askacademia_train,losing_improve_gpt4omini,4,"4

This comment scores"
5acb90f4-26ff-4bbe-8703-efd78c8bb85a,askacademia_train,losing_improve_gpt5nano,4,"4

This comment scores"
5acb90f4-26ff-4bbe-8703-efd78c8bb85a,askacademia_train,losing_improve_llama,2,"2

This comment appears"
5acb90f4-26ff-4bbe-8703-efd78c8bb85a,askacademia_train,losing_improve_mistral,4,"4

The comment scores"
5acb90f4-26ff-4bbe-8703-efd78c8bb85a,askacademia_train,losing_improve_qwen,2,"2

The comment has"
5acb90f4-26ff-4bbe-8703-efd78c8bb85a,askacademia_train,losing_paraphrase_claude,4,"4

This comment scores"
5acb90f4-26ff-4bbe-8703-efd78c8bb85a,askacademia_train,losing_paraphrase_gemini,2,"2

The comment has"
5acb90f4-26ff-4bbe-8703-efd78c8bb85a,askacademia_train,losing_paraphrase_gpt4omini,4,"4

This comment scores"
5acb90f4-26ff-4bbe-8703-efd78c8bb85a,askacademia_train,losing_paraphrase_gpt5nano,3,"3

The comment addresses"
5acb90f4-26ff-4bbe-8703-efd78c8bb85a,askacademia_train,losing_paraphrase_llama,2,"2

This comment appears"
5acb90f4-26ff-4bbe-8703-efd78c8bb85a,askacademia_train,losing_paraphrase_mistral,4,"4

This comment scores"
5acb90f4-26ff-4bbe-8703-efd78c8bb85a,askacademia_train,losing_paraphrase_qwen,3,"3

This comment addresses"
61eab7a2-63aa-48f1-9122-8994e78ed7ac,askacademia_train,winning_text,3,"3

The comment addresses"
61eab7a2-63aa-48f1-9122-8994e78ed7ac,askacademia_train,losing_text,3,"3

This comment addresses"
61eab7a2-63aa-48f1-9122-8994e78ed7ac,askacademia_train,losing_generate_claude,5,"5

This comment exc"
61eab7a2-63aa-48f1-9122-8994e78ed7ac,askacademia_train,losing_generate_gemini,5,"5

This comment scores"
61eab7a2-63aa-48f1-9122-8994e78ed7ac,askacademia_train,losing_generate_gpt4omini,2,"2

**Reasoning"
61eab7a2-63aa-48f1-9122-8994e78ed7ac,askacademia_train,losing_generate_gpt5nano,5,"5

This comment scores"
61eab7a2-63aa-48f1-9122-8994e78ed7ac,askacademia_train,losing_generate_llama,2,"2

**Reasoning"
61eab7a2-63aa-48f1-9122-8994e78ed7ac,askacademia_train,losing_generate_mistral,4,"4

This comment scores"
61eab7a2-63aa-48f1-9122-8994e78ed7ac,askacademia_train,losing_generate_qwen,2,"2

This comment does"
61eab7a2-63aa-48f1-9122-8994e78ed7ac,askacademia_train,losing_improve_claude,3,"3

This comment appears"
61eab7a2-63aa-48f1-9122-8994e78ed7ac,askacademia_train,losing_improve_gemini,3,"3

This comment addresses"
61eab7a2-63aa-48f1-9122-8994e78ed7ac,askacademia_train,losing_improve_gpt4omini,4,"4

The comment scores"
61eab7a2-63aa-48f1-9122-8994e78ed7ac,askacademia_train,losing_improve_gpt5nano,3,"3

This comment is"
61eab7a2-63aa-48f1-9122-8994e78ed7ac,askacademia_train,losing_improve_llama,2,"2

This comment appears"
61eab7a2-63aa-48f1-9122-8994e78ed7ac,askacademia_train,losing_improve_mistral,2,"2

**Reasoning"
61eab7a2-63aa-48f1-9122-8994e78ed7ac,askacademia_train,losing_improve_qwen,2,"2

The comment has"
61eab7a2-63aa-48f1-9122-8994e78ed7ac,askacademia_train,losing_paraphrase_claude,4,"4

This comment scores"
61eab7a2-63aa-48f1-9122-8994e78ed7ac,askacademia_train,losing_paraphrase_gemini,2,"2

The comment lacks"
61eab7a2-63aa-48f1-9122-8994e78ed7ac,askacademia_train,losing_paraphrase_gpt4omini,4,"4

This comment scores"
61eab7a2-63aa-48f1-9122-8994e78ed7ac,askacademia_train,losing_paraphrase_gpt5nano,4,"4

This comment scores"
61eab7a2-63aa-48f1-9122-8994e78ed7ac,askacademia_train,losing_paraphrase_llama,2,"2

This comment appears"
61eab7a2-63aa-48f1-9122-8994e78ed7ac,askacademia_train,losing_paraphrase_mistral,3,"3

This comment has"
61eab7a2-63aa-48f1-9122-8994e78ed7ac,askacademia_train,losing_paraphrase_qwen,3,"3

This comment addresses"
24f3a231-59a6-4bd0-885d-0e8db6e59c16,askacademia_train,winning_text,4,"4

This comment scores"
24f3a231-59a6-4bd0-885d-0e8db6e59c16,askacademia_train,losing_text,2,"2

The comment lacks"
24f3a231-59a6-4bd0-885d-0e8db6e59c16,askacademia_train,losing_generate_claude,5,"5

This comment exc"
24f3a231-59a6-4bd0-885d-0e8db6e59c16,askacademia_train,losing_generate_gemini,5,"5

This comment scores"
24f3a231-59a6-4bd0-885d-0e8db6e59c16,askacademia_train,losing_generate_gpt4omini,2,"2

**Reasoning"
24f3a231-59a6-4bd0-885d-0e8db6e59c16,askacademia_train,losing_generate_gpt5nano,2,"2

This comment fails"
24f3a231-59a6-4bd0-885d-0e8db6e59c16,askacademia_train,losing_generate_llama,2,"2

**Reasoning"
24f3a231-59a6-4bd0-885d-0e8db6e59c16,askacademia_train,losing_generate_mistral,4,"4

This comment scores"
24f3a231-59a6-4bd0-885d-0e8db6e59c16,askacademia_train,losing_generate_qwen,2,"2

The comment does"
24f3a231-59a6-4bd0-885d-0e8db6e59c16,askacademia_train,losing_improve_claude,4,"4

This comment scores"
24f3a231-59a6-4bd0-885d-0e8db6e59c16,askacademia_train,losing_improve_gemini,4,"4

This comment scores"
24f3a231-59a6-4bd0-885d-0e8db6e59c16,askacademia_train,losing_improve_gpt4omini,2,"2

The comment makes"
24f3a231-59a6-4bd0-885d-0e8db6e59c16,askacademia_train,losing_improve_gpt5nano,5,"5

This comment scores"
24f3a231-59a6-4bd0-885d-0e8db6e59c16,askacademia_train,losing_improve_llama,4,"4

This comment scores"
24f3a231-59a6-4bd0-885d-0e8db6e59c16,askacademia_train,losing_improve_mistral,2,"2

This comment lacks"
24f3a231-59a6-4bd0-885d-0e8db6e59c16,askacademia_train,losing_improve_qwen,3,"3

This comment has"
24f3a231-59a6-4bd0-885d-0e8db6e59c16,askacademia_train,losing_paraphrase_claude,4,"4

This comment scores"
24f3a231-59a6-4bd0-885d-0e8db6e59c16,askacademia_train,losing_paraphrase_gemini,4,"4

The comment scores"
24f3a231-59a6-4bd0-885d-0e8db6e59c16,askacademia_train,losing_paraphrase_gpt4omini,2,"2

This comment scores"
24f3a231-59a6-4bd0-885d-0e8db6e59c16,askacademia_train,losing_paraphrase_gpt5nano,3,"3

This comment is"
24f3a231-59a6-4bd0-885d-0e8db6e59c16,askacademia_train,losing_paraphrase_llama,2,"2

The comment is"
24f3a231-59a6-4bd0-885d-0e8db6e59c16,askacademia_train,losing_paraphrase_mistral,2,"2

This comment scores"
24f3a231-59a6-4bd0-885d-0e8db6e59c16,askacademia_train,losing_paraphrase_qwen,2,"2

This comment lacks"
bc931a97-f7cc-4370-a10d-d413648094a2,askacademia_train,winning_text,4,"4

This comment scores"
bc931a97-f7cc-4370-a10d-d413648094a2,askacademia_train,losing_text,3,"3

The comment addresses"
bc931a97-f7cc-4370-a10d-d413648094a2,askacademia_train,losing_generate_claude,5,"5

This comment exc"
bc931a97-f7cc-4370-a10d-d413648094a2,askacademia_train,losing_generate_gemini,5,"5

This comment scores"
bc931a97-f7cc-4370-a10d-d413648094a2,askacademia_train,losing_generate_gpt4omini,2,"2

**Reasoning"
bc931a97-f7cc-4370-a10d-d413648094a2,askacademia_train,losing_generate_gpt5nano,3,"3

The comment provides"
bc931a97-f7cc-4370-a10d-d413648094a2,askacademia_train,losing_generate_llama,2,"2

**Reasoning"
bc931a97-f7cc-4370-a10d-d413648094a2,askacademia_train,losing_generate_mistral,2,"2

**Reasoning"
bc931a97-f7cc-4370-a10d-d413648094a2,askacademia_train,losing_generate_qwen,2,"2

The comment does"
bc931a97-f7cc-4370-a10d-d413648094a2,askacademia_train,losing_improve_claude,5,"5

This comment scores"
bc931a97-f7cc-4370-a10d-d413648094a2,askacademia_train,losing_improve_gemini,5,"5

This comment scores"
bc931a97-f7cc-4370-a10d-d413648094a2,askacademia_train,losing_improve_gpt4omini,4,"4

This comment scores"
bc931a97-f7cc-4370-a10d-d413648094a2,askacademia_train,losing_improve_gpt5nano,2,"2

This comment fails"
bc931a97-f7cc-4370-a10d-d413648094a2,askacademia_train,losing_improve_llama,2,"2

This comment has"
bc931a97-f7cc-4370-a10d-d413648094a2,askacademia_train,losing_improve_mistral,4,"4

The comment scores"
bc931a97-f7cc-4370-a10d-d413648094a2,askacademia_train,losing_improve_qwen,3,"3

The comment addresses"
bc931a97-f7cc-4370-a10d-d413648094a2,askacademia_train,losing_paraphrase_claude,4,"4

This comment scores"
bc931a97-f7cc-4370-a10d-d413648094a2,askacademia_train,losing_paraphrase_gemini,4,"4

The comment scores"
bc931a97-f7cc-4370-a10d-d413648094a2,askacademia_train,losing_paraphrase_gpt4omini,2,"2

The comment discusses"
bc931a97-f7cc-4370-a10d-d413648094a2,askacademia_train,losing_paraphrase_gpt5nano,4,"4

This comment scores"
bc931a97-f7cc-4370-a10d-d413648094a2,askacademia_train,losing_paraphrase_llama,4,"4

The comment addresses"
bc931a97-f7cc-4370-a10d-d413648094a2,askacademia_train,losing_paraphrase_mistral,3,"3

The comment addresses"
bc931a97-f7cc-4370-a10d-d413648094a2,askacademia_train,losing_paraphrase_qwen,3,"3

The comment addresses"
92c8bc45-ef94-4171-a433-e71f36e592be,askacademia_train,winning_text,4,"4

This comment scores"
92c8bc45-ef94-4171-a433-e71f36e592be,askacademia_train,losing_text,4,"4

The comment is"
92c8bc45-ef94-4171-a433-e71f36e592be,askacademia_train,losing_generate_claude,5,"5

This comment exc"
92c8bc45-ef94-4171-a433-e71f36e592be,askacademia_train,losing_generate_gemini,5,"5

This comment scores"
92c8bc45-ef94-4171-a433-e71f36e592be,askacademia_train,losing_generate_gpt4omini,2,"2

**Reasoning"
92c8bc45-ef94-4171-a433-e71f36e592be,askacademia_train,losing_generate_gpt5nano,5,"5

This comment scores"
92c8bc45-ef94-4171-a433-e71f36e592be,askacademia_train,losing_generate_llama,2,"2

**Reasoning"
92c8bc45-ef94-4171-a433-e71f36e592be,askacademia_train,losing_generate_mistral,2,"2

The comment has"
92c8bc45-ef94-4171-a433-e71f36e592be,askacademia_train,losing_generate_qwen,2,"2

This comment does"
92c8bc45-ef94-4171-a433-e71f36e592be,askacademia_train,losing_improve_claude,4,"4

This comment scores"
92c8bc45-ef94-4171-a433-e71f36e592be,askacademia_train,losing_improve_gemini,4,"4

This comment scores"
92c8bc45-ef94-4171-a433-e71f36e592be,askacademia_train,losing_improve_gpt4omini,4,"4

This comment scores"
92c8bc45-ef94-4171-a433-e71f36e592be,askacademia_train,losing_improve_gpt5nano,5,"5

This comment scores"
92c8bc45-ef94-4171-a433-e71f36e592be,askacademia_train,losing_improve_llama,2,"2

**Reasoning"
92c8bc45-ef94-4171-a433-e71f36e592be,askacademia_train,losing_improve_mistral,4,"4

This comment scores"
92c8bc45-ef94-4171-a433-e71f36e592be,askacademia_train,losing_improve_qwen,4,"4

The comment is"
92c8bc45-ef94-4171-a433-e71f36e592be,askacademia_train,losing_paraphrase_claude,4,"4

This comment scores"
92c8bc45-ef94-4171-a433-e71f36e592be,askacademia_train,losing_paraphrase_gemini,4,"4

The comment scores"
92c8bc45-ef94-4171-a433-e71f36e592be,askacademia_train,losing_paraphrase_gpt4omini,4,"4

This comment scores"
92c8bc45-ef94-4171-a433-e71f36e592be,askacademia_train,losing_paraphrase_gpt5nano,4,"4

The comment scores"
92c8bc45-ef94-4171-a433-e71f36e592be,askacademia_train,losing_paraphrase_llama,4,"4

The comment scores"
92c8bc45-ef94-4171-a433-e71f36e592be,askacademia_train,losing_paraphrase_mistral,4,"4

This comment scores"
92c8bc45-ef94-4171-a433-e71f36e592be,askacademia_train,losing_paraphrase_qwen,4,"4

The comment scores"
df72e015-8417-47b6-9eaf-8205041ea649,askacademia_train,winning_text,3,"3

The comment addresses"
df72e015-8417-47b6-9eaf-8205041ea649,askacademia_train,losing_text,4,"4

The comment is"
df72e015-8417-47b6-9eaf-8205041ea649,askacademia_train,losing_generate_claude,5,"5

This comment exc"
df72e015-8417-47b6-9eaf-8205041ea649,askacademia_train,losing_generate_gemini,5,"5

This comment scores"
df72e015-8417-47b6-9eaf-8205041ea649,askacademia_train,losing_generate_gpt4omini,2,"2

**Reasoning"
df72e015-8417-47b6-9eaf-8205041ea649,askacademia_train,losing_generate_gpt5nano,2,"2

This comment fails"
df72e015-8417-47b6-9eaf-8205041ea649,askacademia_train,losing_generate_llama,2,"2

**Reasoning"
df72e015-8417-47b6-9eaf-8205041ea649,askacademia_train,losing_generate_mistral,2,"2

The comment has"
df72e015-8417-47b6-9eaf-8205041ea649,askacademia_train,losing_generate_qwen,2,"2

This comment does"
df72e015-8417-47b6-9eaf-8205041ea649,askacademia_train,losing_improve_claude,4,"4

This comment scores"
df72e015-8417-47b6-9eaf-8205041ea649,askacademia_train,losing_improve_gemini,4,"4

This comment scores"
df72e015-8417-47b6-9eaf-8205041ea649,askacademia_train,losing_improve_gpt4omini,4,"4

This comment scores"
df72e015-8417-47b6-9eaf-8205041ea649,askacademia_train,losing_improve_gpt5nano,4,"4

This comment scores"
df72e015-8417-47b6-9eaf-8205041ea649,askacademia_train,losing_improve_llama,2,"2

**Reasoning"
df72e015-8417-47b6-9eaf-8205041ea649,askacademia_train,losing_improve_mistral,4,"4

The comment scores"
df72e015-8417-47b6-9eaf-8205041ea649,askacademia_train,losing_improve_qwen,4,"4

The comment is"
df72e015-8417-47b6-9eaf-8205041ea649,askacademia_train,losing_paraphrase_claude,4,"4

This comment scores"
df72e015-8417-47b6-9eaf-8205041ea649,askacademia_train,losing_paraphrase_gemini,4,"4

The comment scores"
df72e015-8417-47b6-9eaf-8205041ea649,askacademia_train,losing_paraphrase_gpt4omini,4,"4

This comment scores"
df72e015-8417-47b6-9eaf-8205041ea649,askacademia_train,losing_paraphrase_gpt5nano,4,"4

The comment scores"
df72e015-8417-47b6-9eaf-8205041ea649,askacademia_train,losing_paraphrase_llama,4,"4

The comment is"
df72e015-8417-47b6-9eaf-8205041ea649,askacademia_train,losing_paraphrase_mistral,4,"4

This comment scores"
df72e015-8417-47b6-9eaf-8205041ea649,askacademia_train,losing_paraphrase_qwen,4,"4

The comment scores"
bf8673d4-22f3-43d7-b8f0-2ca036a168b9,askacademia_train,winning_text,4,"4

This comment scores"
bf8673d4-22f3-43d7-b8f0-2ca036a168b9,askacademia_train,losing_text,2,"2

This comment lacks"
bf8673d4-22f3-43d7-b8f0-2ca036a168b9,askacademia_train,losing_generate_claude,5,"5

This comment exc"
bf8673d4-22f3-43d7-b8f0-2ca036a168b9,askacademia_train,losing_generate_gemini,5,"5

This comment scores"
bf8673d4-22f3-43d7-b8f0-2ca036a168b9,askacademia_train,losing_generate_gpt4omini,3,"3

**Reasoning"
bf8673d4-22f3-43d7-b8f0-2ca036a168b9,askacademia_train,losing_generate_gpt5nano,2,"2

**Reasoning"
bf8673d4-22f3-43d7-b8f0-2ca036a168b9,askacademia_train,losing_generate_llama,2,"2

**Reasoning"
bf8673d4-22f3-43d7-b8f0-2ca036a168b9,askacademia_train,losing_generate_mistral,2,"2

The comment provides"
bf8673d4-22f3-43d7-b8f0-2ca036a168b9,askacademia_train,losing_generate_qwen,2,"2

This comment does"
bf8673d4-22f3-43d7-b8f0-2ca036a168b9,askacademia_train,losing_improve_claude,5,"5

This comment scores"
bf8673d4-22f3-43d7-b8f0-2ca036a168b9,askacademia_train,losing_improve_gemini,4,"4

This comment scores"
bf8673d4-22f3-43d7-b8f0-2ca036a168b9,askacademia_train,losing_improve_gpt4omini,4,"4

The comment scores"
bf8673d4-22f3-43d7-b8f0-2ca036a168b9,askacademia_train,losing_improve_gpt5nano,4,"4

This comment scores"
bf8673d4-22f3-43d7-b8f0-2ca036a168b9,askacademia_train,losing_improve_llama,2,"2

The comment lacks"
bf8673d4-22f3-43d7-b8f0-2ca036a168b9,askacademia_train,losing_improve_mistral,2,"2

This comment lacks"
bf8673d4-22f3-43d7-b8f0-2ca036a168b9,askacademia_train,losing_improve_qwen,4,"4

This comment scores"
bf8673d4-22f3-43d7-b8f0-2ca036a168b9,askacademia_train,losing_paraphrase_claude,2,"2

The comment lacks"
bf8673d4-22f3-43d7-b8f0-2ca036a168b9,askacademia_train,losing_paraphrase_gemini,4,"4

The comment is"
bf8673d4-22f3-43d7-b8f0-2ca036a168b9,askacademia_train,losing_paraphrase_gpt4omini,4,"4

This comment scores"
bf8673d4-22f3-43d7-b8f0-2ca036a168b9,askacademia_train,losing_paraphrase_gpt5nano,2,"2

The comment lacks"
bf8673d4-22f3-43d7-b8f0-2ca036a168b9,askacademia_train,losing_paraphrase_llama,2,"2

This comment lacks"
bf8673d4-22f3-43d7-b8f0-2ca036a168b9,askacademia_train,losing_paraphrase_mistral,2,"2

This comment lacks"
bf8673d4-22f3-43d7-b8f0-2ca036a168b9,askacademia_train,losing_paraphrase_qwen,2,"2

This comment does"
a6e15ca2-b43c-4d81-a71b-051aebe7282a,askacademia_train,winning_text,4,"4

The comment scores"
a6e15ca2-b43c-4d81-a71b-051aebe7282a,askacademia_train,losing_text,2,"2

This comment lacks"
a6e15ca2-b43c-4d81-a71b-051aebe7282a,askacademia_train,losing_generate_claude,5,"5

This comment exc"
a6e15ca2-b43c-4d81-a71b-051aebe7282a,askacademia_train,losing_generate_gemini,5,"5

This comment scores"
a6e15ca2-b43c-4d81-a71b-051aebe7282a,askacademia_train,losing_generate_gpt4omini,2,"2

**Reasoning"
a6e15ca2-b43c-4d81-a71b-051aebe7282a,askacademia_train,losing_generate_gpt5nano,2,"2

**Reasoning"
a6e15ca2-b43c-4d81-a71b-051aebe7282a,askacademia_train,losing_generate_llama,2,"2

**Reasoning"
a6e15ca2-b43c-4d81-a71b-051aebe7282a,askacademia_train,losing_generate_mistral,4,"4

This comment scores"
a6e15ca2-b43c-4d81-a71b-051aebe7282a,askacademia_train,losing_generate_qwen,2,"2

This comment does"
a6e15ca2-b43c-4d81-a71b-051aebe7282a,askacademia_train,losing_improve_claude,5,"5

This comment scores"
a6e15ca2-b43c-4d81-a71b-051aebe7282a,askacademia_train,losing_improve_gemini,4,"4

This comment scores"
a6e15ca2-b43c-4d81-a71b-051aebe7282a,askacademia_train,losing_improve_gpt4omini,4,"4

The comment scores"
a6e15ca2-b43c-4d81-a71b-051aebe7282a,askacademia_train,losing_improve_gpt5nano,4,"4

This comment scores"
a6e15ca2-b43c-4d81-a71b-051aebe7282a,askacademia_train,losing_improve_llama,2,"2

This comment appears"
a6e15ca2-b43c-4d81-a71b-051aebe7282a,askacademia_train,losing_improve_mistral,2,"2

The comment lacks"
a6e15ca2-b43c-4d81-a71b-051aebe7282a,askacademia_train,losing_improve_qwen,4,"4

This comment scores"
a6e15ca2-b43c-4d81-a71b-051aebe7282a,askacademia_train,losing_paraphrase_claude,4,"4

This comment scores"
a6e15ca2-b43c-4d81-a71b-051aebe7282a,askacademia_train,losing_paraphrase_gemini,3,"3

The comment addresses"
a6e15ca2-b43c-4d81-a71b-051aebe7282a,askacademia_train,losing_paraphrase_gpt4omini,4,"4

This comment scores"
a6e15ca2-b43c-4d81-a71b-051aebe7282a,askacademia_train,losing_paraphrase_gpt5nano,2,"2

This comment lacks"
a6e15ca2-b43c-4d81-a71b-051aebe7282a,askacademia_train,losing_paraphrase_llama,2,"2

This comment lacks"
a6e15ca2-b43c-4d81-a71b-051aebe7282a,askacademia_train,losing_paraphrase_mistral,2,"2

This comment lacks"
a6e15ca2-b43c-4d81-a71b-051aebe7282a,askacademia_train,losing_paraphrase_qwen,2,"2

This comment lacks"
aef4bb36-e9fc-4419-b4eb-d73502e0021f,askacademia_train,winning_text,3,"3

The comment addresses"
aef4bb36-e9fc-4419-b4eb-d73502e0021f,askacademia_train,losing_text,2,"2

This comment lacks"
aef4bb36-e9fc-4419-b4eb-d73502e0021f,askacademia_train,losing_generate_claude,5,"5

This comment exc"
aef4bb36-e9fc-4419-b4eb-d73502e0021f,askacademia_train,losing_generate_gemini,5,"5

This comment scores"
aef4bb36-e9fc-4419-b4eb-d73502e0021f,askacademia_train,losing_generate_gpt4omini,2,"2

**Reasoning"
aef4bb36-e9fc-4419-b4eb-d73502e0021f,askacademia_train,losing_generate_gpt5nano,4,"4

This comment scores"
aef4bb36-e9fc-4419-b4eb-d73502e0021f,askacademia_train,losing_generate_llama,2,"2

**Reasoning"
aef4bb36-e9fc-4419-b4eb-d73502e0021f,askacademia_train,losing_generate_mistral,4,"4

The comment scores"
aef4bb36-e9fc-4419-b4eb-d73502e0021f,askacademia_train,losing_generate_qwen,2,"2

This comment does"
aef4bb36-e9fc-4419-b4eb-d73502e0021f,askacademia_train,losing_improve_claude,2,"2

This comment appears"
aef4bb36-e9fc-4419-b4eb-d73502e0021f,askacademia_train,losing_improve_gemini,4,"4

This comment scores"
aef4bb36-e9fc-4419-b4eb-d73502e0021f,askacademia_train,losing_improve_gpt4omini,4,"4

The comment scores"
aef4bb36-e9fc-4419-b4eb-d73502e0021f,askacademia_train,losing_improve_gpt5nano,4,"4

This comment scores"
aef4bb36-e9fc-4419-b4eb-d73502e0021f,askacademia_train,losing_improve_llama,2,"2

This comment appears"
aef4bb36-e9fc-4419-b4eb-d73502e0021f,askacademia_train,losing_improve_mistral,2,"2

The comment lacks"
aef4bb36-e9fc-4419-b4eb-d73502e0021f,askacademia_train,losing_improve_qwen,4,"4

This comment scores"
aef4bb36-e9fc-4419-b4eb-d73502e0021f,askacademia_train,losing_paraphrase_claude,4,"4

This comment scores"
aef4bb36-e9fc-4419-b4eb-d73502e0021f,askacademia_train,losing_paraphrase_gemini,4,"4

This comment scores"
aef4bb36-e9fc-4419-b4eb-d73502e0021f,askacademia_train,losing_paraphrase_gpt4omini,4,"4

This comment scores"
aef4bb36-e9fc-4419-b4eb-d73502e0021f,askacademia_train,losing_paraphrase_gpt5nano,2,"2

This comment lacks"
aef4bb36-e9fc-4419-b4eb-d73502e0021f,askacademia_train,losing_paraphrase_llama,2,"2

This comment lacks"
aef4bb36-e9fc-4419-b4eb-d73502e0021f,askacademia_train,losing_paraphrase_mistral,2,"2

This comment lacks"
aef4bb36-e9fc-4419-b4eb-d73502e0021f,askacademia_train,losing_paraphrase_qwen,2,"2

This comment does"
feb7c33e-9721-4abb-a759-cbcb57c3b392,askacademia_train,winning_text,4,"4

The comment scores"
feb7c33e-9721-4abb-a759-cbcb57c3b392,askacademia_train,losing_text,4,"4

This comment scores"
feb7c33e-9721-4abb-a759-cbcb57c3b392,askacademia_train,losing_generate_claude,5,"5

This comment exc"
feb7c33e-9721-4abb-a759-cbcb57c3b392,askacademia_train,losing_generate_gemini,5,"5

This comment scores"
feb7c33e-9721-4abb-a759-cbcb57c3b392,askacademia_train,losing_generate_gpt4omini,2,"2

**Reasoning"
feb7c33e-9721-4abb-a759-cbcb57c3b392,askacademia_train,losing_generate_gpt5nano,2,"2

This comment has"
feb7c33e-9721-4abb-a759-cbcb57c3b392,askacademia_train,losing_generate_llama,2,"2

**Reasoning"
feb7c33e-9721-4abb-a759-cbcb57c3b392,askacademia_train,losing_generate_mistral,2,"2

**Reasoning"
feb7c33e-9721-4abb-a759-cbcb57c3b392,askacademia_train,losing_generate_qwen,2,"2

This comment fails"
feb7c33e-9721-4abb-a759-cbcb57c3b392,askacademia_train,losing_improve_claude,4,"4

This comment scores"
feb7c33e-9721-4abb-a759-cbcb57c3b392,askacademia_train,losing_improve_gemini,3,"3

This comment shows"
feb7c33e-9721-4abb-a759-cbcb57c3b392,askacademia_train,losing_improve_gpt4omini,5,"5

This comment scores"
feb7c33e-9721-4abb-a759-cbcb57c3b392,askacademia_train,losing_improve_gpt5nano,5,"5

This comment exc"
feb7c33e-9721-4abb-a759-cbcb57c3b392,askacademia_train,losing_improve_llama,4,"4

This comment scores"
feb7c33e-9721-4abb-a759-cbcb57c3b392,askacademia_train,losing_improve_mistral,2,"2

The comment shows"
feb7c33e-9721-4abb-a759-cbcb57c3b392,askacademia_train,losing_improve_qwen,3,3
feb7c33e-9721-4abb-a759-cbcb57c3b392,askacademia_train,losing_paraphrase_claude,4,"4

This comment scores"
feb7c33e-9721-4abb-a759-cbcb57c3b392,askacademia_train,losing_paraphrase_gemini,4,"4

This comment scores"
feb7c33e-9721-4abb-a759-cbcb57c3b392,askacademia_train,losing_paraphrase_gpt4omini,4,"4

This comment scores"
feb7c33e-9721-4abb-a759-cbcb57c3b392,askacademia_train,losing_paraphrase_gpt5nano,3,"3

This comment shows"
feb7c33e-9721-4abb-a759-cbcb57c3b392,askacademia_train,losing_paraphrase_llama,3,"3

This comment has"
feb7c33e-9721-4abb-a759-cbcb57c3b392,askacademia_train,losing_paraphrase_mistral,3,"3

This comment shows"
feb7c33e-9721-4abb-a759-cbcb57c3b392,askacademia_train,losing_paraphrase_qwen,4,"4

This comment scores"
d178a956-b16a-4b9f-b1a8-445332c73a27,askacademia_train,winning_text,3,"3

The comment addresses"
d178a956-b16a-4b9f-b1a8-445332c73a27,askacademia_train,losing_text,4,"4

This comment scores"
d178a956-b16a-4b9f-b1a8-445332c73a27,askacademia_train,losing_generate_claude,5,"5

This comment exc"
d178a956-b16a-4b9f-b1a8-445332c73a27,askacademia_train,losing_generate_gemini,5,"5

This comment scores"
d178a956-b16a-4b9f-b1a8-445332c73a27,askacademia_train,losing_generate_gpt4omini,2,"2

**Reasoning"
d178a956-b16a-4b9f-b1a8-445332c73a27,askacademia_train,losing_generate_gpt5nano,5,"5

This comment scores"
d178a956-b16a-4b9f-b1a8-445332c73a27,askacademia_train,losing_generate_llama,2,"2

**Reasoning"
d178a956-b16a-4b9f-b1a8-445332c73a27,askacademia_train,losing_generate_mistral,4,"4

This comment scores"
d178a956-b16a-4b9f-b1a8-445332c73a27,askacademia_train,losing_generate_qwen,2,"2

This comment does"
d178a956-b16a-4b9f-b1a8-445332c73a27,askacademia_train,losing_improve_claude,4,"4

This comment scores"
d178a956-b16a-4b9f-b1a8-445332c73a27,askacademia_train,losing_improve_gemini,5,"5

This comment scores"
d178a956-b16a-4b9f-b1a8-445332c73a27,askacademia_train,losing_improve_gpt4omini,5,"5

This comment scores"
d178a956-b16a-4b9f-b1a8-445332c73a27,askacademia_train,losing_improve_gpt5nano,4,"4

This comment scores"
d178a956-b16a-4b9f-b1a8-445332c73a27,askacademia_train,losing_improve_llama,4,"4

This comment scores"
d178a956-b16a-4b9f-b1a8-445332c73a27,askacademia_train,losing_improve_mistral,2,"2

The comment shows"
d178a956-b16a-4b9f-b1a8-445332c73a27,askacademia_train,losing_improve_qwen,3,3
d178a956-b16a-4b9f-b1a8-445332c73a27,askacademia_train,losing_paraphrase_claude,4,"4

This comment scores"
d178a956-b16a-4b9f-b1a8-445332c73a27,askacademia_train,losing_paraphrase_gemini,4,"4

The comment is"
d178a956-b16a-4b9f-b1a8-445332c73a27,askacademia_train,losing_paraphrase_gpt4omini,4,"4

This comment scores"
d178a956-b16a-4b9f-b1a8-445332c73a27,askacademia_train,losing_paraphrase_gpt5nano,3,"3

This comment shows"
d178a956-b16a-4b9f-b1a8-445332c73a27,askacademia_train,losing_paraphrase_llama,3,"3

This comment has"
d178a956-b16a-4b9f-b1a8-445332c73a27,askacademia_train,losing_paraphrase_mistral,3,"3

This comment shows"
d178a956-b16a-4b9f-b1a8-445332c73a27,askacademia_train,losing_paraphrase_qwen,4,"4

This comment scores"
856688b1-4e7d-4e12-8d8b-20142c12524c,askacademia_train,winning_text,3,"3

The comment addresses"
856688b1-4e7d-4e12-8d8b-20142c12524c,askacademia_train,losing_text,2,"2

This comment has"
856688b1-4e7d-4e12-8d8b-20142c12524c,askacademia_train,losing_generate_claude,5,"5

This comment exc"
856688b1-4e7d-4e12-8d8b-20142c12524c,askacademia_train,losing_generate_gemini,5,"5

This comment scores"
856688b1-4e7d-4e12-8d8b-20142c12524c,askacademia_train,losing_generate_gpt4omini,2,"2

**Reasoning"
856688b1-4e7d-4e12-8d8b-20142c12524c,askacademia_train,losing_generate_gpt5nano,2,"2

**Reasoning"
856688b1-4e7d-4e12-8d8b-20142c12524c,askacademia_train,losing_generate_llama,2,"2

**Reasoning"
856688b1-4e7d-4e12-8d8b-20142c12524c,askacademia_train,losing_generate_mistral,3,"3

The comment provides"
856688b1-4e7d-4e12-8d8b-20142c12524c,askacademia_train,losing_generate_qwen,2,"2

This comment does"
856688b1-4e7d-4e12-8d8b-20142c12524c,askacademia_train,losing_improve_claude,4,"4

This comment scores"
856688b1-4e7d-4e12-8d8b-20142c12524c,askacademia_train,losing_improve_gemini,3,"3

This comment demonstrates"
856688b1-4e7d-4e12-8d8b-20142c12524c,askacademia_train,losing_improve_gpt4omini,3,"3

**Reasoning"
856688b1-4e7d-4e12-8d8b-20142c12524c,askacademia_train,losing_improve_gpt5nano,3,"3

The comment provides"
856688b1-4e7d-4e12-8d8b-20142c12524c,askacademia_train,losing_improve_llama,2,"2

This comment is"
856688b1-4e7d-4e12-8d8b-20142c12524c,askacademia_train,losing_improve_mistral,2,"2

The comment provides"
856688b1-4e7d-4e12-8d8b-20142c12524c,askacademia_train,losing_improve_qwen,4,"4

This comment scores"
856688b1-4e7d-4e12-8d8b-20142c12524c,askacademia_train,losing_paraphrase_claude,3,"3

This comment demonstrates"
856688b1-4e7d-4e12-8d8b-20142c12524c,askacademia_train,losing_paraphrase_gemini,4,"4

This comment scores"
856688b1-4e7d-4e12-8d8b-20142c12524c,askacademia_train,losing_paraphrase_gpt4omini,2,"2

The comment lacks"
856688b1-4e7d-4e12-8d8b-20142c12524c,askacademia_train,losing_paraphrase_gpt5nano,2,"2

This comment has"
856688b1-4e7d-4e12-8d8b-20142c12524c,askacademia_train,losing_paraphrase_llama,2,"2

The comment is"
856688b1-4e7d-4e12-8d8b-20142c12524c,askacademia_train,losing_paraphrase_mistral,2,"2

This comment has"
856688b1-4e7d-4e12-8d8b-20142c12524c,askacademia_train,losing_paraphrase_qwen,2,"2

The comment is"
1dc550b9-6e71-4eb6-93ae-59c608152902,askacademia_train,winning_text,2,"2

The comment fails"
1dc550b9-6e71-4eb6-93ae-59c608152902,askacademia_train,losing_text,2,"2

This comment has"
1dc550b9-6e71-4eb6-93ae-59c608152902,askacademia_train,losing_generate_claude,5,"5

This comment exc"
1dc550b9-6e71-4eb6-93ae-59c608152902,askacademia_train,losing_generate_gemini,5,"5

This comment scores"
1dc550b9-6e71-4eb6-93ae-59c608152902,askacademia_train,losing_generate_gpt4omini,2,"2

**Reasoning"
1dc550b9-6e71-4eb6-93ae-59c608152902,askacademia_train,losing_generate_gpt5nano,2,"2

This comment has"
1dc550b9-6e71-4eb6-93ae-59c608152902,askacademia_train,losing_generate_llama,2,"2

**Reasoning"
1dc550b9-6e71-4eb6-93ae-59c608152902,askacademia_train,losing_generate_mistral,4,"4

The comment scores"
1dc550b9-6e71-4eb6-93ae-59c608152902,askacademia_train,losing_generate_qwen,2,"2

This comment does"
1dc550b9-6e71-4eb6-93ae-59c608152902,askacademia_train,losing_improve_claude,5,"5

This comment exc"
1dc550b9-6e71-4eb6-93ae-59c608152902,askacademia_train,losing_improve_gemini,3,"3

This comment receives"
1dc550b9-6e71-4eb6-93ae-59c608152902,askacademia_train,losing_improve_gpt4omini,4,"4

This comment scores"
1dc550b9-6e71-4eb6-93ae-59c608152902,askacademia_train,losing_improve_gpt5nano,5,"5

This comment scores"
1dc550b9-6e71-4eb6-93ae-59c608152902,askacademia_train,losing_improve_llama,2,"2

This comment is"
1dc550b9-6e71-4eb6-93ae-59c608152902,askacademia_train,losing_improve_mistral,2,"2

The comment provides"
1dc550b9-6e71-4eb6-93ae-59c608152902,askacademia_train,losing_improve_qwen,4,"4

This comment scores"
1dc550b9-6e71-4eb6-93ae-59c608152902,askacademia_train,losing_paraphrase_claude,3,"3

This comment receives"
1dc550b9-6e71-4eb6-93ae-59c608152902,askacademia_train,losing_paraphrase_gemini,4,"4

This comment scores"
1dc550b9-6e71-4eb6-93ae-59c608152902,askacademia_train,losing_paraphrase_gpt4omini,3,"3

This comment receives"
1dc550b9-6e71-4eb6-93ae-59c608152902,askacademia_train,losing_paraphrase_gpt5nano,4,"4

This comment scores"
1dc550b9-6e71-4eb6-93ae-59c608152902,askacademia_train,losing_paraphrase_llama,2,"2

The comment is"
1dc550b9-6e71-4eb6-93ae-59c608152902,askacademia_train,losing_paraphrase_mistral,2,"2

This comment has"
1dc550b9-6e71-4eb6-93ae-59c608152902,askacademia_train,losing_paraphrase_qwen,2,"2

The comment is"
949ad9c2-d435-41ba-8a75-8fb6e6d13498,askacademia_train,winning_text,3,"3

This comment receives"
949ad9c2-d435-41ba-8a75-8fb6e6d13498,askacademia_train,losing_text,2,"2

This comment has"
949ad9c2-d435-41ba-8a75-8fb6e6d13498,askacademia_train,losing_generate_claude,5,"5

This comment exc"
949ad9c2-d435-41ba-8a75-8fb6e6d13498,askacademia_train,losing_generate_gemini,5,"5

This comment scores"
949ad9c2-d435-41ba-8a75-8fb6e6d13498,askacademia_train,losing_generate_gpt4omini,2,"2

**Reasoning"
949ad9c2-d435-41ba-8a75-8fb6e6d13498,askacademia_train,losing_generate_gpt5nano,5,"5

This comment exc"
949ad9c2-d435-41ba-8a75-8fb6e6d13498,askacademia_train,losing_generate_llama,2,"2

**Reasoning"
949ad9c2-d435-41ba-8a75-8fb6e6d13498,askacademia_train,losing_generate_mistral,2,"2

The comment has"
949ad9c2-d435-41ba-8a75-8fb6e6d13498,askacademia_train,losing_generate_qwen,2,"2

The comment does"
949ad9c2-d435-41ba-8a75-8fb6e6d13498,askacademia_train,losing_improve_claude,4,"4

This comment scores"
949ad9c2-d435-41ba-8a75-8fb6e6d13498,askacademia_train,losing_improve_gemini,3,"3

This comment receives"
949ad9c2-d435-41ba-8a75-8fb6e6d13498,askacademia_train,losing_improve_gpt4omini,4,"4

This comment scores"
949ad9c2-d435-41ba-8a75-8fb6e6d13498,askacademia_train,losing_improve_gpt5nano,3,"3

This comment is"
949ad9c2-d435-41ba-8a75-8fb6e6d13498,askacademia_train,losing_improve_llama,2,"2

The comment is"
949ad9c2-d435-41ba-8a75-8fb6e6d13498,askacademia_train,losing_improve_mistral,2,"2

The comment provides"
949ad9c2-d435-41ba-8a75-8fb6e6d13498,askacademia_train,losing_improve_qwen,4,"4

This comment scores"
949ad9c2-d435-41ba-8a75-8fb6e6d13498,askacademia_train,losing_paraphrase_claude,3,"3

This comment demonstrates"
949ad9c2-d435-41ba-8a75-8fb6e6d13498,askacademia_train,losing_paraphrase_gemini,4,"4

This comment scores"
949ad9c2-d435-41ba-8a75-8fb6e6d13498,askacademia_train,losing_paraphrase_gpt4omini,3,"3

This comment shows"
949ad9c2-d435-41ba-8a75-8fb6e6d13498,askacademia_train,losing_paraphrase_gpt5nano,3,"3

This comment receives"
949ad9c2-d435-41ba-8a75-8fb6e6d13498,askacademia_train,losing_paraphrase_llama,2,"2

The comment is"
949ad9c2-d435-41ba-8a75-8fb6e6d13498,askacademia_train,losing_paraphrase_mistral,2,"2

This comment has"
949ad9c2-d435-41ba-8a75-8fb6e6d13498,askacademia_train,losing_paraphrase_qwen,2,"2

The comment has"
976159cf-a337-4afb-ad15-88f10c21143d,askacademia_train,winning_text,2,"2

The comment fails"
976159cf-a337-4afb-ad15-88f10c21143d,askacademia_train,losing_text,2,"2

This comment has"
976159cf-a337-4afb-ad15-88f10c21143d,askacademia_train,losing_generate_claude,5,"5

This comment exc"
976159cf-a337-4afb-ad15-88f10c21143d,askacademia_train,losing_generate_gemini,5,"5

This comment scores"
976159cf-a337-4afb-ad15-88f10c21143d,askacademia_train,losing_generate_gpt4omini,2,"2

**Reasoning"
976159cf-a337-4afb-ad15-88f10c21143d,askacademia_train,losing_generate_gpt5nano,2,"2

**Reasoning"
976159cf-a337-4afb-ad15-88f10c21143d,askacademia_train,losing_generate_llama,2,"2

**Reasoning"
976159cf-a337-4afb-ad15-88f10c21143d,askacademia_train,losing_generate_mistral,2,"2

The comment has"
976159cf-a337-4afb-ad15-88f10c21143d,askacademia_train,losing_generate_qwen,2,"2

This comment does"
976159cf-a337-4afb-ad15-88f10c21143d,askacademia_train,losing_improve_claude,4,"4

This comment scores"
976159cf-a337-4afb-ad15-88f10c21143d,askacademia_train,losing_improve_gemini,5,"5

This comment scores"
976159cf-a337-4afb-ad15-88f10c21143d,askacademia_train,losing_improve_gpt4omini,4,"4

This comment scores"
976159cf-a337-4afb-ad15-88f10c21143d,askacademia_train,losing_improve_gpt5nano,5,"5

This comment exc"
976159cf-a337-4afb-ad15-88f10c21143d,askacademia_train,losing_improve_llama,2,"2

The comment lacks"
976159cf-a337-4afb-ad15-88f10c21143d,askacademia_train,losing_improve_mistral,4,"4

This comment scores"
976159cf-a337-4afb-ad15-88f10c21143d,askacademia_train,losing_improve_qwen,4,"4

This comment scores"
976159cf-a337-4afb-ad15-88f10c21143d,askacademia_train,losing_paraphrase_claude,4,"4

This comment scores"
976159cf-a337-4afb-ad15-88f10c21143d,askacademia_train,losing_paraphrase_gemini,4,"4

The comment is"
976159cf-a337-4afb-ad15-88f10c21143d,askacademia_train,losing_paraphrase_gpt4omini,3,"3

This comment receives"
976159cf-a337-4afb-ad15-88f10c21143d,askacademia_train,losing_paraphrase_gpt5nano,4,"4

This comment scores"
976159cf-a337-4afb-ad15-88f10c21143d,askacademia_train,losing_paraphrase_llama,4,"4

This comment scores"
976159cf-a337-4afb-ad15-88f10c21143d,askacademia_train,losing_paraphrase_mistral,4,"4

This comment scores"
976159cf-a337-4afb-ad15-88f10c21143d,askacademia_train,losing_paraphrase_qwen,4,"4

This comment scores"
26c117b6-0b46-48d8-bc44-239ab5526699,askacademia_train,winning_text,3,"3

This comment receives"
26c117b6-0b46-48d8-bc44-239ab5526699,askacademia_train,losing_text,2,"2

This comment has"
26c117b6-0b46-48d8-bc44-239ab5526699,askacademia_train,losing_generate_claude,5,"5

This comment exc"
26c117b6-0b46-48d8-bc44-239ab5526699,askacademia_train,losing_generate_gemini,5,"5

This comment scores"
26c117b6-0b46-48d8-bc44-239ab5526699,askacademia_train,losing_generate_gpt4omini,2,"2

**Reasoning"
26c117b6-0b46-48d8-bc44-239ab5526699,askacademia_train,losing_generate_gpt5nano,5,"5

This comment exc"
26c117b6-0b46-48d8-bc44-239ab5526699,askacademia_train,losing_generate_llama,2,"2

**Reasoning"
26c117b6-0b46-48d8-bc44-239ab5526699,askacademia_train,losing_generate_mistral,2,"2

**Reasoning"
26c117b6-0b46-48d8-bc44-239ab5526699,askacademia_train,losing_generate_qwen,2,"2

This comment does"
26c117b6-0b46-48d8-bc44-239ab5526699,askacademia_train,losing_improve_claude,2,"2

This comment has"
26c117b6-0b46-48d8-bc44-239ab5526699,askacademia_train,losing_improve_gemini,5,"5

This comment scores"
26c117b6-0b46-48d8-bc44-239ab5526699,askacademia_train,losing_improve_gpt4omini,4,"4

This comment scores"
26c117b6-0b46-48d8-bc44-239ab5526699,askacademia_train,losing_improve_gpt5nano,5,"5

This comment exc"
26c117b6-0b46-48d8-bc44-239ab5526699,askacademia_train,losing_improve_llama,2,"2

**Reasoning"
26c117b6-0b46-48d8-bc44-239ab5526699,askacademia_train,losing_improve_mistral,2,"2

**Reasoning"
26c117b6-0b46-48d8-bc44-239ab5526699,askacademia_train,losing_improve_qwen,4,"4

This comment scores"
26c117b6-0b46-48d8-bc44-239ab5526699,askacademia_train,losing_paraphrase_claude,4,"4

This comment scores"
26c117b6-0b46-48d8-bc44-239ab5526699,askacademia_train,losing_paraphrase_gemini,4,"4

The comment is"
26c117b6-0b46-48d8-bc44-239ab5526699,askacademia_train,losing_paraphrase_gpt4omini,3,"3

This comment receives"
26c117b6-0b46-48d8-bc44-239ab5526699,askacademia_train,losing_paraphrase_gpt5nano,4,"4

This comment scores"
26c117b6-0b46-48d8-bc44-239ab5526699,askacademia_train,losing_paraphrase_llama,4,"4

This comment scores"
26c117b6-0b46-48d8-bc44-239ab5526699,askacademia_train,losing_paraphrase_mistral,4,"4

This comment scores"
26c117b6-0b46-48d8-bc44-239ab5526699,askacademia_train,losing_paraphrase_qwen,4,"4

This comment scores"
c18349ca-4644-41f3-b50d-8c475423cc11,askacademia_train,winning_text,2,"2

The comment fails"
c18349ca-4644-41f3-b50d-8c475423cc11,askacademia_train,losing_text,2,"2

This comment has"
c18349ca-4644-41f3-b50d-8c475423cc11,askacademia_train,losing_generate_claude,5,"5

This comment exc"
c18349ca-4644-41f3-b50d-8c475423cc11,askacademia_train,losing_generate_gemini,5,"5

This comment scores"
c18349ca-4644-41f3-b50d-8c475423cc11,askacademia_train,losing_generate_gpt4omini,2,"2

**Reasoning"
c18349ca-4644-41f3-b50d-8c475423cc11,askacademia_train,losing_generate_gpt5nano,5,"5

This comment exc"
c18349ca-4644-41f3-b50d-8c475423cc11,askacademia_train,losing_generate_llama,2,"2

The comment mis"
c18349ca-4644-41f3-b50d-8c475423cc11,askacademia_train,losing_generate_mistral,4,"4

This comment scores"
c18349ca-4644-41f3-b50d-8c475423cc11,askacademia_train,losing_generate_qwen,2,"2

This comment does"
c18349ca-4644-41f3-b50d-8c475423cc11,askacademia_train,losing_improve_claude,4,"4

This comment scores"
c18349ca-4644-41f3-b50d-8c475423cc11,askacademia_train,losing_improve_gemini,2,"2

This comment has"
c18349ca-4644-41f3-b50d-8c475423cc11,askacademia_train,losing_improve_gpt4omini,2,"2

This comment has"
c18349ca-4644-41f3-b50d-8c475423cc11,askacademia_train,losing_improve_gpt5nano,5,"5

This comment exc"
c18349ca-4644-41f3-b50d-8c475423cc11,askacademia_train,losing_improve_llama,2,"2

This comment has"
c18349ca-4644-41f3-b50d-8c475423cc11,askacademia_train,losing_improve_mistral,2,"2

**Reasoning"
c18349ca-4644-41f3-b50d-8c475423cc11,askacademia_train,losing_improve_qwen,2,"2

**Reasoning"
c18349ca-4644-41f3-b50d-8c475423cc11,askacademia_train,losing_paraphrase_claude,2,"2

This comment has"
c18349ca-4644-41f3-b50d-8c475423cc11,askacademia_train,losing_paraphrase_gemini,4,"4

This comment scores"
c18349ca-4644-41f3-b50d-8c475423cc11,askacademia_train,losing_paraphrase_gpt4omini,2,"2

This comment scores"
c18349ca-4644-41f3-b50d-8c475423cc11,askacademia_train,losing_paraphrase_gpt5nano,2,"2

This comment has"
c18349ca-4644-41f3-b50d-8c475423cc11,askacademia_train,losing_paraphrase_llama,2,"2

The comment shows"
c18349ca-4644-41f3-b50d-8c475423cc11,askacademia_train,losing_paraphrase_mistral,3,"3

This comment shows"
c18349ca-4644-41f3-b50d-8c475423cc11,askacademia_train,losing_paraphrase_qwen,2,"2

The comment scores"
bab2f96a-9142-4b38-8168-9cf4a3e041ea,askacademia_train,winning_text,4,"4

This comment scores"
bab2f96a-9142-4b38-8168-9cf4a3e041ea,askacademia_train,losing_text,2,"2

This comment has"
bab2f96a-9142-4b38-8168-9cf4a3e041ea,askacademia_train,losing_generate_claude,5,"5

This comment exc"
bab2f96a-9142-4b38-8168-9cf4a3e041ea,askacademia_train,losing_generate_gemini,5,"5

This comment scores"
bab2f96a-9142-4b38-8168-9cf4a3e041ea,askacademia_train,losing_generate_gpt4omini,2,"2

**Reasoning"
bab2f96a-9142-4b38-8168-9cf4a3e041ea,askacademia_train,losing_generate_gpt5nano,4,"4

This comment scores"
bab2f96a-9142-4b38-8168-9cf4a3e041ea,askacademia_train,losing_generate_llama,2,"2

**Reasoning"
bab2f96a-9142-4b38-8168-9cf4a3e041ea,askacademia_train,losing_generate_mistral,2,"2

The comment provides"
bab2f96a-9142-4b38-8168-9cf4a3e041ea,askacademia_train,losing_generate_qwen,2,"2

This comment does"
bab2f96a-9142-4b38-8168-9cf4a3e041ea,askacademia_train,losing_improve_claude,4,"4

This comment scores"
bab2f96a-9142-4b38-8168-9cf4a3e041ea,askacademia_train,losing_improve_gemini,2,"2

This comment has"
bab2f96a-9142-4b38-8168-9cf4a3e041ea,askacademia_train,losing_improve_gpt4omini,2,"2

This comment has"
bab2f96a-9142-4b38-8168-9cf4a3e041ea,askacademia_train,losing_improve_gpt5nano,5,"5

This comment scores"
bab2f96a-9142-4b38-8168-9cf4a3e041ea,askacademia_train,losing_improve_llama,2,"2

This comment has"
bab2f96a-9142-4b38-8168-9cf4a3e041ea,askacademia_train,losing_improve_mistral,2,"2

**Reasoning"
bab2f96a-9142-4b38-8168-9cf4a3e041ea,askacademia_train,losing_improve_qwen,2,"2

**Reasoning"
bab2f96a-9142-4b38-8168-9cf4a3e041ea,askacademia_train,losing_paraphrase_claude,2,"2

This comment has"
bab2f96a-9142-4b38-8168-9cf4a3e041ea,askacademia_train,losing_paraphrase_gemini,3,"3

The comment addresses"
bab2f96a-9142-4b38-8168-9cf4a3e041ea,askacademia_train,losing_paraphrase_gpt4omini,2,"2

This comment scores"
bab2f96a-9142-4b38-8168-9cf4a3e041ea,askacademia_train,losing_paraphrase_gpt5nano,3,"3

This comment shows"
bab2f96a-9142-4b38-8168-9cf4a3e041ea,askacademia_train,losing_paraphrase_llama,2,"2

The comment shows"
bab2f96a-9142-4b38-8168-9cf4a3e041ea,askacademia_train,losing_paraphrase_mistral,3,"3

This comment shows"
bab2f96a-9142-4b38-8168-9cf4a3e041ea,askacademia_train,losing_paraphrase_qwen,3,"3

The comment shows"
0d2dcd56-8c40-49e3-81fc-d242a1234019,askacademia_train,winning_text,3,"3

This comment receives"
0d2dcd56-8c40-49e3-81fc-d242a1234019,askacademia_train,losing_text,2,"2

This comment has"
0d2dcd56-8c40-49e3-81fc-d242a1234019,askacademia_train,losing_generate_claude,5,"5

This comment exc"
0d2dcd56-8c40-49e3-81fc-d242a1234019,askacademia_train,losing_generate_gemini,5,"5

This comment scores"
0d2dcd56-8c40-49e3-81fc-d242a1234019,askacademia_train,losing_generate_gpt4omini,2,"2

**Reasoning"
0d2dcd56-8c40-49e3-81fc-d242a1234019,askacademia_train,losing_generate_gpt5nano,3,"3

**Reasoning"
0d2dcd56-8c40-49e3-81fc-d242a1234019,askacademia_train,losing_generate_llama,2,"2

**Reasoning"
0d2dcd56-8c40-49e3-81fc-d242a1234019,askacademia_train,losing_generate_mistral,ERROR,BATCH_ERROR: expired
0d2dcd56-8c40-49e3-81fc-d242a1234019,askacademia_train,losing_generate_qwen,2,"2

The comment does"
0d2dcd56-8c40-49e3-81fc-d242a1234019,askacademia_train,losing_improve_claude,3,"3

This comment shows"
0d2dcd56-8c40-49e3-81fc-d242a1234019,askacademia_train,losing_improve_gemini,4,"4

This comment scores"
0d2dcd56-8c40-49e3-81fc-d242a1234019,askacademia_train,losing_improve_gpt4omini,2,"2

**Reasoning"
0d2dcd56-8c40-49e3-81fc-d242a1234019,askacademia_train,losing_improve_gpt5nano,5,"5

This comment scores"
0d2dcd56-8c40-49e3-81fc-d242a1234019,askacademia_train,losing_improve_llama,2,"2

This comment has"
0d2dcd56-8c40-49e3-81fc-d242a1234019,askacademia_train,losing_improve_mistral,2,"2

**Reasoning"
0d2dcd56-8c40-49e3-81fc-d242a1234019,askacademia_train,losing_improve_qwen,2,"2

**Reasoning"
0d2dcd56-8c40-49e3-81fc-d242a1234019,askacademia_train,losing_paraphrase_claude,2,"2

This comment has"
0d2dcd56-8c40-49e3-81fc-d242a1234019,askacademia_train,losing_paraphrase_gemini,3,"3

The comment addresses"
0d2dcd56-8c40-49e3-81fc-d242a1234019,askacademia_train,losing_paraphrase_gpt4omini,3,"3

This comment shows"
0d2dcd56-8c40-49e3-81fc-d242a1234019,askacademia_train,losing_paraphrase_gpt5nano,2,"2

This comment has"
0d2dcd56-8c40-49e3-81fc-d242a1234019,askacademia_train,losing_paraphrase_llama,2,"2

The comment shows"
0d2dcd56-8c40-49e3-81fc-d242a1234019,askacademia_train,losing_paraphrase_mistral,3,"3

This comment shows"
0d2dcd56-8c40-49e3-81fc-d242a1234019,askacademia_train,losing_paraphrase_qwen,3,"3

The comment shows"
88a37316-58ed-4403-a25c-0571cab3f6fa,askacademia_train,winning_text,3,"3

This comment receives"
88a37316-58ed-4403-a25c-0571cab3f6fa,askacademia_train,losing_text,2,"2

The comment fails"
88a37316-58ed-4403-a25c-0571cab3f6fa,askacademia_train,losing_generate_claude,5,"5

This comment exc"
88a37316-58ed-4403-a25c-0571cab3f6fa,askacademia_train,losing_generate_gemini,5,"5

This comment scores"
88a37316-58ed-4403-a25c-0571cab3f6fa,askacademia_train,losing_generate_gpt4omini,2,"2

**Reasoning"
88a37316-58ed-4403-a25c-0571cab3f6fa,askacademia_train,losing_generate_gpt5nano,5,"5

This comment scores"
88a37316-58ed-4403-a25c-0571cab3f6fa,askacademia_train,losing_generate_llama,2,"2

**Reasoning"
88a37316-58ed-4403-a25c-0571cab3f6fa,askacademia_train,losing_generate_mistral,2,"2

The comment has"
88a37316-58ed-4403-a25c-0571cab3f6fa,askacademia_train,losing_generate_qwen,2,"2

This comment does"
88a37316-58ed-4403-a25c-0571cab3f6fa,askacademia_train,losing_improve_claude,2,"2

This comment appears"
88a37316-58ed-4403-a25c-0571cab3f6fa,askacademia_train,losing_improve_gemini,4,"4

The comment scores"
88a37316-58ed-4403-a25c-0571cab3f6fa,askacademia_train,losing_improve_gpt4omini,2,"2

This comment appears"
88a37316-58ed-4403-a25c-0571cab3f6fa,askacademia_train,losing_improve_gpt5nano,5,"5

This comment scores"
88a37316-58ed-4403-a25c-0571cab3f6fa,askacademia_train,losing_improve_llama,2,"2

**Reasoning"
88a37316-58ed-4403-a25c-0571cab3f6fa,askacademia_train,losing_improve_mistral,2,"2

The comment lacks"
88a37316-58ed-4403-a25c-0571cab3f6fa,askacademia_train,losing_improve_qwen,4,"4

The comment scores"
88a37316-58ed-4403-a25c-0571cab3f6fa,askacademia_train,losing_paraphrase_claude,4,"4

The comment scores"
88a37316-58ed-4403-a25c-0571cab3f6fa,askacademia_train,losing_paraphrase_gemini,3,"3

The comment addresses"
88a37316-58ed-4403-a25c-0571cab3f6fa,askacademia_train,losing_paraphrase_gpt4omini,2,"2

The comment is"
88a37316-58ed-4403-a25c-0571cab3f6fa,askacademia_train,losing_paraphrase_gpt5nano,2,"2

The comment is"
88a37316-58ed-4403-a25c-0571cab3f6fa,askacademia_train,losing_paraphrase_llama,2,"2

The comment scores"
88a37316-58ed-4403-a25c-0571cab3f6fa,askacademia_train,losing_paraphrase_mistral,2,"2

The comment is"
88a37316-58ed-4403-a25c-0571cab3f6fa,askacademia_train,losing_paraphrase_qwen,2,"2

The comment is"
339fd86c-fad2-4098-bee3-3344cd719af7,askacademia_train,winning_text,3,"3

This comment receives"
339fd86c-fad2-4098-bee3-3344cd719af7,askacademia_train,losing_text,4,"4

This comment scores"
339fd86c-fad2-4098-bee3-3344cd719af7,askacademia_train,losing_generate_claude,5,"5

This comment exc"
339fd86c-fad2-4098-bee3-3344cd719af7,askacademia_train,losing_generate_gemini,5,"5

This comment scores"
339fd86c-fad2-4098-bee3-3344cd719af7,askacademia_train,losing_generate_gpt4omini,2,"2

This comment has"
339fd86c-fad2-4098-bee3-3344cd719af7,askacademia_train,losing_generate_gpt5nano,5,"5

This comment exc"
339fd86c-fad2-4098-bee3-3344cd719af7,askacademia_train,losing_generate_llama,2,"2

**Reasoning"
339fd86c-fad2-4098-bee3-3344cd719af7,askacademia_train,losing_generate_mistral,2,"2

**Reasoning"
339fd86c-fad2-4098-bee3-3344cd719af7,askacademia_train,losing_generate_qwen,2,"2

This comment does"
339fd86c-fad2-4098-bee3-3344cd719af7,askacademia_train,losing_improve_claude,5,"5

This comment exc"
339fd86c-fad2-4098-bee3-3344cd719af7,askacademia_train,losing_improve_gemini,4,"4

This comment scores"
339fd86c-fad2-4098-bee3-3344cd719af7,askacademia_train,losing_improve_gpt4omini,4,"4

This comment scores"
339fd86c-fad2-4098-bee3-3344cd719af7,askacademia_train,losing_improve_gpt5nano,5,"5

This comment scores"
339fd86c-fad2-4098-bee3-3344cd719af7,askacademia_train,losing_improve_llama,2,"2

This comment has"
339fd86c-fad2-4098-bee3-3344cd719af7,askacademia_train,losing_improve_mistral,3,3
339fd86c-fad2-4098-bee3-3344cd719af7,askacademia_train,losing_improve_qwen,4,"4

This comment scores"
339fd86c-fad2-4098-bee3-3344cd719af7,askacademia_train,losing_paraphrase_claude,5,"5

This comment scores"
339fd86c-fad2-4098-bee3-3344cd719af7,askacademia_train,losing_paraphrase_gemini,3,"3

The comment addresses"
339fd86c-fad2-4098-bee3-3344cd719af7,askacademia_train,losing_paraphrase_gpt4omini,4,"4

This comment scores"
339fd86c-fad2-4098-bee3-3344cd719af7,askacademia_train,losing_paraphrase_gpt5nano,4,"4

This comment scores"
339fd86c-fad2-4098-bee3-3344cd719af7,askacademia_train,losing_paraphrase_llama,2,"2

**Reasoning"
339fd86c-fad2-4098-bee3-3344cd719af7,askacademia_train,losing_paraphrase_mistral,5,"5

This comment scores"
339fd86c-fad2-4098-bee3-3344cd719af7,askacademia_train,losing_paraphrase_qwen,4,"4

This comment scores"
9dba669a-a94f-4f94-9a87-a9ca5f8108f3,askacademia_train,winning_text,2,"2

This comment scores"
9dba669a-a94f-4f94-9a87-a9ca5f8108f3,askacademia_train,losing_text,3,"3

This comment is"
9dba669a-a94f-4f94-9a87-a9ca5f8108f3,askacademia_train,losing_generate_claude,5,"5

This comment exc"
9dba669a-a94f-4f94-9a87-a9ca5f8108f3,askacademia_train,losing_generate_gemini,5,"5

This comment scores"
9dba669a-a94f-4f94-9a87-a9ca5f8108f3,askacademia_train,losing_generate_gpt4omini,3,"3

**Reasoning"
9dba669a-a94f-4f94-9a87-a9ca5f8108f3,askacademia_train,losing_generate_gpt5nano,3,"3

**Reasoning"
9dba669a-a94f-4f94-9a87-a9ca5f8108f3,askacademia_train,losing_generate_llama,2,"2

**Reasoning"
9dba669a-a94f-4f94-9a87-a9ca5f8108f3,askacademia_train,losing_generate_mistral,2,"2

The comment provides"
9dba669a-a94f-4f94-9a87-a9ca5f8108f3,askacademia_train,losing_generate_qwen,2,"2

This comment does"
9dba669a-a94f-4f94-9a87-a9ca5f8108f3,askacademia_train,losing_improve_claude,5,"5

This comment exc"
9dba669a-a94f-4f94-9a87-a9ca5f8108f3,askacademia_train,losing_improve_gemini,2,"2

This comment is"
9dba669a-a94f-4f94-9a87-a9ca5f8108f3,askacademia_train,losing_improve_gpt4omini,4,"4

This comment scores"
9dba669a-a94f-4f94-9a87-a9ca5f8108f3,askacademia_train,losing_improve_gpt5nano,5,"5

This comment exc"
9dba669a-a94f-4f94-9a87-a9ca5f8108f3,askacademia_train,losing_improve_llama,4,"4

The comment scores"
9dba669a-a94f-4f94-9a87-a9ca5f8108f3,askacademia_train,losing_improve_mistral,4,"4

This comment scores"
9dba669a-a94f-4f94-9a87-a9ca5f8108f3,askacademia_train,losing_improve_qwen,2,"2

The comment has"
9dba669a-a94f-4f94-9a87-a9ca5f8108f3,askacademia_train,losing_paraphrase_claude,3,"3

This comment is"
9dba669a-a94f-4f94-9a87-a9ca5f8108f3,askacademia_train,losing_paraphrase_gemini,3,"3

The comment addresses"
9dba669a-a94f-4f94-9a87-a9ca5f8108f3,askacademia_train,losing_paraphrase_gpt4omini,3,"3

This comment is"
9dba669a-a94f-4f94-9a87-a9ca5f8108f3,askacademia_train,losing_paraphrase_gpt5nano,3,"3

This comment is"
9dba669a-a94f-4f94-9a87-a9ca5f8108f3,askacademia_train,losing_paraphrase_llama,2,"2

The comment has"
9dba669a-a94f-4f94-9a87-a9ca5f8108f3,askacademia_train,losing_paraphrase_mistral,3,"3

This comment scores"
9dba669a-a94f-4f94-9a87-a9ca5f8108f3,askacademia_train,losing_paraphrase_qwen,3,"3

This comment is"
3dbe3bd2-a538-439d-adc7-d61946765c4b,askacademia_train,winning_text,2,"2

This comment scores"
3dbe3bd2-a538-439d-adc7-d61946765c4b,askacademia_train,losing_text,4,"4

This comment scores"
3dbe3bd2-a538-439d-adc7-d61946765c4b,askacademia_train,losing_generate_claude,5,"5

This comment exc"
3dbe3bd2-a538-439d-adc7-d61946765c4b,askacademia_train,losing_generate_gemini,5,"5

This comment scores"
3dbe3bd2-a538-439d-adc7-d61946765c4b,askacademia_train,losing_generate_gpt4omini,2,"2

**Reasoning"
3dbe3bd2-a538-439d-adc7-d61946765c4b,askacademia_train,losing_generate_gpt5nano,5,"5

This comment exc"
3dbe3bd2-a538-439d-adc7-d61946765c4b,askacademia_train,losing_generate_llama,2,"2

**Reasoning"
3dbe3bd2-a538-439d-adc7-d61946765c4b,askacademia_train,losing_generate_mistral,2,"2

The comment provides"
3dbe3bd2-a538-439d-adc7-d61946765c4b,askacademia_train,losing_generate_qwen,2,"2

This comment does"
3dbe3bd2-a538-439d-adc7-d61946765c4b,askacademia_train,losing_improve_claude,4,"4

This comment scores"
3dbe3bd2-a538-439d-adc7-d61946765c4b,askacademia_train,losing_improve_gemini,4,"4

This comment scores"
3dbe3bd2-a538-439d-adc7-d61946765c4b,askacademia_train,losing_improve_gpt4omini,3,"3

The comment provides"
3dbe3bd2-a538-439d-adc7-d61946765c4b,askacademia_train,losing_improve_gpt5nano,5,"5

This comment scores"
3dbe3bd2-a538-439d-adc7-d61946765c4b,askacademia_train,losing_improve_llama,4,"4

This comment scores"
3dbe3bd2-a538-439d-adc7-d61946765c4b,askacademia_train,losing_improve_mistral,4,"4

This comment scores"
3dbe3bd2-a538-439d-adc7-d61946765c4b,askacademia_train,losing_improve_qwen,3,"3

The comment is"
3dbe3bd2-a538-439d-adc7-d61946765c4b,askacademia_train,losing_paraphrase_claude,4,"4

This comment scores"
3dbe3bd2-a538-439d-adc7-d61946765c4b,askacademia_train,losing_paraphrase_gemini,3,"3

The comment addresses"
3dbe3bd2-a538-439d-adc7-d61946765c4b,askacademia_train,losing_paraphrase_gpt4omini,3,"3

The comment is"
3dbe3bd2-a538-439d-adc7-d61946765c4b,askacademia_train,losing_paraphrase_gpt5nano,4,"4

This comment scores"
3dbe3bd2-a538-439d-adc7-d61946765c4b,askacademia_train,losing_paraphrase_llama,3,"3

The comment is"
3dbe3bd2-a538-439d-adc7-d61946765c4b,askacademia_train,losing_paraphrase_mistral,3,"3

This comment receives"
3dbe3bd2-a538-439d-adc7-d61946765c4b,askacademia_train,losing_paraphrase_qwen,4,"4

This comment scores"
330627be-087d-4a3a-94d8-75dfc601cf71,askacademia_train,winning_text,3,"3

This comment is"
330627be-087d-4a3a-94d8-75dfc601cf71,askacademia_train,losing_text,4,"4

This comment scores"
330627be-087d-4a3a-94d8-75dfc601cf71,askacademia_train,losing_generate_claude,5,"5

This comment exc"
330627be-087d-4a3a-94d8-75dfc601cf71,askacademia_train,losing_generate_gemini,5,"5

This comment scores"
330627be-087d-4a3a-94d8-75dfc601cf71,askacademia_train,losing_generate_gpt4omini,2,"2

**Reasoning"
330627be-087d-4a3a-94d8-75dfc601cf71,askacademia_train,losing_generate_gpt5nano,2,"2

The comment has"
330627be-087d-4a3a-94d8-75dfc601cf71,askacademia_train,losing_generate_llama,2,"2

**Reasoning"
330627be-087d-4a3a-94d8-75dfc601cf71,askacademia_train,losing_generate_mistral,2,"2

**Reasoning"
330627be-087d-4a3a-94d8-75dfc601cf71,askacademia_train,losing_generate_qwen,2,"2

The comment does"
330627be-087d-4a3a-94d8-75dfc601cf71,askacademia_train,losing_improve_claude,5,"5

This comment exc"
330627be-087d-4a3a-94d8-75dfc601cf71,askacademia_train,losing_improve_gemini,4,"4

This comment scores"
330627be-087d-4a3a-94d8-75dfc601cf71,askacademia_train,losing_improve_gpt4omini,4,"4

This comment scores"
330627be-087d-4a3a-94d8-75dfc601cf71,askacademia_train,losing_improve_gpt5nano,5,"5

This comment scores"
330627be-087d-4a3a-94d8-75dfc601cf71,askacademia_train,losing_improve_llama,4,"4

This comment scores"
330627be-087d-4a3a-94d8-75dfc601cf71,askacademia_train,losing_improve_mistral,4,"4

This comment scores"
330627be-087d-4a3a-94d8-75dfc601cf71,askacademia_train,losing_improve_qwen,3,"3

The comment is"
330627be-087d-4a3a-94d8-75dfc601cf71,askacademia_train,losing_paraphrase_claude,4,"4

This comment scores"
330627be-087d-4a3a-94d8-75dfc601cf71,askacademia_train,losing_paraphrase_gemini,3,"3

The comment addresses"
330627be-087d-4a3a-94d8-75dfc601cf71,askacademia_train,losing_paraphrase_gpt4omini,3,"3

The comment is"
330627be-087d-4a3a-94d8-75dfc601cf71,askacademia_train,losing_paraphrase_gpt5nano,4,"4

This comment scores"
330627be-087d-4a3a-94d8-75dfc601cf71,askacademia_train,losing_paraphrase_llama,3,"3

The comment is"
330627be-087d-4a3a-94d8-75dfc601cf71,askacademia_train,losing_paraphrase_mistral,3,"3

This comment shows"
330627be-087d-4a3a-94d8-75dfc601cf71,askacademia_train,losing_paraphrase_qwen,4,"4

This comment scores"
b33dabd3-932b-4388-9339-3f44ffa6f1bb,askacademia_train,winning_text,2,"2

This comment fails"
b33dabd3-932b-4388-9339-3f44ffa6f1bb,askacademia_train,losing_text,4,"4

This comment scores"
b33dabd3-932b-4388-9339-3f44ffa6f1bb,askacademia_train,losing_generate_claude,5,"5

This comment exc"
b33dabd3-932b-4388-9339-3f44ffa6f1bb,askacademia_train,losing_generate_gemini,5,"5

This comment scores"
b33dabd3-932b-4388-9339-3f44ffa6f1bb,askacademia_train,losing_generate_gpt4omini,2,"2

**Reasoning"
b33dabd3-932b-4388-9339-3f44ffa6f1bb,askacademia_train,losing_generate_gpt5nano,4,"4

This comment scores"
b33dabd3-932b-4388-9339-3f44ffa6f1bb,askacademia_train,losing_generate_llama,2,"2

The comment mis"
b33dabd3-932b-4388-9339-3f44ffa6f1bb,askacademia_train,losing_generate_mistral,2,"2

The comment has"
b33dabd3-932b-4388-9339-3f44ffa6f1bb,askacademia_train,losing_generate_qwen,2,"2

This comment does"
b33dabd3-932b-4388-9339-3f44ffa6f1bb,askacademia_train,losing_improve_claude,5,"5

This comment exc"
b33dabd3-932b-4388-9339-3f44ffa6f1bb,askacademia_train,losing_improve_gemini,4,"4

This comment scores"
b33dabd3-932b-4388-9339-3f44ffa6f1bb,askacademia_train,losing_improve_gpt4omini,4,"4

This comment scores"
b33dabd3-932b-4388-9339-3f44ffa6f1bb,askacademia_train,losing_improve_gpt5nano,5,"5

This comment scores"
b33dabd3-932b-4388-9339-3f44ffa6f1bb,askacademia_train,losing_improve_llama,3,"3

This comment is"
b33dabd3-932b-4388-9339-3f44ffa6f1bb,askacademia_train,losing_improve_mistral,4,"4

This comment scores"
b33dabd3-932b-4388-9339-3f44ffa6f1bb,askacademia_train,losing_improve_qwen,3,"3

The comment is"
b33dabd3-932b-4388-9339-3f44ffa6f1bb,askacademia_train,losing_paraphrase_claude,4,"4

This comment scores"
b33dabd3-932b-4388-9339-3f44ffa6f1bb,askacademia_train,losing_paraphrase_gemini,4,"4

This comment scores"
b33dabd3-932b-4388-9339-3f44ffa6f1bb,askacademia_train,losing_paraphrase_gpt4omini,3,"3

The comment is"
b33dabd3-932b-4388-9339-3f44ffa6f1bb,askacademia_train,losing_paraphrase_gpt5nano,2,"2

The comment has"
b33dabd3-932b-4388-9339-3f44ffa6f1bb,askacademia_train,losing_paraphrase_llama,3,"3

The comment is"
b33dabd3-932b-4388-9339-3f44ffa6f1bb,askacademia_train,losing_paraphrase_mistral,3,"3

This comment receives"
b33dabd3-932b-4388-9339-3f44ffa6f1bb,askacademia_train,losing_paraphrase_qwen,4,"4

This comment scores"
1e772bc6-525d-41c0-91b8-9bf8159f3a41,askacademia_train,winning_text,3,"3

This comment is"
1e772bc6-525d-41c0-91b8-9bf8159f3a41,askacademia_train,losing_text,4,"4

This comment scores"
1e772bc6-525d-41c0-91b8-9bf8159f3a41,askacademia_train,losing_generate_claude,5,"5

This comment exc"
1e772bc6-525d-41c0-91b8-9bf8159f3a41,askacademia_train,losing_generate_gemini,5,"5

This comment scores"
1e772bc6-525d-41c0-91b8-9bf8159f3a41,askacademia_train,losing_generate_gpt4omini,4,"4

This comment scores"
1e772bc6-525d-41c0-91b8-9bf8159f3a41,askacademia_train,losing_generate_gpt5nano,2,"2

**Reasoning"
1e772bc6-525d-41c0-91b8-9bf8159f3a41,askacademia_train,losing_generate_llama,2,"2

**Reasoning"
1e772bc6-525d-41c0-91b8-9bf8159f3a41,askacademia_train,losing_generate_mistral,2,"2

**Reasoning"
1e772bc6-525d-41c0-91b8-9bf8159f3a41,askacademia_train,losing_generate_qwen,2,"2

This comment does"
1e772bc6-525d-41c0-91b8-9bf8159f3a41,askacademia_train,losing_improve_claude,5,"5

This comment exc"
1e772bc6-525d-41c0-91b8-9bf8159f3a41,askacademia_train,losing_improve_gemini,4,"4

This comment scores"
1e772bc6-525d-41c0-91b8-9bf8159f3a41,askacademia_train,losing_improve_gpt4omini,4,"4

This comment scores"
1e772bc6-525d-41c0-91b8-9bf8159f3a41,askacademia_train,losing_improve_gpt5nano,5,"5

This comment scores"
1e772bc6-525d-41c0-91b8-9bf8159f3a41,askacademia_train,losing_improve_llama,3,"3

This comment receives"
1e772bc6-525d-41c0-91b8-9bf8159f3a41,askacademia_train,losing_improve_mistral,3,"3

The comment is"
1e772bc6-525d-41c0-91b8-9bf8159f3a41,askacademia_train,losing_improve_qwen,3,"3

The comment is"
1e772bc6-525d-41c0-91b8-9bf8159f3a41,askacademia_train,losing_paraphrase_claude,4,"4

This comment scores"
1e772bc6-525d-41c0-91b8-9bf8159f3a41,askacademia_train,losing_paraphrase_gemini,4,"4

This comment scores"
1e772bc6-525d-41c0-91b8-9bf8159f3a41,askacademia_train,losing_paraphrase_gpt4omini,3,"3

The comment shares"
1e772bc6-525d-41c0-91b8-9bf8159f3a41,askacademia_train,losing_paraphrase_gpt5nano,4,"4

This comment scores"
1e772bc6-525d-41c0-91b8-9bf8159f3a41,askacademia_train,losing_paraphrase_llama,3,"3

The comment is"
1e772bc6-525d-41c0-91b8-9bf8159f3a41,askacademia_train,losing_paraphrase_mistral,3,"3

This comment receives"
1e772bc6-525d-41c0-91b8-9bf8159f3a41,askacademia_train,losing_paraphrase_qwen,4,"4

This comment scores"
4c3aa170-60df-4402-984f-ee3c07815bdb,askacademia_train,winning_text,3,"3

This comment is"
4c3aa170-60df-4402-984f-ee3c07815bdb,askacademia_train,losing_text,4,"4

This comment scores"
4c3aa170-60df-4402-984f-ee3c07815bdb,askacademia_train,losing_generate_claude,5,"5

This comment exc"
4c3aa170-60df-4402-984f-ee3c07815bdb,askacademia_train,losing_generate_gemini,5,"5

This comment scores"
4c3aa170-60df-4402-984f-ee3c07815bdb,askacademia_train,losing_generate_gpt4omini,2,"2

**Reasoning"
4c3aa170-60df-4402-984f-ee3c07815bdb,askacademia_train,losing_generate_gpt5nano,2,"2

**Reasoning"
4c3aa170-60df-4402-984f-ee3c07815bdb,askacademia_train,losing_generate_llama,2,"2

**Reasoning"
4c3aa170-60df-4402-984f-ee3c07815bdb,askacademia_train,losing_generate_mistral,2,"2

**Reasoning"
4c3aa170-60df-4402-984f-ee3c07815bdb,askacademia_train,losing_generate_qwen,2,"2

This comment does"
4c3aa170-60df-4402-984f-ee3c07815bdb,askacademia_train,losing_improve_claude,2,"2

The comment provides"
4c3aa170-60df-4402-984f-ee3c07815bdb,askacademia_train,losing_improve_gemini,4,"4

This comment scores"
4c3aa170-60df-4402-984f-ee3c07815bdb,askacademia_train,losing_improve_gpt4omini,2,"2

This comment has"
4c3aa170-60df-4402-984f-ee3c07815bdb,askacademia_train,losing_improve_gpt5nano,3,"3

The comment demonstrates"
4c3aa170-60df-4402-984f-ee3c07815bdb,askacademia_train,losing_improve_llama,2,"2

This comment appears"
4c3aa170-60df-4402-984f-ee3c07815bdb,askacademia_train,losing_improve_mistral,2,"2

The comment quotes"
4c3aa170-60df-4402-984f-ee3c07815bdb,askacademia_train,losing_improve_qwen,3,"3

This comment scores"
4c3aa170-60df-4402-984f-ee3c07815bdb,askacademia_train,losing_paraphrase_claude,2,"2

The comment has"
4c3aa170-60df-4402-984f-ee3c07815bdb,askacademia_train,losing_paraphrase_gemini,4,"4

This comment scores"
4c3aa170-60df-4402-984f-ee3c07815bdb,askacademia_train,losing_paraphrase_gpt4omini,2,"2

The comment shares"
4c3aa170-60df-4402-984f-ee3c07815bdb,askacademia_train,losing_paraphrase_gpt5nano,3,"3

This comment receives"
4c3aa170-60df-4402-984f-ee3c07815bdb,askacademia_train,losing_paraphrase_llama,2,"2

The comment is"
4c3aa170-60df-4402-984f-ee3c07815bdb,askacademia_train,losing_paraphrase_mistral,2,"2

This comment scores"
4c3aa170-60df-4402-984f-ee3c07815bdb,askacademia_train,losing_paraphrase_qwen,2,"2

The comment shares"
f22703a8-bc88-4735-aa93-f7c0c511effd,askacademia_train,winning_text,2,"2

This comment fails"
f22703a8-bc88-4735-aa93-f7c0c511effd,askacademia_train,losing_text,4,"4

This comment scores"
f22703a8-bc88-4735-aa93-f7c0c511effd,askacademia_train,losing_generate_claude,5,"5

This comment exc"
f22703a8-bc88-4735-aa93-f7c0c511effd,askacademia_train,losing_generate_gemini,5,"5

This comment scores"
f22703a8-bc88-4735-aa93-f7c0c511effd,askacademia_train,losing_generate_gpt4omini,2,"2

**Reasoning"
f22703a8-bc88-4735-aa93-f7c0c511effd,askacademia_train,losing_generate_gpt5nano,2,"2

**Reasoning"
f22703a8-bc88-4735-aa93-f7c0c511effd,askacademia_train,losing_generate_llama,2,"2

**Reasoning"
f22703a8-bc88-4735-aa93-f7c0c511effd,askacademia_train,losing_generate_mistral,3,"3

The comment provides"
f22703a8-bc88-4735-aa93-f7c0c511effd,askacademia_train,losing_generate_qwen,2,"2

The comment does"
f22703a8-bc88-4735-aa93-f7c0c511effd,askacademia_train,losing_improve_claude,4,"4

This comment scores"
f22703a8-bc88-4735-aa93-f7c0c511effd,askacademia_train,losing_improve_gemini,4,"4

This comment scores"
f22703a8-bc88-4735-aa93-f7c0c511effd,askacademia_train,losing_improve_gpt4omini,2,"2

The comment provides"
f22703a8-bc88-4735-aa93-f7c0c511effd,askacademia_train,losing_improve_gpt5nano,4,"4

The comment scores"
f22703a8-bc88-4735-aa93-f7c0c511effd,askacademia_train,losing_improve_llama,2,"2

This comment appears"
f22703a8-bc88-4735-aa93-f7c0c511effd,askacademia_train,losing_improve_mistral,2,"2

This comment scores"
f22703a8-bc88-4735-aa93-f7c0c511effd,askacademia_train,losing_improve_qwen,3,"3

This comment scores"
f22703a8-bc88-4735-aa93-f7c0c511effd,askacademia_train,losing_paraphrase_claude,3,"3

This comment scores"
f22703a8-bc88-4735-aa93-f7c0c511effd,askacademia_train,losing_paraphrase_gemini,4,"4

This comment scores"
f22703a8-bc88-4735-aa93-f7c0c511effd,askacademia_train,losing_paraphrase_gpt4omini,2,"2

The comment shares"
f22703a8-bc88-4735-aa93-f7c0c511effd,askacademia_train,losing_paraphrase_gpt5nano,3,"3

This comment receives"
f22703a8-bc88-4735-aa93-f7c0c511effd,askacademia_train,losing_paraphrase_llama,2,"2

The comment is"
f22703a8-bc88-4735-aa93-f7c0c511effd,askacademia_train,losing_paraphrase_mistral,2,"2

This comment scores"
f22703a8-bc88-4735-aa93-f7c0c511effd,askacademia_train,losing_paraphrase_qwen,2,"2

The comment shares"
39893cb4-6c35-4d03-b2da-1e6a54772de3,askacademia_train,winning_text,3,"3

This comment is"
39893cb4-6c35-4d03-b2da-1e6a54772de3,askacademia_train,losing_text,4,"4

This comment scores"
39893cb4-6c35-4d03-b2da-1e6a54772de3,askacademia_train,losing_generate_claude,5,"5

This comment exc"
39893cb4-6c35-4d03-b2da-1e6a54772de3,askacademia_train,losing_generate_gemini,5,"5

This comment scores"
39893cb4-6c35-4d03-b2da-1e6a54772de3,askacademia_train,losing_generate_gpt4omini,2,"2

**Reasoning"
39893cb4-6c35-4d03-b2da-1e6a54772de3,askacademia_train,losing_generate_gpt5nano,2,"2

The comment fails"
39893cb4-6c35-4d03-b2da-1e6a54772de3,askacademia_train,losing_generate_llama,2,"2

**Reasoning"
39893cb4-6c35-4d03-b2da-1e6a54772de3,askacademia_train,losing_generate_mistral,ERROR,BATCH_ERROR: expired
39893cb4-6c35-4d03-b2da-1e6a54772de3,askacademia_train,losing_generate_qwen,2,"2

This comment does"
39893cb4-6c35-4d03-b2da-1e6a54772de3,askacademia_train,losing_improve_claude,2,"2

The comment provides"
39893cb4-6c35-4d03-b2da-1e6a54772de3,askacademia_train,losing_improve_gemini,3,"3

The comment is"
39893cb4-6c35-4d03-b2da-1e6a54772de3,askacademia_train,losing_improve_gpt4omini,2,"2

This comment has"
39893cb4-6c35-4d03-b2da-1e6a54772de3,askacademia_train,losing_improve_gpt5nano,4,"4

This comment scores"
39893cb4-6c35-4d03-b2da-1e6a54772de3,askacademia_train,losing_improve_llama,2,"2

This comment appears"
39893cb4-6c35-4d03-b2da-1e6a54772de3,askacademia_train,losing_improve_mistral,2,"2

The comment quotes"
39893cb4-6c35-4d03-b2da-1e6a54772de3,askacademia_train,losing_improve_qwen,3,"3

This comment scores"
39893cb4-6c35-4d03-b2da-1e6a54772de3,askacademia_train,losing_paraphrase_claude,3,"3

This comment scores"
39893cb4-6c35-4d03-b2da-1e6a54772de3,askacademia_train,losing_paraphrase_gemini,4,"4

This comment scores"
39893cb4-6c35-4d03-b2da-1e6a54772de3,askacademia_train,losing_paraphrase_gpt4omini,2,"2

The comment shares"
39893cb4-6c35-4d03-b2da-1e6a54772de3,askacademia_train,losing_paraphrase_gpt5nano,3,"3

The comment is"
39893cb4-6c35-4d03-b2da-1e6a54772de3,askacademia_train,losing_paraphrase_llama,2,"2

The comment is"
39893cb4-6c35-4d03-b2da-1e6a54772de3,askacademia_train,losing_paraphrase_mistral,2,"2

This comment scores"
39893cb4-6c35-4d03-b2da-1e6a54772de3,askacademia_train,losing_paraphrase_qwen,2,"2

The comment shares"
f940a1ac-6630-4c4f-8ffd-a79d4c6d292d,askacademia_train,winning_text,2,"2

This comment fails"
f940a1ac-6630-4c4f-8ffd-a79d4c6d292d,askacademia_train,losing_text,3,"3

The comment is"
f940a1ac-6630-4c4f-8ffd-a79d4c6d292d,askacademia_train,losing_generate_claude,5,"5

This comment exc"
f940a1ac-6630-4c4f-8ffd-a79d4c6d292d,askacademia_train,losing_generate_gemini,5,"5

This comment scores"
f940a1ac-6630-4c4f-8ffd-a79d4c6d292d,askacademia_train,losing_generate_gpt4omini,3,"3

**Reasoning"
f940a1ac-6630-4c4f-8ffd-a79d4c6d292d,askacademia_train,losing_generate_gpt5nano,5,"5

This comment scores"
f940a1ac-6630-4c4f-8ffd-a79d4c6d292d,askacademia_train,losing_generate_llama,2,"2

**Reasoning"
f940a1ac-6630-4c4f-8ffd-a79d4c6d292d,askacademia_train,losing_generate_mistral,4,"4

This comment scores"
f940a1ac-6630-4c4f-8ffd-a79d4c6d292d,askacademia_train,losing_generate_qwen,2,"2

The comment does"
f940a1ac-6630-4c4f-8ffd-a79d4c6d292d,askacademia_train,losing_improve_claude,5,"5

This comment scores"
f940a1ac-6630-4c4f-8ffd-a79d4c6d292d,askacademia_train,losing_improve_gemini,3,"3

The comment shares"
f940a1ac-6630-4c4f-8ffd-a79d4c6d292d,askacademia_train,losing_improve_gpt4omini,2,"2

This comment is"
f940a1ac-6630-4c4f-8ffd-a79d4c6d292d,askacademia_train,losing_improve_gpt5nano,5,"5

This comment scores"
f940a1ac-6630-4c4f-8ffd-a79d4c6d292d,askacademia_train,losing_improve_llama,2,"2

This comment appears"
f940a1ac-6630-4c4f-8ffd-a79d4c6d292d,askacademia_train,losing_improve_mistral,2,"2

The comment fails"
f940a1ac-6630-4c4f-8ffd-a79d4c6d292d,askacademia_train,losing_improve_qwen,2,"2

The comment has"
f940a1ac-6630-4c4f-8ffd-a79d4c6d292d,askacademia_train,losing_paraphrase_claude,2,"2

The comment is"
f940a1ac-6630-4c4f-8ffd-a79d4c6d292d,askacademia_train,losing_paraphrase_gemini,4,"4

This comment scores"
f940a1ac-6630-4c4f-8ffd-a79d4c6d292d,askacademia_train,losing_paraphrase_gpt4omini,2,"2

The comment is"
f940a1ac-6630-4c4f-8ffd-a79d4c6d292d,askacademia_train,losing_paraphrase_gpt5nano,2,"2

This comment scores"
f940a1ac-6630-4c4f-8ffd-a79d4c6d292d,askacademia_train,losing_paraphrase_llama,2,"2

This comment is"
f940a1ac-6630-4c4f-8ffd-a79d4c6d292d,askacademia_train,losing_paraphrase_mistral,2,"2

The comment is"
f940a1ac-6630-4c4f-8ffd-a79d4c6d292d,askacademia_train,losing_paraphrase_qwen,2,"2

This comment scores"
fab31d67-2a56-49d6-a76e-4be1baf119bd,askacademia_train,winning_text,3,"3

This comment is"
fab31d67-2a56-49d6-a76e-4be1baf119bd,askacademia_train,losing_text,2,"2

The comment is"
fab31d67-2a56-49d6-a76e-4be1baf119bd,askacademia_train,losing_generate_claude,5,"5

This comment exc"
fab31d67-2a56-49d6-a76e-4be1baf119bd,askacademia_train,losing_generate_gemini,5,"5

This comment scores"
fab31d67-2a56-49d6-a76e-4be1baf119bd,askacademia_train,losing_generate_gpt4omini,2,"2

**Reasoning"
fab31d67-2a56-49d6-a76e-4be1baf119bd,askacademia_train,losing_generate_gpt5nano,2,"2

**Reasoning"
fab31d67-2a56-49d6-a76e-4be1baf119bd,askacademia_train,losing_generate_llama,2,"2

**Reasoning"
fab31d67-2a56-49d6-a76e-4be1baf119bd,askacademia_train,losing_generate_mistral,2,"2

The comment has"
fab31d67-2a56-49d6-a76e-4be1baf119bd,askacademia_train,losing_generate_qwen,2,"2

This comment does"
fab31d67-2a56-49d6-a76e-4be1baf119bd,askacademia_train,losing_improve_claude,4,"4

This comment scores"
fab31d67-2a56-49d6-a76e-4be1baf119bd,askacademia_train,losing_improve_gemini,2,"2

The comment lacks"
fab31d67-2a56-49d6-a76e-4be1baf119bd,askacademia_train,losing_improve_gpt4omini,2,"2

This comment has"
fab31d67-2a56-49d6-a76e-4be1baf119bd,askacademia_train,losing_improve_gpt5nano,4,"4

The comment scores"
fab31d67-2a56-49d6-a76e-4be1baf119bd,askacademia_train,losing_improve_llama,2,"2

**Reasoning"
fab31d67-2a56-49d6-a76e-4be1baf119bd,askacademia_train,losing_improve_mistral,2,"2

The comment is"
fab31d67-2a56-49d6-a76e-4be1baf119bd,askacademia_train,losing_improve_qwen,2,"2

The comment has"
fab31d67-2a56-49d6-a76e-4be1baf119bd,askacademia_train,losing_paraphrase_claude,2,"2

The comment is"
fab31d67-2a56-49d6-a76e-4be1baf119bd,askacademia_train,losing_paraphrase_gemini,4,"4

This comment scores"
fab31d67-2a56-49d6-a76e-4be1baf119bd,askacademia_train,losing_paraphrase_gpt4omini,2,"2

The comment is"
fab31d67-2a56-49d6-a76e-4be1baf119bd,askacademia_train,losing_paraphrase_gpt5nano,2,"2

The comment is"
fab31d67-2a56-49d6-a76e-4be1baf119bd,askacademia_train,losing_paraphrase_llama,2,"2

This comment is"
fab31d67-2a56-49d6-a76e-4be1baf119bd,askacademia_train,losing_paraphrase_mistral,2,"2

The comment is"
fab31d67-2a56-49d6-a76e-4be1baf119bd,askacademia_train,losing_paraphrase_qwen,2,"2

This comment fails"
3ba8d33d-6b79-4aab-91a8-937348b21a94,askacademia_train,winning_text,1,"1

This comment fails"
3ba8d33d-6b79-4aab-91a8-937348b21a94,askacademia_train,losing_text,2,"2

This comment lacks"
3ba8d33d-6b79-4aab-91a8-937348b21a94,askacademia_train,losing_generate_claude,5,"5

This comment exc"
3ba8d33d-6b79-4aab-91a8-937348b21a94,askacademia_train,losing_generate_gemini,5,"5

This comment scores"
3ba8d33d-6b79-4aab-91a8-937348b21a94,askacademia_train,losing_generate_gpt4omini,2,"2

**Reasoning"
3ba8d33d-6b79-4aab-91a8-937348b21a94,askacademia_train,losing_generate_gpt5nano,2,"2

The comment fails"
3ba8d33d-6b79-4aab-91a8-937348b21a94,askacademia_train,losing_generate_llama,2,"2

**Reasoning"
3ba8d33d-6b79-4aab-91a8-937348b21a94,askacademia_train,losing_generate_mistral,2,"2

The comment has"
3ba8d33d-6b79-4aab-91a8-937348b21a94,askacademia_train,losing_generate_qwen,2,"2

The comment does"
3ba8d33d-6b79-4aab-91a8-937348b21a94,askacademia_train,losing_improve_claude,2,"2

This comment lacks"
3ba8d33d-6b79-4aab-91a8-937348b21a94,askacademia_train,losing_improve_gemini,3,"3

This comment is"
3ba8d33d-6b79-4aab-91a8-937348b21a94,askacademia_train,losing_improve_gpt4omini,4,"4

This comment scores"
3ba8d33d-6b79-4aab-91a8-937348b21a94,askacademia_train,losing_improve_gpt5nano,5,"5

This comment exc"
3ba8d33d-6b79-4aab-91a8-937348b21a94,askacademia_train,losing_improve_llama,2,"2

The comment has"
3ba8d33d-6b79-4aab-91a8-937348b21a94,askacademia_train,losing_improve_mistral,3,"3

**Reasoning"
3ba8d33d-6b79-4aab-91a8-937348b21a94,askacademia_train,losing_improve_qwen,2,"2

The comment provides"
3ba8d33d-6b79-4aab-91a8-937348b21a94,askacademia_train,losing_paraphrase_claude,3,"3

This comment shows"
3ba8d33d-6b79-4aab-91a8-937348b21a94,askacademia_train,losing_paraphrase_gemini,4,"4

This comment scores"
3ba8d33d-6b79-4aab-91a8-937348b21a94,askacademia_train,losing_paraphrase_gpt4omini,2,"2

This comment has"
3ba8d33d-6b79-4aab-91a8-937348b21a94,askacademia_train,losing_paraphrase_gpt5nano,2,"2

This comment lacks"
3ba8d33d-6b79-4aab-91a8-937348b21a94,askacademia_train,losing_paraphrase_llama,2,"2

This comment appears"
3ba8d33d-6b79-4aab-91a8-937348b21a94,askacademia_train,losing_paraphrase_mistral,2,"2

The comment has"
3ba8d33d-6b79-4aab-91a8-937348b21a94,askacademia_train,losing_paraphrase_qwen,3,"3

This comment is"
bea0e60a-0685-4d09-a541-4cbd34b4cc70,askacademia_train,winning_text,3,"3

This comment is"
bea0e60a-0685-4d09-a541-4cbd34b4cc70,askacademia_train,losing_text,2,"2

This comment lacks"
bea0e60a-0685-4d09-a541-4cbd34b4cc70,askacademia_train,losing_generate_claude,5,"5

This comment exc"
bea0e60a-0685-4d09-a541-4cbd34b4cc70,askacademia_train,losing_generate_gemini,5,"5

This comment scores"
bea0e60a-0685-4d09-a541-4cbd34b4cc70,askacademia_train,losing_generate_gpt4omini,3,"3

**Reasoning"
bea0e60a-0685-4d09-a541-4cbd34b4cc70,askacademia_train,losing_generate_gpt5nano,2,"2

**Reasoning"
bea0e60a-0685-4d09-a541-4cbd34b4cc70,askacademia_train,losing_generate_llama,2,"2

**Reasoning"
bea0e60a-0685-4d09-a541-4cbd34b4cc70,askacademia_train,losing_generate_mistral,2,"2

The comment has"
bea0e60a-0685-4d09-a541-4cbd34b4cc70,askacademia_train,losing_generate_qwen,2,"2

This comment does"
bea0e60a-0685-4d09-a541-4cbd34b4cc70,askacademia_train,losing_improve_claude,2,"2

The comment shares"
bea0e60a-0685-4d09-a541-4cbd34b4cc70,askacademia_train,losing_improve_gemini,3,"3

This comment is"
bea0e60a-0685-4d09-a541-4cbd34b4cc70,askacademia_train,losing_improve_gpt4omini,4,"4

This comment scores"
bea0e60a-0685-4d09-a541-4cbd34b4cc70,askacademia_train,losing_improve_gpt5nano,5,"5

This comment exc"
bea0e60a-0685-4d09-a541-4cbd34b4cc70,askacademia_train,losing_improve_llama,2,"2

The comment has"
bea0e60a-0685-4d09-a541-4cbd34b4cc70,askacademia_train,losing_improve_mistral,2,"2

**Reasoning"
bea0e60a-0685-4d09-a541-4cbd34b4cc70,askacademia_train,losing_improve_qwen,4,"4

The comment scores"
bea0e60a-0685-4d09-a541-4cbd34b4cc70,askacademia_train,losing_paraphrase_claude,2,"2

This comment has"
bea0e60a-0685-4d09-a541-4cbd34b4cc70,askacademia_train,losing_paraphrase_gemini,4,"4

This comment scores"
bea0e60a-0685-4d09-a541-4cbd34b4cc70,askacademia_train,losing_paraphrase_gpt4omini,2,"2

The comment shares"
bea0e60a-0685-4d09-a541-4cbd34b4cc70,askacademia_train,losing_paraphrase_gpt5nano,2,"2

This comment lacks"
bea0e60a-0685-4d09-a541-4cbd34b4cc70,askacademia_train,losing_paraphrase_llama,2,"2

This comment appears"
bea0e60a-0685-4d09-a541-4cbd34b4cc70,askacademia_train,losing_paraphrase_mistral,2,"2

The comment has"
bea0e60a-0685-4d09-a541-4cbd34b4cc70,askacademia_train,losing_paraphrase_qwen,3,"3

This comment is"
0f81cb3d-79b9-4029-ad69-a74200d00b31,askacademia_train,winning_text,2,"2

The comment """
0f81cb3d-79b9-4029-ad69-a74200d00b31,askacademia_train,losing_text,2,"2

This comment lacks"
0f81cb3d-79b9-4029-ad69-a74200d00b31,askacademia_train,losing_generate_claude,5,"5

This comment exc"
0f81cb3d-79b9-4029-ad69-a74200d00b31,askacademia_train,losing_generate_gemini,5,"5

This comment scores"
0f81cb3d-79b9-4029-ad69-a74200d00b31,askacademia_train,losing_generate_gpt4omini,2,"2

**Reasoning"
0f81cb3d-79b9-4029-ad69-a74200d00b31,askacademia_train,losing_generate_gpt5nano,2,"2

**Reasoning"
0f81cb3d-79b9-4029-ad69-a74200d00b31,askacademia_train,losing_generate_llama,2,"2

**Reasoning"
0f81cb3d-79b9-4029-ad69-a74200d00b31,askacademia_train,losing_generate_mistral,2,"2

The comment provides"
0f81cb3d-79b9-4029-ad69-a74200d00b31,askacademia_train,losing_generate_qwen,2,"2

This comment does"
0f81cb3d-79b9-4029-ad69-a74200d00b31,askacademia_train,losing_improve_claude,2,"2

The comment shares"
0f81cb3d-79b9-4029-ad69-a74200d00b31,askacademia_train,losing_improve_gemini,3,"3

This comment is"
0f81cb3d-79b9-4029-ad69-a74200d00b31,askacademia_train,losing_improve_gpt4omini,3,"3

The comment is"
0f81cb3d-79b9-4029-ad69-a74200d00b31,askacademia_train,losing_improve_gpt5nano,5,"5

This comment exc"
0f81cb3d-79b9-4029-ad69-a74200d00b31,askacademia_train,losing_improve_llama,2,"2

The comment has"
0f81cb3d-79b9-4029-ad69-a74200d00b31,askacademia_train,losing_improve_mistral,2,"2

**Reasoning"
0f81cb3d-79b9-4029-ad69-a74200d00b31,askacademia_train,losing_improve_qwen,2,"2

The comment provides"
0f81cb3d-79b9-4029-ad69-a74200d00b31,askacademia_train,losing_paraphrase_claude,4,"4

This comment scores"
0f81cb3d-79b9-4029-ad69-a74200d00b31,askacademia_train,losing_paraphrase_gemini,4,"4

This comment scores"
0f81cb3d-79b9-4029-ad69-a74200d00b31,askacademia_train,losing_paraphrase_gpt4omini,2,"2

The comment shares"
0f81cb3d-79b9-4029-ad69-a74200d00b31,askacademia_train,losing_paraphrase_gpt5nano,2,"2

This comment shares"
0f81cb3d-79b9-4029-ad69-a74200d00b31,askacademia_train,losing_paraphrase_llama,2,"2

This comment appears"
0f81cb3d-79b9-4029-ad69-a74200d00b31,askacademia_train,losing_paraphrase_mistral,2,"2

The comment has"
0f81cb3d-79b9-4029-ad69-a74200d00b31,askacademia_train,losing_paraphrase_qwen,3,"3

This comment is"
a7170204-5866-4a08-8699-1b12666f09e3,askacademia_train,winning_text,3,"3

This comment is"
a7170204-5866-4a08-8699-1b12666f09e3,askacademia_train,losing_text,1,"1

This comment fails"
a7170204-5866-4a08-8699-1b12666f09e3,askacademia_train,losing_generate_claude,5,"5

This comment exc"
a7170204-5866-4a08-8699-1b12666f09e3,askacademia_train,losing_generate_gemini,5,"5

This comment scores"
a7170204-5866-4a08-8699-1b12666f09e3,askacademia_train,losing_generate_gpt4omini,2,"2

**Reasoning"
a7170204-5866-4a08-8699-1b12666f09e3,askacademia_train,losing_generate_gpt5nano,2,"2

This comment has"
a7170204-5866-4a08-8699-1b12666f09e3,askacademia_train,losing_generate_llama,2,"2

**Reasoning"
a7170204-5866-4a08-8699-1b12666f09e3,askacademia_train,losing_generate_mistral,4,"4

The comment scores"
a7170204-5866-4a08-8699-1b12666f09e3,askacademia_train,losing_generate_qwen,2,"2

The comment does"
a7170204-5866-4a08-8699-1b12666f09e3,askacademia_train,losing_improve_claude,1,"1

This comment appears"
a7170204-5866-4a08-8699-1b12666f09e3,askacademia_train,losing_improve_gemini,1,"1

This comment fails"
a7170204-5866-4a08-8699-1b12666f09e3,askacademia_train,losing_improve_gpt4omini,1,"1

This comment appears"
a7170204-5866-4a08-8699-1b12666f09e3,askacademia_train,losing_improve_gpt5nano,2,"2

This comment appears"
a7170204-5866-4a08-8699-1b12666f09e3,askacademia_train,losing_improve_llama,1,"1

This comment appears"
a7170204-5866-4a08-8699-1b12666f09e3,askacademia_train,losing_improve_mistral,2,"2

The comment appears"
a7170204-5866-4a08-8699-1b12666f09e3,askacademia_train,losing_improve_qwen,1,"1

The comment fails"
a7170204-5866-4a08-8699-1b12666f09e3,askacademia_train,losing_paraphrase_claude,2,"2

This comment appears"
a7170204-5866-4a08-8699-1b12666f09e3,askacademia_train,losing_paraphrase_gemini,2,"2

The comment """
a7170204-5866-4a08-8699-1b12666f09e3,askacademia_train,losing_paraphrase_gpt4omini,2,"2

This comment fails"
a7170204-5866-4a08-8699-1b12666f09e3,askacademia_train,losing_paraphrase_gpt5nano,2,"2

This comment fails"
a7170204-5866-4a08-8699-1b12666f09e3,askacademia_train,losing_paraphrase_llama,2,"2

This comment appears"
a7170204-5866-4a08-8699-1b12666f09e3,askacademia_train,losing_paraphrase_mistral,1,"1

This comment fails"
a7170204-5866-4a08-8699-1b12666f09e3,askacademia_train,losing_paraphrase_qwen,2,"2

This comment fails"
2e5d903b-e25b-4e6f-9a8d-d0150aea538c,askacademia_train,winning_text,3,"3

This comment is"
2e5d903b-e25b-4e6f-9a8d-d0150aea538c,askacademia_train,losing_text,5,"5

This comment scores"
2e5d903b-e25b-4e6f-9a8d-d0150aea538c,askacademia_train,losing_generate_claude,5,"5

This comment exc"
2e5d903b-e25b-4e6f-9a8d-d0150aea538c,askacademia_train,losing_generate_gemini,5,"5

This comment scores"
2e5d903b-e25b-4e6f-9a8d-d0150aea538c,askacademia_train,losing_generate_gpt4omini,2,"2

**Reasoning"
2e5d903b-e25b-4e6f-9a8d-d0150aea538c,askacademia_train,losing_generate_gpt5nano,5,"5

This comment scores"
2e5d903b-e25b-4e6f-9a8d-d0150aea538c,askacademia_train,losing_generate_llama,2,"2

**Reasoning"
2e5d903b-e25b-4e6f-9a8d-d0150aea538c,askacademia_train,losing_generate_mistral,4,"4

This comment scores"
2e5d903b-e25b-4e6f-9a8d-d0150aea538c,askacademia_train,losing_generate_qwen,2,"2

This comment does"
2e5d903b-e25b-4e6f-9a8d-d0150aea538c,askacademia_train,losing_improve_claude,5,"5

This comment exc"
2e5d903b-e25b-4e6f-9a8d-d0150aea538c,askacademia_train,losing_improve_gemini,5,"5

This comment scores"
2e5d903b-e25b-4e6f-9a8d-d0150aea538c,askacademia_train,losing_improve_gpt4omini,4,"4

This comment scores"
2e5d903b-e25b-4e6f-9a8d-d0150aea538c,askacademia_train,losing_improve_gpt5nano,5,"5

This comment exc"
2e5d903b-e25b-4e6f-9a8d-d0150aea538c,askacademia_train,losing_improve_llama,4,"4

This comment scores"
2e5d903b-e25b-4e6f-9a8d-d0150aea538c,askacademia_train,losing_improve_mistral,4,"4

This comment scores"
2e5d903b-e25b-4e6f-9a8d-d0150aea538c,askacademia_train,losing_improve_qwen,4,"4

This comment scores"
2e5d903b-e25b-4e6f-9a8d-d0150aea538c,askacademia_train,losing_paraphrase_claude,4,"4

This comment scores"
2e5d903b-e25b-4e6f-9a8d-d0150aea538c,askacademia_train,losing_paraphrase_gemini,2,"2

The comment """
2e5d903b-e25b-4e6f-9a8d-d0150aea538c,askacademia_train,losing_paraphrase_gpt4omini,4,"4

This comment scores"
2e5d903b-e25b-4e6f-9a8d-d0150aea538c,askacademia_train,losing_paraphrase_gpt5nano,5,"5

This comment scores"
2e5d903b-e25b-4e6f-9a8d-d0150aea538c,askacademia_train,losing_paraphrase_llama,4,"4

The comment scores"
2e5d903b-e25b-4e6f-9a8d-d0150aea538c,askacademia_train,losing_paraphrase_mistral,5,"5

This comment scores"
2e5d903b-e25b-4e6f-9a8d-d0150aea538c,askacademia_train,losing_paraphrase_qwen,4,"4

The comment scores"
18d541ba-c96a-47ad-8ce4-0d550961262f,askacademia_train,winning_text,2,"2

The comment """
18d541ba-c96a-47ad-8ce4-0d550961262f,askacademia_train,losing_text,5,"5

This comment scores"
18d541ba-c96a-47ad-8ce4-0d550961262f,askacademia_train,losing_generate_claude,5,"5

This comment exc"
18d541ba-c96a-47ad-8ce4-0d550961262f,askacademia_train,losing_generate_gemini,5,"5

This comment scores"
18d541ba-c96a-47ad-8ce4-0d550961262f,askacademia_train,losing_generate_gpt4omini,2,"2

**Reasoning"
18d541ba-c96a-47ad-8ce4-0d550961262f,askacademia_train,losing_generate_gpt5nano,2,"2

**Reasoning"
18d541ba-c96a-47ad-8ce4-0d550961262f,askacademia_train,losing_generate_llama,2,"2

**Reasoning"
18d541ba-c96a-47ad-8ce4-0d550961262f,askacademia_train,losing_generate_mistral,2,"2

**Reasoning"
18d541ba-c96a-47ad-8ce4-0d550961262f,askacademia_train,losing_generate_qwen,2,"2

This comment does"
18d541ba-c96a-47ad-8ce4-0d550961262f,askacademia_train,losing_improve_claude,5,"5

This comment exc"
18d541ba-c96a-47ad-8ce4-0d550961262f,askacademia_train,losing_improve_gemini,5,"5

This comment scores"
18d541ba-c96a-47ad-8ce4-0d550961262f,askacademia_train,losing_improve_gpt4omini,4,"4

This comment scores"
18d541ba-c96a-47ad-8ce4-0d550961262f,askacademia_train,losing_improve_gpt5nano,4,"4

This comment scores"
18d541ba-c96a-47ad-8ce4-0d550961262f,askacademia_train,losing_improve_llama,4,"4

This comment scores"
18d541ba-c96a-47ad-8ce4-0d550961262f,askacademia_train,losing_improve_mistral,4,"4

This comment scores"
18d541ba-c96a-47ad-8ce4-0d550961262f,askacademia_train,losing_improve_qwen,4,"4

This comment scores"
18d541ba-c96a-47ad-8ce4-0d550961262f,askacademia_train,losing_paraphrase_claude,5,"5

This comment exc"
18d541ba-c96a-47ad-8ce4-0d550961262f,askacademia_train,losing_paraphrase_gemini,2,"2

The comment """
18d541ba-c96a-47ad-8ce4-0d550961262f,askacademia_train,losing_paraphrase_gpt4omini,4,"4

This comment scores"
18d541ba-c96a-47ad-8ce4-0d550961262f,askacademia_train,losing_paraphrase_gpt5nano,4,"4

This comment scores"
18d541ba-c96a-47ad-8ce4-0d550961262f,askacademia_train,losing_paraphrase_llama,4,"4

The comment scores"
18d541ba-c96a-47ad-8ce4-0d550961262f,askacademia_train,losing_paraphrase_mistral,4,"4

This comment scores"
18d541ba-c96a-47ad-8ce4-0d550961262f,askacademia_train,losing_paraphrase_qwen,4,"4

The comment scores"
fa2da8ca-e819-487a-b16f-335736ebc47a,askacademia_train,winning_text,2,"2

This comment scores"
fa2da8ca-e819-487a-b16f-335736ebc47a,askacademia_train,losing_text,5,"5

This comment scores"
fa2da8ca-e819-487a-b16f-335736ebc47a,askacademia_train,losing_generate_claude,5,"5

This comment exc"
fa2da8ca-e819-487a-b16f-335736ebc47a,askacademia_train,losing_generate_gemini,5,"5

This comment scores"
fa2da8ca-e819-487a-b16f-335736ebc47a,askacademia_train,losing_generate_gpt4omini,2,"2

**Reasoning"
fa2da8ca-e819-487a-b16f-335736ebc47a,askacademia_train,losing_generate_gpt5nano,4,"4

This comment scores"
fa2da8ca-e819-487a-b16f-335736ebc47a,askacademia_train,losing_generate_llama,2,"2

**Reasoning"
fa2da8ca-e819-487a-b16f-335736ebc47a,askacademia_train,losing_generate_mistral,3,"3

The comment provides"
fa2da8ca-e819-487a-b16f-335736ebc47a,askacademia_train,losing_generate_qwen,2,"2

The comment does"
fa2da8ca-e819-487a-b16f-335736ebc47a,askacademia_train,losing_improve_claude,5,"5

This comment exc"
fa2da8ca-e819-487a-b16f-335736ebc47a,askacademia_train,losing_improve_gemini,5,"5

This comment scores"
fa2da8ca-e819-487a-b16f-335736ebc47a,askacademia_train,losing_improve_gpt4omini,4,"4

This comment scores"
fa2da8ca-e819-487a-b16f-335736ebc47a,askacademia_train,losing_improve_gpt5nano,5,"5

This comment exc"
fa2da8ca-e819-487a-b16f-335736ebc47a,askacademia_train,losing_improve_llama,4,"4

This comment scores"
fa2da8ca-e819-487a-b16f-335736ebc47a,askacademia_train,losing_improve_mistral,4,"4

This comment scores"
fa2da8ca-e819-487a-b16f-335736ebc47a,askacademia_train,losing_improve_qwen,4,"4

This comment scores"
fa2da8ca-e819-487a-b16f-335736ebc47a,askacademia_train,losing_paraphrase_claude,5,"5

This comment scores"
fa2da8ca-e819-487a-b16f-335736ebc47a,askacademia_train,losing_paraphrase_gemini,4,"4

The comment is"
fa2da8ca-e819-487a-b16f-335736ebc47a,askacademia_train,losing_paraphrase_gpt4omini,4,"4

This comment scores"
fa2da8ca-e819-487a-b16f-335736ebc47a,askacademia_train,losing_paraphrase_gpt5nano,4,"4

This comment scores"
fa2da8ca-e819-487a-b16f-335736ebc47a,askacademia_train,losing_paraphrase_llama,4,"4

The comment scores"
fa2da8ca-e819-487a-b16f-335736ebc47a,askacademia_train,losing_paraphrase_mistral,5,"5

This comment scores"
fa2da8ca-e819-487a-b16f-335736ebc47a,askacademia_train,losing_paraphrase_qwen,4,"4

The comment scores"
e958443e-fd36-40e0-8fad-124bfc0baa3c,askacademia_train,winning_text,4,"4

This comment scores"
e958443e-fd36-40e0-8fad-124bfc0baa3c,askacademia_train,losing_text,3,"3

This comment shares"
e958443e-fd36-40e0-8fad-124bfc0baa3c,askacademia_train,losing_generate_claude,5,"5

This comment exc"
e958443e-fd36-40e0-8fad-124bfc0baa3c,askacademia_train,losing_generate_gemini,5,"5

This comment scores"
e958443e-fd36-40e0-8fad-124bfc0baa3c,askacademia_train,losing_generate_gpt4omini,3,"3

**Reasoning"
e958443e-fd36-40e0-8fad-124bfc0baa3c,askacademia_train,losing_generate_gpt5nano,2,"2

The comment has"
e958443e-fd36-40e0-8fad-124bfc0baa3c,askacademia_train,losing_generate_llama,2,"2

**Reasoning"
e958443e-fd36-40e0-8fad-124bfc0baa3c,askacademia_train,losing_generate_mistral,2,"2

**Reasoning"
e958443e-fd36-40e0-8fad-124bfc0baa3c,askacademia_train,losing_generate_qwen,2,"2

The comment does"
e958443e-fd36-40e0-8fad-124bfc0baa3c,askacademia_train,losing_improve_claude,4,4
e958443e-fd36-40e0-8fad-124bfc0baa3c,askacademia_train,losing_improve_gemini,4,"4

This comment scores"
e958443e-fd36-40e0-8fad-124bfc0baa3c,askacademia_train,losing_improve_gpt4omini,5,"5

This comment scores"
e958443e-fd36-40e0-8fad-124bfc0baa3c,askacademia_train,losing_improve_gpt5nano,5,"5

This comment exc"
e958443e-fd36-40e0-8fad-124bfc0baa3c,askacademia_train,losing_improve_llama,2,"2

This comment appears"
e958443e-fd36-40e0-8fad-124bfc0baa3c,askacademia_train,losing_improve_mistral,3,"3

This comment doesn"
e958443e-fd36-40e0-8fad-124bfc0baa3c,askacademia_train,losing_improve_qwen,4,"4

This comment scores"
e958443e-fd36-40e0-8fad-124bfc0baa3c,askacademia_train,losing_paraphrase_claude,3,"3

This comment appears"
e958443e-fd36-40e0-8fad-124bfc0baa3c,askacademia_train,losing_paraphrase_gemini,3,"3

The comment addresses"
e958443e-fd36-40e0-8fad-124bfc0baa3c,askacademia_train,losing_paraphrase_gpt4omini,3,"3

This comment describes"
e958443e-fd36-40e0-8fad-124bfc0baa3c,askacademia_train,losing_paraphrase_gpt5nano,3,"3

This comment shares"
e958443e-fd36-40e0-8fad-124bfc0baa3c,askacademia_train,losing_paraphrase_llama,2,"2

This comment appears"
e958443e-fd36-40e0-8fad-124bfc0baa3c,askacademia_train,losing_paraphrase_mistral,3,"3

This comment appears"
e958443e-fd36-40e0-8fad-124bfc0baa3c,askacademia_train,losing_paraphrase_qwen,3,"3

This comment shares"
b7d7db3e-78ac-48ad-aeb8-8eee7f44834f,askacademia_train,winning_text,2,"2

The comment """
b7d7db3e-78ac-48ad-aeb8-8eee7f44834f,askacademia_train,losing_text,3,"3

This comment shares"
b7d7db3e-78ac-48ad-aeb8-8eee7f44834f,askacademia_train,losing_generate_claude,5,"5

This comment exc"
b7d7db3e-78ac-48ad-aeb8-8eee7f44834f,askacademia_train,losing_generate_gemini,5,"5

This comment scores"
b7d7db3e-78ac-48ad-aeb8-8eee7f44834f,askacademia_train,losing_generate_gpt4omini,3,"3

**Reasoning"
b7d7db3e-78ac-48ad-aeb8-8eee7f44834f,askacademia_train,losing_generate_gpt5nano,5,"5

This comment exc"
b7d7db3e-78ac-48ad-aeb8-8eee7f44834f,askacademia_train,losing_generate_llama,2,"2

**Reasoning"
b7d7db3e-78ac-48ad-aeb8-8eee7f44834f,askacademia_train,losing_generate_mistral,4,"4

This comment scores"
b7d7db3e-78ac-48ad-aeb8-8eee7f44834f,askacademia_train,losing_generate_qwen,2,"2

The comment does"
b7d7db3e-78ac-48ad-aeb8-8eee7f44834f,askacademia_train,losing_improve_claude,4,4
b7d7db3e-78ac-48ad-aeb8-8eee7f44834f,askacademia_train,losing_improve_gemini,4,"4

The comment scores"
b7d7db3e-78ac-48ad-aeb8-8eee7f44834f,askacademia_train,losing_improve_gpt4omini,5,"5

This comment scores"
b7d7db3e-78ac-48ad-aeb8-8eee7f44834f,askacademia_train,losing_improve_gpt5nano,5,"5

This comment exc"
b7d7db3e-78ac-48ad-aeb8-8eee7f44834f,askacademia_train,losing_improve_llama,4,"4

This comment scores"
b7d7db3e-78ac-48ad-aeb8-8eee7f44834f,askacademia_train,losing_improve_mistral,3,"3

This comment doesn"
b7d7db3e-78ac-48ad-aeb8-8eee7f44834f,askacademia_train,losing_improve_qwen,4,"4

This comment scores"
b7d7db3e-78ac-48ad-aeb8-8eee7f44834f,askacademia_train,losing_paraphrase_claude,3,"3

This comment appears"
b7d7db3e-78ac-48ad-aeb8-8eee7f44834f,askacademia_train,losing_paraphrase_gemini,4,"4

The comment is"
b7d7db3e-78ac-48ad-aeb8-8eee7f44834f,askacademia_train,losing_paraphrase_gpt4omini,3,"3

This comment describes"
b7d7db3e-78ac-48ad-aeb8-8eee7f44834f,askacademia_train,losing_paraphrase_gpt5nano,3,"3

This comment shares"
b7d7db3e-78ac-48ad-aeb8-8eee7f44834f,askacademia_train,losing_paraphrase_llama,2,"2

This comment appears"
b7d7db3e-78ac-48ad-aeb8-8eee7f44834f,askacademia_train,losing_paraphrase_mistral,3,"3

This comment appears"
b7d7db3e-78ac-48ad-aeb8-8eee7f44834f,askacademia_train,losing_paraphrase_qwen,3,"3

This comment shares"
9a8ab3db-646a-43b2-9d47-8b4e139ebe1e,askacademia_train,winning_text,2,"2

This comment scores"
9a8ab3db-646a-43b2-9d47-8b4e139ebe1e,askacademia_train,losing_text,3,"3

This comment shares"
9a8ab3db-646a-43b2-9d47-8b4e139ebe1e,askacademia_train,losing_generate_claude,5,"5

This comment exc"
9a8ab3db-646a-43b2-9d47-8b4e139ebe1e,askacademia_train,losing_generate_gemini,5,"5

This comment scores"
9a8ab3db-646a-43b2-9d47-8b4e139ebe1e,askacademia_train,losing_generate_gpt4omini,2,"2

**Reasoning"
9a8ab3db-646a-43b2-9d47-8b4e139ebe1e,askacademia_train,losing_generate_gpt5nano,5,"5

This comment exc"
9a8ab3db-646a-43b2-9d47-8b4e139ebe1e,askacademia_train,losing_generate_llama,2,"2

**Reasoning"
9a8ab3db-646a-43b2-9d47-8b4e139ebe1e,askacademia_train,losing_generate_mistral,2,"2

**Reasoning"
9a8ab3db-646a-43b2-9d47-8b4e139ebe1e,askacademia_train,losing_generate_qwen,2,"2

This comment does"
9a8ab3db-646a-43b2-9d47-8b4e139ebe1e,askacademia_train,losing_improve_claude,3,"3

**Reasoning"
9a8ab3db-646a-43b2-9d47-8b4e139ebe1e,askacademia_train,losing_improve_gemini,4,"4

This comment scores"
9a8ab3db-646a-43b2-9d47-8b4e139ebe1e,askacademia_train,losing_improve_gpt4omini,5,"5

This comment scores"
9a8ab3db-646a-43b2-9d47-8b4e139ebe1e,askacademia_train,losing_improve_gpt5nano,5,"5

This comment exc"
9a8ab3db-646a-43b2-9d47-8b4e139ebe1e,askacademia_train,losing_improve_llama,4,"4

This comment scores"
9a8ab3db-646a-43b2-9d47-8b4e139ebe1e,askacademia_train,losing_improve_mistral,3,"3

This comment appears"
9a8ab3db-646a-43b2-9d47-8b4e139ebe1e,askacademia_train,losing_improve_qwen,4,"4

This comment scores"
9a8ab3db-646a-43b2-9d47-8b4e139ebe1e,askacademia_train,losing_paraphrase_claude,3,"3

This comment appears"
9a8ab3db-646a-43b2-9d47-8b4e139ebe1e,askacademia_train,losing_paraphrase_gemini,4,"4

The comment addresses"
9a8ab3db-646a-43b2-9d47-8b4e139ebe1e,askacademia_train,losing_paraphrase_gpt4omini,3,"3

This comment appears"
9a8ab3db-646a-43b2-9d47-8b4e139ebe1e,askacademia_train,losing_paraphrase_gpt5nano,3,"3

This comment shares"
9a8ab3db-646a-43b2-9d47-8b4e139ebe1e,askacademia_train,losing_paraphrase_llama,2,"2

This comment appears"
9a8ab3db-646a-43b2-9d47-8b4e139ebe1e,askacademia_train,losing_paraphrase_mistral,3,"3

This comment appears"
9a8ab3db-646a-43b2-9d47-8b4e139ebe1e,askacademia_train,losing_paraphrase_qwen,3,"3

This comment shares"
4923804c-d23f-48af-936f-5521521f271f,askacademia_train,winning_text,3,"3

This comment shows"
4923804c-d23f-48af-936f-5521521f271f,askacademia_train,losing_text,3,"3

This comment shares"
4923804c-d23f-48af-936f-5521521f271f,askacademia_train,losing_generate_claude,5,"5

This comment exc"
4923804c-d23f-48af-936f-5521521f271f,askacademia_train,losing_generate_gemini,5,"5

This comment scores"
4923804c-d23f-48af-936f-5521521f271f,askacademia_train,losing_generate_gpt4omini,2,"2

**Reasoning"
4923804c-d23f-48af-936f-5521521f271f,askacademia_train,losing_generate_gpt5nano,4,"4

This comment scores"
4923804c-d23f-48af-936f-5521521f271f,askacademia_train,losing_generate_llama,2,"2

**Reasoning"
4923804c-d23f-48af-936f-5521521f271f,askacademia_train,losing_generate_mistral,4,"4

This comment scores"
4923804c-d23f-48af-936f-5521521f271f,askacademia_train,losing_generate_qwen,2,"2

This comment does"
4923804c-d23f-48af-936f-5521521f271f,askacademia_train,losing_improve_claude,3,"3

This comment has"
4923804c-d23f-48af-936f-5521521f271f,askacademia_train,losing_improve_gemini,4,"4

The comment scores"
4923804c-d23f-48af-936f-5521521f271f,askacademia_train,losing_improve_gpt4omini,5,"5

This comment scores"
4923804c-d23f-48af-936f-5521521f271f,askacademia_train,losing_improve_gpt5nano,5,"5

This comment exc"
4923804c-d23f-48af-936f-5521521f271f,askacademia_train,losing_improve_llama,4,"4

This comment scores"
4923804c-d23f-48af-936f-5521521f271f,askacademia_train,losing_improve_mistral,3,"3

This comment doesn"
4923804c-d23f-48af-936f-5521521f271f,askacademia_train,losing_improve_qwen,4,"4

This comment scores"
4923804c-d23f-48af-936f-5521521f271f,askacademia_train,losing_paraphrase_claude,3,"3

This comment describes"
4923804c-d23f-48af-936f-5521521f271f,askacademia_train,losing_paraphrase_gemini,4,"4

The comment addresses"
4923804c-d23f-48af-936f-5521521f271f,askacademia_train,losing_paraphrase_gpt4omini,3,"3

This comment describes"
4923804c-d23f-48af-936f-5521521f271f,askacademia_train,losing_paraphrase_gpt5nano,3,"3

This comment has"
4923804c-d23f-48af-936f-5521521f271f,askacademia_train,losing_paraphrase_llama,2,"2

This comment appears"
4923804c-d23f-48af-936f-5521521f271f,askacademia_train,losing_paraphrase_mistral,3,"3

This comment appears"
4923804c-d23f-48af-936f-5521521f271f,askacademia_train,losing_paraphrase_qwen,3,"3

This comment shares"
0407aee2-00f8-41cb-9423-fc52bdaf3e70,askacademia_train,winning_text,3,"3

This comment shares"
0407aee2-00f8-41cb-9423-fc52bdaf3e70,askacademia_train,losing_text,3,"3

This comment shares"
0407aee2-00f8-41cb-9423-fc52bdaf3e70,askacademia_train,losing_generate_claude,5,"5

This comment exc"
0407aee2-00f8-41cb-9423-fc52bdaf3e70,askacademia_train,losing_generate_gemini,5,"5

This comment scores"
0407aee2-00f8-41cb-9423-fc52bdaf3e70,askacademia_train,losing_generate_gpt4omini,2,"2

The comment has"
0407aee2-00f8-41cb-9423-fc52bdaf3e70,askacademia_train,losing_generate_gpt5nano,2,"2

**Reasoning"
0407aee2-00f8-41cb-9423-fc52bdaf3e70,askacademia_train,losing_generate_llama,2,"2

**Reasoning"
0407aee2-00f8-41cb-9423-fc52bdaf3e70,askacademia_train,losing_generate_mistral,4,"4

This comment scores"
0407aee2-00f8-41cb-9423-fc52bdaf3e70,askacademia_train,losing_generate_qwen,2,"2

The comment does"
0407aee2-00f8-41cb-9423-fc52bdaf3e70,askacademia_train,losing_improve_claude,4,"4

This comment scores"
0407aee2-00f8-41cb-9423-fc52bdaf3e70,askacademia_train,losing_improve_gemini,4,"4

This comment scores"
0407aee2-00f8-41cb-9423-fc52bdaf3e70,askacademia_train,losing_improve_gpt4omini,5,"5

This comment scores"
0407aee2-00f8-41cb-9423-fc52bdaf3e70,askacademia_train,losing_improve_gpt5nano,5,"5

This comment exc"
0407aee2-00f8-41cb-9423-fc52bdaf3e70,askacademia_train,losing_improve_llama,2,"2

**Reasoning"
0407aee2-00f8-41cb-9423-fc52bdaf3e70,askacademia_train,losing_improve_mistral,3,"3

This comment doesn"
0407aee2-00f8-41cb-9423-fc52bdaf3e70,askacademia_train,losing_improve_qwen,4,"4

This comment scores"
0407aee2-00f8-41cb-9423-fc52bdaf3e70,askacademia_train,losing_paraphrase_claude,3,"3

This comment appears"
0407aee2-00f8-41cb-9423-fc52bdaf3e70,askacademia_train,losing_paraphrase_gemini,4,"4

The comment addresses"
0407aee2-00f8-41cb-9423-fc52bdaf3e70,askacademia_train,losing_paraphrase_gpt4omini,3,"3

This comment appears"
0407aee2-00f8-41cb-9423-fc52bdaf3e70,askacademia_train,losing_paraphrase_gpt5nano,3,"3

This comment shares"
0407aee2-00f8-41cb-9423-fc52bdaf3e70,askacademia_train,losing_paraphrase_llama,2,"2

This comment appears"
0407aee2-00f8-41cb-9423-fc52bdaf3e70,askacademia_train,losing_paraphrase_mistral,3,"3

This comment appears"
0407aee2-00f8-41cb-9423-fc52bdaf3e70,askacademia_train,losing_paraphrase_qwen,3,"3

This comment shares"
61533577-d6c3-4b4c-9ffa-5e7a8242b82f,askacademia_train,winning_text,4,"4

This comment scores"
61533577-d6c3-4b4c-9ffa-5e7a8242b82f,askacademia_train,losing_text,4,"4

This comment scores"
61533577-d6c3-4b4c-9ffa-5e7a8242b82f,askacademia_train,losing_generate_claude,5,"5

This comment exc"
61533577-d6c3-4b4c-9ffa-5e7a8242b82f,askacademia_train,losing_generate_gemini,5,"5

This comment scores"
61533577-d6c3-4b4c-9ffa-5e7a8242b82f,askacademia_train,losing_generate_gpt4omini,2,"2

**Reasoning"
61533577-d6c3-4b4c-9ffa-5e7a8242b82f,askacademia_train,losing_generate_gpt5nano,5,"5

This comment scores"
61533577-d6c3-4b4c-9ffa-5e7a8242b82f,askacademia_train,losing_generate_llama,2,"2

The comment mis"
61533577-d6c3-4b4c-9ffa-5e7a8242b82f,askacademia_train,losing_generate_mistral,2,"2

The comment provides"
61533577-d6c3-4b4c-9ffa-5e7a8242b82f,askacademia_train,losing_generate_qwen,2,"2

The comment does"
61533577-d6c3-4b4c-9ffa-5e7a8242b82f,askacademia_train,losing_improve_claude,5,"5

This comment exc"
61533577-d6c3-4b4c-9ffa-5e7a8242b82f,askacademia_train,losing_improve_gemini,5,"5

This comment scores"
61533577-d6c3-4b4c-9ffa-5e7a8242b82f,askacademia_train,losing_improve_gpt4omini,3,"3

This comment receives"
61533577-d6c3-4b4c-9ffa-5e7a8242b82f,askacademia_train,losing_improve_gpt5nano,2,"2

This comment has"
61533577-d6c3-4b4c-9ffa-5e7a8242b82f,askacademia_train,losing_improve_llama,4,"4

This comment scores"
61533577-d6c3-4b4c-9ffa-5e7a8242b82f,askacademia_train,losing_improve_mistral,3,"3

This comment offers"
61533577-d6c3-4b4c-9ffa-5e7a8242b82f,askacademia_train,losing_improve_qwen,3,"3

This comment appears"
61533577-d6c3-4b4c-9ffa-5e7a8242b82f,askacademia_train,losing_paraphrase_claude,4,"4

This comment scores"
61533577-d6c3-4b4c-9ffa-5e7a8242b82f,askacademia_train,losing_paraphrase_gemini,4,"4

The comment scores"
61533577-d6c3-4b4c-9ffa-5e7a8242b82f,askacademia_train,losing_paraphrase_gpt4omini,4,"4

This comment scores"
61533577-d6c3-4b4c-9ffa-5e7a8242b82f,askacademia_train,losing_paraphrase_gpt5nano,4,"4

This comment scores"
61533577-d6c3-4b4c-9ffa-5e7a8242b82f,askacademia_train,losing_paraphrase_llama,2,"2

This comment has"
61533577-d6c3-4b4c-9ffa-5e7a8242b82f,askacademia_train,losing_paraphrase_mistral,4,"4

This comment scores"
61533577-d6c3-4b4c-9ffa-5e7a8242b82f,askacademia_train,losing_paraphrase_qwen,3,"3

This comment offers"
3f75fa1c-9694-484d-adac-f8cf0ad93f10,askacademia_train,winning_text,2,"2

The comment """
3f75fa1c-9694-484d-adac-f8cf0ad93f10,askacademia_train,losing_text,4,"4

This comment scores"
3f75fa1c-9694-484d-adac-f8cf0ad93f10,askacademia_train,losing_generate_claude,5,"5

This comment exc"
3f75fa1c-9694-484d-adac-f8cf0ad93f10,askacademia_train,losing_generate_gemini,5,"5

This comment scores"
3f75fa1c-9694-484d-adac-f8cf0ad93f10,askacademia_train,losing_generate_gpt4omini,2,"2

**Reasoning"
3f75fa1c-9694-484d-adac-f8cf0ad93f10,askacademia_train,losing_generate_gpt5nano,1,"1

This comment completely"
3f75fa1c-9694-484d-adac-f8cf0ad93f10,askacademia_train,losing_generate_llama,2,"2

**Reasoning"
3f75fa1c-9694-484d-adac-f8cf0ad93f10,askacademia_train,losing_generate_mistral,2,"2

The comment provides"
3f75fa1c-9694-484d-adac-f8cf0ad93f10,askacademia_train,losing_generate_qwen,2,"2

The comment does"
3f75fa1c-9694-484d-adac-f8cf0ad93f10,askacademia_train,losing_improve_claude,5,"5

This comment exc"
3f75fa1c-9694-484d-adac-f8cf0ad93f10,askacademia_train,losing_improve_gemini,5,"5

This comment scores"
3f75fa1c-9694-484d-adac-f8cf0ad93f10,askacademia_train,losing_improve_gpt4omini,3,"3

This comment receives"
3f75fa1c-9694-484d-adac-f8cf0ad93f10,askacademia_train,losing_improve_gpt5nano,5,"5

This comment exc"
3f75fa1c-9694-484d-adac-f8cf0ad93f10,askacademia_train,losing_improve_llama,4,"4

This comment scores"
3f75fa1c-9694-484d-adac-f8cf0ad93f10,askacademia_train,losing_improve_mistral,3,"3

This comment offers"
3f75fa1c-9694-484d-adac-f8cf0ad93f10,askacademia_train,losing_improve_qwen,3,"3

This comment appears"
3f75fa1c-9694-484d-adac-f8cf0ad93f10,askacademia_train,losing_paraphrase_claude,4,"4

This comment scores"
3f75fa1c-9694-484d-adac-f8cf0ad93f10,askacademia_train,losing_paraphrase_gemini,5,"5

This comment scores"
3f75fa1c-9694-484d-adac-f8cf0ad93f10,askacademia_train,losing_paraphrase_gpt4omini,4,"4

This comment scores"
3f75fa1c-9694-484d-adac-f8cf0ad93f10,askacademia_train,losing_paraphrase_gpt5nano,4,"4

This comment scores"
3f75fa1c-9694-484d-adac-f8cf0ad93f10,askacademia_train,losing_paraphrase_llama,2,"2

This comment has"
3f75fa1c-9694-484d-adac-f8cf0ad93f10,askacademia_train,losing_paraphrase_mistral,3,"3

This comment offers"
3f75fa1c-9694-484d-adac-f8cf0ad93f10,askacademia_train,losing_paraphrase_qwen,3,"3

This comment offers"
3b679ead-6b5e-4121-ad59-976b2ff2750f,askacademia_train,winning_text,2,"2

This comment scores"
3b679ead-6b5e-4121-ad59-976b2ff2750f,askacademia_train,losing_text,4,"4

This comment scores"
3b679ead-6b5e-4121-ad59-976b2ff2750f,askacademia_train,losing_generate_claude,5,"5

This comment exc"
3b679ead-6b5e-4121-ad59-976b2ff2750f,askacademia_train,losing_generate_gemini,5,"5

This comment scores"
3b679ead-6b5e-4121-ad59-976b2ff2750f,askacademia_train,losing_generate_gpt4omini,2,"2

**Reasoning"
3b679ead-6b5e-4121-ad59-976b2ff2750f,askacademia_train,losing_generate_gpt5nano,5,"5

This comment exc"
3b679ead-6b5e-4121-ad59-976b2ff2750f,askacademia_train,losing_generate_llama,2,"2

**Reasoning"
3b679ead-6b5e-4121-ad59-976b2ff2750f,askacademia_train,losing_generate_mistral,2,"2

The comment has"
3b679ead-6b5e-4121-ad59-976b2ff2750f,askacademia_train,losing_generate_qwen,2,"2

The comment does"
3b679ead-6b5e-4121-ad59-976b2ff2750f,askacademia_train,losing_improve_claude,5,"5

This comment exc"
3b679ead-6b5e-4121-ad59-976b2ff2750f,askacademia_train,losing_improve_gemini,4,"4

This comment scores"
3b679ead-6b5e-4121-ad59-976b2ff2750f,askacademia_train,losing_improve_gpt4omini,3,"3

This comment receives"
3b679ead-6b5e-4121-ad59-976b2ff2750f,askacademia_train,losing_improve_gpt5nano,5,"5

This comment exc"
3b679ead-6b5e-4121-ad59-976b2ff2750f,askacademia_train,losing_improve_llama,4,"4

This comment scores"
3b679ead-6b5e-4121-ad59-976b2ff2750f,askacademia_train,losing_improve_mistral,4,"4

This comment scores"
3b679ead-6b5e-4121-ad59-976b2ff2750f,askacademia_train,losing_improve_qwen,2,"2

This comment has"
3b679ead-6b5e-4121-ad59-976b2ff2750f,askacademia_train,losing_paraphrase_claude,4,"4

This comment scores"
3b679ead-6b5e-4121-ad59-976b2ff2750f,askacademia_train,losing_paraphrase_gemini,4,"4

The comment scores"
3b679ead-6b5e-4121-ad59-976b2ff2750f,askacademia_train,losing_paraphrase_gpt4omini,3,"3

This comment receives"
3b679ead-6b5e-4121-ad59-976b2ff2750f,askacademia_train,losing_paraphrase_gpt5nano,3,"3

This comment is"
3b679ead-6b5e-4121-ad59-976b2ff2750f,askacademia_train,losing_paraphrase_llama,2,"2

This comment has"
3b679ead-6b5e-4121-ad59-976b2ff2750f,askacademia_train,losing_paraphrase_mistral,4,"4

This comment scores"
3b679ead-6b5e-4121-ad59-976b2ff2750f,askacademia_train,losing_paraphrase_qwen,3,"3

This comment receives"
de5452ab-ed8b-4160-a37d-28ceb7d23f34,askacademia_train,winning_text,3,"3

This comment shows"
de5452ab-ed8b-4160-a37d-28ceb7d23f34,askacademia_train,losing_text,4,"4

This comment scores"
de5452ab-ed8b-4160-a37d-28ceb7d23f34,askacademia_train,losing_generate_claude,5,"5

This comment exc"
de5452ab-ed8b-4160-a37d-28ceb7d23f34,askacademia_train,losing_generate_gemini,5,"5

This comment scores"
de5452ab-ed8b-4160-a37d-28ceb7d23f34,askacademia_train,losing_generate_gpt4omini,2,"2

**Reasoning"
de5452ab-ed8b-4160-a37d-28ceb7d23f34,askacademia_train,losing_generate_gpt5nano,2,"2

**Reasoning"
de5452ab-ed8b-4160-a37d-28ceb7d23f34,askacademia_train,losing_generate_llama,2,"2

**Reasoning"
de5452ab-ed8b-4160-a37d-28ceb7d23f34,askacademia_train,losing_generate_mistral,2,"2

The comment has"
de5452ab-ed8b-4160-a37d-28ceb7d23f34,askacademia_train,losing_generate_qwen,2,"2

The comment does"
de5452ab-ed8b-4160-a37d-28ceb7d23f34,askacademia_train,losing_improve_claude,4,"4

This comment scores"
de5452ab-ed8b-4160-a37d-28ceb7d23f34,askacademia_train,losing_improve_gemini,5,"5

This comment scores"
de5452ab-ed8b-4160-a37d-28ceb7d23f34,askacademia_train,losing_improve_gpt4omini,3,"3

This comment has"
de5452ab-ed8b-4160-a37d-28ceb7d23f34,askacademia_train,losing_improve_gpt5nano,5,"5

This comment exc"
de5452ab-ed8b-4160-a37d-28ceb7d23f34,askacademia_train,losing_improve_llama,4,"4

This comment scores"
de5452ab-ed8b-4160-a37d-28ceb7d23f34,askacademia_train,losing_improve_mistral,4,"4

This comment scores"
de5452ab-ed8b-4160-a37d-28ceb7d23f34,askacademia_train,losing_improve_qwen,2,"2

This comment has"
de5452ab-ed8b-4160-a37d-28ceb7d23f34,askacademia_train,losing_paraphrase_claude,4,"4

This comment scores"
de5452ab-ed8b-4160-a37d-28ceb7d23f34,askacademia_train,losing_paraphrase_gemini,2,"2

The comment suggests"
de5452ab-ed8b-4160-a37d-28ceb7d23f34,askacademia_train,losing_paraphrase_gpt4omini,3,"3

This comment receives"
de5452ab-ed8b-4160-a37d-28ceb7d23f34,askacademia_train,losing_paraphrase_gpt5nano,4,"4

This comment scores"
de5452ab-ed8b-4160-a37d-28ceb7d23f34,askacademia_train,losing_paraphrase_llama,2,"2

This comment has"
de5452ab-ed8b-4160-a37d-28ceb7d23f34,askacademia_train,losing_paraphrase_mistral,3,"3

This comment offers"
de5452ab-ed8b-4160-a37d-28ceb7d23f34,askacademia_train,losing_paraphrase_qwen,2,"2

The comment has"
be255f5a-bc30-4f59-b35b-ed15113d00b2,askacademia_train,winning_text,3,"3

This comment shares"
be255f5a-bc30-4f59-b35b-ed15113d00b2,askacademia_train,losing_text,4,"4

This comment scores"
be255f5a-bc30-4f59-b35b-ed15113d00b2,askacademia_train,losing_generate_claude,5,"5

This comment exc"
be255f5a-bc30-4f59-b35b-ed15113d00b2,askacademia_train,losing_generate_gemini,5,"5

This comment scores"
be255f5a-bc30-4f59-b35b-ed15113d00b2,askacademia_train,losing_generate_gpt4omini,2,"2

**Reasoning"
be255f5a-bc30-4f59-b35b-ed15113d00b2,askacademia_train,losing_generate_gpt5nano,5,"5

This comment scores"
be255f5a-bc30-4f59-b35b-ed15113d00b2,askacademia_train,losing_generate_llama,2,"2

**Reasoning"
be255f5a-bc30-4f59-b35b-ed15113d00b2,askacademia_train,losing_generate_mistral,2,"2

**Reasoning"
be255f5a-bc30-4f59-b35b-ed15113d00b2,askacademia_train,losing_generate_qwen,2,"2

The comment does"
be255f5a-bc30-4f59-b35b-ed15113d00b2,askacademia_train,losing_improve_claude,5,"5

This comment exc"
be255f5a-bc30-4f59-b35b-ed15113d00b2,askacademia_train,losing_improve_gemini,4,"4

This comment scores"
be255f5a-bc30-4f59-b35b-ed15113d00b2,askacademia_train,losing_improve_gpt4omini,4,"4

This comment scores"
be255f5a-bc30-4f59-b35b-ed15113d00b2,askacademia_train,losing_improve_gpt5nano,5,"5

This comment exc"
be255f5a-bc30-4f59-b35b-ed15113d00b2,askacademia_train,losing_improve_llama,4,"4

This comment scores"
be255f5a-bc30-4f59-b35b-ed15113d00b2,askacademia_train,losing_improve_mistral,3,"3

This comment offers"
be255f5a-bc30-4f59-b35b-ed15113d00b2,askacademia_train,losing_improve_qwen,3,"3

This comment appears"
be255f5a-bc30-4f59-b35b-ed15113d00b2,askacademia_train,losing_paraphrase_claude,4,"4

This comment scores"
be255f5a-bc30-4f59-b35b-ed15113d00b2,askacademia_train,losing_paraphrase_gemini,2,"2

This comment appears"
be255f5a-bc30-4f59-b35b-ed15113d00b2,askacademia_train,losing_paraphrase_gpt4omini,4,"4

This comment scores"
be255f5a-bc30-4f59-b35b-ed15113d00b2,askacademia_train,losing_paraphrase_gpt5nano,4,"4

This comment scores"
be255f5a-bc30-4f59-b35b-ed15113d00b2,askacademia_train,losing_paraphrase_llama,2,"2

This comment has"
be255f5a-bc30-4f59-b35b-ed15113d00b2,askacademia_train,losing_paraphrase_mistral,3,"3

This comment offers"
be255f5a-bc30-4f59-b35b-ed15113d00b2,askacademia_train,losing_paraphrase_qwen,2,"2

This comment has"
15740e09-95d5-4fdf-b4db-7ecc6d553184,askacademia_train,winning_text,2,"2

This comment scores"
15740e09-95d5-4fdf-b4db-7ecc6d553184,askacademia_train,losing_text,4,"4

This comment scores"
15740e09-95d5-4fdf-b4db-7ecc6d553184,askacademia_train,losing_generate_claude,5,"5

This comment exc"
15740e09-95d5-4fdf-b4db-7ecc6d553184,askacademia_train,losing_generate_gemini,5,"5

This comment scores"
15740e09-95d5-4fdf-b4db-7ecc6d553184,askacademia_train,losing_generate_gpt4omini,2,"2

**Reasoning"
15740e09-95d5-4fdf-b4db-7ecc6d553184,askacademia_train,losing_generate_gpt5nano,2,"2

**Reasoning"
15740e09-95d5-4fdf-b4db-7ecc6d553184,askacademia_train,losing_generate_llama,2,"2

**Reasoning"
15740e09-95d5-4fdf-b4db-7ecc6d553184,askacademia_train,losing_generate_mistral,2,"2

**Reasoning"
15740e09-95d5-4fdf-b4db-7ecc6d553184,askacademia_train,losing_generate_qwen,2,"2

This comment does"
15740e09-95d5-4fdf-b4db-7ecc6d553184,askacademia_train,losing_improve_claude,5,"5

This comment exc"
15740e09-95d5-4fdf-b4db-7ecc6d553184,askacademia_train,losing_improve_gemini,5,"5

This comment scores"
15740e09-95d5-4fdf-b4db-7ecc6d553184,askacademia_train,losing_improve_gpt4omini,3,"3

The comment addresses"
15740e09-95d5-4fdf-b4db-7ecc6d553184,askacademia_train,losing_improve_gpt5nano,4,"4

This comment scores"
15740e09-95d5-4fdf-b4db-7ecc6d553184,askacademia_train,losing_improve_llama,4,"4

This comment scores"
15740e09-95d5-4fdf-b4db-7ecc6d553184,askacademia_train,losing_improve_mistral,4,"4

This comment scores"
15740e09-95d5-4fdf-b4db-7ecc6d553184,askacademia_train,losing_improve_qwen,3,"3

This comment appears"
15740e09-95d5-4fdf-b4db-7ecc6d553184,askacademia_train,losing_paraphrase_claude,3,"3

This comment offers"
15740e09-95d5-4fdf-b4db-7ecc6d553184,askacademia_train,losing_paraphrase_gemini,2,"2

This comment scores"
15740e09-95d5-4fdf-b4db-7ecc6d553184,askacademia_train,losing_paraphrase_gpt4omini,4,"4

This comment scores"
15740e09-95d5-4fdf-b4db-7ecc6d553184,askacademia_train,losing_paraphrase_gpt5nano,4,"4

This comment scores"
15740e09-95d5-4fdf-b4db-7ecc6d553184,askacademia_train,losing_paraphrase_llama,2,"2

This comment has"
15740e09-95d5-4fdf-b4db-7ecc6d553184,askacademia_train,losing_paraphrase_mistral,3,"3

This comment offers"
15740e09-95d5-4fdf-b4db-7ecc6d553184,askacademia_train,losing_paraphrase_qwen,3,"3

This comment receives"
2a700365-6ef5-4fb2-b9e2-42d1b0269ef0,askacademia_train,winning_text,4,"4

This comment scores"
2a700365-6ef5-4fb2-b9e2-42d1b0269ef0,askacademia_train,losing_text,4,"4

This comment scores"
2a700365-6ef5-4fb2-b9e2-42d1b0269ef0,askacademia_train,losing_generate_claude,5,"5

This comment exc"
2a700365-6ef5-4fb2-b9e2-42d1b0269ef0,askacademia_train,losing_generate_gemini,5,"5

This comment scores"
2a700365-6ef5-4fb2-b9e2-42d1b0269ef0,askacademia_train,losing_generate_gpt4omini,2,"2

**Reasoning"
2a700365-6ef5-4fb2-b9e2-42d1b0269ef0,askacademia_train,losing_generate_gpt5nano,2,"2

The comment mis"
2a700365-6ef5-4fb2-b9e2-42d1b0269ef0,askacademia_train,losing_generate_llama,2,"2

**Reasoning"
2a700365-6ef5-4fb2-b9e2-42d1b0269ef0,askacademia_train,losing_generate_mistral,2,"2

**Reasoning"
2a700365-6ef5-4fb2-b9e2-42d1b0269ef0,askacademia_train,losing_generate_qwen,2,"2

This comment does"
2a700365-6ef5-4fb2-b9e2-42d1b0269ef0,askacademia_train,losing_improve_claude,5,"5

This comment exc"
2a700365-6ef5-4fb2-b9e2-42d1b0269ef0,askacademia_train,losing_improve_gemini,4,"4

This comment scores"
2a700365-6ef5-4fb2-b9e2-42d1b0269ef0,askacademia_train,losing_improve_gpt4omini,3,"3

**Reasoning"
2a700365-6ef5-4fb2-b9e2-42d1b0269ef0,askacademia_train,losing_improve_gpt5nano,5,"5

This comment exc"
2a700365-6ef5-4fb2-b9e2-42d1b0269ef0,askacademia_train,losing_improve_llama,4,"4

This comment scores"
2a700365-6ef5-4fb2-b9e2-42d1b0269ef0,askacademia_train,losing_improve_mistral,4,"4

This comment scores"
2a700365-6ef5-4fb2-b9e2-42d1b0269ef0,askacademia_train,losing_improve_qwen,2,"2

This comment has"
2a700365-6ef5-4fb2-b9e2-42d1b0269ef0,askacademia_train,losing_paraphrase_claude,4,"4

This comment scores"
2a700365-6ef5-4fb2-b9e2-42d1b0269ef0,askacademia_train,losing_paraphrase_gemini,2,"2

This comment appears"
2a700365-6ef5-4fb2-b9e2-42d1b0269ef0,askacademia_train,losing_paraphrase_gpt4omini,4,"4

This comment scores"
2a700365-6ef5-4fb2-b9e2-42d1b0269ef0,askacademia_train,losing_paraphrase_gpt5nano,4,"4

This comment scores"
2a700365-6ef5-4fb2-b9e2-42d1b0269ef0,askacademia_train,losing_paraphrase_llama,2,"2

This comment has"
2a700365-6ef5-4fb2-b9e2-42d1b0269ef0,askacademia_train,losing_paraphrase_mistral,3,"3

This comment offers"
2a700365-6ef5-4fb2-b9e2-42d1b0269ef0,askacademia_train,losing_paraphrase_qwen,3,"3

The comment addresses"
d0600aa4-23a5-47fb-a38d-b6c72f15af92,askacademia_train,winning_text,3,"3

This comment scores"
d0600aa4-23a5-47fb-a38d-b6c72f15af92,askacademia_train,losing_text,4,"4

This comment scores"
d0600aa4-23a5-47fb-a38d-b6c72f15af92,askacademia_train,losing_generate_claude,5,"5

This comment exc"
d0600aa4-23a5-47fb-a38d-b6c72f15af92,askacademia_train,losing_generate_gemini,5,"5

This comment scores"
d0600aa4-23a5-47fb-a38d-b6c72f15af92,askacademia_train,losing_generate_gpt4omini,1,"1

This comment fails"
d0600aa4-23a5-47fb-a38d-b6c72f15af92,askacademia_train,losing_generate_gpt5nano,5,"5

This comment scores"
d0600aa4-23a5-47fb-a38d-b6c72f15af92,askacademia_train,losing_generate_llama,2,"2

**Reasoning"
d0600aa4-23a5-47fb-a38d-b6c72f15af92,askacademia_train,losing_generate_mistral,2,"2

The comment provides"
d0600aa4-23a5-47fb-a38d-b6c72f15af92,askacademia_train,losing_generate_qwen,2,"2

The comment does"
d0600aa4-23a5-47fb-a38d-b6c72f15af92,askacademia_train,losing_improve_claude,5,"5

This comment exc"
d0600aa4-23a5-47fb-a38d-b6c72f15af92,askacademia_train,losing_improve_gemini,5,"5

This comment scores"
d0600aa4-23a5-47fb-a38d-b6c72f15af92,askacademia_train,losing_improve_gpt4omini,4,"4

This comment scores"
d0600aa4-23a5-47fb-a38d-b6c72f15af92,askacademia_train,losing_improve_gpt5nano,5,"5

This comment exc"
d0600aa4-23a5-47fb-a38d-b6c72f15af92,askacademia_train,losing_improve_llama,4,"4

This comment scores"
d0600aa4-23a5-47fb-a38d-b6c72f15af92,askacademia_train,losing_improve_mistral,4,"4

This comment scores"
d0600aa4-23a5-47fb-a38d-b6c72f15af92,askacademia_train,losing_improve_qwen,2,"2

This comment has"
d0600aa4-23a5-47fb-a38d-b6c72f15af92,askacademia_train,losing_paraphrase_claude,4,"4

This comment scores"
d0600aa4-23a5-47fb-a38d-b6c72f15af92,askacademia_train,losing_paraphrase_gemini,2,"2

This comment is"
d0600aa4-23a5-47fb-a38d-b6c72f15af92,askacademia_train,losing_paraphrase_gpt4omini,4,"4

This comment scores"
d0600aa4-23a5-47fb-a38d-b6c72f15af92,askacademia_train,losing_paraphrase_gpt5nano,4,"4

This comment scores"
d0600aa4-23a5-47fb-a38d-b6c72f15af92,askacademia_train,losing_paraphrase_llama,2,"2

This comment has"
d0600aa4-23a5-47fb-a38d-b6c72f15af92,askacademia_train,losing_paraphrase_mistral,3,"3

This comment offers"
d0600aa4-23a5-47fb-a38d-b6c72f15af92,askacademia_train,losing_paraphrase_qwen,3,"3

This comment receives"
f701811d-8ebc-4e8c-8337-c922fdfb6911,askacademia_train,winning_text,2,"2

This comment is"
f701811d-8ebc-4e8c-8337-c922fdfb6911,askacademia_train,losing_text,4,"4

This comment scores"
f701811d-8ebc-4e8c-8337-c922fdfb6911,askacademia_train,losing_generate_claude,5,"5

This comment exc"
f701811d-8ebc-4e8c-8337-c922fdfb6911,askacademia_train,losing_generate_gemini,5,"5

This comment scores"
f701811d-8ebc-4e8c-8337-c922fdfb6911,askacademia_train,losing_generate_gpt4omini,2,"2

**Reasoning"
f701811d-8ebc-4e8c-8337-c922fdfb6911,askacademia_train,losing_generate_gpt5nano,4,"4

This comment scores"
f701811d-8ebc-4e8c-8337-c922fdfb6911,askacademia_train,losing_generate_llama,2,"2

**Reasoning"
f701811d-8ebc-4e8c-8337-c922fdfb6911,askacademia_train,losing_generate_mistral,2,"2

**Reasoning"
f701811d-8ebc-4e8c-8337-c922fdfb6911,askacademia_train,losing_generate_qwen,2,"2

The comment does"
f701811d-8ebc-4e8c-8337-c922fdfb6911,askacademia_train,losing_improve_claude,5,"5

This comment exc"
f701811d-8ebc-4e8c-8337-c922fdfb6911,askacademia_train,losing_improve_gemini,4,"4

This comment scores"
f701811d-8ebc-4e8c-8337-c922fdfb6911,askacademia_train,losing_improve_gpt4omini,3,"3

This comment receives"
f701811d-8ebc-4e8c-8337-c922fdfb6911,askacademia_train,losing_improve_gpt5nano,5,"5

This comment exc"
f701811d-8ebc-4e8c-8337-c922fdfb6911,askacademia_train,losing_improve_llama,4,"4

This comment scores"
f701811d-8ebc-4e8c-8337-c922fdfb6911,askacademia_train,losing_improve_mistral,4,"4

This comment scores"
f701811d-8ebc-4e8c-8337-c922fdfb6911,askacademia_train,losing_improve_qwen,3,"3

This comment appears"
f701811d-8ebc-4e8c-8337-c922fdfb6911,askacademia_train,losing_paraphrase_claude,4,"4

This comment scores"
f701811d-8ebc-4e8c-8337-c922fdfb6911,askacademia_train,losing_paraphrase_gemini,2,"2

This comment is"
f701811d-8ebc-4e8c-8337-c922fdfb6911,askacademia_train,losing_paraphrase_gpt4omini,4,"4

This comment scores"
f701811d-8ebc-4e8c-8337-c922fdfb6911,askacademia_train,losing_paraphrase_gpt5nano,3,"3

This comment is"
f701811d-8ebc-4e8c-8337-c922fdfb6911,askacademia_train,losing_paraphrase_llama,2,"2

This comment has"
f701811d-8ebc-4e8c-8337-c922fdfb6911,askacademia_train,losing_paraphrase_mistral,3,"3

This comment offers"
f701811d-8ebc-4e8c-8337-c922fdfb6911,askacademia_train,losing_paraphrase_qwen,4,"4

This comment scores"
9d4841c7-b34c-440b-a58b-4e9e16c4cf0f,askacademia_train,winning_text,2,"2

The comment """
9d4841c7-b34c-440b-a58b-4e9e16c4cf0f,askacademia_train,losing_text,4,"4

This comment scores"
9d4841c7-b34c-440b-a58b-4e9e16c4cf0f,askacademia_train,losing_generate_claude,5,"5

This comment exc"
9d4841c7-b34c-440b-a58b-4e9e16c4cf0f,askacademia_train,losing_generate_gemini,5,"5

This comment scores"
9d4841c7-b34c-440b-a58b-4e9e16c4cf0f,askacademia_train,losing_generate_gpt4omini,2,"2

**Reasoning"
9d4841c7-b34c-440b-a58b-4e9e16c4cf0f,askacademia_train,losing_generate_gpt5nano,5,"5

This comment exc"
9d4841c7-b34c-440b-a58b-4e9e16c4cf0f,askacademia_train,losing_generate_llama,2,"2

**Reasoning"
9d4841c7-b34c-440b-a58b-4e9e16c4cf0f,askacademia_train,losing_generate_mistral,2,"2

**Reasoning"
9d4841c7-b34c-440b-a58b-4e9e16c4cf0f,askacademia_train,losing_generate_qwen,2,"2

The comment does"
9d4841c7-b34c-440b-a58b-4e9e16c4cf0f,askacademia_train,losing_improve_claude,4,"4

This comment scores"
9d4841c7-b34c-440b-a58b-4e9e16c4cf0f,askacademia_train,losing_improve_gemini,4,"4

This comment scores"
9d4841c7-b34c-440b-a58b-4e9e16c4cf0f,askacademia_train,losing_improve_gpt4omini,4,"4

This comment scores"
9d4841c7-b34c-440b-a58b-4e9e16c4cf0f,askacademia_train,losing_improve_gpt5nano,4,"4

This comment scores"
9d4841c7-b34c-440b-a58b-4e9e16c4cf0f,askacademia_train,losing_improve_llama,2,"2

This comment appears"
9d4841c7-b34c-440b-a58b-4e9e16c4cf0f,askacademia_train,losing_improve_mistral,2,"2

This comment is"
9d4841c7-b34c-440b-a58b-4e9e16c4cf0f,askacademia_train,losing_improve_qwen,3,"3

This comment appears"
9d4841c7-b34c-440b-a58b-4e9e16c4cf0f,askacademia_train,losing_paraphrase_claude,3,"3

This comment is"
9d4841c7-b34c-440b-a58b-4e9e16c4cf0f,askacademia_train,losing_paraphrase_gemini,2,"2

This comment has"
9d4841c7-b34c-440b-a58b-4e9e16c4cf0f,askacademia_train,losing_paraphrase_gpt4omini,2,"2

This comment is"
9d4841c7-b34c-440b-a58b-4e9e16c4cf0f,askacademia_train,losing_paraphrase_gpt5nano,4,"4

This comment scores"
9d4841c7-b34c-440b-a58b-4e9e16c4cf0f,askacademia_train,losing_paraphrase_llama,2,"2

This comment is"
9d4841c7-b34c-440b-a58b-4e9e16c4cf0f,askacademia_train,losing_paraphrase_mistral,2,"2

This comment is"
9d4841c7-b34c-440b-a58b-4e9e16c4cf0f,askacademia_train,losing_paraphrase_qwen,2,"2

This comment scores"
8b63169c-2889-4c01-808c-4006b5c9c986,askacademia_train,winning_text,2,"2

This comment scores"
8b63169c-2889-4c01-808c-4006b5c9c986,askacademia_train,losing_text,4,"4

This comment scores"
8b63169c-2889-4c01-808c-4006b5c9c986,askacademia_train,losing_generate_claude,5,"5

This comment exc"
8b63169c-2889-4c01-808c-4006b5c9c986,askacademia_train,losing_generate_gemini,5,"5

This comment scores"
8b63169c-2889-4c01-808c-4006b5c9c986,askacademia_train,losing_generate_gpt4omini,2,"2

**Reasoning"
8b63169c-2889-4c01-808c-4006b5c9c986,askacademia_train,losing_generate_gpt5nano,2,"2

**Reasoning"
8b63169c-2889-4c01-808c-4006b5c9c986,askacademia_train,losing_generate_llama,2,"2

**Reasoning"
8b63169c-2889-4c01-808c-4006b5c9c986,askacademia_train,losing_generate_mistral,2,"2

The comment has"
8b63169c-2889-4c01-808c-4006b5c9c986,askacademia_train,losing_generate_qwen,2,"2

This comment does"
8b63169c-2889-4c01-808c-4006b5c9c986,askacademia_train,losing_improve_claude,5,"5

This comment scores"
8b63169c-2889-4c01-808c-4006b5c9c986,askacademia_train,losing_improve_gemini,4,"4

This comment scores"
8b63169c-2889-4c01-808c-4006b5c9c986,askacademia_train,losing_improve_gpt4omini,3,"3

**Reasoning"
8b63169c-2889-4c01-808c-4006b5c9c986,askacademia_train,losing_improve_gpt5nano,5,"5

This comment exc"
8b63169c-2889-4c01-808c-4006b5c9c986,askacademia_train,losing_improve_llama,2,"2

This comment appears"
8b63169c-2889-4c01-808c-4006b5c9c986,askacademia_train,losing_improve_mistral,2,"2

This comment is"
8b63169c-2889-4c01-808c-4006b5c9c986,askacademia_train,losing_improve_qwen,3,"3

This comment appears"
8b63169c-2889-4c01-808c-4006b5c9c986,askacademia_train,losing_paraphrase_claude,3,"3

This comment receives"
8b63169c-2889-4c01-808c-4006b5c9c986,askacademia_train,losing_paraphrase_gemini,2,"2

This comment has"
8b63169c-2889-4c01-808c-4006b5c9c986,askacademia_train,losing_paraphrase_gpt4omini,2,"2

This comment is"
8b63169c-2889-4c01-808c-4006b5c9c986,askacademia_train,losing_paraphrase_gpt5nano,3,"3

This comment provides"
8b63169c-2889-4c01-808c-4006b5c9c986,askacademia_train,losing_paraphrase_llama,2,"2

This comment is"
8b63169c-2889-4c01-808c-4006b5c9c986,askacademia_train,losing_paraphrase_mistral,2,"2

This comment is"
8b63169c-2889-4c01-808c-4006b5c9c986,askacademia_train,losing_paraphrase_qwen,2,"2

This comment scores"
4157e6b0-d32b-4b68-85dd-bf06cb8df1ca,askacademia_train,winning_text,3,"3

The comment addresses"
4157e6b0-d32b-4b68-85dd-bf06cb8df1ca,askacademia_train,losing_text,5,"5

This comment scores"
4157e6b0-d32b-4b68-85dd-bf06cb8df1ca,askacademia_train,losing_generate_claude,5,"5

This comment exc"
4157e6b0-d32b-4b68-85dd-bf06cb8df1ca,askacademia_train,losing_generate_gemini,5,"5

This comment scores"
4157e6b0-d32b-4b68-85dd-bf06cb8df1ca,askacademia_train,losing_generate_gpt4omini,2,"2

**Reasoning"
4157e6b0-d32b-4b68-85dd-bf06cb8df1ca,askacademia_train,losing_generate_gpt5nano,2,"2

This comment has"
4157e6b0-d32b-4b68-85dd-bf06cb8df1ca,askacademia_train,losing_generate_llama,2,"2

**Reasoning"
4157e6b0-d32b-4b68-85dd-bf06cb8df1ca,askacademia_train,losing_generate_mistral,4,"4

This comment scores"
4157e6b0-d32b-4b68-85dd-bf06cb8df1ca,askacademia_train,losing_generate_qwen,2,"2

The comment does"
4157e6b0-d32b-4b68-85dd-bf06cb8df1ca,askacademia_train,losing_improve_claude,5,"5

This comment exc"
4157e6b0-d32b-4b68-85dd-bf06cb8df1ca,askacademia_train,losing_improve_gemini,5,"5

This comment scores"
4157e6b0-d32b-4b68-85dd-bf06cb8df1ca,askacademia_train,losing_improve_gpt4omini,4,"4

This comment scores"
4157e6b0-d32b-4b68-85dd-bf06cb8df1ca,askacademia_train,losing_improve_gpt5nano,5,"5

This comment exc"
4157e6b0-d32b-4b68-85dd-bf06cb8df1ca,askacademia_train,losing_improve_llama,2,"2

This comment has"
4157e6b0-d32b-4b68-85dd-bf06cb8df1ca,askacademia_train,losing_improve_mistral,5,"5

This comment scores"
4157e6b0-d32b-4b68-85dd-bf06cb8df1ca,askacademia_train,losing_improve_qwen,2,"2

This comment appears"
4157e6b0-d32b-4b68-85dd-bf06cb8df1ca,askacademia_train,losing_paraphrase_claude,5,"5

This comment scores"
4157e6b0-d32b-4b68-85dd-bf06cb8df1ca,askacademia_train,losing_paraphrase_gemini,2,"2

This comment fails"
4157e6b0-d32b-4b68-85dd-bf06cb8df1ca,askacademia_train,losing_paraphrase_gpt4omini,4,"4

This comment scores"
4157e6b0-d32b-4b68-85dd-bf06cb8df1ca,askacademia_train,losing_paraphrase_gpt5nano,4,"4

This comment scores"
4157e6b0-d32b-4b68-85dd-bf06cb8df1ca,askacademia_train,losing_paraphrase_llama,4,"4

This comment scores"
4157e6b0-d32b-4b68-85dd-bf06cb8df1ca,askacademia_train,losing_paraphrase_mistral,4,"4

This comment scores"
4157e6b0-d32b-4b68-85dd-bf06cb8df1ca,askacademia_train,losing_paraphrase_qwen,4,"4

This comment scores"
60ab52b3-4696-484b-9631-a3053571b485,askacademia_train,winning_text,4,"4

This comment scores"
60ab52b3-4696-484b-9631-a3053571b485,askacademia_train,losing_text,4,"4

This comment scores"
60ab52b3-4696-484b-9631-a3053571b485,askacademia_train,losing_generate_claude,5,"5

This comment exc"
60ab52b3-4696-484b-9631-a3053571b485,askacademia_train,losing_generate_gemini,5,"5

This comment scores"
60ab52b3-4696-484b-9631-a3053571b485,askacademia_train,losing_generate_gpt4omini,2,"2

**Reasoning"
60ab52b3-4696-484b-9631-a3053571b485,askacademia_train,losing_generate_gpt5nano,4,"4

This comment scores"
60ab52b3-4696-484b-9631-a3053571b485,askacademia_train,losing_generate_llama,2,"2

**Reasoning"
60ab52b3-4696-484b-9631-a3053571b485,askacademia_train,losing_generate_mistral,3,"3

The comment provides"
60ab52b3-4696-484b-9631-a3053571b485,askacademia_train,losing_generate_qwen,2,"2

This comment does"
60ab52b3-4696-484b-9631-a3053571b485,askacademia_train,losing_improve_claude,3,"3

This comment addresses"
60ab52b3-4696-484b-9631-a3053571b485,askacademia_train,losing_improve_gemini,4,"4

This comment scores"
60ab52b3-4696-484b-9631-a3053571b485,askacademia_train,losing_improve_gpt4omini,4,"4

This comment scores"
60ab52b3-4696-484b-9631-a3053571b485,askacademia_train,losing_improve_gpt5nano,5,"5

This comment exc"
60ab52b3-4696-484b-9631-a3053571b485,askacademia_train,losing_improve_llama,2,"2

**Reasoning"
60ab52b3-4696-484b-9631-a3053571b485,askacademia_train,losing_improve_mistral,5,"5

This comment scores"
60ab52b3-4696-484b-9631-a3053571b485,askacademia_train,losing_improve_qwen,2,"2

This comment appears"
60ab52b3-4696-484b-9631-a3053571b485,askacademia_train,losing_paraphrase_claude,5,"5

This comment scores"
60ab52b3-4696-484b-9631-a3053571b485,askacademia_train,losing_paraphrase_gemini,2,"2

This comment scores"
60ab52b3-4696-484b-9631-a3053571b485,askacademia_train,losing_paraphrase_gpt4omini,4,"4

This comment scores"
60ab52b3-4696-484b-9631-a3053571b485,askacademia_train,losing_paraphrase_gpt5nano,4,"4

This comment scores"
60ab52b3-4696-484b-9631-a3053571b485,askacademia_train,losing_paraphrase_llama,4,"4

This comment scores"
60ab52b3-4696-484b-9631-a3053571b485,askacademia_train,losing_paraphrase_mistral,4,"4

This comment scores"
60ab52b3-4696-484b-9631-a3053571b485,askacademia_train,losing_paraphrase_qwen,4,"4

This comment scores"
78de6c8e-e14c-40ab-a98c-f93257b8d459,askacademia_train,winning_text,3,"3

The comment asks"
78de6c8e-e14c-40ab-a98c-f93257b8d459,askacademia_train,losing_text,5,"5

This comment scores"
78de6c8e-e14c-40ab-a98c-f93257b8d459,askacademia_train,losing_generate_claude,5,"5

This comment exc"
78de6c8e-e14c-40ab-a98c-f93257b8d459,askacademia_train,losing_generate_gemini,5,"5

This comment scores"
78de6c8e-e14c-40ab-a98c-f93257b8d459,askacademia_train,losing_generate_gpt4omini,2,"2

**Reasoning"
78de6c8e-e14c-40ab-a98c-f93257b8d459,askacademia_train,losing_generate_gpt5nano,3,"3

**Reasoning"
78de6c8e-e14c-40ab-a98c-f93257b8d459,askacademia_train,losing_generate_llama,2,"2

The comment mis"
78de6c8e-e14c-40ab-a98c-f93257b8d459,askacademia_train,losing_generate_mistral,4,"4

This comment scores"
78de6c8e-e14c-40ab-a98c-f93257b8d459,askacademia_train,losing_generate_qwen,2,"2

This comment does"
78de6c8e-e14c-40ab-a98c-f93257b8d459,askacademia_train,losing_improve_claude,2,"2

This comment fails"
78de6c8e-e14c-40ab-a98c-f93257b8d459,askacademia_train,losing_improve_gemini,5,"5

This comment scores"
78de6c8e-e14c-40ab-a98c-f93257b8d459,askacademia_train,losing_improve_gpt4omini,4,"4

This comment scores"
78de6c8e-e14c-40ab-a98c-f93257b8d459,askacademia_train,losing_improve_gpt5nano,5,"5

This comment exc"
78de6c8e-e14c-40ab-a98c-f93257b8d459,askacademia_train,losing_improve_llama,2,"2

**Reasoning"
78de6c8e-e14c-40ab-a98c-f93257b8d459,askacademia_train,losing_improve_mistral,4,"4

This comment scores"
78de6c8e-e14c-40ab-a98c-f93257b8d459,askacademia_train,losing_improve_qwen,2,"2

This comment appears"
78de6c8e-e14c-40ab-a98c-f93257b8d459,askacademia_train,losing_paraphrase_claude,5,"5

This comment scores"
78de6c8e-e14c-40ab-a98c-f93257b8d459,askacademia_train,losing_paraphrase_gemini,2,"2

This comment scores"
78de6c8e-e14c-40ab-a98c-f93257b8d459,askacademia_train,losing_paraphrase_gpt4omini,3,"3

This comment shows"
78de6c8e-e14c-40ab-a98c-f93257b8d459,askacademia_train,losing_paraphrase_gpt5nano,4,"4

This comment scores"
78de6c8e-e14c-40ab-a98c-f93257b8d459,askacademia_train,losing_paraphrase_llama,4,"4

This comment scores"
78de6c8e-e14c-40ab-a98c-f93257b8d459,askacademia_train,losing_paraphrase_mistral,4,"4

This comment scores"
78de6c8e-e14c-40ab-a98c-f93257b8d459,askacademia_train,losing_paraphrase_qwen,4,"4

This comment scores"
a65f42a8-1bcd-4d32-b76b-9c460d0fba52,askacademia_train,winning_text,2,"2

This comment has"
a65f42a8-1bcd-4d32-b76b-9c460d0fba52,askacademia_train,losing_text,5,"5

This comment scores"
a65f42a8-1bcd-4d32-b76b-9c460d0fba52,askacademia_train,losing_generate_claude,5,"5

This comment exc"
a65f42a8-1bcd-4d32-b76b-9c460d0fba52,askacademia_train,losing_generate_gemini,5,"5

This comment scores"
a65f42a8-1bcd-4d32-b76b-9c460d0fba52,askacademia_train,losing_generate_gpt4omini,2,"2

**Reasoning"
a65f42a8-1bcd-4d32-b76b-9c460d0fba52,askacademia_train,losing_generate_gpt5nano,5,"5

This comment exc"
a65f42a8-1bcd-4d32-b76b-9c460d0fba52,askacademia_train,losing_generate_llama,2,"2

The comment makes"
a65f42a8-1bcd-4d32-b76b-9c460d0fba52,askacademia_train,losing_generate_mistral,2,"2

The comment provides"
a65f42a8-1bcd-4d32-b76b-9c460d0fba52,askacademia_train,losing_generate_qwen,2,"2

This comment does"
a65f42a8-1bcd-4d32-b76b-9c460d0fba52,askacademia_train,losing_improve_claude,3,"3

This meta-"
a65f42a8-1bcd-4d32-b76b-9c460d0fba52,askacademia_train,losing_improve_gemini,5,"5

This comment scores"
a65f42a8-1bcd-4d32-b76b-9c460d0fba52,askacademia_train,losing_improve_gpt4omini,4,"4

This comment scores"
a65f42a8-1bcd-4d32-b76b-9c460d0fba52,askacademia_train,losing_improve_gpt5nano,5,"5

This comment exc"
a65f42a8-1bcd-4d32-b76b-9c460d0fba52,askacademia_train,losing_improve_llama,2,"2

**Reasoning"
a65f42a8-1bcd-4d32-b76b-9c460d0fba52,askacademia_train,losing_improve_mistral,5,"5

This comment scores"
a65f42a8-1bcd-4d32-b76b-9c460d0fba52,askacademia_train,losing_improve_qwen,2,"2

This comment appears"
a65f42a8-1bcd-4d32-b76b-9c460d0fba52,askacademia_train,losing_paraphrase_claude,5,"5

This comment scores"
a65f42a8-1bcd-4d32-b76b-9c460d0fba52,askacademia_train,losing_paraphrase_gemini,2,"2

This comment scores"
a65f42a8-1bcd-4d32-b76b-9c460d0fba52,askacademia_train,losing_paraphrase_gpt4omini,4,"4

This comment scores"
a65f42a8-1bcd-4d32-b76b-9c460d0fba52,askacademia_train,losing_paraphrase_gpt5nano,4,"4

This comment scores"
a65f42a8-1bcd-4d32-b76b-9c460d0fba52,askacademia_train,losing_paraphrase_llama,4,"4

This comment scores"
a65f42a8-1bcd-4d32-b76b-9c460d0fba52,askacademia_train,losing_paraphrase_mistral,4,"4

This comment scores"
a65f42a8-1bcd-4d32-b76b-9c460d0fba52,askacademia_train,losing_paraphrase_qwen,4,"4

This comment scores"
d4ca9d10-da34-4f21-b1b8-84ce3728f1ba,askacademia_train,winning_text,3,"3

The comment asks"
d4ca9d10-da34-4f21-b1b8-84ce3728f1ba,askacademia_train,losing_text,4,"4

This comment scores"
d4ca9d10-da34-4f21-b1b8-84ce3728f1ba,askacademia_train,losing_generate_claude,5,"5

This comment exc"
d4ca9d10-da34-4f21-b1b8-84ce3728f1ba,askacademia_train,losing_generate_gemini,5,"5

This comment scores"
d4ca9d10-da34-4f21-b1b8-84ce3728f1ba,askacademia_train,losing_generate_gpt4omini,2,"2

**Reasoning"
d4ca9d10-da34-4f21-b1b8-84ce3728f1ba,askacademia_train,losing_generate_gpt5nano,2,"2

**Reasoning"
d4ca9d10-da34-4f21-b1b8-84ce3728f1ba,askacademia_train,losing_generate_llama,2,"2

**Reasoning"
d4ca9d10-da34-4f21-b1b8-84ce3728f1ba,askacademia_train,losing_generate_mistral,4,"4

This comment scores"
d4ca9d10-da34-4f21-b1b8-84ce3728f1ba,askacademia_train,losing_generate_qwen,2,"2

This comment does"
d4ca9d10-da34-4f21-b1b8-84ce3728f1ba,askacademia_train,losing_improve_claude,5,"5

This comment exc"
d4ca9d10-da34-4f21-b1b8-84ce3728f1ba,askacademia_train,losing_improve_gemini,5,"5

This comment scores"
d4ca9d10-da34-4f21-b1b8-84ce3728f1ba,askacademia_train,losing_improve_gpt4omini,4,"4

This comment scores"
d4ca9d10-da34-4f21-b1b8-84ce3728f1ba,askacademia_train,losing_improve_gpt5nano,5,"5

This comment exc"
d4ca9d10-da34-4f21-b1b8-84ce3728f1ba,askacademia_train,losing_improve_llama,4,"4

This comment scores"
d4ca9d10-da34-4f21-b1b8-84ce3728f1ba,askacademia_train,losing_improve_mistral,4,"4

This comment scores"
d4ca9d10-da34-4f21-b1b8-84ce3728f1ba,askacademia_train,losing_improve_qwen,2,"2

The comment has"
d4ca9d10-da34-4f21-b1b8-84ce3728f1ba,askacademia_train,losing_paraphrase_claude,4,"4

This comment scores"
d4ca9d10-da34-4f21-b1b8-84ce3728f1ba,askacademia_train,losing_paraphrase_gemini,3,"3

This comment scores"
d4ca9d10-da34-4f21-b1b8-84ce3728f1ba,askacademia_train,losing_paraphrase_gpt4omini,3,"3

This comment shows"
d4ca9d10-da34-4f21-b1b8-84ce3728f1ba,askacademia_train,losing_paraphrase_gpt5nano,4,"4

This comment scores"
d4ca9d10-da34-4f21-b1b8-84ce3728f1ba,askacademia_train,losing_paraphrase_llama,3,"3

This comment shows"
d4ca9d10-da34-4f21-b1b8-84ce3728f1ba,askacademia_train,losing_paraphrase_mistral,4,"4

This comment scores"
d4ca9d10-da34-4f21-b1b8-84ce3728f1ba,askacademia_train,losing_paraphrase_qwen,4,"4

This comment scores"
82833031-4563-42a0-8c0a-25b7ad02f6eb,askacademia_train,winning_text,4,"4

This comment scores"
82833031-4563-42a0-8c0a-25b7ad02f6eb,askacademia_train,losing_text,3,"3

This comment addresses"
82833031-4563-42a0-8c0a-25b7ad02f6eb,askacademia_train,losing_generate_claude,5,"5

This comment exc"
82833031-4563-42a0-8c0a-25b7ad02f6eb,askacademia_train,losing_generate_gemini,5,"5

This comment scores"
82833031-4563-42a0-8c0a-25b7ad02f6eb,askacademia_train,losing_generate_gpt4omini,2,"2

**Reasoning"
82833031-4563-42a0-8c0a-25b7ad02f6eb,askacademia_train,losing_generate_gpt5nano,2,"2

This comment fails"
82833031-4563-42a0-8c0a-25b7ad02f6eb,askacademia_train,losing_generate_llama,2,"2

**Reasoning"
82833031-4563-42a0-8c0a-25b7ad02f6eb,askacademia_train,losing_generate_mistral,2,"2

The comment has"
82833031-4563-42a0-8c0a-25b7ad02f6eb,askacademia_train,losing_generate_qwen,2,"2

This comment does"
82833031-4563-42a0-8c0a-25b7ad02f6eb,askacademia_train,losing_improve_claude,3,"3

This comment demonstrates"
82833031-4563-42a0-8c0a-25b7ad02f6eb,askacademia_train,losing_improve_gemini,4,"4

This comment scores"
82833031-4563-42a0-8c0a-25b7ad02f6eb,askacademia_train,losing_improve_gpt4omini,2,"2

The comment provides"
82833031-4563-42a0-8c0a-25b7ad02f6eb,askacademia_train,losing_improve_gpt5nano,5,"5

This comment exc"
82833031-4563-42a0-8c0a-25b7ad02f6eb,askacademia_train,losing_improve_llama,3,"3

The comment provides"
82833031-4563-42a0-8c0a-25b7ad02f6eb,askacademia_train,losing_improve_mistral,4,"4

This comment scores"
82833031-4563-42a0-8c0a-25b7ad02f6eb,askacademia_train,losing_improve_qwen,2,"2

**Reasoning"
82833031-4563-42a0-8c0a-25b7ad02f6eb,askacademia_train,losing_paraphrase_claude,3,"3

This comment receives"
82833031-4563-42a0-8c0a-25b7ad02f6eb,askacademia_train,losing_paraphrase_gemini,2,"2

This comment scores"
82833031-4563-42a0-8c0a-25b7ad02f6eb,askacademia_train,losing_paraphrase_gpt4omini,2,"2

This comment scores"
82833031-4563-42a0-8c0a-25b7ad02f6eb,askacademia_train,losing_paraphrase_gpt5nano,2,"2

This comment scores"
82833031-4563-42a0-8c0a-25b7ad02f6eb,askacademia_train,losing_paraphrase_llama,2,"2

The comment has"
82833031-4563-42a0-8c0a-25b7ad02f6eb,askacademia_train,losing_paraphrase_mistral,3,"3

The comment addresses"
82833031-4563-42a0-8c0a-25b7ad02f6eb,askacademia_train,losing_paraphrase_qwen,2,"2

The comment has"
59968d3e-fb37-45f6-8642-f62917e85b4a,askacademia_train,winning_text,3,"3

The comment asks"
59968d3e-fb37-45f6-8642-f62917e85b4a,askacademia_train,losing_text,3,"3

This comment addresses"
59968d3e-fb37-45f6-8642-f62917e85b4a,askacademia_train,losing_generate_claude,5,"5

This comment exc"
59968d3e-fb37-45f6-8642-f62917e85b4a,askacademia_train,losing_generate_gemini,5,"5

This comment scores"
59968d3e-fb37-45f6-8642-f62917e85b4a,askacademia_train,losing_generate_gpt4omini,2,"2

**Reasoning"
59968d3e-fb37-45f6-8642-f62917e85b4a,askacademia_train,losing_generate_gpt5nano,2,"2

The comment fails"
59968d3e-fb37-45f6-8642-f62917e85b4a,askacademia_train,losing_generate_llama,2,"2

**Reasoning"
59968d3e-fb37-45f6-8642-f62917e85b4a,askacademia_train,losing_generate_mistral,2,"2

**Reasoning"
59968d3e-fb37-45f6-8642-f62917e85b4a,askacademia_train,losing_generate_qwen,2,"2

This comment does"
59968d3e-fb37-45f6-8642-f62917e85b4a,askacademia_train,losing_improve_claude,3,"3

This comment demonstrates"
59968d3e-fb37-45f6-8642-f62917e85b4a,askacademia_train,losing_improve_gemini,4,"4

This comment scores"
59968d3e-fb37-45f6-8642-f62917e85b4a,askacademia_train,losing_improve_gpt4omini,2,"2

**Reasoning"
59968d3e-fb37-45f6-8642-f62917e85b4a,askacademia_train,losing_improve_gpt5nano,4,"4

This comment scores"
59968d3e-fb37-45f6-8642-f62917e85b4a,askacademia_train,losing_improve_llama,3,"3

The comment provides"
59968d3e-fb37-45f6-8642-f62917e85b4a,askacademia_train,losing_improve_mistral,4,"4

This comment scores"
59968d3e-fb37-45f6-8642-f62917e85b4a,askacademia_train,losing_improve_qwen,2,"2

**Reasoning"
59968d3e-fb37-45f6-8642-f62917e85b4a,askacademia_train,losing_paraphrase_claude,2,"2

**Reasoning"
59968d3e-fb37-45f6-8642-f62917e85b4a,askacademia_train,losing_paraphrase_gemini,2,"2

This comment scores"
59968d3e-fb37-45f6-8642-f62917e85b4a,askacademia_train,losing_paraphrase_gpt4omini,2,"2

This comment scores"
59968d3e-fb37-45f6-8642-f62917e85b4a,askacademia_train,losing_paraphrase_gpt5nano,4,"4

The comment scores"
59968d3e-fb37-45f6-8642-f62917e85b4a,askacademia_train,losing_paraphrase_llama,2,"2

The comment has"
59968d3e-fb37-45f6-8642-f62917e85b4a,askacademia_train,losing_paraphrase_mistral,3,"3

The comment addresses"
59968d3e-fb37-45f6-8642-f62917e85b4a,askacademia_train,losing_paraphrase_qwen,3,"3

The comment addresses"
87b000ee-07bd-42ea-9133-5eb3a4f3ab15,askacademia_train,winning_text,2,"2

This comment has"
87b000ee-07bd-42ea-9133-5eb3a4f3ab15,askacademia_train,losing_text,3,"3

This comment addresses"
87b000ee-07bd-42ea-9133-5eb3a4f3ab15,askacademia_train,losing_generate_claude,5,"5

This comment exc"
87b000ee-07bd-42ea-9133-5eb3a4f3ab15,askacademia_train,losing_generate_gemini,5,"5

This comment scores"
87b000ee-07bd-42ea-9133-5eb3a4f3ab15,askacademia_train,losing_generate_gpt4omini,2,"2

**Reasoning"
87b000ee-07bd-42ea-9133-5eb3a4f3ab15,askacademia_train,losing_generate_gpt5nano,2,"2

This comment has"
87b000ee-07bd-42ea-9133-5eb3a4f3ab15,askacademia_train,losing_generate_llama,2,"2

**Reasoning"
87b000ee-07bd-42ea-9133-5eb3a4f3ab15,askacademia_train,losing_generate_mistral,2,"2

**Reasoning"
87b000ee-07bd-42ea-9133-5eb3a4f3ab15,askacademia_train,losing_generate_qwen,2,"2

This comment does"
87b000ee-07bd-42ea-9133-5eb3a4f3ab15,askacademia_train,losing_improve_claude,3,"3

**Reasoning"
87b000ee-07bd-42ea-9133-5eb3a4f3ab15,askacademia_train,losing_improve_gemini,4,"4

This comment scores"
87b000ee-07bd-42ea-9133-5eb3a4f3ab15,askacademia_train,losing_improve_gpt4omini,2,"2

**Reasoning"
87b000ee-07bd-42ea-9133-5eb3a4f3ab15,askacademia_train,losing_improve_gpt5nano,5,"5

This comment exc"
87b000ee-07bd-42ea-9133-5eb3a4f3ab15,askacademia_train,losing_improve_llama,3,"3

The comment provides"
87b000ee-07bd-42ea-9133-5eb3a4f3ab15,askacademia_train,losing_improve_mistral,4,"4

This comment scores"
87b000ee-07bd-42ea-9133-5eb3a4f3ab15,askacademia_train,losing_improve_qwen,2,"2

The comment is"
87b000ee-07bd-42ea-9133-5eb3a4f3ab15,askacademia_train,losing_paraphrase_claude,4,"4

The comment scores"
87b000ee-07bd-42ea-9133-5eb3a4f3ab15,askacademia_train,losing_paraphrase_gemini,2,"2

This comment scores"
87b000ee-07bd-42ea-9133-5eb3a4f3ab15,askacademia_train,losing_paraphrase_gpt4omini,2,"2

This comment scores"
87b000ee-07bd-42ea-9133-5eb3a4f3ab15,askacademia_train,losing_paraphrase_gpt5nano,3,"3

The comment provides"
87b000ee-07bd-42ea-9133-5eb3a4f3ab15,askacademia_train,losing_paraphrase_llama,2,"2

The comment has"
87b000ee-07bd-42ea-9133-5eb3a4f3ab15,askacademia_train,losing_paraphrase_mistral,3,"3

The comment addresses"
87b000ee-07bd-42ea-9133-5eb3a4f3ab15,askacademia_train,losing_paraphrase_qwen,2,"2

The comment has"
e6460c9c-100d-4d0c-b437-7cfd2ccd795c,askacademia_train,winning_text,4,"4

This comment scores"
e6460c9c-100d-4d0c-b437-7cfd2ccd795c,askacademia_train,losing_text,3,"3

This comment addresses"
e6460c9c-100d-4d0c-b437-7cfd2ccd795c,askacademia_train,losing_generate_claude,5,"5

This comment exc"
e6460c9c-100d-4d0c-b437-7cfd2ccd795c,askacademia_train,losing_generate_gemini,5,"5

This comment scores"
e6460c9c-100d-4d0c-b437-7cfd2ccd795c,askacademia_train,losing_generate_gpt4omini,2,"2

**Reasoning"
e6460c9c-100d-4d0c-b437-7cfd2ccd795c,askacademia_train,losing_generate_gpt5nano,2,"2

This comment fails"
e6460c9c-100d-4d0c-b437-7cfd2ccd795c,askacademia_train,losing_generate_llama,2,"2

The comment fails"
e6460c9c-100d-4d0c-b437-7cfd2ccd795c,askacademia_train,losing_generate_mistral,2,"2

The comment has"
e6460c9c-100d-4d0c-b437-7cfd2ccd795c,askacademia_train,losing_generate_qwen,2,"2

This comment does"
e6460c9c-100d-4d0c-b437-7cfd2ccd795c,askacademia_train,losing_improve_claude,3,"3

This comment demonstrates"
e6460c9c-100d-4d0c-b437-7cfd2ccd795c,askacademia_train,losing_improve_gemini,4,"4

This comment scores"
e6460c9c-100d-4d0c-b437-7cfd2ccd795c,askacademia_train,losing_improve_gpt4omini,2,"2

**Reasoning"
e6460c9c-100d-4d0c-b437-7cfd2ccd795c,askacademia_train,losing_improve_gpt5nano,5,"5

This comment exc"
e6460c9c-100d-4d0c-b437-7cfd2ccd795c,askacademia_train,losing_improve_llama,3,"3

The comment provides"
e6460c9c-100d-4d0c-b437-7cfd2ccd795c,askacademia_train,losing_improve_mistral,4,"4

This comment scores"
e6460c9c-100d-4d0c-b437-7cfd2ccd795c,askacademia_train,losing_improve_qwen,4,"4

The comment scores"
e6460c9c-100d-4d0c-b437-7cfd2ccd795c,askacademia_train,losing_paraphrase_claude,2,"2

**Reasoning"
e6460c9c-100d-4d0c-b437-7cfd2ccd795c,askacademia_train,losing_paraphrase_gemini,2,"2

This comment scores"
e6460c9c-100d-4d0c-b437-7cfd2ccd795c,askacademia_train,losing_paraphrase_gpt4omini,2,"2

This comment scores"
e6460c9c-100d-4d0c-b437-7cfd2ccd795c,askacademia_train,losing_paraphrase_gpt5nano,3,"3

The comment addresses"
e6460c9c-100d-4d0c-b437-7cfd2ccd795c,askacademia_train,losing_paraphrase_llama,2,"2

The comment has"
e6460c9c-100d-4d0c-b437-7cfd2ccd795c,askacademia_train,losing_paraphrase_mistral,3,"3

The comment addresses"
e6460c9c-100d-4d0c-b437-7cfd2ccd795c,askacademia_train,losing_paraphrase_qwen,2,"2

The comment has"
9151740b-6736-40be-9da1-4c9915a710ea,askacademia_train,winning_text,4,"4

This comment is"
9151740b-6736-40be-9da1-4c9915a710ea,askacademia_train,losing_text,5,"5

This comment scores"
9151740b-6736-40be-9da1-4c9915a710ea,askacademia_train,losing_generate_claude,5,"5

This comment exc"
9151740b-6736-40be-9da1-4c9915a710ea,askacademia_train,losing_generate_gemini,5,"5

This comment scores"
9151740b-6736-40be-9da1-4c9915a710ea,askacademia_train,losing_generate_gpt4omini,2,"2

**Reasoning"
9151740b-6736-40be-9da1-4c9915a710ea,askacademia_train,losing_generate_gpt5nano,5,"5

This comment scores"
9151740b-6736-40be-9da1-4c9915a710ea,askacademia_train,losing_generate_llama,2,"2

**Reasoning"
9151740b-6736-40be-9da1-4c9915a710ea,askacademia_train,losing_generate_mistral,2,"2

The comment has"
9151740b-6736-40be-9da1-4c9915a710ea,askacademia_train,losing_generate_qwen,2,"2

The comment does"
9151740b-6736-40be-9da1-4c9915a710ea,askacademia_train,losing_improve_claude,5,"5

This comment exc"
9151740b-6736-40be-9da1-4c9915a710ea,askacademia_train,losing_improve_gemini,5,"5

This comment scores"
9151740b-6736-40be-9da1-4c9915a710ea,askacademia_train,losing_improve_gpt4omini,4,"4

This comment scores"
9151740b-6736-40be-9da1-4c9915a710ea,askacademia_train,losing_improve_gpt5nano,5,"5

This comment exc"
9151740b-6736-40be-9da1-4c9915a710ea,askacademia_train,losing_improve_llama,4,"4

The comment scores"
9151740b-6736-40be-9da1-4c9915a710ea,askacademia_train,losing_improve_mistral,4,"4

This comment scores"
9151740b-6736-40be-9da1-4c9915a710ea,askacademia_train,losing_improve_qwen,3,3
9151740b-6736-40be-9da1-4c9915a710ea,askacademia_train,losing_paraphrase_claude,5,"5

This comment scores"
9151740b-6736-40be-9da1-4c9915a710ea,askacademia_train,losing_paraphrase_gemini,2,"2

This comment scores"
9151740b-6736-40be-9da1-4c9915a710ea,askacademia_train,losing_paraphrase_gpt4omini,4,"4

This comment scores"
9151740b-6736-40be-9da1-4c9915a710ea,askacademia_train,losing_paraphrase_gpt5nano,4,"4

This comment scores"
9151740b-6736-40be-9da1-4c9915a710ea,askacademia_train,losing_paraphrase_llama,4,"4

The comment scores"
9151740b-6736-40be-9da1-4c9915a710ea,askacademia_train,losing_paraphrase_mistral,4,"4

This comment scores"
9151740b-6736-40be-9da1-4c9915a710ea,askacademia_train,losing_paraphrase_qwen,4,"4

This comment scores"
dc8f888e-d18f-41e3-ba76-3935e377d9c1,askacademia_train,winning_text,4,"4

This comment scores"
dc8f888e-d18f-41e3-ba76-3935e377d9c1,askacademia_train,losing_text,5,"5

This comment scores"
dc8f888e-d18f-41e3-ba76-3935e377d9c1,askacademia_train,losing_generate_claude,5,"5

This comment exc"
dc8f888e-d18f-41e3-ba76-3935e377d9c1,askacademia_train,losing_generate_gemini,5,"5

This comment scores"
dc8f888e-d18f-41e3-ba76-3935e377d9c1,askacademia_train,losing_generate_gpt4omini,2,"2

**Reasoning"
dc8f888e-d18f-41e3-ba76-3935e377d9c1,askacademia_train,losing_generate_gpt5nano,2,"2

**Reasoning"
dc8f888e-d18f-41e3-ba76-3935e377d9c1,askacademia_train,losing_generate_llama,2,"2

**Reasoning"
dc8f888e-d18f-41e3-ba76-3935e377d9c1,askacademia_train,losing_generate_mistral,2,"2

The comment has"
dc8f888e-d18f-41e3-ba76-3935e377d9c1,askacademia_train,losing_generate_qwen,2,"2

The comment does"
dc8f888e-d18f-41e3-ba76-3935e377d9c1,askacademia_train,losing_improve_claude,5,"5

This comment exc"
dc8f888e-d18f-41e3-ba76-3935e377d9c1,askacademia_train,losing_improve_gemini,5,"5

This comment scores"
dc8f888e-d18f-41e3-ba76-3935e377d9c1,askacademia_train,losing_improve_gpt4omini,5,"5

This comment scores"
dc8f888e-d18f-41e3-ba76-3935e377d9c1,askacademia_train,losing_improve_gpt5nano,5,"5

This comment scores"
dc8f888e-d18f-41e3-ba76-3935e377d9c1,askacademia_train,losing_improve_llama,4,"4

The comment scores"
dc8f888e-d18f-41e3-ba76-3935e377d9c1,askacademia_train,losing_improve_mistral,4,"4

This comment scores"
dc8f888e-d18f-41e3-ba76-3935e377d9c1,askacademia_train,losing_improve_qwen,2,"2

The comment has"
dc8f888e-d18f-41e3-ba76-3935e377d9c1,askacademia_train,losing_paraphrase_claude,4,"4

This comment scores"
dc8f888e-d18f-41e3-ba76-3935e377d9c1,askacademia_train,losing_paraphrase_gemini,2,"2

This comment scores"
dc8f888e-d18f-41e3-ba76-3935e377d9c1,askacademia_train,losing_paraphrase_gpt4omini,3,"3

This comment receives"
dc8f888e-d18f-41e3-ba76-3935e377d9c1,askacademia_train,losing_paraphrase_gpt5nano,4,"4

This comment scores"
dc8f888e-d18f-41e3-ba76-3935e377d9c1,askacademia_train,losing_paraphrase_llama,4,"4

The comment scores"
dc8f888e-d18f-41e3-ba76-3935e377d9c1,askacademia_train,losing_paraphrase_mistral,4,"4

This comment scores"
dc8f888e-d18f-41e3-ba76-3935e377d9c1,askacademia_train,losing_paraphrase_qwen,4,"4

This comment scores"
bf8c6f0c-db90-4930-bf49-ee4497e7213d,askacademia_train,winning_text,3,"3

The comment asks"
bf8c6f0c-db90-4930-bf49-ee4497e7213d,askacademia_train,losing_text,5,"5

This comment scores"
bf8c6f0c-db90-4930-bf49-ee4497e7213d,askacademia_train,losing_generate_claude,5,"5

This comment exc"
bf8c6f0c-db90-4930-bf49-ee4497e7213d,askacademia_train,losing_generate_gemini,5,"5

This comment scores"
bf8c6f0c-db90-4930-bf49-ee4497e7213d,askacademia_train,losing_generate_gpt4omini,2,"2

**Reasoning"
bf8c6f0c-db90-4930-bf49-ee4497e7213d,askacademia_train,losing_generate_gpt5nano,2,"2

The comment mis"
bf8c6f0c-db90-4930-bf49-ee4497e7213d,askacademia_train,losing_generate_llama,2,"2

**Reasoning"
bf8c6f0c-db90-4930-bf49-ee4497e7213d,askacademia_train,losing_generate_mistral,2,"2

The comment has"
bf8c6f0c-db90-4930-bf49-ee4497e7213d,askacademia_train,losing_generate_qwen,2,"2

This comment does"
bf8c6f0c-db90-4930-bf49-ee4497e7213d,askacademia_train,losing_improve_claude,3,3
bf8c6f0c-db90-4930-bf49-ee4497e7213d,askacademia_train,losing_improve_gemini,5,"5

This comment scores"
bf8c6f0c-db90-4930-bf49-ee4497e7213d,askacademia_train,losing_improve_gpt4omini,4,"4

This comment scores"
bf8c6f0c-db90-4930-bf49-ee4497e7213d,askacademia_train,losing_improve_gpt5nano,5,"5

This comment exc"
bf8c6f0c-db90-4930-bf49-ee4497e7213d,askacademia_train,losing_improve_llama,4,"4

The comment scores"
bf8c6f0c-db90-4930-bf49-ee4497e7213d,askacademia_train,losing_improve_mistral,3,"3

This comment shows"
bf8c6f0c-db90-4930-bf49-ee4497e7213d,askacademia_train,losing_improve_qwen,2,"2

**Reasoning"
bf8c6f0c-db90-4930-bf49-ee4497e7213d,askacademia_train,losing_paraphrase_claude,5,"5

This comment scores"
bf8c6f0c-db90-4930-bf49-ee4497e7213d,askacademia_train,losing_paraphrase_gemini,2,"2

This comment scores"
bf8c6f0c-db90-4930-bf49-ee4497e7213d,askacademia_train,losing_paraphrase_gpt4omini,4,"4

This comment scores"
bf8c6f0c-db90-4930-bf49-ee4497e7213d,askacademia_train,losing_paraphrase_gpt5nano,4,"4

This comment scores"
bf8c6f0c-db90-4930-bf49-ee4497e7213d,askacademia_train,losing_paraphrase_llama,4,"4

The comment scores"
bf8c6f0c-db90-4930-bf49-ee4497e7213d,askacademia_train,losing_paraphrase_mistral,4,"4

This comment scores"
bf8c6f0c-db90-4930-bf49-ee4497e7213d,askacademia_train,losing_paraphrase_qwen,4,"4

This comment scores"
8238680b-c956-44c1-afc0-28e406bdf067,askacademia_train,winning_text,2,"2

**Reasoning"
8238680b-c956-44c1-afc0-28e406bdf067,askacademia_train,losing_text,5,"5

This comment scores"
8238680b-c956-44c1-afc0-28e406bdf067,askacademia_train,losing_generate_claude,5,"5

This comment exc"
8238680b-c956-44c1-afc0-28e406bdf067,askacademia_train,losing_generate_gemini,5,"5

This comment scores"
8238680b-c956-44c1-afc0-28e406bdf067,askacademia_train,losing_generate_gpt4omini,2,"2

**Reasoning"
8238680b-c956-44c1-afc0-28e406bdf067,askacademia_train,losing_generate_gpt5nano,2,"2

This comment fails"
8238680b-c956-44c1-afc0-28e406bdf067,askacademia_train,losing_generate_llama,2,"2

**Reasoning"
8238680b-c956-44c1-afc0-28e406bdf067,askacademia_train,losing_generate_mistral,2,"2

**Reasoning"
8238680b-c956-44c1-afc0-28e406bdf067,askacademia_train,losing_generate_qwen,2,"2

This comment does"
8238680b-c956-44c1-afc0-28e406bdf067,askacademia_train,losing_improve_claude,3,3
8238680b-c956-44c1-afc0-28e406bdf067,askacademia_train,losing_improve_gemini,5,"5

This comment scores"
8238680b-c956-44c1-afc0-28e406bdf067,askacademia_train,losing_improve_gpt4omini,4,"4

This comment scores"
8238680b-c956-44c1-afc0-28e406bdf067,askacademia_train,losing_improve_gpt5nano,5,"5

This comment exc"
8238680b-c956-44c1-afc0-28e406bdf067,askacademia_train,losing_improve_llama,4,"4

The comment scores"
8238680b-c956-44c1-afc0-28e406bdf067,askacademia_train,losing_improve_mistral,4,"4

This comment scores"
8238680b-c956-44c1-afc0-28e406bdf067,askacademia_train,losing_improve_qwen,2,"2

**Reasoning"
8238680b-c956-44c1-afc0-28e406bdf067,askacademia_train,losing_paraphrase_claude,5,"5

This comment scores"
8238680b-c956-44c1-afc0-28e406bdf067,askacademia_train,losing_paraphrase_gemini,2,"2

This comment scores"
8238680b-c956-44c1-afc0-28e406bdf067,askacademia_train,losing_paraphrase_gpt4omini,4,"4

This comment scores"
8238680b-c956-44c1-afc0-28e406bdf067,askacademia_train,losing_paraphrase_gpt5nano,4,"4

This comment scores"
8238680b-c956-44c1-afc0-28e406bdf067,askacademia_train,losing_paraphrase_llama,4,"4

The comment scores"
8238680b-c956-44c1-afc0-28e406bdf067,askacademia_train,losing_paraphrase_mistral,4,"4

This comment scores"
8238680b-c956-44c1-afc0-28e406bdf067,askacademia_train,losing_paraphrase_qwen,4,"4

This comment scores"
f728b435-8868-488c-8929-eec0de38aaf8,askacademia_train,winning_text,4,"4

This comment scores"
f728b435-8868-488c-8929-eec0de38aaf8,askacademia_train,losing_text,5,"5

This comment scores"
f728b435-8868-488c-8929-eec0de38aaf8,askacademia_train,losing_generate_claude,5,"5

This comment exc"
f728b435-8868-488c-8929-eec0de38aaf8,askacademia_train,losing_generate_gemini,5,"5

This comment scores"
f728b435-8868-488c-8929-eec0de38aaf8,askacademia_train,losing_generate_gpt4omini,2,"2

**Reasoning"
f728b435-8868-488c-8929-eec0de38aaf8,askacademia_train,losing_generate_gpt5nano,5,"5

This comment exc"
f728b435-8868-488c-8929-eec0de38aaf8,askacademia_train,losing_generate_llama,2,"2

**Reasoning"
f728b435-8868-488c-8929-eec0de38aaf8,askacademia_train,losing_generate_mistral,2,"2

The comment has"
f728b435-8868-488c-8929-eec0de38aaf8,askacademia_train,losing_generate_qwen,2,"2

This comment does"
f728b435-8868-488c-8929-eec0de38aaf8,askacademia_train,losing_improve_claude,5,"5

This comment exc"
f728b435-8868-488c-8929-eec0de38aaf8,askacademia_train,losing_improve_gemini,5,"5

This comment scores"
f728b435-8868-488c-8929-eec0de38aaf8,askacademia_train,losing_improve_gpt4omini,3,"3

This comment has"
f728b435-8868-488c-8929-eec0de38aaf8,askacademia_train,losing_improve_gpt5nano,5,"5

This comment exc"
f728b435-8868-488c-8929-eec0de38aaf8,askacademia_train,losing_improve_llama,4,"4

The comment scores"
f728b435-8868-488c-8929-eec0de38aaf8,askacademia_train,losing_improve_mistral,4,"4

This comment scores"
f728b435-8868-488c-8929-eec0de38aaf8,askacademia_train,losing_improve_qwen,2,"2

This comment has"
f728b435-8868-488c-8929-eec0de38aaf8,askacademia_train,losing_paraphrase_claude,5,"5

This comment scores"
f728b435-8868-488c-8929-eec0de38aaf8,askacademia_train,losing_paraphrase_gemini,2,"2

This comment scores"
f728b435-8868-488c-8929-eec0de38aaf8,askacademia_train,losing_paraphrase_gpt4omini,4,"4

This comment scores"
f728b435-8868-488c-8929-eec0de38aaf8,askacademia_train,losing_paraphrase_gpt5nano,4,"4

This comment scores"
f728b435-8868-488c-8929-eec0de38aaf8,askacademia_train,losing_paraphrase_llama,4,"4

The comment scores"
f728b435-8868-488c-8929-eec0de38aaf8,askacademia_train,losing_paraphrase_mistral,4,"4

This comment scores"
f728b435-8868-488c-8929-eec0de38aaf8,askacademia_train,losing_paraphrase_qwen,4,"4

This comment scores"
43dba9c4-5d97-4f57-a5f6-012a2f0ac91a,askacademia_train,winning_text,4,"4

This comment scores"
43dba9c4-5d97-4f57-a5f6-012a2f0ac91a,askacademia_train,losing_text,4,"4

This comment scores"
43dba9c4-5d97-4f57-a5f6-012a2f0ac91a,askacademia_train,losing_generate_claude,5,"5

This comment exc"
43dba9c4-5d97-4f57-a5f6-012a2f0ac91a,askacademia_train,losing_generate_gemini,5,"5

This comment scores"
43dba9c4-5d97-4f57-a5f6-012a2f0ac91a,askacademia_train,losing_generate_gpt4omini,2,"2

**Reasoning"
43dba9c4-5d97-4f57-a5f6-012a2f0ac91a,askacademia_train,losing_generate_gpt5nano,3,"3

This comment receives"
43dba9c4-5d97-4f57-a5f6-012a2f0ac91a,askacademia_train,losing_generate_llama,2,"2

**Reasoning"
43dba9c4-5d97-4f57-a5f6-012a2f0ac91a,askacademia_train,losing_generate_mistral,2,"2

The comment provides"
43dba9c4-5d97-4f57-a5f6-012a2f0ac91a,askacademia_train,losing_generate_qwen,2,"2

This comment does"
43dba9c4-5d97-4f57-a5f6-012a2f0ac91a,askacademia_train,losing_improve_claude,4,"4

This comment scores"
43dba9c4-5d97-4f57-a5f6-012a2f0ac91a,askacademia_train,losing_improve_gemini,4,"4

This comment scores"
43dba9c4-5d97-4f57-a5f6-012a2f0ac91a,askacademia_train,losing_improve_gpt4omini,4,"4

This comment scores"
43dba9c4-5d97-4f57-a5f6-012a2f0ac91a,askacademia_train,losing_improve_gpt5nano,5,"5

This comment exc"
43dba9c4-5d97-4f57-a5f6-012a2f0ac91a,askacademia_train,losing_improve_llama,2,"2

This comment appears"
43dba9c4-5d97-4f57-a5f6-012a2f0ac91a,askacademia_train,losing_improve_mistral,3,"3

This comment is"
43dba9c4-5d97-4f57-a5f6-012a2f0ac91a,askacademia_train,losing_improve_qwen,4,"4

This comment scores"
43dba9c4-5d97-4f57-a5f6-012a2f0ac91a,askacademia_train,losing_paraphrase_claude,4,"4

This comment scores"
43dba9c4-5d97-4f57-a5f6-012a2f0ac91a,askacademia_train,losing_paraphrase_gemini,2,"2

The comment is"
43dba9c4-5d97-4f57-a5f6-012a2f0ac91a,askacademia_train,losing_paraphrase_gpt4omini,3,"3

This comment offers"
43dba9c4-5d97-4f57-a5f6-012a2f0ac91a,askacademia_train,losing_paraphrase_gpt5nano,3,"3

This comment is"
43dba9c4-5d97-4f57-a5f6-012a2f0ac91a,askacademia_train,losing_paraphrase_llama,4,"4

The comment scores"
43dba9c4-5d97-4f57-a5f6-012a2f0ac91a,askacademia_train,losing_paraphrase_mistral,3,"3

The comment offers"
43dba9c4-5d97-4f57-a5f6-012a2f0ac91a,askacademia_train,losing_paraphrase_qwen,2,"2

The comment has"
b2f6dc5b-8064-4f89-881e-dc49a70488ab,askacademia_train,winning_text,3,"3

The comment asks"
b2f6dc5b-8064-4f89-881e-dc49a70488ab,askacademia_train,losing_text,4,"4

This comment scores"
b2f6dc5b-8064-4f89-881e-dc49a70488ab,askacademia_train,losing_generate_claude,5,"5

This comment exc"
b2f6dc5b-8064-4f89-881e-dc49a70488ab,askacademia_train,losing_generate_gemini,5,"5

This comment scores"
b2f6dc5b-8064-4f89-881e-dc49a70488ab,askacademia_train,losing_generate_gpt4omini,2,"2

**Reasoning"
b2f6dc5b-8064-4f89-881e-dc49a70488ab,askacademia_train,losing_generate_gpt5nano,3,"3

**Reasoning"
b2f6dc5b-8064-4f89-881e-dc49a70488ab,askacademia_train,losing_generate_llama,2,"2

**Reasoning"
b2f6dc5b-8064-4f89-881e-dc49a70488ab,askacademia_train,losing_generate_mistral,3,"3

The comment provides"
b2f6dc5b-8064-4f89-881e-dc49a70488ab,askacademia_train,losing_generate_qwen,2,"2

The comment does"
b2f6dc5b-8064-4f89-881e-dc49a70488ab,askacademia_train,losing_improve_claude,5,"5

This comment exc"
b2f6dc5b-8064-4f89-881e-dc49a70488ab,askacademia_train,losing_improve_gemini,2,"2

This comment fails"
b2f6dc5b-8064-4f89-881e-dc49a70488ab,askacademia_train,losing_improve_gpt4omini,4,"4

This comment scores"
b2f6dc5b-8064-4f89-881e-dc49a70488ab,askacademia_train,losing_improve_gpt5nano,4,"4

This comment scores"
b2f6dc5b-8064-4f89-881e-dc49a70488ab,askacademia_train,losing_improve_llama,4,"4

This comment scores"
b2f6dc5b-8064-4f89-881e-dc49a70488ab,askacademia_train,losing_improve_mistral,3,"3

This comment appears"
b2f6dc5b-8064-4f89-881e-dc49a70488ab,askacademia_train,losing_improve_qwen,2,"2

This comment fails"
b2f6dc5b-8064-4f89-881e-dc49a70488ab,askacademia_train,losing_paraphrase_claude,4,"4

This comment scores"
b2f6dc5b-8064-4f89-881e-dc49a70488ab,askacademia_train,losing_paraphrase_gemini,3,"3

The comment is"
b2f6dc5b-8064-4f89-881e-dc49a70488ab,askacademia_train,losing_paraphrase_gpt4omini,3,"3

This comment has"
b2f6dc5b-8064-4f89-881e-dc49a70488ab,askacademia_train,losing_paraphrase_gpt5nano,3,"3

This comment doesn"
b2f6dc5b-8064-4f89-881e-dc49a70488ab,askacademia_train,losing_paraphrase_llama,2,"2

The comment appears"
b2f6dc5b-8064-4f89-881e-dc49a70488ab,askacademia_train,losing_paraphrase_mistral,3,"3

This comment doesn"
b2f6dc5b-8064-4f89-881e-dc49a70488ab,askacademia_train,losing_paraphrase_qwen,2,"2

The comment appears"
a94d0010-1f2b-4ec6-abf2-848480028d0f,askacademia_train,winning_text,2,"2

This comment has"
a94d0010-1f2b-4ec6-abf2-848480028d0f,askacademia_train,losing_text,4,"4

This comment scores"
a94d0010-1f2b-4ec6-abf2-848480028d0f,askacademia_train,losing_generate_claude,5,"5

This comment exc"
a94d0010-1f2b-4ec6-abf2-848480028d0f,askacademia_train,losing_generate_gemini,5,"5

This comment scores"
a94d0010-1f2b-4ec6-abf2-848480028d0f,askacademia_train,losing_generate_gpt4omini,2,"2

**Reasoning"
a94d0010-1f2b-4ec6-abf2-848480028d0f,askacademia_train,losing_generate_gpt5nano,2,"2

This comment fails"
a94d0010-1f2b-4ec6-abf2-848480028d0f,askacademia_train,losing_generate_llama,2,"2

**Reasoning"
a94d0010-1f2b-4ec6-abf2-848480028d0f,askacademia_train,losing_generate_mistral,2,"2

**Reasoning"
a94d0010-1f2b-4ec6-abf2-848480028d0f,askacademia_train,losing_generate_qwen,2,"2

This comment does"
a94d0010-1f2b-4ec6-abf2-848480028d0f,askacademia_train,losing_improve_claude,5,"5

This comment exc"
a94d0010-1f2b-4ec6-abf2-848480028d0f,askacademia_train,losing_improve_gemini,2,"2

This comment fails"
a94d0010-1f2b-4ec6-abf2-848480028d0f,askacademia_train,losing_improve_gpt4omini,5,"5

This comment scores"
a94d0010-1f2b-4ec6-abf2-848480028d0f,askacademia_train,losing_improve_gpt5nano,5,"5

This comment exc"
a94d0010-1f2b-4ec6-abf2-848480028d0f,askacademia_train,losing_improve_llama,4,"4

This comment scores"
a94d0010-1f2b-4ec6-abf2-848480028d0f,askacademia_train,losing_improve_mistral,4,"4

This comment scores"
a94d0010-1f2b-4ec6-abf2-848480028d0f,askacademia_train,losing_improve_qwen,2,"2

This comment fails"
a94d0010-1f2b-4ec6-abf2-848480028d0f,askacademia_train,losing_paraphrase_claude,4,"4

This comment scores"
a94d0010-1f2b-4ec6-abf2-848480028d0f,askacademia_train,losing_paraphrase_gemini,2,"2

The comment is"
a94d0010-1f2b-4ec6-abf2-848480028d0f,askacademia_train,losing_paraphrase_gpt4omini,3,"3

This comment is"
a94d0010-1f2b-4ec6-abf2-848480028d0f,askacademia_train,losing_paraphrase_gpt5nano,3,"3

This comment doesn"
a94d0010-1f2b-4ec6-abf2-848480028d0f,askacademia_train,losing_paraphrase_llama,2,"2

The comment appears"
a94d0010-1f2b-4ec6-abf2-848480028d0f,askacademia_train,losing_paraphrase_mistral,2,"2

This comment fails"
a94d0010-1f2b-4ec6-abf2-848480028d0f,askacademia_train,losing_paraphrase_qwen,3,"3

The comment appears"
125f5814-a3da-42cf-a416-cfbeab02d3e3,askacademia_train,winning_text,4,"4

This comment scores"
125f5814-a3da-42cf-a416-cfbeab02d3e3,askacademia_train,losing_text,4,"4

This comment scores"
125f5814-a3da-42cf-a416-cfbeab02d3e3,askacademia_train,losing_generate_claude,5,"5

This comment exc"
125f5814-a3da-42cf-a416-cfbeab02d3e3,askacademia_train,losing_generate_gemini,5,"5

This comment scores"
125f5814-a3da-42cf-a416-cfbeab02d3e3,askacademia_train,losing_generate_gpt4omini,2,"2

**Reasoning"
125f5814-a3da-42cf-a416-cfbeab02d3e3,askacademia_train,losing_generate_gpt5nano,5,"5

This comment scores"
125f5814-a3da-42cf-a416-cfbeab02d3e3,askacademia_train,losing_generate_llama,2,"2

**Reasoning"
125f5814-a3da-42cf-a416-cfbeab02d3e3,askacademia_train,losing_generate_mistral,4,"4

This comment scores"
125f5814-a3da-42cf-a416-cfbeab02d3e3,askacademia_train,losing_generate_qwen,2,"2

This comment does"
125f5814-a3da-42cf-a416-cfbeab02d3e3,askacademia_train,losing_improve_claude,2,"2

This comment has"
125f5814-a3da-42cf-a416-cfbeab02d3e3,askacademia_train,losing_improve_gemini,4,"4

This comment scores"
125f5814-a3da-42cf-a416-cfbeab02d3e3,askacademia_train,losing_improve_gpt4omini,4,"4

This comment scores"
125f5814-a3da-42cf-a416-cfbeab02d3e3,askacademia_train,losing_improve_gpt5nano,5,"5

This comment exc"
125f5814-a3da-42cf-a416-cfbeab02d3e3,askacademia_train,losing_improve_llama,2,"2

**Reasoning"
125f5814-a3da-42cf-a416-cfbeab02d3e3,askacademia_train,losing_improve_mistral,3,"3

This comment shows"
125f5814-a3da-42cf-a416-cfbeab02d3e3,askacademia_train,losing_improve_qwen,3,"3

The comment is"
125f5814-a3da-42cf-a416-cfbeab02d3e3,askacademia_train,losing_paraphrase_claude,4,"4

This comment scores"
125f5814-a3da-42cf-a416-cfbeab02d3e3,askacademia_train,losing_paraphrase_gemini,3,"3

The comment is"
125f5814-a3da-42cf-a416-cfbeab02d3e3,askacademia_train,losing_paraphrase_gpt4omini,3,"3

The comment offers"
125f5814-a3da-42cf-a416-cfbeab02d3e3,askacademia_train,losing_paraphrase_gpt5nano,4,"4

The comment scores"
125f5814-a3da-42cf-a416-cfbeab02d3e3,askacademia_train,losing_paraphrase_llama,4,"4

The comment scores"
125f5814-a3da-42cf-a416-cfbeab02d3e3,askacademia_train,losing_paraphrase_mistral,3,"3

The comment offers"
125f5814-a3da-42cf-a416-cfbeab02d3e3,askacademia_train,losing_paraphrase_qwen,2,"2

The comment has"
adf8b4af-b128-4f39-800b-f0dacd8befb1,askacademia_train,winning_text,3,"3

The comment asks"
adf8b4af-b128-4f39-800b-f0dacd8befb1,askacademia_train,losing_text,4,"4

This comment scores"
adf8b4af-b128-4f39-800b-f0dacd8befb1,askacademia_train,losing_generate_claude,5,"5

This comment exc"
adf8b4af-b128-4f39-800b-f0dacd8befb1,askacademia_train,losing_generate_gemini,5,"5

This comment scores"
adf8b4af-b128-4f39-800b-f0dacd8befb1,askacademia_train,losing_generate_gpt4omini,2,"2

**Reasoning"
adf8b4af-b128-4f39-800b-f0dacd8befb1,askacademia_train,losing_generate_gpt5nano,2,"2

The comment mis"
adf8b4af-b128-4f39-800b-f0dacd8befb1,askacademia_train,losing_generate_llama,2,"2

**Reasoning"
adf8b4af-b128-4f39-800b-f0dacd8befb1,askacademia_train,losing_generate_mistral,4,"4

This comment scores"
adf8b4af-b128-4f39-800b-f0dacd8befb1,askacademia_train,losing_generate_qwen,2,"2

The comment does"
adf8b4af-b128-4f39-800b-f0dacd8befb1,askacademia_train,losing_improve_claude,3,"3

**Reasoning"
adf8b4af-b128-4f39-800b-f0dacd8befb1,askacademia_train,losing_improve_gemini,4,"4

This comment scores"
adf8b4af-b128-4f39-800b-f0dacd8befb1,askacademia_train,losing_improve_gpt4omini,4,"4

This comment scores"
adf8b4af-b128-4f39-800b-f0dacd8befb1,askacademia_train,losing_improve_gpt5nano,4,"4

This comment scores"
adf8b4af-b128-4f39-800b-f0dacd8befb1,askacademia_train,losing_improve_llama,2,"2

**Reasoning"
adf8b4af-b128-4f39-800b-f0dacd8befb1,askacademia_train,losing_improve_mistral,3,"3

The comment is"
adf8b4af-b128-4f39-800b-f0dacd8befb1,askacademia_train,losing_improve_qwen,4,"4

This comment scores"
adf8b4af-b128-4f39-800b-f0dacd8befb1,askacademia_train,losing_paraphrase_claude,4,"4

The comment scores"
adf8b4af-b128-4f39-800b-f0dacd8befb1,askacademia_train,losing_paraphrase_gemini,2,"2

This comment scores"
adf8b4af-b128-4f39-800b-f0dacd8befb1,askacademia_train,losing_paraphrase_gpt4omini,3,"3

This comment receives"
adf8b4af-b128-4f39-800b-f0dacd8befb1,askacademia_train,losing_paraphrase_gpt5nano,4,"4

This comment scores"
adf8b4af-b128-4f39-800b-f0dacd8befb1,askacademia_train,losing_paraphrase_llama,4,"4

The comment scores"
adf8b4af-b128-4f39-800b-f0dacd8befb1,askacademia_train,losing_paraphrase_mistral,3,"3

The comment offers"
adf8b4af-b128-4f39-800b-f0dacd8befb1,askacademia_train,losing_paraphrase_qwen,2,"2

The comment has"
0a899356-df5d-4685-b9ec-436df6e82b95,askacademia_train,winning_text,2,"2

This comment has"
0a899356-df5d-4685-b9ec-436df6e82b95,askacademia_train,losing_text,4,"4

This comment scores"
0a899356-df5d-4685-b9ec-436df6e82b95,askacademia_train,losing_generate_claude,5,"5

This comment exc"
0a899356-df5d-4685-b9ec-436df6e82b95,askacademia_train,losing_generate_gemini,5,"5

This comment scores"
0a899356-df5d-4685-b9ec-436df6e82b95,askacademia_train,losing_generate_gpt4omini,2,"2

**Reasoning"
0a899356-df5d-4685-b9ec-436df6e82b95,askacademia_train,losing_generate_gpt5nano,2,"2

The comment has"
0a899356-df5d-4685-b9ec-436df6e82b95,askacademia_train,losing_generate_llama,2,"2

**Reasoning"
0a899356-df5d-4685-b9ec-436df6e82b95,askacademia_train,losing_generate_mistral,2,"2

**Reasoning"
0a899356-df5d-4685-b9ec-436df6e82b95,askacademia_train,losing_generate_qwen,2,"2

This comment does"
0a899356-df5d-4685-b9ec-436df6e82b95,askacademia_train,losing_improve_claude,3,"3

This comment has"
0a899356-df5d-4685-b9ec-436df6e82b95,askacademia_train,losing_improve_gemini,4,"4

This comment scores"
0a899356-df5d-4685-b9ec-436df6e82b95,askacademia_train,losing_improve_gpt4omini,4,"4

This comment scores"
0a899356-df5d-4685-b9ec-436df6e82b95,askacademia_train,losing_improve_gpt5nano,5,"5

This comment exc"
0a899356-df5d-4685-b9ec-436df6e82b95,askacademia_train,losing_improve_llama,2,"2

**Reasoning"
0a899356-df5d-4685-b9ec-436df6e82b95,askacademia_train,losing_improve_mistral,3,"3

This comment shows"
0a899356-df5d-4685-b9ec-436df6e82b95,askacademia_train,losing_improve_qwen,4,"4

This comment scores"
0a899356-df5d-4685-b9ec-436df6e82b95,askacademia_train,losing_paraphrase_claude,4,"4

This comment scores"
0a899356-df5d-4685-b9ec-436df6e82b95,askacademia_train,losing_paraphrase_gemini,2,"2

This comment scores"
0a899356-df5d-4685-b9ec-436df6e82b95,askacademia_train,losing_paraphrase_gpt4omini,3,"3

The comment offers"
0a899356-df5d-4685-b9ec-436df6e82b95,askacademia_train,losing_paraphrase_gpt5nano,4,"4

The comment scores"
0a899356-df5d-4685-b9ec-436df6e82b95,askacademia_train,losing_paraphrase_llama,4,"4

The comment scores"
0a899356-df5d-4685-b9ec-436df6e82b95,askacademia_train,losing_paraphrase_mistral,3,"3

The comment offers"
0a899356-df5d-4685-b9ec-436df6e82b95,askacademia_train,losing_paraphrase_qwen,2,"2

The comment has"
e71c795b-f36d-4de7-a7ca-c03e8b78d594,askacademia_train,winning_text,4,"4

This comment scores"
e71c795b-f36d-4de7-a7ca-c03e8b78d594,askacademia_train,losing_text,4,"4

This comment scores"
e71c795b-f36d-4de7-a7ca-c03e8b78d594,askacademia_train,losing_generate_claude,5,"5

This comment exc"
e71c795b-f36d-4de7-a7ca-c03e8b78d594,askacademia_train,losing_generate_gemini,5,"5

This comment scores"
e71c795b-f36d-4de7-a7ca-c03e8b78d594,askacademia_train,losing_generate_gpt4omini,2,"2

**Reasoning"
e71c795b-f36d-4de7-a7ca-c03e8b78d594,askacademia_train,losing_generate_gpt5nano,2,"2

The comment mis"
e71c795b-f36d-4de7-a7ca-c03e8b78d594,askacademia_train,losing_generate_llama,2,"2

**Reasoning"
e71c795b-f36d-4de7-a7ca-c03e8b78d594,askacademia_train,losing_generate_mistral,2,"2

**Reasoning"
e71c795b-f36d-4de7-a7ca-c03e8b78d594,askacademia_train,losing_generate_qwen,2,"2

The comment does"
e71c795b-f36d-4de7-a7ca-c03e8b78d594,askacademia_train,losing_improve_claude,4,"4

This comment scores"
e71c795b-f36d-4de7-a7ca-c03e8b78d594,askacademia_train,losing_improve_gemini,4,"4

This comment scores"
e71c795b-f36d-4de7-a7ca-c03e8b78d594,askacademia_train,losing_improve_gpt4omini,4,"4

This comment scores"
e71c795b-f36d-4de7-a7ca-c03e8b78d594,askacademia_train,losing_improve_gpt5nano,5,"5

This comment exc"
e71c795b-f36d-4de7-a7ca-c03e8b78d594,askacademia_train,losing_improve_llama,2,"2

**Reasoning"
e71c795b-f36d-4de7-a7ca-c03e8b78d594,askacademia_train,losing_improve_mistral,3,"3

The comment is"
e71c795b-f36d-4de7-a7ca-c03e8b78d594,askacademia_train,losing_improve_qwen,4,"4

This comment scores"
e71c795b-f36d-4de7-a7ca-c03e8b78d594,askacademia_train,losing_paraphrase_claude,4,"4

This comment scores"
e71c795b-f36d-4de7-a7ca-c03e8b78d594,askacademia_train,losing_paraphrase_gemini,2,"2

This comment scores"
e71c795b-f36d-4de7-a7ca-c03e8b78d594,askacademia_train,losing_paraphrase_gpt4omini,3,"3

The comment offers"
e71c795b-f36d-4de7-a7ca-c03e8b78d594,askacademia_train,losing_paraphrase_gpt5nano,4,"4

This comment scores"
e71c795b-f36d-4de7-a7ca-c03e8b78d594,askacademia_train,losing_paraphrase_llama,4,"4

The comment scores"
e71c795b-f36d-4de7-a7ca-c03e8b78d594,askacademia_train,losing_paraphrase_mistral,3,"3

The comment offers"
e71c795b-f36d-4de7-a7ca-c03e8b78d594,askacademia_train,losing_paraphrase_qwen,3,"3

The comment acknowled"
eb750120-bf5d-4b6d-90ad-7349feec9899,askacademia_train,winning_text,4,"4

This comment scores"
eb750120-bf5d-4b6d-90ad-7349feec9899,askacademia_train,losing_text,4,"4

This comment scores"
eb750120-bf5d-4b6d-90ad-7349feec9899,askacademia_train,losing_generate_claude,5,"5

This comment exc"
eb750120-bf5d-4b6d-90ad-7349feec9899,askacademia_train,losing_generate_gemini,5,"5

This comment scores"
eb750120-bf5d-4b6d-90ad-7349feec9899,askacademia_train,losing_generate_gpt4omini,2,"2

**Reasoning"
eb750120-bf5d-4b6d-90ad-7349feec9899,askacademia_train,losing_generate_gpt5nano,5,"5

This comment exc"
eb750120-bf5d-4b6d-90ad-7349feec9899,askacademia_train,losing_generate_llama,2,"2

**Reasoning"
eb750120-bf5d-4b6d-90ad-7349feec9899,askacademia_train,losing_generate_mistral,4,"4

The comment scores"
eb750120-bf5d-4b6d-90ad-7349feec9899,askacademia_train,losing_generate_qwen,2,"2

This comment does"
eb750120-bf5d-4b6d-90ad-7349feec9899,askacademia_train,losing_improve_claude,3,"3

This comment provides"
eb750120-bf5d-4b6d-90ad-7349feec9899,askacademia_train,losing_improve_gemini,5,"5

This comment exc"
eb750120-bf5d-4b6d-90ad-7349feec9899,askacademia_train,losing_improve_gpt4omini,5,"5

This comment scores"
eb750120-bf5d-4b6d-90ad-7349feec9899,askacademia_train,losing_improve_gpt5nano,5,"5

This comment exc"
eb750120-bf5d-4b6d-90ad-7349feec9899,askacademia_train,losing_improve_llama,3,"3

The comment addresses"
eb750120-bf5d-4b6d-90ad-7349feec9899,askacademia_train,losing_improve_mistral,4,"4

This comment scores"
eb750120-bf5d-4b6d-90ad-7349feec9899,askacademia_train,losing_improve_qwen,2,"2

The comment has"
eb750120-bf5d-4b6d-90ad-7349feec9899,askacademia_train,losing_paraphrase_claude,4,"4

This comment scores"
eb750120-bf5d-4b6d-90ad-7349feec9899,askacademia_train,losing_paraphrase_gemini,2,"2

This comment scores"
eb750120-bf5d-4b6d-90ad-7349feec9899,askacademia_train,losing_paraphrase_gpt4omini,4,"4

This comment scores"
eb750120-bf5d-4b6d-90ad-7349feec9899,askacademia_train,losing_paraphrase_gpt5nano,4,"4

This comment scores"
eb750120-bf5d-4b6d-90ad-7349feec9899,askacademia_train,losing_paraphrase_llama,2,"2

The comment has"
eb750120-bf5d-4b6d-90ad-7349feec9899,askacademia_train,losing_paraphrase_mistral,3,"3

The comment addresses"
eb750120-bf5d-4b6d-90ad-7349feec9899,askacademia_train,losing_paraphrase_qwen,4,"4

This comment scores"
53c53304-2d42-4722-816f-634cf9e2e1fa,askacademia_train,winning_text,3,"3

The comment asks"
53c53304-2d42-4722-816f-634cf9e2e1fa,askacademia_train,losing_text,4,"4

This comment scores"
53c53304-2d42-4722-816f-634cf9e2e1fa,askacademia_train,losing_generate_claude,5,"5

This comment exc"
53c53304-2d42-4722-816f-634cf9e2e1fa,askacademia_train,losing_generate_gemini,5,"5

This comment scores"
53c53304-2d42-4722-816f-634cf9e2e1fa,askacademia_train,losing_generate_gpt4omini,2,"2

**Reasoning"
53c53304-2d42-4722-816f-634cf9e2e1fa,askacademia_train,losing_generate_gpt5nano,2,"2

**Reasoning"
53c53304-2d42-4722-816f-634cf9e2e1fa,askacademia_train,losing_generate_llama,2,"2

**Reasoning"
53c53304-2d42-4722-816f-634cf9e2e1fa,askacademia_train,losing_generate_mistral,2,"2

The comment provides"
53c53304-2d42-4722-816f-634cf9e2e1fa,askacademia_train,losing_generate_qwen,2,"2

This comment does"
53c53304-2d42-4722-816f-634cf9e2e1fa,askacademia_train,losing_improve_claude,4,"4

This comment demonstrates"
53c53304-2d42-4722-816f-634cf9e2e1fa,askacademia_train,losing_improve_gemini,5,"5

This comment exc"
53c53304-2d42-4722-816f-634cf9e2e1fa,askacademia_train,losing_improve_gpt4omini,4,"4

This comment scores"
53c53304-2d42-4722-816f-634cf9e2e1fa,askacademia_train,losing_improve_gpt5nano,5,"5

This comment exc"
53c53304-2d42-4722-816f-634cf9e2e1fa,askacademia_train,losing_improve_llama,3,"3

The comment addresses"
53c53304-2d42-4722-816f-634cf9e2e1fa,askacademia_train,losing_improve_mistral,4,"4

This comment scores"
53c53304-2d42-4722-816f-634cf9e2e1fa,askacademia_train,losing_improve_qwen,4,"4

The comment scores"
53c53304-2d42-4722-816f-634cf9e2e1fa,askacademia_train,losing_paraphrase_claude,4,"4

This comment scores"
53c53304-2d42-4722-816f-634cf9e2e1fa,askacademia_train,losing_paraphrase_gemini,2,"2

This comment fails"
53c53304-2d42-4722-816f-634cf9e2e1fa,askacademia_train,losing_paraphrase_gpt4omini,4,"4

This comment scores"
53c53304-2d42-4722-816f-634cf9e2e1fa,askacademia_train,losing_paraphrase_gpt5nano,4,"4

This comment scores"
53c53304-2d42-4722-816f-634cf9e2e1fa,askacademia_train,losing_paraphrase_llama,2,"2

The comment has"
53c53304-2d42-4722-816f-634cf9e2e1fa,askacademia_train,losing_paraphrase_mistral,4,"4

This comment scores"
53c53304-2d42-4722-816f-634cf9e2e1fa,askacademia_train,losing_paraphrase_qwen,4,"4

This comment scores"
8bac78b4-6aa9-4396-bc10-21820cb76765,askacademia_train,winning_text,2,"2

This comment has"
8bac78b4-6aa9-4396-bc10-21820cb76765,askacademia_train,losing_text,4,"4

This comment scores"
8bac78b4-6aa9-4396-bc10-21820cb76765,askacademia_train,losing_generate_claude,5,"5

This comment exc"
8bac78b4-6aa9-4396-bc10-21820cb76765,askacademia_train,losing_generate_gemini,5,"5

This comment scores"
8bac78b4-6aa9-4396-bc10-21820cb76765,askacademia_train,losing_generate_gpt4omini,2,"2

**Reasoning"
8bac78b4-6aa9-4396-bc10-21820cb76765,askacademia_train,losing_generate_gpt5nano,2,"2

The comment mis"
8bac78b4-6aa9-4396-bc10-21820cb76765,askacademia_train,losing_generate_llama,2,"2

**Reasoning"
8bac78b4-6aa9-4396-bc10-21820cb76765,askacademia_train,losing_generate_mistral,2,"2

The comment has"
8bac78b4-6aa9-4396-bc10-21820cb76765,askacademia_train,losing_generate_qwen,2,"2

The comment does"
8bac78b4-6aa9-4396-bc10-21820cb76765,askacademia_train,losing_improve_claude,3,3
8bac78b4-6aa9-4396-bc10-21820cb76765,askacademia_train,losing_improve_gemini,5,"5

This comment exc"
8bac78b4-6aa9-4396-bc10-21820cb76765,askacademia_train,losing_improve_gpt4omini,5,"5

This comment scores"
8bac78b4-6aa9-4396-bc10-21820cb76765,askacademia_train,losing_improve_gpt5nano,5,"5

This comment exc"
8bac78b4-6aa9-4396-bc10-21820cb76765,askacademia_train,losing_improve_llama,3,"3

The comment addresses"
8bac78b4-6aa9-4396-bc10-21820cb76765,askacademia_train,losing_improve_mistral,4,"4

This comment scores"
8bac78b4-6aa9-4396-bc10-21820cb76765,askacademia_train,losing_improve_qwen,4,"4

The comment scores"
8bac78b4-6aa9-4396-bc10-21820cb76765,askacademia_train,losing_paraphrase_claude,4,"4

This comment scores"
8bac78b4-6aa9-4396-bc10-21820cb76765,askacademia_train,losing_paraphrase_gemini,2,"2

The comment is"
8bac78b4-6aa9-4396-bc10-21820cb76765,askacademia_train,losing_paraphrase_gpt4omini,4,"4

This comment scores"
8bac78b4-6aa9-4396-bc10-21820cb76765,askacademia_train,losing_paraphrase_gpt5nano,4,"4

This comment scores"
8bac78b4-6aa9-4396-bc10-21820cb76765,askacademia_train,losing_paraphrase_llama,2,"2

The comment has"
8bac78b4-6aa9-4396-bc10-21820cb76765,askacademia_train,losing_paraphrase_mistral,3,"3

The comment addresses"
8bac78b4-6aa9-4396-bc10-21820cb76765,askacademia_train,losing_paraphrase_qwen,4,"4

This comment scores"
d355d0c0-315b-47dc-8710-6797dfa968c6,askacademia_train,winning_text,4,"4

This comment scores"
d355d0c0-315b-47dc-8710-6797dfa968c6,askacademia_train,losing_text,4,"4

This comment scores"
d355d0c0-315b-47dc-8710-6797dfa968c6,askacademia_train,losing_generate_claude,5,"5

This comment exc"
d355d0c0-315b-47dc-8710-6797dfa968c6,askacademia_train,losing_generate_gemini,5,"5

This comment scores"
d355d0c0-315b-47dc-8710-6797dfa968c6,askacademia_train,losing_generate_gpt4omini,2,"2

**Reasoning"
d355d0c0-315b-47dc-8710-6797dfa968c6,askacademia_train,losing_generate_gpt5nano,2,"2

**Reasoning"
d355d0c0-315b-47dc-8710-6797dfa968c6,askacademia_train,losing_generate_llama,2,"2

**Reasoning"
d355d0c0-315b-47dc-8710-6797dfa968c6,askacademia_train,losing_generate_mistral,2,"2

**Reasoning"
d355d0c0-315b-47dc-8710-6797dfa968c6,askacademia_train,losing_generate_qwen,2,"2

This comment does"
d355d0c0-315b-47dc-8710-6797dfa968c6,askacademia_train,losing_improve_claude,3,"3

This comment is"
d355d0c0-315b-47dc-8710-6797dfa968c6,askacademia_train,losing_improve_gemini,5,"5

This comment exc"
d355d0c0-315b-47dc-8710-6797dfa968c6,askacademia_train,losing_improve_gpt4omini,5,"5

This comment scores"
d355d0c0-315b-47dc-8710-6797dfa968c6,askacademia_train,losing_improve_gpt5nano,5,"5

This comment exc"
d355d0c0-315b-47dc-8710-6797dfa968c6,askacademia_train,losing_improve_llama,3,"3

The comment addresses"
d355d0c0-315b-47dc-8710-6797dfa968c6,askacademia_train,losing_improve_mistral,4,"4

This comment scores"
d355d0c0-315b-47dc-8710-6797dfa968c6,askacademia_train,losing_improve_qwen,4,"4

The comment scores"
d355d0c0-315b-47dc-8710-6797dfa968c6,askacademia_train,losing_paraphrase_claude,4,"4

This comment scores"
d355d0c0-315b-47dc-8710-6797dfa968c6,askacademia_train,losing_paraphrase_gemini,2,"2

This comment is"
d355d0c0-315b-47dc-8710-6797dfa968c6,askacademia_train,losing_paraphrase_gpt4omini,4,"4

This comment scores"
d355d0c0-315b-47dc-8710-6797dfa968c6,askacademia_train,losing_paraphrase_gpt5nano,4,"4

This comment scores"
d355d0c0-315b-47dc-8710-6797dfa968c6,askacademia_train,losing_paraphrase_llama,2,"2

The comment has"
d355d0c0-315b-47dc-8710-6797dfa968c6,askacademia_train,losing_paraphrase_mistral,4,"4

This comment scores"
d355d0c0-315b-47dc-8710-6797dfa968c6,askacademia_train,losing_paraphrase_qwen,4,"4

This comment scores"
8f5e20a5-b56e-4d75-a6f4-8230ff48d908,askacademia_train,winning_text,3,"3

The comment addresses"
8f5e20a5-b56e-4d75-a6f4-8230ff48d908,askacademia_train,losing_text,4,"4

This comment scores"
8f5e20a5-b56e-4d75-a6f4-8230ff48d908,askacademia_train,losing_generate_claude,5,"5

This comment exc"
8f5e20a5-b56e-4d75-a6f4-8230ff48d908,askacademia_train,losing_generate_gemini,5,"5

This comment scores"
8f5e20a5-b56e-4d75-a6f4-8230ff48d908,askacademia_train,losing_generate_gpt4omini,3,"3

**Reasoning"
8f5e20a5-b56e-4d75-a6f4-8230ff48d908,askacademia_train,losing_generate_gpt5nano,2,"2

The comment mis"
8f5e20a5-b56e-4d75-a6f4-8230ff48d908,askacademia_train,losing_generate_llama,2,"2

**Reasoning"
8f5e20a5-b56e-4d75-a6f4-8230ff48d908,askacademia_train,losing_generate_mistral,2,"2

**Reasoning"
8f5e20a5-b56e-4d75-a6f4-8230ff48d908,askacademia_train,losing_generate_qwen,2,"2

This comment does"
8f5e20a5-b56e-4d75-a6f4-8230ff48d908,askacademia_train,losing_improve_claude,4,"4

This comment scores"
8f5e20a5-b56e-4d75-a6f4-8230ff48d908,askacademia_train,losing_improve_gemini,5,"5

This comment scores"
8f5e20a5-b56e-4d75-a6f4-8230ff48d908,askacademia_train,losing_improve_gpt4omini,5,"5

This comment scores"
8f5e20a5-b56e-4d75-a6f4-8230ff48d908,askacademia_train,losing_improve_gpt5nano,5,"5

This comment exc"
8f5e20a5-b56e-4d75-a6f4-8230ff48d908,askacademia_train,losing_improve_llama,4,"4

This comment scores"
8f5e20a5-b56e-4d75-a6f4-8230ff48d908,askacademia_train,losing_improve_mistral,4,"4

This comment scores"
8f5e20a5-b56e-4d75-a6f4-8230ff48d908,askacademia_train,losing_improve_qwen,4,"4

This comment scores"
8f5e20a5-b56e-4d75-a6f4-8230ff48d908,askacademia_train,losing_paraphrase_claude,4,"4

This comment scores"
8f5e20a5-b56e-4d75-a6f4-8230ff48d908,askacademia_train,losing_paraphrase_gemini,2,"2

The comment is"
8f5e20a5-b56e-4d75-a6f4-8230ff48d908,askacademia_train,losing_paraphrase_gpt4omini,4,"4

This comment scores"
8f5e20a5-b56e-4d75-a6f4-8230ff48d908,askacademia_train,losing_paraphrase_gpt5nano,4,"4

This comment scores"
8f5e20a5-b56e-4d75-a6f4-8230ff48d908,askacademia_train,losing_paraphrase_llama,3,"3

This comment is"
8f5e20a5-b56e-4d75-a6f4-8230ff48d908,askacademia_train,losing_paraphrase_mistral,4,"4

This comment scores"
8f5e20a5-b56e-4d75-a6f4-8230ff48d908,askacademia_train,losing_paraphrase_qwen,4,"4

This comment scores"
45f0e9d0-08a6-4094-bc21-5f4201220253,askacademia_train,winning_text,2,"2

This comment has"
45f0e9d0-08a6-4094-bc21-5f4201220253,askacademia_train,losing_text,4,"4

This comment scores"
45f0e9d0-08a6-4094-bc21-5f4201220253,askacademia_train,losing_generate_claude,5,"5

This comment exc"
45f0e9d0-08a6-4094-bc21-5f4201220253,askacademia_train,losing_generate_gemini,5,"5

This comment scores"
45f0e9d0-08a6-4094-bc21-5f4201220253,askacademia_train,losing_generate_gpt4omini,2,"2

**Reasoning"
45f0e9d0-08a6-4094-bc21-5f4201220253,askacademia_train,losing_generate_gpt5nano,5,"5

This comment exc"
45f0e9d0-08a6-4094-bc21-5f4201220253,askacademia_train,losing_generate_llama,2,"2

The comment makes"
45f0e9d0-08a6-4094-bc21-5f4201220253,askacademia_train,losing_generate_mistral,4,"4

This comment scores"
45f0e9d0-08a6-4094-bc21-5f4201220253,askacademia_train,losing_generate_qwen,2,"2

This comment does"
45f0e9d0-08a6-4094-bc21-5f4201220253,askacademia_train,losing_improve_claude,4,"4

This comment scores"
45f0e9d0-08a6-4094-bc21-5f4201220253,askacademia_train,losing_improve_gemini,5,"5

This comment scores"
45f0e9d0-08a6-4094-bc21-5f4201220253,askacademia_train,losing_improve_gpt4omini,4,"4

This comment scores"
45f0e9d0-08a6-4094-bc21-5f4201220253,askacademia_train,losing_improve_gpt5nano,5,"5

This comment exc"
45f0e9d0-08a6-4094-bc21-5f4201220253,askacademia_train,losing_improve_llama,4,"4

This comment scores"
45f0e9d0-08a6-4094-bc21-5f4201220253,askacademia_train,losing_improve_mistral,4,"4

This comment scores"
45f0e9d0-08a6-4094-bc21-5f4201220253,askacademia_train,losing_improve_qwen,4,"4

This comment scores"
45f0e9d0-08a6-4094-bc21-5f4201220253,askacademia_train,losing_paraphrase_claude,4,"4

This comment scores"
45f0e9d0-08a6-4094-bc21-5f4201220253,askacademia_train,losing_paraphrase_gemini,3,"3

The comment addresses"
45f0e9d0-08a6-4094-bc21-5f4201220253,askacademia_train,losing_paraphrase_gpt4omini,4,"4

This comment scores"
45f0e9d0-08a6-4094-bc21-5f4201220253,askacademia_train,losing_paraphrase_gpt5nano,4,"4

This comment scores"
45f0e9d0-08a6-4094-bc21-5f4201220253,askacademia_train,losing_paraphrase_llama,4,"4

This comment scores"
45f0e9d0-08a6-4094-bc21-5f4201220253,askacademia_train,losing_paraphrase_mistral,4,"4

This comment scores"
45f0e9d0-08a6-4094-bc21-5f4201220253,askacademia_train,losing_paraphrase_qwen,4,"4

This comment scores"
e0b7c93a-6f26-4456-91cd-e1ce7d0e3d8d,askacademia_train,winning_text,4,"4

This comment scores"
e0b7c93a-6f26-4456-91cd-e1ce7d0e3d8d,askacademia_train,losing_text,4,"4

This comment scores"
e0b7c93a-6f26-4456-91cd-e1ce7d0e3d8d,askacademia_train,losing_generate_claude,5,"5

This comment exc"
e0b7c93a-6f26-4456-91cd-e1ce7d0e3d8d,askacademia_train,losing_generate_gemini,5,"5

This comment scores"
e0b7c93a-6f26-4456-91cd-e1ce7d0e3d8d,askacademia_train,losing_generate_gpt4omini,3,"3

**Reasoning"
e0b7c93a-6f26-4456-91cd-e1ce7d0e3d8d,askacademia_train,losing_generate_gpt5nano,2,"2

The comment fails"
e0b7c93a-6f26-4456-91cd-e1ce7d0e3d8d,askacademia_train,losing_generate_llama,2,"2

**Reasoning"
e0b7c93a-6f26-4456-91cd-e1ce7d0e3d8d,askacademia_train,losing_generate_mistral,2,"2

The comment has"
e0b7c93a-6f26-4456-91cd-e1ce7d0e3d8d,askacademia_train,losing_generate_qwen,2,"2

This comment does"
e0b7c93a-6f26-4456-91cd-e1ce7d0e3d8d,askacademia_train,losing_improve_claude,4,"4

This comment scores"
e0b7c93a-6f26-4456-91cd-e1ce7d0e3d8d,askacademia_train,losing_improve_gemini,5,"5

This comment scores"
e0b7c93a-6f26-4456-91cd-e1ce7d0e3d8d,askacademia_train,losing_improve_gpt4omini,4,"4

This comment scores"
e0b7c93a-6f26-4456-91cd-e1ce7d0e3d8d,askacademia_train,losing_improve_gpt5nano,5,"5

This comment scores"
e0b7c93a-6f26-4456-91cd-e1ce7d0e3d8d,askacademia_train,losing_improve_llama,4,"4

This comment scores"
e0b7c93a-6f26-4456-91cd-e1ce7d0e3d8d,askacademia_train,losing_improve_mistral,4,"4

This comment scores"
e0b7c93a-6f26-4456-91cd-e1ce7d0e3d8d,askacademia_train,losing_improve_qwen,4,"4

This comment scores"
e0b7c93a-6f26-4456-91cd-e1ce7d0e3d8d,askacademia_train,losing_paraphrase_claude,4,"4

This comment scores"
e0b7c93a-6f26-4456-91cd-e1ce7d0e3d8d,askacademia_train,losing_paraphrase_gemini,3,"3

The comment asks"
e0b7c93a-6f26-4456-91cd-e1ce7d0e3d8d,askacademia_train,losing_paraphrase_gpt4omini,4,"4

This comment scores"
e0b7c93a-6f26-4456-91cd-e1ce7d0e3d8d,askacademia_train,losing_paraphrase_gpt5nano,4,"4

This comment scores"
e0b7c93a-6f26-4456-91cd-e1ce7d0e3d8d,askacademia_train,losing_paraphrase_llama,3,"3

This comment is"
e0b7c93a-6f26-4456-91cd-e1ce7d0e3d8d,askacademia_train,losing_paraphrase_mistral,4,"4

This comment scores"
e0b7c93a-6f26-4456-91cd-e1ce7d0e3d8d,askacademia_train,losing_paraphrase_qwen,4,"4

This comment scores"
387d70cf-d6df-4493-9dab-182e690ae7dd,askacademia_train,winning_text,4,"4

The comment scores"
387d70cf-d6df-4493-9dab-182e690ae7dd,askacademia_train,losing_text,3,"3

The comment is"
387d70cf-d6df-4493-9dab-182e690ae7dd,askacademia_train,losing_generate_claude,5,"5

This comment exc"
387d70cf-d6df-4493-9dab-182e690ae7dd,askacademia_train,losing_generate_gemini,5,"5

This comment scores"
387d70cf-d6df-4493-9dab-182e690ae7dd,askacademia_train,losing_generate_gpt4omini,2,"2

**Reasoning"
387d70cf-d6df-4493-9dab-182e690ae7dd,askacademia_train,losing_generate_gpt5nano,5,"5

This comment scores"
387d70cf-d6df-4493-9dab-182e690ae7dd,askacademia_train,losing_generate_llama,2,"2

**Reasoning"
387d70cf-d6df-4493-9dab-182e690ae7dd,askacademia_train,losing_generate_mistral,3,"3

The comment provides"
387d70cf-d6df-4493-9dab-182e690ae7dd,askacademia_train,losing_generate_qwen,2,"2

This comment does"
387d70cf-d6df-4493-9dab-182e690ae7dd,askacademia_train,losing_improve_claude,2,2
387d70cf-d6df-4493-9dab-182e690ae7dd,askacademia_train,losing_improve_gemini,4,"4

The comment scores"
387d70cf-d6df-4493-9dab-182e690ae7dd,askacademia_train,losing_improve_gpt4omini,4,"4

This comment scores"
387d70cf-d6df-4493-9dab-182e690ae7dd,askacademia_train,losing_improve_gpt5nano,5,"5

This comment scores"
387d70cf-d6df-4493-9dab-182e690ae7dd,askacademia_train,losing_improve_llama,2,"2

**Reasoning"
387d70cf-d6df-4493-9dab-182e690ae7dd,askacademia_train,losing_improve_mistral,3,"3

The comment addresses"
387d70cf-d6df-4493-9dab-182e690ae7dd,askacademia_train,losing_improve_qwen,2,"2

The comment has"
387d70cf-d6df-4493-9dab-182e690ae7dd,askacademia_train,losing_paraphrase_claude,3,"3

The comment addresses"
387d70cf-d6df-4493-9dab-182e690ae7dd,askacademia_train,losing_paraphrase_gemini,2,"2

This comment has"
387d70cf-d6df-4493-9dab-182e690ae7dd,askacademia_train,losing_paraphrase_gpt4omini,2,"2

The comment lacks"
387d70cf-d6df-4493-9dab-182e690ae7dd,askacademia_train,losing_paraphrase_gpt5nano,2,"2

The comment lacks"
387d70cf-d6df-4493-9dab-182e690ae7dd,askacademia_train,losing_paraphrase_llama,2,"2

The comment lacks"
387d70cf-d6df-4493-9dab-182e690ae7dd,askacademia_train,losing_paraphrase_mistral,2,"2

The comment lacks"
387d70cf-d6df-4493-9dab-182e690ae7dd,askacademia_train,losing_paraphrase_qwen,3,"3

The comment suggests"
a7c3c193-bf3c-4856-bef8-fdb5b01e3e85,askacademia_train,winning_text,4,"4

This comment scores"
a7c3c193-bf3c-4856-bef8-fdb5b01e3e85,askacademia_train,losing_text,4,"4

This comment scores"
a7c3c193-bf3c-4856-bef8-fdb5b01e3e85,askacademia_train,losing_generate_claude,5,"5

This comment exc"
a7c3c193-bf3c-4856-bef8-fdb5b01e3e85,askacademia_train,losing_generate_gemini,5,"5

This comment scores"
a7c3c193-bf3c-4856-bef8-fdb5b01e3e85,askacademia_train,losing_generate_gpt4omini,2,"2

**Reasoning"
a7c3c193-bf3c-4856-bef8-fdb5b01e3e85,askacademia_train,losing_generate_gpt5nano,5,"5

This comment exc"
a7c3c193-bf3c-4856-bef8-fdb5b01e3e85,askacademia_train,losing_generate_llama,2,"2

The comment has"
a7c3c193-bf3c-4856-bef8-fdb5b01e3e85,askacademia_train,losing_generate_mistral,4,"4

This comment scores"
a7c3c193-bf3c-4856-bef8-fdb5b01e3e85,askacademia_train,losing_generate_qwen,2,"2

This comment does"
a7c3c193-bf3c-4856-bef8-fdb5b01e3e85,askacademia_train,losing_improve_claude,2,"2

This comment does"
a7c3c193-bf3c-4856-bef8-fdb5b01e3e85,askacademia_train,losing_improve_gemini,2,"2

The comment shares"
a7c3c193-bf3c-4856-bef8-fdb5b01e3e85,askacademia_train,losing_improve_gpt4omini,2,"2

The comment discusses"
a7c3c193-bf3c-4856-bef8-fdb5b01e3e85,askacademia_train,losing_improve_gpt5nano,1,"1

This comment completely"
a7c3c193-bf3c-4856-bef8-fdb5b01e3e85,askacademia_train,losing_improve_llama,2,"2

This comment has"
a7c3c193-bf3c-4856-bef8-fdb5b01e3e85,askacademia_train,losing_improve_mistral,2,"2

This comment describes"
a7c3c193-bf3c-4856-bef8-fdb5b01e3e85,askacademia_train,losing_improve_qwen,2,"2

This comment appears"
a7c3c193-bf3c-4856-bef8-fdb5b01e3e85,askacademia_train,losing_paraphrase_claude,2,"2

This comment doesn"
a7c3c193-bf3c-4856-bef8-fdb5b01e3e85,askacademia_train,losing_paraphrase_gemini,2,"2

This comment has"
a7c3c193-bf3c-4856-bef8-fdb5b01e3e85,askacademia_train,losing_paraphrase_gpt4omini,2,"2

This comment doesn"
a7c3c193-bf3c-4856-bef8-fdb5b01e3e85,askacademia_train,losing_paraphrase_gpt5nano,3,"3

This comment appears"
a7c3c193-bf3c-4856-bef8-fdb5b01e3e85,askacademia_train,losing_paraphrase_llama,2,"2

The comment appears"
a7c3c193-bf3c-4856-bef8-fdb5b01e3e85,askacademia_train,losing_paraphrase_mistral,3,"3

This comment has"
a7c3c193-bf3c-4856-bef8-fdb5b01e3e85,askacademia_train,losing_paraphrase_qwen,4,"4

This comment scores"
08ac41ca-f430-44f8-bfda-0449527cdfc7,askacademia_train,winning_text,2,"2

The comment is"
08ac41ca-f430-44f8-bfda-0449527cdfc7,askacademia_train,losing_text,3,"3

This comment is"
08ac41ca-f430-44f8-bfda-0449527cdfc7,askacademia_train,losing_generate_claude,5,"5

This comment exc"
08ac41ca-f430-44f8-bfda-0449527cdfc7,askacademia_train,losing_generate_gemini,5,"5

This comment scores"
08ac41ca-f430-44f8-bfda-0449527cdfc7,askacademia_train,losing_generate_gpt4omini,2,"2

**Reasoning"
08ac41ca-f430-44f8-bfda-0449527cdfc7,askacademia_train,losing_generate_gpt5nano,2,"2

**Reasoning"
08ac41ca-f430-44f8-bfda-0449527cdfc7,askacademia_train,losing_generate_llama,2,"2

**Reasoning"
08ac41ca-f430-44f8-bfda-0449527cdfc7,askacademia_train,losing_generate_mistral,2,"2

**Reasoning"
08ac41ca-f430-44f8-bfda-0449527cdfc7,askacademia_train,losing_generate_qwen,2,"2

This comment does"
08ac41ca-f430-44f8-bfda-0449527cdfc7,askacademia_train,losing_improve_claude,2,"2

The comment doesn"
08ac41ca-f430-44f8-bfda-0449527cdfc7,askacademia_train,losing_improve_gemini,2,"2

The comment shares"
08ac41ca-f430-44f8-bfda-0449527cdfc7,askacademia_train,losing_improve_gpt4omini,2,"2

The comment appears"
08ac41ca-f430-44f8-bfda-0449527cdfc7,askacademia_train,losing_improve_gpt5nano,3,"3

The comment appears"
08ac41ca-f430-44f8-bfda-0449527cdfc7,askacademia_train,losing_improve_llama,2,"2

This comment has"
08ac41ca-f430-44f8-bfda-0449527cdfc7,askacademia_train,losing_improve_mistral,2,"2

This comment appears"
08ac41ca-f430-44f8-bfda-0449527cdfc7,askacademia_train,losing_improve_qwen,2,"2

This comment appears"
08ac41ca-f430-44f8-bfda-0449527cdfc7,askacademia_train,losing_paraphrase_claude,2,"2

This comment does"
08ac41ca-f430-44f8-bfda-0449527cdfc7,askacademia_train,losing_paraphrase_gemini,2,"2

The comment has"
08ac41ca-f430-44f8-bfda-0449527cdfc7,askacademia_train,losing_paraphrase_gpt4omini,2,"2

This comment doesn"
08ac41ca-f430-44f8-bfda-0449527cdfc7,askacademia_train,losing_paraphrase_gpt5nano,2,"2

This comment has"
08ac41ca-f430-44f8-bfda-0449527cdfc7,askacademia_train,losing_paraphrase_llama,2,"2

The comment appears"
08ac41ca-f430-44f8-bfda-0449527cdfc7,askacademia_train,losing_paraphrase_mistral,3,"3

This comment has"
08ac41ca-f430-44f8-bfda-0449527cdfc7,askacademia_train,losing_paraphrase_qwen,3,"3

This comment provides"
a57209f0-74e8-4328-a97f-70c3eea82bae,askacademia_train,winning_text,2,"2

This comment scores"
a57209f0-74e8-4328-a97f-70c3eea82bae,askacademia_train,losing_text,4,"4

This comment scores"
a57209f0-74e8-4328-a97f-70c3eea82bae,askacademia_train,losing_generate_claude,5,"5

This comment exc"
a57209f0-74e8-4328-a97f-70c3eea82bae,askacademia_train,losing_generate_gemini,5,"5

This comment scores"
a57209f0-74e8-4328-a97f-70c3eea82bae,askacademia_train,losing_generate_gpt4omini,2,"2

**Reasoning"
a57209f0-74e8-4328-a97f-70c3eea82bae,askacademia_train,losing_generate_gpt5nano,4,"4

This comment scores"
a57209f0-74e8-4328-a97f-70c3eea82bae,askacademia_train,losing_generate_llama,2,"2

**Reasoning"
a57209f0-74e8-4328-a97f-70c3eea82bae,askacademia_train,losing_generate_mistral,2,"2

The comment makes"
a57209f0-74e8-4328-a97f-70c3eea82bae,askacademia_train,losing_generate_qwen,2,"2

The comment does"
a57209f0-74e8-4328-a97f-70c3eea82bae,askacademia_train,losing_improve_claude,2,"2

The comment appears"
a57209f0-74e8-4328-a97f-70c3eea82bae,askacademia_train,losing_improve_gemini,2,"2

The comment shares"
a57209f0-74e8-4328-a97f-70c3eea82bae,askacademia_train,losing_improve_gpt4omini,2,"2

The comment discusses"
a57209f0-74e8-4328-a97f-70c3eea82bae,askacademia_train,losing_improve_gpt5nano,2,"2

This comment appears"
a57209f0-74e8-4328-a97f-70c3eea82bae,askacademia_train,losing_improve_llama,2,"2

This comment has"
a57209f0-74e8-4328-a97f-70c3eea82bae,askacademia_train,losing_improve_mistral,2,"2

This comment appears"
a57209f0-74e8-4328-a97f-70c3eea82bae,askacademia_train,losing_improve_qwen,2,"2

This comment appears"
a57209f0-74e8-4328-a97f-70c3eea82bae,askacademia_train,losing_paraphrase_claude,2,"2

This comment appears"
a57209f0-74e8-4328-a97f-70c3eea82bae,askacademia_train,losing_paraphrase_gemini,4,"4

This comment scores"
a57209f0-74e8-4328-a97f-70c3eea82bae,askacademia_train,losing_paraphrase_gpt4omini,2,"2

This comment doesn"
a57209f0-74e8-4328-a97f-70c3eea82bae,askacademia_train,losing_paraphrase_gpt5nano,2,"2

This comment doesn"
a57209f0-74e8-4328-a97f-70c3eea82bae,askacademia_train,losing_paraphrase_llama,2,"2

The comment appears"
a57209f0-74e8-4328-a97f-70c3eea82bae,askacademia_train,losing_paraphrase_mistral,2,"2

This comment has"
a57209f0-74e8-4328-a97f-70c3eea82bae,askacademia_train,losing_paraphrase_qwen,3,"3

This comment provides"
6382f323-278c-4cd3-bb69-5cbf15d0a7bd,askacademia_train,winning_text,2,"2

The comment is"
6382f323-278c-4cd3-bb69-5cbf15d0a7bd,askacademia_train,losing_text,4,"4

This comment scores"
6382f323-278c-4cd3-bb69-5cbf15d0a7bd,askacademia_train,losing_generate_claude,5,"5

This comment exc"
6382f323-278c-4cd3-bb69-5cbf15d0a7bd,askacademia_train,losing_generate_gemini,5,"5

This comment scores"
6382f323-278c-4cd3-bb69-5cbf15d0a7bd,askacademia_train,losing_generate_gpt4omini,2,"2

**Reasoning"
6382f323-278c-4cd3-bb69-5cbf15d0a7bd,askacademia_train,losing_generate_gpt5nano,2,"2

The comment fails"
6382f323-278c-4cd3-bb69-5cbf15d0a7bd,askacademia_train,losing_generate_llama,2,"2

**Reasoning"
6382f323-278c-4cd3-bb69-5cbf15d0a7bd,askacademia_train,losing_generate_mistral,3,"3

The comment provides"
6382f323-278c-4cd3-bb69-5cbf15d0a7bd,askacademia_train,losing_generate_qwen,2,"2

This comment does"
6382f323-278c-4cd3-bb69-5cbf15d0a7bd,askacademia_train,losing_improve_claude,2,"2

This comment appears"
6382f323-278c-4cd3-bb69-5cbf15d0a7bd,askacademia_train,losing_improve_gemini,4,"4

This comment scores"
6382f323-278c-4cd3-bb69-5cbf15d0a7bd,askacademia_train,losing_improve_gpt4omini,3,"3

The comment provides"
6382f323-278c-4cd3-bb69-5cbf15d0a7bd,askacademia_train,losing_improve_gpt5nano,4,"4

This comment scores"
6382f323-278c-4cd3-bb69-5cbf15d0a7bd,askacademia_train,losing_improve_llama,2,"2

This comment has"
6382f323-278c-4cd3-bb69-5cbf15d0a7bd,askacademia_train,losing_improve_mistral,4,"4

The comment scores"
6382f323-278c-4cd3-bb69-5cbf15d0a7bd,askacademia_train,losing_improve_qwen,3,"3

The comment addresses"
6382f323-278c-4cd3-bb69-5cbf15d0a7bd,askacademia_train,losing_paraphrase_claude,4,"4

This comment scores"
6382f323-278c-4cd3-bb69-5cbf15d0a7bd,askacademia_train,losing_paraphrase_gemini,2,"2

This comment fails"
6382f323-278c-4cd3-bb69-5cbf15d0a7bd,askacademia_train,losing_paraphrase_gpt4omini,3,"3

The comment addresses"
6382f323-278c-4cd3-bb69-5cbf15d0a7bd,askacademia_train,losing_paraphrase_gpt5nano,3,"3

The comment addresses"
6382f323-278c-4cd3-bb69-5cbf15d0a7bd,askacademia_train,losing_paraphrase_llama,4,"4

The comment scores"
6382f323-278c-4cd3-bb69-5cbf15d0a7bd,askacademia_train,losing_paraphrase_mistral,2,"2

The comment is"
6382f323-278c-4cd3-bb69-5cbf15d0a7bd,askacademia_train,losing_paraphrase_qwen,3,"3

The comment addresses"
fde36c0d-9027-4854-a21a-f3eefe6e5fb6,askacademia_train,winning_text,2,"2

This comment scores"
fde36c0d-9027-4854-a21a-f3eefe6e5fb6,askacademia_train,losing_text,4,"4

This comment scores"
fde36c0d-9027-4854-a21a-f3eefe6e5fb6,askacademia_train,losing_generate_claude,5,"5

This comment exc"
fde36c0d-9027-4854-a21a-f3eefe6e5fb6,askacademia_train,losing_generate_gemini,5,"5

This comment scores"
fde36c0d-9027-4854-a21a-f3eefe6e5fb6,askacademia_train,losing_generate_gpt4omini,2,"2

**Reasoning"
fde36c0d-9027-4854-a21a-f3eefe6e5fb6,askacademia_train,losing_generate_gpt5nano,4,"4

This comment scores"
fde36c0d-9027-4854-a21a-f3eefe6e5fb6,askacademia_train,losing_generate_llama,2,"2

**Reasoning"
fde36c0d-9027-4854-a21a-f3eefe6e5fb6,askacademia_train,losing_generate_mistral,2,"2

The comment provides"
fde36c0d-9027-4854-a21a-f3eefe6e5fb6,askacademia_train,losing_generate_qwen,2,"2

This comment does"
fde36c0d-9027-4854-a21a-f3eefe6e5fb6,askacademia_train,losing_improve_claude,2,"2

This comment appears"
fde36c0d-9027-4854-a21a-f3eefe6e5fb6,askacademia_train,losing_improve_gemini,4,"4

This comment scores"
fde36c0d-9027-4854-a21a-f3eefe6e5fb6,askacademia_train,losing_improve_gpt4omini,3,"3

The comment provides"
fde36c0d-9027-4854-a21a-f3eefe6e5fb6,askacademia_train,losing_improve_gpt5nano,5,"5

This comment scores"
fde36c0d-9027-4854-a21a-f3eefe6e5fb6,askacademia_train,losing_improve_llama,2,"2

This comment has"
fde36c0d-9027-4854-a21a-f3eefe6e5fb6,askacademia_train,losing_improve_mistral,4,"4

The comment scores"
fde36c0d-9027-4854-a21a-f3eefe6e5fb6,askacademia_train,losing_improve_qwen,3,"3

The comment addresses"
fde36c0d-9027-4854-a21a-f3eefe6e5fb6,askacademia_train,losing_paraphrase_claude,4,"4

This comment scores"
fde36c0d-9027-4854-a21a-f3eefe6e5fb6,askacademia_train,losing_paraphrase_gemini,3,"3

This appears to"
fde36c0d-9027-4854-a21a-f3eefe6e5fb6,askacademia_train,losing_paraphrase_gpt4omini,3,"3

The comment addresses"
fde36c0d-9027-4854-a21a-f3eefe6e5fb6,askacademia_train,losing_paraphrase_gpt5nano,3,"3

The comment addresses"
fde36c0d-9027-4854-a21a-f3eefe6e5fb6,askacademia_train,losing_paraphrase_llama,4,"4

The comment scores"
fde36c0d-9027-4854-a21a-f3eefe6e5fb6,askacademia_train,losing_paraphrase_mistral,3,"3

The comment addresses"
fde36c0d-9027-4854-a21a-f3eefe6e5fb6,askacademia_train,losing_paraphrase_qwen,3,"3

The comment addresses"
817adbf4-74e5-4124-be7d-fcca0806911d,askacademia_train,winning_text,2,"2

The comment is"
817adbf4-74e5-4124-be7d-fcca0806911d,askacademia_train,losing_text,4,"4

This comment scores"
817adbf4-74e5-4124-be7d-fcca0806911d,askacademia_train,losing_generate_claude,5,"5

This comment exc"
817adbf4-74e5-4124-be7d-fcca0806911d,askacademia_train,losing_generate_gemini,5,"5

This comment scores"
817adbf4-74e5-4124-be7d-fcca0806911d,askacademia_train,losing_generate_gpt4omini,2,"2

**Reasoning"
817adbf4-74e5-4124-be7d-fcca0806911d,askacademia_train,losing_generate_gpt5nano,5,"5

This comment exc"
817adbf4-74e5-4124-be7d-fcca0806911d,askacademia_train,losing_generate_llama,2,"2

**Reasoning"
817adbf4-74e5-4124-be7d-fcca0806911d,askacademia_train,losing_generate_mistral,2,"2

**Reasoning"
817adbf4-74e5-4124-be7d-fcca0806911d,askacademia_train,losing_generate_qwen,2,"2

The comment does"
817adbf4-74e5-4124-be7d-fcca0806911d,askacademia_train,losing_improve_claude,2,"2

This comment appears"
817adbf4-74e5-4124-be7d-fcca0806911d,askacademia_train,losing_improve_gemini,4,"4

This comment scores"
817adbf4-74e5-4124-be7d-fcca0806911d,askacademia_train,losing_improve_gpt4omini,4,"4

This comment scores"
817adbf4-74e5-4124-be7d-fcca0806911d,askacademia_train,losing_improve_gpt5nano,4,"4

This comment scores"
817adbf4-74e5-4124-be7d-fcca0806911d,askacademia_train,losing_improve_llama,2,"2

**Reasoning"
817adbf4-74e5-4124-be7d-fcca0806911d,askacademia_train,losing_improve_mistral,4,"4

The comment scores"
817adbf4-74e5-4124-be7d-fcca0806911d,askacademia_train,losing_improve_qwen,2,"2

The comment has"
817adbf4-74e5-4124-be7d-fcca0806911d,askacademia_train,losing_paraphrase_claude,2,"2

This comment lacks"
817adbf4-74e5-4124-be7d-fcca0806911d,askacademia_train,losing_paraphrase_gemini,2,"2

This comment appears"
817adbf4-74e5-4124-be7d-fcca0806911d,askacademia_train,losing_paraphrase_gpt4omini,2,"2

This comment is"
817adbf4-74e5-4124-be7d-fcca0806911d,askacademia_train,losing_paraphrase_gpt5nano,2,"2

This comment scores"
817adbf4-74e5-4124-be7d-fcca0806911d,askacademia_train,losing_paraphrase_llama,2,"2

The comment lacks"
817adbf4-74e5-4124-be7d-fcca0806911d,askacademia_train,losing_paraphrase_mistral,2,"2

The comment is"
817adbf4-74e5-4124-be7d-fcca0806911d,askacademia_train,losing_paraphrase_qwen,2,"2

The comment lacks"
d1b083de-401f-4279-946f-67001ab8cb81,askacademia_train,winning_text,2,"2

This comment scores"
d1b083de-401f-4279-946f-67001ab8cb81,askacademia_train,losing_text,4,"4

This comment scores"
d1b083de-401f-4279-946f-67001ab8cb81,askacademia_train,losing_generate_claude,5,"5

This comment exc"
d1b083de-401f-4279-946f-67001ab8cb81,askacademia_train,losing_generate_gemini,5,"5

This comment scores"
d1b083de-401f-4279-946f-67001ab8cb81,askacademia_train,losing_generate_gpt4omini,2,"2

**Reasoning"
d1b083de-401f-4279-946f-67001ab8cb81,askacademia_train,losing_generate_gpt5nano,2,"2

**Reasoning"
d1b083de-401f-4279-946f-67001ab8cb81,askacademia_train,losing_generate_llama,2,"2

**Reasoning"
d1b083de-401f-4279-946f-67001ab8cb81,askacademia_train,losing_generate_mistral,2,"2

The comment has"
d1b083de-401f-4279-946f-67001ab8cb81,askacademia_train,losing_generate_qwen,2,"2

The comment does"
d1b083de-401f-4279-946f-67001ab8cb81,askacademia_train,losing_improve_claude,3,"3

This comment has"
d1b083de-401f-4279-946f-67001ab8cb81,askacademia_train,losing_improve_gemini,4,"4

The comment is"
d1b083de-401f-4279-946f-67001ab8cb81,askacademia_train,losing_improve_gpt4omini,2,"2

This comment has"
d1b083de-401f-4279-946f-67001ab8cb81,askacademia_train,losing_improve_gpt5nano,5,"5

This comment scores"
d1b083de-401f-4279-946f-67001ab8cb81,askacademia_train,losing_improve_llama,2,"2

**Reasoning"
d1b083de-401f-4279-946f-67001ab8cb81,askacademia_train,losing_improve_mistral,4,"4

The comment scores"
d1b083de-401f-4279-946f-67001ab8cb81,askacademia_train,losing_improve_qwen,3,"3

The comment is"
d1b083de-401f-4279-946f-67001ab8cb81,askacademia_train,losing_paraphrase_claude,2,"2

The comment lacks"
d1b083de-401f-4279-946f-67001ab8cb81,askacademia_train,losing_paraphrase_gemini,2,"2

This comment appears"
d1b083de-401f-4279-946f-67001ab8cb81,askacademia_train,losing_paraphrase_gpt4omini,2,"2

This comment is"
d1b083de-401f-4279-946f-67001ab8cb81,askacademia_train,losing_paraphrase_gpt5nano,2,"2

This comment scores"
d1b083de-401f-4279-946f-67001ab8cb81,askacademia_train,losing_paraphrase_llama,2,"2

The comment lacks"
d1b083de-401f-4279-946f-67001ab8cb81,askacademia_train,losing_paraphrase_mistral,2,"2

The comment is"
d1b083de-401f-4279-946f-67001ab8cb81,askacademia_train,losing_paraphrase_qwen,2,"2

The comment appears"
8541dc35-25e1-49b0-991f-fabe6db2f902,askacademia_train,winning_text,2,"2

The comment is"
8541dc35-25e1-49b0-991f-fabe6db2f902,askacademia_train,losing_text,2,"2

This comment scores"
8541dc35-25e1-49b0-991f-fabe6db2f902,askacademia_train,losing_generate_claude,5,"5

This comment exc"
8541dc35-25e1-49b0-991f-fabe6db2f902,askacademia_train,losing_generate_gemini,5,"5

This comment scores"
8541dc35-25e1-49b0-991f-fabe6db2f902,askacademia_train,losing_generate_gpt4omini,2,"2

**Reasoning"
8541dc35-25e1-49b0-991f-fabe6db2f902,askacademia_train,losing_generate_gpt5nano,4,"4

This comment scores"
8541dc35-25e1-49b0-991f-fabe6db2f902,askacademia_train,losing_generate_llama,2,"2

**Reasoning"
8541dc35-25e1-49b0-991f-fabe6db2f902,askacademia_train,losing_generate_mistral,2,"2

The comment provides"
8541dc35-25e1-49b0-991f-fabe6db2f902,askacademia_train,losing_generate_qwen,2,"2

This comment does"
8541dc35-25e1-49b0-991f-fabe6db2f902,askacademia_train,losing_improve_claude,2,"2

This comment is"
8541dc35-25e1-49b0-991f-fabe6db2f902,askacademia_train,losing_improve_gemini,2,"2

This comment lacks"
8541dc35-25e1-49b0-991f-fabe6db2f902,askacademia_train,losing_improve_gpt4omini,2,"2

This comment is"
8541dc35-25e1-49b0-991f-fabe6db2f902,askacademia_train,losing_improve_gpt5nano,2,"2

This comment appears"
8541dc35-25e1-49b0-991f-fabe6db2f902,askacademia_train,losing_improve_llama,2,"2

This comment scores"
8541dc35-25e1-49b0-991f-fabe6db2f902,askacademia_train,losing_improve_mistral,2,"2

This comment appears"
8541dc35-25e1-49b0-991f-fabe6db2f902,askacademia_train,losing_improve_qwen,2,"2

This comment scores"
8541dc35-25e1-49b0-991f-fabe6db2f902,askacademia_train,losing_paraphrase_claude,2,"2

This comment scores"
8541dc35-25e1-49b0-991f-fabe6db2f902,askacademia_train,losing_paraphrase_gemini,3,"3

This comment receives"
8541dc35-25e1-49b0-991f-fabe6db2f902,askacademia_train,losing_paraphrase_gpt4omini,2,"2

This comment scores"
8541dc35-25e1-49b0-991f-fabe6db2f902,askacademia_train,losing_paraphrase_gpt5nano,2,"2

This comment scores"
8541dc35-25e1-49b0-991f-fabe6db2f902,askacademia_train,losing_paraphrase_llama,2,"2

This comment is"
8541dc35-25e1-49b0-991f-fabe6db2f902,askacademia_train,losing_paraphrase_mistral,2,"2

This comment fails"
8541dc35-25e1-49b0-991f-fabe6db2f902,askacademia_train,losing_paraphrase_qwen,2,"2

The comment fails"
ab565e58-5c7e-4f66-a274-bcbe6a6cd21c,askacademia_train,winning_text,2,"2

This comment scores"
ab565e58-5c7e-4f66-a274-bcbe6a6cd21c,askacademia_train,losing_text,5,"5

This comment scores"
ab565e58-5c7e-4f66-a274-bcbe6a6cd21c,askacademia_train,losing_generate_claude,5,"5

This comment exc"
ab565e58-5c7e-4f66-a274-bcbe6a6cd21c,askacademia_train,losing_generate_gemini,5,"5

This comment scores"
ab565e58-5c7e-4f66-a274-bcbe6a6cd21c,askacademia_train,losing_generate_gpt4omini,2,"2

**Reasoning"
ab565e58-5c7e-4f66-a274-bcbe6a6cd21c,askacademia_train,losing_generate_gpt5nano,3,"3

This comment has"
ab565e58-5c7e-4f66-a274-bcbe6a6cd21c,askacademia_train,losing_generate_llama,2,"2

**Reasoning"
ab565e58-5c7e-4f66-a274-bcbe6a6cd21c,askacademia_train,losing_generate_mistral,2,"2

The comment provides"
ab565e58-5c7e-4f66-a274-bcbe6a6cd21c,askacademia_train,losing_generate_qwen,2,"2

The comment does"
ab565e58-5c7e-4f66-a274-bcbe6a6cd21c,askacademia_train,losing_improve_claude,3,"3

This comment provides"
ab565e58-5c7e-4f66-a274-bcbe6a6cd21c,askacademia_train,losing_improve_gemini,5,"5

This comment scores"
ab565e58-5c7e-4f66-a274-bcbe6a6cd21c,askacademia_train,losing_improve_gpt4omini,4,"4

This comment scores"
ab565e58-5c7e-4f66-a274-bcbe6a6cd21c,askacademia_train,losing_improve_gpt5nano,5,"5

This comment exc"
ab565e58-5c7e-4f66-a274-bcbe6a6cd21c,askacademia_train,losing_improve_llama,2,"2

This comment has"
ab565e58-5c7e-4f66-a274-bcbe6a6cd21c,askacademia_train,losing_improve_mistral,4,"4

This comment scores"
ab565e58-5c7e-4f66-a274-bcbe6a6cd21c,askacademia_train,losing_improve_qwen,4,"4

This comment scores"
ab565e58-5c7e-4f66-a274-bcbe6a6cd21c,askacademia_train,losing_paraphrase_claude,5,"5

This comment scores"
ab565e58-5c7e-4f66-a274-bcbe6a6cd21c,askacademia_train,losing_paraphrase_gemini,3,"3

This comment receives"
ab565e58-5c7e-4f66-a274-bcbe6a6cd21c,askacademia_train,losing_paraphrase_gpt4omini,4,"4

This comment scores"
ab565e58-5c7e-4f66-a274-bcbe6a6cd21c,askacademia_train,losing_paraphrase_gpt5nano,5,"5

This comment scores"
ab565e58-5c7e-4f66-a274-bcbe6a6cd21c,askacademia_train,losing_paraphrase_llama,3,"3

This comment addresses"
ab565e58-5c7e-4f66-a274-bcbe6a6cd21c,askacademia_train,losing_paraphrase_mistral,4,"4

This comment scores"
ab565e58-5c7e-4f66-a274-bcbe6a6cd21c,askacademia_train,losing_paraphrase_qwen,4,"4

This comment scores"
6738b8e9-36ef-4c57-b14b-3dd368b6ffbd,askacademia_train,winning_text,2,"2

This comment has"
6738b8e9-36ef-4c57-b14b-3dd368b6ffbd,askacademia_train,losing_text,5,"5

This comment scores"
6738b8e9-36ef-4c57-b14b-3dd368b6ffbd,askacademia_train,losing_generate_claude,5,"5

This comment exc"
6738b8e9-36ef-4c57-b14b-3dd368b6ffbd,askacademia_train,losing_generate_gemini,5,"5

This comment scores"
6738b8e9-36ef-4c57-b14b-3dd368b6ffbd,askacademia_train,losing_generate_gpt4omini,3,"3

**Reasoning"
6738b8e9-36ef-4c57-b14b-3dd368b6ffbd,askacademia_train,losing_generate_gpt5nano,2,"2

**Reasoning"
6738b8e9-36ef-4c57-b14b-3dd368b6ffbd,askacademia_train,losing_generate_llama,2,"2

The comment makes"
6738b8e9-36ef-4c57-b14b-3dd368b6ffbd,askacademia_train,losing_generate_mistral,4,"4

This comment scores"
6738b8e9-36ef-4c57-b14b-3dd368b6ffbd,askacademia_train,losing_generate_qwen,2,"2

This comment does"
6738b8e9-36ef-4c57-b14b-3dd368b6ffbd,askacademia_train,losing_improve_claude,2,"2

This comment has"
6738b8e9-36ef-4c57-b14b-3dd368b6ffbd,askacademia_train,losing_improve_gemini,5,"5

This comment scores"
6738b8e9-36ef-4c57-b14b-3dd368b6ffbd,askacademia_train,losing_improve_gpt4omini,4,"4

This comment scores"
6738b8e9-36ef-4c57-b14b-3dd368b6ffbd,askacademia_train,losing_improve_gpt5nano,5,"5

This comment scores"
6738b8e9-36ef-4c57-b14b-3dd368b6ffbd,askacademia_train,losing_improve_llama,2,"2

This comment has"
6738b8e9-36ef-4c57-b14b-3dd368b6ffbd,askacademia_train,losing_improve_mistral,4,"4

This comment scores"
6738b8e9-36ef-4c57-b14b-3dd368b6ffbd,askacademia_train,losing_improve_qwen,4,"4

This comment scores"
6738b8e9-36ef-4c57-b14b-3dd368b6ffbd,askacademia_train,losing_paraphrase_claude,5,"5

This comment scores"
6738b8e9-36ef-4c57-b14b-3dd368b6ffbd,askacademia_train,losing_paraphrase_gemini,3,"3

This comment receives"
6738b8e9-36ef-4c57-b14b-3dd368b6ffbd,askacademia_train,losing_paraphrase_gpt4omini,4,"4

This comment scores"
6738b8e9-36ef-4c57-b14b-3dd368b6ffbd,askacademia_train,losing_paraphrase_gpt5nano,5,"5

This comment scores"
6738b8e9-36ef-4c57-b14b-3dd368b6ffbd,askacademia_train,losing_paraphrase_llama,3,"3

This comment addresses"
6738b8e9-36ef-4c57-b14b-3dd368b6ffbd,askacademia_train,losing_paraphrase_mistral,4,"4

This comment scores"
6738b8e9-36ef-4c57-b14b-3dd368b6ffbd,askacademia_train,losing_paraphrase_qwen,4,"4

This comment scores"
057ed6ab-be7a-4436-a4c7-8460e61b1eab,askacademia_train,winning_text,3,"3

The comment addresses"
057ed6ab-be7a-4436-a4c7-8460e61b1eab,askacademia_train,losing_text,5,"5

This comment scores"
057ed6ab-be7a-4436-a4c7-8460e61b1eab,askacademia_train,losing_generate_claude,5,"5

This comment exc"
057ed6ab-be7a-4436-a4c7-8460e61b1eab,askacademia_train,losing_generate_gemini,5,"5

This comment scores"
057ed6ab-be7a-4436-a4c7-8460e61b1eab,askacademia_train,losing_generate_gpt4omini,2,"2

**Reasoning"
057ed6ab-be7a-4436-a4c7-8460e61b1eab,askacademia_train,losing_generate_gpt5nano,2,"2

This comment fails"
057ed6ab-be7a-4436-a4c7-8460e61b1eab,askacademia_train,losing_generate_llama,2,"2

**Reasoning"
057ed6ab-be7a-4436-a4c7-8460e61b1eab,askacademia_train,losing_generate_mistral,3,"3

The comment provides"
057ed6ab-be7a-4436-a4c7-8460e61b1eab,askacademia_train,losing_generate_qwen,2,"2

The comment does"
057ed6ab-be7a-4436-a4c7-8460e61b1eab,askacademia_train,losing_improve_claude,2,"2

This comment fails"
057ed6ab-be7a-4436-a4c7-8460e61b1eab,askacademia_train,losing_improve_gemini,5,"5

This comment scores"
057ed6ab-be7a-4436-a4c7-8460e61b1eab,askacademia_train,losing_improve_gpt4omini,4,"4

This comment scores"
057ed6ab-be7a-4436-a4c7-8460e61b1eab,askacademia_train,losing_improve_gpt5nano,5,"5

This comment exc"
057ed6ab-be7a-4436-a4c7-8460e61b1eab,askacademia_train,losing_improve_llama,2,"2

This comment has"
057ed6ab-be7a-4436-a4c7-8460e61b1eab,askacademia_train,losing_improve_mistral,4,"4

This comment scores"
057ed6ab-be7a-4436-a4c7-8460e61b1eab,askacademia_train,losing_improve_qwen,4,"4

This comment scores"
057ed6ab-be7a-4436-a4c7-8460e61b1eab,askacademia_train,losing_paraphrase_claude,5,"5

This comment scores"
057ed6ab-be7a-4436-a4c7-8460e61b1eab,askacademia_train,losing_paraphrase_gemini,3,"3

This comment receives"
057ed6ab-be7a-4436-a4c7-8460e61b1eab,askacademia_train,losing_paraphrase_gpt4omini,5,"5

This comment scores"
057ed6ab-be7a-4436-a4c7-8460e61b1eab,askacademia_train,losing_paraphrase_gpt5nano,4,"4

This comment scores"
057ed6ab-be7a-4436-a4c7-8460e61b1eab,askacademia_train,losing_paraphrase_llama,2,"2

This comment has"
057ed6ab-be7a-4436-a4c7-8460e61b1eab,askacademia_train,losing_paraphrase_mistral,4,"4

This comment scores"
057ed6ab-be7a-4436-a4c7-8460e61b1eab,askacademia_train,losing_paraphrase_qwen,5,"5

This comment scores"
c8c9a7f9-695a-460a-8f4b-c4974077ce64,askacademia_train,winning_text,2,"2

The comment has"
c8c9a7f9-695a-460a-8f4b-c4974077ce64,askacademia_train,losing_text,5,"5

This comment scores"
c8c9a7f9-695a-460a-8f4b-c4974077ce64,askacademia_train,losing_generate_claude,5,"5

This comment exc"
c8c9a7f9-695a-460a-8f4b-c4974077ce64,askacademia_train,losing_generate_gemini,5,"5

This comment scores"
c8c9a7f9-695a-460a-8f4b-c4974077ce64,askacademia_train,losing_generate_gpt4omini,2,"2

**Reasoning"
c8c9a7f9-695a-460a-8f4b-c4974077ce64,askacademia_train,losing_generate_gpt5nano,2,"2

This comment has"
c8c9a7f9-695a-460a-8f4b-c4974077ce64,askacademia_train,losing_generate_llama,2,"2

**Reasoning"
c8c9a7f9-695a-460a-8f4b-c4974077ce64,askacademia_train,losing_generate_mistral,2,"2

**Reasoning"
c8c9a7f9-695a-460a-8f4b-c4974077ce64,askacademia_train,losing_generate_qwen,2,"2

The comment does"
c8c9a7f9-695a-460a-8f4b-c4974077ce64,askacademia_train,losing_improve_claude,2,"2

This comment appears"
c8c9a7f9-695a-460a-8f4b-c4974077ce64,askacademia_train,losing_improve_gemini,5,"5

This comment scores"
c8c9a7f9-695a-460a-8f4b-c4974077ce64,askacademia_train,losing_improve_gpt4omini,4,"4

This comment scores"
c8c9a7f9-695a-460a-8f4b-c4974077ce64,askacademia_train,losing_improve_gpt5nano,5,"5

This comment exc"
c8c9a7f9-695a-460a-8f4b-c4974077ce64,askacademia_train,losing_improve_llama,2,"2

This comment has"
c8c9a7f9-695a-460a-8f4b-c4974077ce64,askacademia_train,losing_improve_mistral,4,"4

This comment scores"
c8c9a7f9-695a-460a-8f4b-c4974077ce64,askacademia_train,losing_improve_qwen,4,"4

This comment scores"
c8c9a7f9-695a-460a-8f4b-c4974077ce64,askacademia_train,losing_paraphrase_claude,5,"5

This comment scores"
c8c9a7f9-695a-460a-8f4b-c4974077ce64,askacademia_train,losing_paraphrase_gemini,3,"3

This comment receives"
c8c9a7f9-695a-460a-8f4b-c4974077ce64,askacademia_train,losing_paraphrase_gpt4omini,4,"4

This comment scores"
c8c9a7f9-695a-460a-8f4b-c4974077ce64,askacademia_train,losing_paraphrase_gpt5nano,4,"4

This comment scores"
c8c9a7f9-695a-460a-8f4b-c4974077ce64,askacademia_train,losing_paraphrase_llama,2,"2

This comment has"
c8c9a7f9-695a-460a-8f4b-c4974077ce64,askacademia_train,losing_paraphrase_mistral,4,"4

This comment scores"
c8c9a7f9-695a-460a-8f4b-c4974077ce64,askacademia_train,losing_paraphrase_qwen,4,"4

This comment scores"
b0408dc7-bcac-4bc8-839c-4692bf3364c6,askacademia_train,winning_text,3,"3

The comment addresses"
b0408dc7-bcac-4bc8-839c-4692bf3364c6,askacademia_train,losing_text,2,"2

This comment has"
b0408dc7-bcac-4bc8-839c-4692bf3364c6,askacademia_train,losing_generate_claude,5,"5

This comment exc"
b0408dc7-bcac-4bc8-839c-4692bf3364c6,askacademia_train,losing_generate_gemini,5,"5

This comment scores"
b0408dc7-bcac-4bc8-839c-4692bf3364c6,askacademia_train,losing_generate_gpt4omini,2,"2

**Reasoning"
b0408dc7-bcac-4bc8-839c-4692bf3364c6,askacademia_train,losing_generate_gpt5nano,3,"3

The comment has"
b0408dc7-bcac-4bc8-839c-4692bf3364c6,askacademia_train,losing_generate_llama,2,"2

**Reasoning"
b0408dc7-bcac-4bc8-839c-4692bf3364c6,askacademia_train,losing_generate_mistral,3,"3

The comment provides"
b0408dc7-bcac-4bc8-839c-4692bf3364c6,askacademia_train,losing_generate_qwen,2,"2

The comment does"
b0408dc7-bcac-4bc8-839c-4692bf3364c6,askacademia_train,losing_improve_claude,3,"3

This comment appears"
b0408dc7-bcac-4bc8-839c-4692bf3364c6,askacademia_train,losing_improve_gemini,3,"3

This comment receives"
b0408dc7-bcac-4bc8-839c-4692bf3364c6,askacademia_train,losing_improve_gpt4omini,4,"4

This comment scores"
b0408dc7-bcac-4bc8-839c-4692bf3364c6,askacademia_train,losing_improve_gpt5nano,5,"5

This comment scores"
b0408dc7-bcac-4bc8-839c-4692bf3364c6,askacademia_train,losing_improve_llama,2,"2

The comment appears"
b0408dc7-bcac-4bc8-839c-4692bf3364c6,askacademia_train,losing_improve_mistral,3,"3

This comment shows"
b0408dc7-bcac-4bc8-839c-4692bf3364c6,askacademia_train,losing_improve_qwen,2,"2

**Reasoning"
b0408dc7-bcac-4bc8-839c-4692bf3364c6,askacademia_train,losing_paraphrase_claude,4,"4

This comment scores"
b0408dc7-bcac-4bc8-839c-4692bf3364c6,askacademia_train,losing_paraphrase_gemini,3,"3

This comment receives"
b0408dc7-bcac-4bc8-839c-4692bf3364c6,askacademia_train,losing_paraphrase_gpt4omini,3,"3

This comment receives"
b0408dc7-bcac-4bc8-839c-4692bf3364c6,askacademia_train,losing_paraphrase_gpt5nano,2,"2

This comment has"
b0408dc7-bcac-4bc8-839c-4692bf3364c6,askacademia_train,losing_paraphrase_llama,2,"2

The comment has"
b0408dc7-bcac-4bc8-839c-4692bf3364c6,askacademia_train,losing_paraphrase_mistral,4,"4

This comment scores"
b0408dc7-bcac-4bc8-839c-4692bf3364c6,askacademia_train,losing_paraphrase_qwen,2,"2

This comment has"
5497ec99-a137-4aa6-96f5-9561a1684269,askacademia_train,winning_text,2,"2

The comment has"
5497ec99-a137-4aa6-96f5-9561a1684269,askacademia_train,losing_text,2,"2

This comment has"
5497ec99-a137-4aa6-96f5-9561a1684269,askacademia_train,losing_generate_claude,5,"5

This comment exc"
5497ec99-a137-4aa6-96f5-9561a1684269,askacademia_train,losing_generate_gemini,5,"5

This comment scores"
5497ec99-a137-4aa6-96f5-9561a1684269,askacademia_train,losing_generate_gpt4omini,2,"2

**Reasoning"
5497ec99-a137-4aa6-96f5-9561a1684269,askacademia_train,losing_generate_gpt5nano,2,"2

**Reasoning"
5497ec99-a137-4aa6-96f5-9561a1684269,askacademia_train,losing_generate_llama,2,"2

**Reasoning"
5497ec99-a137-4aa6-96f5-9561a1684269,askacademia_train,losing_generate_mistral,4,"4

The comment scores"
5497ec99-a137-4aa6-96f5-9561a1684269,askacademia_train,losing_generate_qwen,2,"2

The comment does"
5497ec99-a137-4aa6-96f5-9561a1684269,askacademia_train,losing_improve_claude,2,"2

This comment fails"
5497ec99-a137-4aa6-96f5-9561a1684269,askacademia_train,losing_improve_gemini,3,"3

This comment scores"
5497ec99-a137-4aa6-96f5-9561a1684269,askacademia_train,losing_improve_gpt4omini,4,"4

This comment scores"
5497ec99-a137-4aa6-96f5-9561a1684269,askacademia_train,losing_improve_gpt5nano,5,"5

This comment exc"
5497ec99-a137-4aa6-96f5-9561a1684269,askacademia_train,losing_improve_llama,2,"2

The comment appears"
5497ec99-a137-4aa6-96f5-9561a1684269,askacademia_train,losing_improve_mistral,3,"3

This comment demonstrates"
5497ec99-a137-4aa6-96f5-9561a1684269,askacademia_train,losing_improve_qwen,2,"2

**Reasoning"
5497ec99-a137-4aa6-96f5-9561a1684269,askacademia_train,losing_paraphrase_claude,3,"3

This comment addresses"
5497ec99-a137-4aa6-96f5-9561a1684269,askacademia_train,losing_paraphrase_gemini,3,"3

This comment receives"
5497ec99-a137-4aa6-96f5-9561a1684269,askacademia_train,losing_paraphrase_gpt4omini,3,"3

**Reasoning"
5497ec99-a137-4aa6-96f5-9561a1684269,askacademia_train,losing_paraphrase_gpt5nano,2,"2

**Reasoning"
5497ec99-a137-4aa6-96f5-9561a1684269,askacademia_train,losing_paraphrase_llama,2,"2

The comment has"
5497ec99-a137-4aa6-96f5-9561a1684269,askacademia_train,losing_paraphrase_mistral,4,"4

This comment scores"
5497ec99-a137-4aa6-96f5-9561a1684269,askacademia_train,losing_paraphrase_qwen,2,"2

This comment has"
86075a8a-4636-4c61-a2f4-f6db1a1df0b5,askacademia_train,winning_text,3,"3

The comment addresses"
86075a8a-4636-4c61-a2f4-f6db1a1df0b5,askacademia_train,losing_text,2,"2

This comment has"
86075a8a-4636-4c61-a2f4-f6db1a1df0b5,askacademia_train,losing_generate_claude,5,"5

This comment exc"
86075a8a-4636-4c61-a2f4-f6db1a1df0b5,askacademia_train,losing_generate_gemini,5,"5

This comment scores"
86075a8a-4636-4c61-a2f4-f6db1a1df0b5,askacademia_train,losing_generate_gpt4omini,2,"2

**Reasoning"
86075a8a-4636-4c61-a2f4-f6db1a1df0b5,askacademia_train,losing_generate_gpt5nano,2,"2

**Reasoning"
86075a8a-4636-4c61-a2f4-f6db1a1df0b5,askacademia_train,losing_generate_llama,2,"2

**Reasoning"
86075a8a-4636-4c61-a2f4-f6db1a1df0b5,askacademia_train,losing_generate_mistral,4,"4

This comment scores"
86075a8a-4636-4c61-a2f4-f6db1a1df0b5,askacademia_train,losing_generate_qwen,2,"2

This comment does"
86075a8a-4636-4c61-a2f4-f6db1a1df0b5,askacademia_train,losing_improve_claude,5,"5

This comment exc"
86075a8a-4636-4c61-a2f4-f6db1a1df0b5,askacademia_train,losing_improve_gemini,5,"5

This comment scores"
86075a8a-4636-4c61-a2f4-f6db1a1df0b5,askacademia_train,losing_improve_gpt4omini,5,"5

This comment scores"
86075a8a-4636-4c61-a2f4-f6db1a1df0b5,askacademia_train,losing_improve_gpt5nano,3,"3

**Reasoning"
86075a8a-4636-4c61-a2f4-f6db1a1df0b5,askacademia_train,losing_improve_llama,2,"2

The comment has"
86075a8a-4636-4c61-a2f4-f6db1a1df0b5,askacademia_train,losing_improve_mistral,4,"4

This comment scores"
86075a8a-4636-4c61-a2f4-f6db1a1df0b5,askacademia_train,losing_improve_qwen,2,"2

The comment has"
86075a8a-4636-4c61-a2f4-f6db1a1df0b5,askacademia_train,losing_paraphrase_claude,4,"4

This comment scores"
86075a8a-4636-4c61-a2f4-f6db1a1df0b5,askacademia_train,losing_paraphrase_gemini,3,"3

This comment receives"
86075a8a-4636-4c61-a2f4-f6db1a1df0b5,askacademia_train,losing_paraphrase_gpt4omini,3,"3

The comment addresses"
86075a8a-4636-4c61-a2f4-f6db1a1df0b5,askacademia_train,losing_paraphrase_gpt5nano,2,"2

This comment has"
86075a8a-4636-4c61-a2f4-f6db1a1df0b5,askacademia_train,losing_paraphrase_llama,4,"4

This comment scores"
86075a8a-4636-4c61-a2f4-f6db1a1df0b5,askacademia_train,losing_paraphrase_mistral,4,"4

This comment scores"
86075a8a-4636-4c61-a2f4-f6db1a1df0b5,askacademia_train,losing_paraphrase_qwen,3,"3

This comment addresses"
59a53d23-ad0a-4483-a94c-969aadb5095c,askacademia_train,winning_text,2,"2

The comment has"
59a53d23-ad0a-4483-a94c-969aadb5095c,askacademia_train,losing_text,2,"2

This comment has"
59a53d23-ad0a-4483-a94c-969aadb5095c,askacademia_train,losing_generate_claude,5,"5

This comment exc"
59a53d23-ad0a-4483-a94c-969aadb5095c,askacademia_train,losing_generate_gemini,5,"5

This comment scores"
59a53d23-ad0a-4483-a94c-969aadb5095c,askacademia_train,losing_generate_gpt4omini,2,"2

**Reasoning"
59a53d23-ad0a-4483-a94c-969aadb5095c,askacademia_train,losing_generate_gpt5nano,4,"4

This comment scores"
59a53d23-ad0a-4483-a94c-969aadb5095c,askacademia_train,losing_generate_llama,2,"2

**Reasoning"
59a53d23-ad0a-4483-a94c-969aadb5095c,askacademia_train,losing_generate_mistral,4,"4

The comment scores"
59a53d23-ad0a-4483-a94c-969aadb5095c,askacademia_train,losing_generate_qwen,2,"2

This comment does"
59a53d23-ad0a-4483-a94c-969aadb5095c,askacademia_train,losing_improve_claude,5,"5

This comment exc"
59a53d23-ad0a-4483-a94c-969aadb5095c,askacademia_train,losing_improve_gemini,5,"5

This comment scores"
59a53d23-ad0a-4483-a94c-969aadb5095c,askacademia_train,losing_improve_gpt4omini,5,"5

This comment scores"
59a53d23-ad0a-4483-a94c-969aadb5095c,askacademia_train,losing_improve_gpt5nano,4,"4

This comment scores"
59a53d23-ad0a-4483-a94c-969aadb5095c,askacademia_train,losing_improve_llama,2,"2

The comment has"
59a53d23-ad0a-4483-a94c-969aadb5095c,askacademia_train,losing_improve_mistral,4,"4

This comment scores"
59a53d23-ad0a-4483-a94c-969aadb5095c,askacademia_train,losing_improve_qwen,4,"4

This comment scores"
59a53d23-ad0a-4483-a94c-969aadb5095c,askacademia_train,losing_paraphrase_claude,4,"4

This comment scores"
59a53d23-ad0a-4483-a94c-969aadb5095c,askacademia_train,losing_paraphrase_gemini,2,"2

The comment has"
59a53d23-ad0a-4483-a94c-969aadb5095c,askacademia_train,losing_paraphrase_gpt4omini,3,"3

The comment addresses"
59a53d23-ad0a-4483-a94c-969aadb5095c,askacademia_train,losing_paraphrase_gpt5nano,4,"4

This comment scores"
59a53d23-ad0a-4483-a94c-969aadb5095c,askacademia_train,losing_paraphrase_llama,4,"4

This comment scores"
59a53d23-ad0a-4483-a94c-969aadb5095c,askacademia_train,losing_paraphrase_mistral,2,"2

The comment lacks"
59a53d23-ad0a-4483-a94c-969aadb5095c,askacademia_train,losing_paraphrase_qwen,2,"2

This comment has"
1f2d6159-e34e-42a9-9113-2efda1bf8b94,askacademia_train,winning_text,3,"3

The comment addresses"
1f2d6159-e34e-42a9-9113-2efda1bf8b94,askacademia_train,losing_text,4,"4

This comment scores"
1f2d6159-e34e-42a9-9113-2efda1bf8b94,askacademia_train,losing_generate_claude,5,"5

This comment exc"
1f2d6159-e34e-42a9-9113-2efda1bf8b94,askacademia_train,losing_generate_gemini,5,"5

This comment scores"
1f2d6159-e34e-42a9-9113-2efda1bf8b94,askacademia_train,losing_generate_gpt4omini,3,"3

**Reasoning"
1f2d6159-e34e-42a9-9113-2efda1bf8b94,askacademia_train,losing_generate_gpt5nano,2,"2

This comment fails"
1f2d6159-e34e-42a9-9113-2efda1bf8b94,askacademia_train,losing_generate_llama,2,"2

**Reasoning"
1f2d6159-e34e-42a9-9113-2efda1bf8b94,askacademia_train,losing_generate_mistral,4,"4

This comment scores"
1f2d6159-e34e-42a9-9113-2efda1bf8b94,askacademia_train,losing_generate_qwen,2,"2

The comment does"
1f2d6159-e34e-42a9-9113-2efda1bf8b94,askacademia_train,losing_improve_claude,2,"2

This comment fails"
1f2d6159-e34e-42a9-9113-2efda1bf8b94,askacademia_train,losing_improve_gemini,4,4
1f2d6159-e34e-42a9-9113-2efda1bf8b94,askacademia_train,losing_improve_gpt4omini,4,"4

This comment scores"
1f2d6159-e34e-42a9-9113-2efda1bf8b94,askacademia_train,losing_improve_gpt5nano,2,"2

This comment fails"
1f2d6159-e34e-42a9-9113-2efda1bf8b94,askacademia_train,losing_improve_llama,3,"3

This comment addresses"
1f2d6159-e34e-42a9-9113-2efda1bf8b94,askacademia_train,losing_improve_mistral,2,"2

This comment appears"
1f2d6159-e34e-42a9-9113-2efda1bf8b94,askacademia_train,losing_improve_qwen,2,"2

The comment provides"
1f2d6159-e34e-42a9-9113-2efda1bf8b94,askacademia_train,losing_paraphrase_claude,5,"5

This comment exc"
1f2d6159-e34e-42a9-9113-2efda1bf8b94,askacademia_train,losing_paraphrase_gemini,3,"3

This comment addresses"
1f2d6159-e34e-42a9-9113-2efda1bf8b94,askacademia_train,losing_paraphrase_gpt4omini,4,"4

This comment scores"
1f2d6159-e34e-42a9-9113-2efda1bf8b94,askacademia_train,losing_paraphrase_gpt5nano,4,"4

This comment scores"
1f2d6159-e34e-42a9-9113-2efda1bf8b94,askacademia_train,losing_paraphrase_llama,4,"4

This comment scores"
1f2d6159-e34e-42a9-9113-2efda1bf8b94,askacademia_train,losing_paraphrase_mistral,3,"3

This comment receives"
1f2d6159-e34e-42a9-9113-2efda1bf8b94,askacademia_train,losing_paraphrase_qwen,4,"4

This comment scores"
d7c82565-05a0-40b7-91a6-0d4020ee6814,askacademia_train,winning_text,2,"2

The comment has"
d7c82565-05a0-40b7-91a6-0d4020ee6814,askacademia_train,losing_text,4,"4

This comment scores"
d7c82565-05a0-40b7-91a6-0d4020ee6814,askacademia_train,losing_generate_claude,5,"5

This comment exc"
d7c82565-05a0-40b7-91a6-0d4020ee6814,askacademia_train,losing_generate_gemini,5,"5

This comment scores"
d7c82565-05a0-40b7-91a6-0d4020ee6814,askacademia_train,losing_generate_gpt4omini,2,"2

**Reasoning"
d7c82565-05a0-40b7-91a6-0d4020ee6814,askacademia_train,losing_generate_gpt5nano,2,"2

The comment fails"
d7c82565-05a0-40b7-91a6-0d4020ee6814,askacademia_train,losing_generate_llama,2,"2

**Reasoning"
d7c82565-05a0-40b7-91a6-0d4020ee6814,askacademia_train,losing_generate_mistral,4,"4

This comment scores"
d7c82565-05a0-40b7-91a6-0d4020ee6814,askacademia_train,losing_generate_qwen,2,"2

This comment does"
d7c82565-05a0-40b7-91a6-0d4020ee6814,askacademia_train,losing_improve_claude,5,"5

This comment exc"
d7c82565-05a0-40b7-91a6-0d4020ee6814,askacademia_train,losing_improve_gemini,5,"5

This comment exc"
d7c82565-05a0-40b7-91a6-0d4020ee6814,askacademia_train,losing_improve_gpt4omini,5,"5

This comment exc"
d7c82565-05a0-40b7-91a6-0d4020ee6814,askacademia_train,losing_improve_gpt5nano,4,"4

This comment scores"
d7c82565-05a0-40b7-91a6-0d4020ee6814,askacademia_train,losing_improve_llama,3,"3

The comment addresses"
d7c82565-05a0-40b7-91a6-0d4020ee6814,askacademia_train,losing_improve_mistral,2,"2

This comment appears"
d7c82565-05a0-40b7-91a6-0d4020ee6814,askacademia_train,losing_improve_qwen,2,"2

The comment appears"
d7c82565-05a0-40b7-91a6-0d4020ee6814,askacademia_train,losing_paraphrase_claude,5,"5

This comment scores"
d7c82565-05a0-40b7-91a6-0d4020ee6814,askacademia_train,losing_paraphrase_gemini,2,"2

The comment has"
d7c82565-05a0-40b7-91a6-0d4020ee6814,askacademia_train,losing_paraphrase_gpt4omini,4,"4

This comment scores"
d7c82565-05a0-40b7-91a6-0d4020ee6814,askacademia_train,losing_paraphrase_gpt5nano,3,"3

This comment addresses"
d7c82565-05a0-40b7-91a6-0d4020ee6814,askacademia_train,losing_paraphrase_llama,4,"4

This comment scores"
d7c82565-05a0-40b7-91a6-0d4020ee6814,askacademia_train,losing_paraphrase_mistral,4,"4

This comment scores"
d7c82565-05a0-40b7-91a6-0d4020ee6814,askacademia_train,losing_paraphrase_qwen,4,"4

This comment scores"
3c5b5c96-8923-4756-83bf-0090cc0e59fc,askacademia_train,winning_text,3,"3

The comment addresses"
3c5b5c96-8923-4756-83bf-0090cc0e59fc,askacademia_train,losing_text,2,"2

This comment has"
3c5b5c96-8923-4756-83bf-0090cc0e59fc,askacademia_train,losing_generate_claude,5,"5

This comment exc"
3c5b5c96-8923-4756-83bf-0090cc0e59fc,askacademia_train,losing_generate_gemini,5,"5

This comment scores"
3c5b5c96-8923-4756-83bf-0090cc0e59fc,askacademia_train,losing_generate_gpt4omini,2,"2

**Reasoning"
3c5b5c96-8923-4756-83bf-0090cc0e59fc,askacademia_train,losing_generate_gpt5nano,4,"4

This comment scores"
3c5b5c96-8923-4756-83bf-0090cc0e59fc,askacademia_train,losing_generate_llama,2,"2

**Reasoning"
3c5b5c96-8923-4756-83bf-0090cc0e59fc,askacademia_train,losing_generate_mistral,4,"4

This comment scores"
3c5b5c96-8923-4756-83bf-0090cc0e59fc,askacademia_train,losing_generate_qwen,2,"2

The comment does"
3c5b5c96-8923-4756-83bf-0090cc0e59fc,askacademia_train,losing_improve_claude,4,"4

This comment scores"
3c5b5c96-8923-4756-83bf-0090cc0e59fc,askacademia_train,losing_improve_gemini,5,"5

This comment scores"
3c5b5c96-8923-4756-83bf-0090cc0e59fc,askacademia_train,losing_improve_gpt4omini,4,"4

This comment scores"
3c5b5c96-8923-4756-83bf-0090cc0e59fc,askacademia_train,losing_improve_gpt5nano,5,"5

This comment scores"
3c5b5c96-8923-4756-83bf-0090cc0e59fc,askacademia_train,losing_improve_llama,3,"3

This comment is"
3c5b5c96-8923-4756-83bf-0090cc0e59fc,askacademia_train,losing_improve_mistral,2,"2

**Reasoning"
3c5b5c96-8923-4756-83bf-0090cc0e59fc,askacademia_train,losing_improve_qwen,4,"4

This comment scores"
3c5b5c96-8923-4756-83bf-0090cc0e59fc,askacademia_train,losing_paraphrase_claude,4,"4

This comment scores"
3c5b5c96-8923-4756-83bf-0090cc0e59fc,askacademia_train,losing_paraphrase_gemini,2,"2

The comment has"
3c5b5c96-8923-4756-83bf-0090cc0e59fc,askacademia_train,losing_paraphrase_gpt4omini,3,"3

This comment shows"
3c5b5c96-8923-4756-83bf-0090cc0e59fc,askacademia_train,losing_paraphrase_gpt5nano,3,"3

The comment shows"
3c5b5c96-8923-4756-83bf-0090cc0e59fc,askacademia_train,losing_paraphrase_llama,3,"3

This comment is"
3c5b5c96-8923-4756-83bf-0090cc0e59fc,askacademia_train,losing_paraphrase_mistral,3,"3

This comment shows"
3c5b5c96-8923-4756-83bf-0090cc0e59fc,askacademia_train,losing_paraphrase_qwen,3,3
e0d4d31d-bb08-439c-a106-314d2977dcd6,askacademia_train,winning_text,2,"2

The comment has"
e0d4d31d-bb08-439c-a106-314d2977dcd6,askacademia_train,losing_text,2,"2

This comment has"
e0d4d31d-bb08-439c-a106-314d2977dcd6,askacademia_train,losing_generate_claude,5,"5

This comment exc"
e0d4d31d-bb08-439c-a106-314d2977dcd6,askacademia_train,losing_generate_gemini,5,"5

This comment scores"
e0d4d31d-bb08-439c-a106-314d2977dcd6,askacademia_train,losing_generate_gpt4omini,2,"2

**Reasoning"
e0d4d31d-bb08-439c-a106-314d2977dcd6,askacademia_train,losing_generate_gpt5nano,2,"2

**Reasoning"
e0d4d31d-bb08-439c-a106-314d2977dcd6,askacademia_train,losing_generate_llama,2,"2

The comment mis"
e0d4d31d-bb08-439c-a106-314d2977dcd6,askacademia_train,losing_generate_mistral,3,"3

The comment provides"
e0d4d31d-bb08-439c-a106-314d2977dcd6,askacademia_train,losing_generate_qwen,2,"2

This comment does"
e0d4d31d-bb08-439c-a106-314d2977dcd6,askacademia_train,losing_improve_claude,2,"2

This comment fails"
e0d4d31d-bb08-439c-a106-314d2977dcd6,askacademia_train,losing_improve_gemini,5,"5

This comment scores"
e0d4d31d-bb08-439c-a106-314d2977dcd6,askacademia_train,losing_improve_gpt4omini,4,"4

This comment scores"
e0d4d31d-bb08-439c-a106-314d2977dcd6,askacademia_train,losing_improve_gpt5nano,5,"5

This comment exc"
e0d4d31d-bb08-439c-a106-314d2977dcd6,askacademia_train,losing_improve_llama,3,"3

This comment is"
e0d4d31d-bb08-439c-a106-314d2977dcd6,askacademia_train,losing_improve_mistral,2,"2

**Reasoning"
e0d4d31d-bb08-439c-a106-314d2977dcd6,askacademia_train,losing_improve_qwen,4,"4

The comment scores"
e0d4d31d-bb08-439c-a106-314d2977dcd6,askacademia_train,losing_paraphrase_claude,5,"5

This comment exc"
e0d4d31d-bb08-439c-a106-314d2977dcd6,askacademia_train,losing_paraphrase_gemini,3,"3

This comment is"
e0d4d31d-bb08-439c-a106-314d2977dcd6,askacademia_train,losing_paraphrase_gpt4omini,3,"3

This comment shows"
e0d4d31d-bb08-439c-a106-314d2977dcd6,askacademia_train,losing_paraphrase_gpt5nano,3,"3

This comment has"
e0d4d31d-bb08-439c-a106-314d2977dcd6,askacademia_train,losing_paraphrase_llama,3,"3

This comment is"
e0d4d31d-bb08-439c-a106-314d2977dcd6,askacademia_train,losing_paraphrase_mistral,3,"3

This comment shows"
e0d4d31d-bb08-439c-a106-314d2977dcd6,askacademia_train,losing_paraphrase_qwen,3,3
b2872b61-e169-4799-8810-0c921b38588c,askacademia_train,winning_text,2,"2

The comment has"
b2872b61-e169-4799-8810-0c921b38588c,askacademia_train,losing_text,4,"4

This comment scores"
b2872b61-e169-4799-8810-0c921b38588c,askacademia_train,losing_generate_claude,5,"5

This comment exc"
b2872b61-e169-4799-8810-0c921b38588c,askacademia_train,losing_generate_gemini,5,"5

This comment scores"
b2872b61-e169-4799-8810-0c921b38588c,askacademia_train,losing_generate_gpt4omini,2,"2

**Reasoning"
b2872b61-e169-4799-8810-0c921b38588c,askacademia_train,losing_generate_gpt5nano,2,"2

**Reasoning"
b2872b61-e169-4799-8810-0c921b38588c,askacademia_train,losing_generate_llama,2,"2

**Reasoning"
b2872b61-e169-4799-8810-0c921b38588c,askacademia_train,losing_generate_mistral,4,"4

The comment scores"
b2872b61-e169-4799-8810-0c921b38588c,askacademia_train,losing_generate_qwen,2,"2

This comment does"
b2872b61-e169-4799-8810-0c921b38588c,askacademia_train,losing_improve_claude,5,"5

This comment exc"
b2872b61-e169-4799-8810-0c921b38588c,askacademia_train,losing_improve_gemini,2,"2

The comment fails"
b2872b61-e169-4799-8810-0c921b38588c,askacademia_train,losing_improve_gpt4omini,4,"4

The comment scores"
b2872b61-e169-4799-8810-0c921b38588c,askacademia_train,losing_improve_gpt5nano,5,"5

This comment exc"
b2872b61-e169-4799-8810-0c921b38588c,askacademia_train,losing_improve_llama,2,"2

The comment has"
b2872b61-e169-4799-8810-0c921b38588c,askacademia_train,losing_improve_mistral,3,"3

The comment has"
b2872b61-e169-4799-8810-0c921b38588c,askacademia_train,losing_improve_qwen,3,"3

The comment addresses"
b2872b61-e169-4799-8810-0c921b38588c,askacademia_train,losing_paraphrase_claude,4,"4

This comment scores"
b2872b61-e169-4799-8810-0c921b38588c,askacademia_train,losing_paraphrase_gemini,4,"4

This comment scores"
b2872b61-e169-4799-8810-0c921b38588c,askacademia_train,losing_paraphrase_gpt4omini,4,"4

This comment scores"
b2872b61-e169-4799-8810-0c921b38588c,askacademia_train,losing_paraphrase_gpt5nano,5,"5

This comment scores"
b2872b61-e169-4799-8810-0c921b38588c,askacademia_train,losing_paraphrase_llama,3,"3

The comment addresses"
b2872b61-e169-4799-8810-0c921b38588c,askacademia_train,losing_paraphrase_mistral,4,"4

This comment scores"
b2872b61-e169-4799-8810-0c921b38588c,askacademia_train,losing_paraphrase_qwen,4,"4

This comment scores"
8e4c3cae-3891-4fc3-9362-29f0a4c58909,askacademia_train,winning_text,3,"3

The comment addresses"
8e4c3cae-3891-4fc3-9362-29f0a4c58909,askacademia_train,losing_text,4,"4

This comment scores"
8e4c3cae-3891-4fc3-9362-29f0a4c58909,askacademia_train,losing_generate_claude,5,"5

This comment exc"
8e4c3cae-3891-4fc3-9362-29f0a4c58909,askacademia_train,losing_generate_gemini,5,"5

This comment scores"
8e4c3cae-3891-4fc3-9362-29f0a4c58909,askacademia_train,losing_generate_gpt4omini,3,"3

**Reasoning"
8e4c3cae-3891-4fc3-9362-29f0a4c58909,askacademia_train,losing_generate_gpt5nano,2,"2

This comment fails"
8e4c3cae-3891-4fc3-9362-29f0a4c58909,askacademia_train,losing_generate_llama,2,"2

**Reasoning"
8e4c3cae-3891-4fc3-9362-29f0a4c58909,askacademia_train,losing_generate_mistral,2,"2

The comment has"
8e4c3cae-3891-4fc3-9362-29f0a4c58909,askacademia_train,losing_generate_qwen,2,"2

This comment does"
8e4c3cae-3891-4fc3-9362-29f0a4c58909,askacademia_train,losing_improve_claude,5,"5

This comment scores"
8e4c3cae-3891-4fc3-9362-29f0a4c58909,askacademia_train,losing_improve_gemini,2,"2

The comment fails"
8e4c3cae-3891-4fc3-9362-29f0a4c58909,askacademia_train,losing_improve_gpt4omini,4,"4

This comment scores"
8e4c3cae-3891-4fc3-9362-29f0a4c58909,askacademia_train,losing_improve_gpt5nano,5,"5

This comment scores"
8e4c3cae-3891-4fc3-9362-29f0a4c58909,askacademia_train,losing_improve_llama,2,"2

The comment has"
8e4c3cae-3891-4fc3-9362-29f0a4c58909,askacademia_train,losing_improve_mistral,3,"3

The comment has"
8e4c3cae-3891-4fc3-9362-29f0a4c58909,askacademia_train,losing_improve_qwen,3,"3

This comment receives"
8e4c3cae-3891-4fc3-9362-29f0a4c58909,askacademia_train,losing_paraphrase_claude,4,"4

This comment scores"
8e4c3cae-3891-4fc3-9362-29f0a4c58909,askacademia_train,losing_paraphrase_gemini,4,"4

The comment scores"
8e4c3cae-3891-4fc3-9362-29f0a4c58909,askacademia_train,losing_paraphrase_gpt4omini,4,"4

This comment scores"
8e4c3cae-3891-4fc3-9362-29f0a4c58909,askacademia_train,losing_paraphrase_gpt5nano,4,"4

This comment scores"
8e4c3cae-3891-4fc3-9362-29f0a4c58909,askacademia_train,losing_paraphrase_llama,3,"3

The comment addresses"
8e4c3cae-3891-4fc3-9362-29f0a4c58909,askacademia_train,losing_paraphrase_mistral,4,"4

This comment scores"
8e4c3cae-3891-4fc3-9362-29f0a4c58909,askacademia_train,losing_paraphrase_qwen,4,"4

This comment scores"
51e49a80-3feb-4313-81b7-b0e24b0ce9b7,askacademia_train,winning_text,4,"4

This comment scores"
51e49a80-3feb-4313-81b7-b0e24b0ce9b7,askacademia_train,losing_text,4,"4

This comment scores"
51e49a80-3feb-4313-81b7-b0e24b0ce9b7,askacademia_train,losing_generate_claude,5,"5

This comment exc"
51e49a80-3feb-4313-81b7-b0e24b0ce9b7,askacademia_train,losing_generate_gemini,5,"5

This comment scores"
51e49a80-3feb-4313-81b7-b0e24b0ce9b7,askacademia_train,losing_generate_gpt4omini,2,"2

**Reasoning"
51e49a80-3feb-4313-81b7-b0e24b0ce9b7,askacademia_train,losing_generate_gpt5nano,2,"2

**Reasoning"
51e49a80-3feb-4313-81b7-b0e24b0ce9b7,askacademia_train,losing_generate_llama,2,"2

**Reasoning"
51e49a80-3feb-4313-81b7-b0e24b0ce9b7,askacademia_train,losing_generate_mistral,2,"2

The comment provides"
51e49a80-3feb-4313-81b7-b0e24b0ce9b7,askacademia_train,losing_generate_qwen,2,"2

This comment does"
51e49a80-3feb-4313-81b7-b0e24b0ce9b7,askacademia_train,losing_improve_claude,3,"3

This comment has"
51e49a80-3feb-4313-81b7-b0e24b0ce9b7,askacademia_train,losing_improve_gemini,4,"4

This comment scores"
51e49a80-3feb-4313-81b7-b0e24b0ce9b7,askacademia_train,losing_improve_gpt4omini,4,"4

The comment scores"
51e49a80-3feb-4313-81b7-b0e24b0ce9b7,askacademia_train,losing_improve_gpt5nano,5,"5

This comment exc"
51e49a80-3feb-4313-81b7-b0e24b0ce9b7,askacademia_train,losing_improve_llama,2,"2

The comment has"
51e49a80-3feb-4313-81b7-b0e24b0ce9b7,askacademia_train,losing_improve_mistral,4,"4

The comment scores"
51e49a80-3feb-4313-81b7-b0e24b0ce9b7,askacademia_train,losing_improve_qwen,2,"2

The comment has"
51e49a80-3feb-4313-81b7-b0e24b0ce9b7,askacademia_train,losing_paraphrase_claude,4,"4

This comment scores"
51e49a80-3feb-4313-81b7-b0e24b0ce9b7,askacademia_train,losing_paraphrase_gemini,4,"4

The comment scores"
51e49a80-3feb-4313-81b7-b0e24b0ce9b7,askacademia_train,losing_paraphrase_gpt4omini,4,"4

The comment scores"
51e49a80-3feb-4313-81b7-b0e24b0ce9b7,askacademia_train,losing_paraphrase_gpt5nano,4,"4

This comment scores"
51e49a80-3feb-4313-81b7-b0e24b0ce9b7,askacademia_train,losing_paraphrase_llama,3,"3

The comment addresses"
51e49a80-3feb-4313-81b7-b0e24b0ce9b7,askacademia_train,losing_paraphrase_mistral,4,"4

This comment scores"
51e49a80-3feb-4313-81b7-b0e24b0ce9b7,askacademia_train,losing_paraphrase_qwen,4,"4

This comment scores"
edab6669-55b9-41f7-ab14-4012082a57a5,askacademia_train,winning_text,4,"4

This comment scores"
edab6669-55b9-41f7-ab14-4012082a57a5,askacademia_train,losing_text,4,"4

This comment scores"
edab6669-55b9-41f7-ab14-4012082a57a5,askacademia_train,losing_generate_claude,5,"5

This comment exc"
edab6669-55b9-41f7-ab14-4012082a57a5,askacademia_train,losing_generate_gemini,5,"5

This comment scores"
edab6669-55b9-41f7-ab14-4012082a57a5,askacademia_train,losing_generate_gpt4omini,2,"2

**Reasoning"
edab6669-55b9-41f7-ab14-4012082a57a5,askacademia_train,losing_generate_gpt5nano,2,"2

**Reasoning"
edab6669-55b9-41f7-ab14-4012082a57a5,askacademia_train,losing_generate_llama,2,"2

The comment makes"
edab6669-55b9-41f7-ab14-4012082a57a5,askacademia_train,losing_generate_mistral,2,"2

The comment provides"
edab6669-55b9-41f7-ab14-4012082a57a5,askacademia_train,losing_generate_qwen,2,"2

This comment does"
edab6669-55b9-41f7-ab14-4012082a57a5,askacademia_train,losing_improve_claude,2,"2

This comment has"
edab6669-55b9-41f7-ab14-4012082a57a5,askacademia_train,losing_improve_gemini,2,"2

The comment fails"
edab6669-55b9-41f7-ab14-4012082a57a5,askacademia_train,losing_improve_gpt4omini,4,"4

This comment scores"
edab6669-55b9-41f7-ab14-4012082a57a5,askacademia_train,losing_improve_gpt5nano,4,"4

This comment scores"
edab6669-55b9-41f7-ab14-4012082a57a5,askacademia_train,losing_improve_llama,2,"2

The comment has"
edab6669-55b9-41f7-ab14-4012082a57a5,askacademia_train,losing_improve_mistral,4,"4

This comment scores"
edab6669-55b9-41f7-ab14-4012082a57a5,askacademia_train,losing_improve_qwen,3,"3

The comment addresses"
edab6669-55b9-41f7-ab14-4012082a57a5,askacademia_train,losing_paraphrase_claude,4,"4

This comment scores"
edab6669-55b9-41f7-ab14-4012082a57a5,askacademia_train,losing_paraphrase_gemini,3,"3

This comment has"
edab6669-55b9-41f7-ab14-4012082a57a5,askacademia_train,losing_paraphrase_gpt4omini,4,"4

The comment scores"
edab6669-55b9-41f7-ab14-4012082a57a5,askacademia_train,losing_paraphrase_gpt5nano,4,"4

This comment scores"
edab6669-55b9-41f7-ab14-4012082a57a5,askacademia_train,losing_paraphrase_llama,3,"3

The comment addresses"
edab6669-55b9-41f7-ab14-4012082a57a5,askacademia_train,losing_paraphrase_mistral,4,"4

This comment scores"
edab6669-55b9-41f7-ab14-4012082a57a5,askacademia_train,losing_paraphrase_qwen,4,"4

This comment scores"
9bd17922-ef84-4ccf-97b5-b8c240e76ac2,askacademia_train,winning_text,2,"2

The comment has"
9bd17922-ef84-4ccf-97b5-b8c240e76ac2,askacademia_train,losing_text,2,"2

This comment has"
9bd17922-ef84-4ccf-97b5-b8c240e76ac2,askacademia_train,losing_generate_claude,5,"5

This comment exc"
9bd17922-ef84-4ccf-97b5-b8c240e76ac2,askacademia_train,losing_generate_gemini,5,"5

This comment scores"
9bd17922-ef84-4ccf-97b5-b8c240e76ac2,askacademia_train,losing_generate_gpt4omini,2,"2

**Reasoning"
9bd17922-ef84-4ccf-97b5-b8c240e76ac2,askacademia_train,losing_generate_gpt5nano,5,"5

This comment scores"
9bd17922-ef84-4ccf-97b5-b8c240e76ac2,askacademia_train,losing_generate_llama,2,"2

**Reasoning"
9bd17922-ef84-4ccf-97b5-b8c240e76ac2,askacademia_train,losing_generate_mistral,2,"2

**Reasoning"
9bd17922-ef84-4ccf-97b5-b8c240e76ac2,askacademia_train,losing_generate_qwen,2,"2

This comment does"
9bd17922-ef84-4ccf-97b5-b8c240e76ac2,askacademia_train,losing_improve_claude,2,"2

This comment appears"
9bd17922-ef84-4ccf-97b5-b8c240e76ac2,askacademia_train,losing_improve_gemini,3,"3

This comment addresses"
9bd17922-ef84-4ccf-97b5-b8c240e76ac2,askacademia_train,losing_improve_gpt4omini,3,"3

The comment provides"
9bd17922-ef84-4ccf-97b5-b8c240e76ac2,askacademia_train,losing_improve_gpt5nano,5,"5

This comment exc"
9bd17922-ef84-4ccf-97b5-b8c240e76ac2,askacademia_train,losing_improve_llama,2,"2

**Reasoning"
9bd17922-ef84-4ccf-97b5-b8c240e76ac2,askacademia_train,losing_improve_mistral,4,"4

This comment scores"
9bd17922-ef84-4ccf-97b5-b8c240e76ac2,askacademia_train,losing_improve_qwen,4,"4

The comment scores"
9bd17922-ef84-4ccf-97b5-b8c240e76ac2,askacademia_train,losing_paraphrase_claude,4,"4

This comment scores"
9bd17922-ef84-4ccf-97b5-b8c240e76ac2,askacademia_train,losing_paraphrase_gemini,3,"3

This comment has"
9bd17922-ef84-4ccf-97b5-b8c240e76ac2,askacademia_train,losing_paraphrase_gpt4omini,4,"4

This comment scores"
9bd17922-ef84-4ccf-97b5-b8c240e76ac2,askacademia_train,losing_paraphrase_gpt5nano,3,"3

This comment addresses"
9bd17922-ef84-4ccf-97b5-b8c240e76ac2,askacademia_train,losing_paraphrase_llama,4,"4

This comment scores"
9bd17922-ef84-4ccf-97b5-b8c240e76ac2,askacademia_train,losing_paraphrase_mistral,3,"3

This comment is"
9bd17922-ef84-4ccf-97b5-b8c240e76ac2,askacademia_train,losing_paraphrase_qwen,4,"4

The comment scores"
281557e4-236f-4969-af9f-8945dea42926,askacademia_train,winning_text,3,"3

The comment addresses"
281557e4-236f-4969-af9f-8945dea42926,askacademia_train,losing_text,2,"2

This comment has"
281557e4-236f-4969-af9f-8945dea42926,askacademia_train,losing_generate_claude,5,"5

This comment exc"
281557e4-236f-4969-af9f-8945dea42926,askacademia_train,losing_generate_gemini,5,"5

This comment scores"
281557e4-236f-4969-af9f-8945dea42926,askacademia_train,losing_generate_gpt4omini,2,"2

**Reasoning"
281557e4-236f-4969-af9f-8945dea42926,askacademia_train,losing_generate_gpt5nano,3,"3

The comment has"
281557e4-236f-4969-af9f-8945dea42926,askacademia_train,losing_generate_llama,2,"2

**Reasoning"
281557e4-236f-4969-af9f-8945dea42926,askacademia_train,losing_generate_mistral,2,"2

**Reasoning"
281557e4-236f-4969-af9f-8945dea42926,askacademia_train,losing_generate_qwen,2,"2

This comment does"
281557e4-236f-4969-af9f-8945dea42926,askacademia_train,losing_improve_claude,3,3
281557e4-236f-4969-af9f-8945dea42926,askacademia_train,losing_improve_gemini,4,"4

This comment scores"
281557e4-236f-4969-af9f-8945dea42926,askacademia_train,losing_improve_gpt4omini,3,"3

The comment provides"
281557e4-236f-4969-af9f-8945dea42926,askacademia_train,losing_improve_gpt5nano,5,"5

This comment exc"
281557e4-236f-4969-af9f-8945dea42926,askacademia_train,losing_improve_llama,2,"2

**Reasoning"
281557e4-236f-4969-af9f-8945dea42926,askacademia_train,losing_improve_mistral,4,"4

This comment scores"
281557e4-236f-4969-af9f-8945dea42926,askacademia_train,losing_improve_qwen,4,"4

This comment scores"
281557e4-236f-4969-af9f-8945dea42926,askacademia_train,losing_paraphrase_claude,4,"4

This comment scores"
281557e4-236f-4969-af9f-8945dea42926,askacademia_train,losing_paraphrase_gemini,2,"2

This comment lacks"
281557e4-236f-4969-af9f-8945dea42926,askacademia_train,losing_paraphrase_gpt4omini,4,"4

This comment scores"
281557e4-236f-4969-af9f-8945dea42926,askacademia_train,losing_paraphrase_gpt5nano,4,"4

This comment scores"
281557e4-236f-4969-af9f-8945dea42926,askacademia_train,losing_paraphrase_llama,4,"4

This comment scores"
281557e4-236f-4969-af9f-8945dea42926,askacademia_train,losing_paraphrase_mistral,4,"4

This comment scores"
281557e4-236f-4969-af9f-8945dea42926,askacademia_train,losing_paraphrase_qwen,4,"4

This comment scores"
76ae0379-eee7-4ff5-9afc-90d02ea33d93,askacademia_train,winning_text,4,"4

This comment scores"
76ae0379-eee7-4ff5-9afc-90d02ea33d93,askacademia_train,losing_text,2,"2

This comment has"
76ae0379-eee7-4ff5-9afc-90d02ea33d93,askacademia_train,losing_generate_claude,5,"5

This comment exc"
76ae0379-eee7-4ff5-9afc-90d02ea33d93,askacademia_train,losing_generate_gemini,5,"5

This comment scores"
76ae0379-eee7-4ff5-9afc-90d02ea33d93,askacademia_train,losing_generate_gpt4omini,2,"2

**Reasoning"
76ae0379-eee7-4ff5-9afc-90d02ea33d93,askacademia_train,losing_generate_gpt5nano,2,"2

**Reasoning"
76ae0379-eee7-4ff5-9afc-90d02ea33d93,askacademia_train,losing_generate_llama,2,"2

The comment has"
76ae0379-eee7-4ff5-9afc-90d02ea33d93,askacademia_train,losing_generate_mistral,3,"3

The comment provides"
76ae0379-eee7-4ff5-9afc-90d02ea33d93,askacademia_train,losing_generate_qwen,2,"2

This comment does"
76ae0379-eee7-4ff5-9afc-90d02ea33d93,askacademia_train,losing_improve_claude,3,"3

This comment has"
76ae0379-eee7-4ff5-9afc-90d02ea33d93,askacademia_train,losing_improve_gemini,4,"4

This comment scores"
76ae0379-eee7-4ff5-9afc-90d02ea33d93,askacademia_train,losing_improve_gpt4omini,3,"3

The comment provides"
76ae0379-eee7-4ff5-9afc-90d02ea33d93,askacademia_train,losing_improve_gpt5nano,5,"5

This comment exc"
76ae0379-eee7-4ff5-9afc-90d02ea33d93,askacademia_train,losing_improve_llama,2,"2

**Reasoning"
76ae0379-eee7-4ff5-9afc-90d02ea33d93,askacademia_train,losing_improve_mistral,4,"4

This comment scores"
76ae0379-eee7-4ff5-9afc-90d02ea33d93,askacademia_train,losing_improve_qwen,4,"4

This comment scores"
76ae0379-eee7-4ff5-9afc-90d02ea33d93,askacademia_train,losing_paraphrase_claude,4,"4

This comment scores"
76ae0379-eee7-4ff5-9afc-90d02ea33d93,askacademia_train,losing_paraphrase_gemini,4,"4

This comment scores"
76ae0379-eee7-4ff5-9afc-90d02ea33d93,askacademia_train,losing_paraphrase_gpt4omini,4,"4

This comment scores"
76ae0379-eee7-4ff5-9afc-90d02ea33d93,askacademia_train,losing_paraphrase_gpt5nano,3,"3

This comment addresses"
76ae0379-eee7-4ff5-9afc-90d02ea33d93,askacademia_train,losing_paraphrase_llama,4,"4

This comment scores"
76ae0379-eee7-4ff5-9afc-90d02ea33d93,askacademia_train,losing_paraphrase_mistral,3,"3

The comment addresses"
76ae0379-eee7-4ff5-9afc-90d02ea33d93,askacademia_train,losing_paraphrase_qwen,4,"4

This comment scores"
8566bc4c-e31a-4052-93ff-7c6c11e900d8,askacademia_train,winning_text,4,"4

This comment scores"
8566bc4c-e31a-4052-93ff-7c6c11e900d8,askacademia_train,losing_text,2,"2

This comment has"
8566bc4c-e31a-4052-93ff-7c6c11e900d8,askacademia_train,losing_generate_claude,5,"5

This comment exc"
8566bc4c-e31a-4052-93ff-7c6c11e900d8,askacademia_train,losing_generate_gemini,5,"5

This comment scores"
8566bc4c-e31a-4052-93ff-7c6c11e900d8,askacademia_train,losing_generate_gpt4omini,2,"2

**Reasoning"
8566bc4c-e31a-4052-93ff-7c6c11e900d8,askacademia_train,losing_generate_gpt5nano,2,"2

**Reasoning"
8566bc4c-e31a-4052-93ff-7c6c11e900d8,askacademia_train,losing_generate_llama,2,"2

**Reasoning"
8566bc4c-e31a-4052-93ff-7c6c11e900d8,askacademia_train,losing_generate_mistral,2,"2

The comment has"
8566bc4c-e31a-4052-93ff-7c6c11e900d8,askacademia_train,losing_generate_qwen,2,"2

This comment does"
8566bc4c-e31a-4052-93ff-7c6c11e900d8,askacademia_train,losing_improve_claude,4,"4

This comment scores"
8566bc4c-e31a-4052-93ff-7c6c11e900d8,askacademia_train,losing_improve_gemini,3,"3

This comment addresses"
8566bc4c-e31a-4052-93ff-7c6c11e900d8,askacademia_train,losing_improve_gpt4omini,3,"3

The comment provides"
8566bc4c-e31a-4052-93ff-7c6c11e900d8,askacademia_train,losing_improve_gpt5nano,5,"5

This comment exc"
8566bc4c-e31a-4052-93ff-7c6c11e900d8,askacademia_train,losing_improve_llama,2,"2

**Reasoning"
8566bc4c-e31a-4052-93ff-7c6c11e900d8,askacademia_train,losing_improve_mistral,4,"4

This comment scores"
8566bc4c-e31a-4052-93ff-7c6c11e900d8,askacademia_train,losing_improve_qwen,4,"4

This comment scores"
8566bc4c-e31a-4052-93ff-7c6c11e900d8,askacademia_train,losing_paraphrase_claude,2,"2

The comment makes"
8566bc4c-e31a-4052-93ff-7c6c11e900d8,askacademia_train,losing_paraphrase_gemini,4,"4

This comment scores"
8566bc4c-e31a-4052-93ff-7c6c11e900d8,askacademia_train,losing_paraphrase_gpt4omini,3,"3

This comment addresses"
8566bc4c-e31a-4052-93ff-7c6c11e900d8,askacademia_train,losing_paraphrase_gpt5nano,4,"4

This comment scores"
8566bc4c-e31a-4052-93ff-7c6c11e900d8,askacademia_train,losing_paraphrase_llama,4,"4

This comment scores"
8566bc4c-e31a-4052-93ff-7c6c11e900d8,askacademia_train,losing_paraphrase_mistral,4,"4

This comment scores"
8566bc4c-e31a-4052-93ff-7c6c11e900d8,askacademia_train,losing_paraphrase_qwen,4,"4

This comment scores"
75777e87-b947-43a4-8f55-1a161ce4d8aa,askacademia_train,winning_text,4,"4

The comment scores"
75777e87-b947-43a4-8f55-1a161ce4d8aa,askacademia_train,losing_text,2,"2

This comment has"
75777e87-b947-43a4-8f55-1a161ce4d8aa,askacademia_train,losing_generate_claude,5,"5

This comment exc"
75777e87-b947-43a4-8f55-1a161ce4d8aa,askacademia_train,losing_generate_gemini,5,"5

This comment scores"
75777e87-b947-43a4-8f55-1a161ce4d8aa,askacademia_train,losing_generate_gpt4omini,2,"2

**Reasoning"
75777e87-b947-43a4-8f55-1a161ce4d8aa,askacademia_train,losing_generate_gpt5nano,5,"5

This comment exc"
75777e87-b947-43a4-8f55-1a161ce4d8aa,askacademia_train,losing_generate_llama,2,"2

**Reasoning"
75777e87-b947-43a4-8f55-1a161ce4d8aa,askacademia_train,losing_generate_mistral,2,"2

The comment has"
75777e87-b947-43a4-8f55-1a161ce4d8aa,askacademia_train,losing_generate_qwen,2,"2

This comment does"
75777e87-b947-43a4-8f55-1a161ce4d8aa,askacademia_train,losing_improve_claude,3,"3

This comment appears"
75777e87-b947-43a4-8f55-1a161ce4d8aa,askacademia_train,losing_improve_gemini,3,"3

This comment addresses"
75777e87-b947-43a4-8f55-1a161ce4d8aa,askacademia_train,losing_improve_gpt4omini,3,"3

The comment provides"
75777e87-b947-43a4-8f55-1a161ce4d8aa,askacademia_train,losing_improve_gpt5nano,5,"5

This comment scores"
75777e87-b947-43a4-8f55-1a161ce4d8aa,askacademia_train,losing_improve_llama,2,"2

**Reasoning"
75777e87-b947-43a4-8f55-1a161ce4d8aa,askacademia_train,losing_improve_mistral,4,"4

This comment scores"
75777e87-b947-43a4-8f55-1a161ce4d8aa,askacademia_train,losing_improve_qwen,4,"4

This comment scores"
75777e87-b947-43a4-8f55-1a161ce4d8aa,askacademia_train,losing_paraphrase_claude,4,"4

This comment scores"
75777e87-b947-43a4-8f55-1a161ce4d8aa,askacademia_train,losing_paraphrase_gemini,4,"4

This comment scores"
75777e87-b947-43a4-8f55-1a161ce4d8aa,askacademia_train,losing_paraphrase_gpt4omini,4,"4

This comment scores"
75777e87-b947-43a4-8f55-1a161ce4d8aa,askacademia_train,losing_paraphrase_gpt5nano,3,"3

This comment has"
75777e87-b947-43a4-8f55-1a161ce4d8aa,askacademia_train,losing_paraphrase_llama,3,"3

This comment addresses"
75777e87-b947-43a4-8f55-1a161ce4d8aa,askacademia_train,losing_paraphrase_mistral,3,"3

The comment addresses"
75777e87-b947-43a4-8f55-1a161ce4d8aa,askacademia_train,losing_paraphrase_qwen,4,"4

The comment scores"
2fa593d6-862d-49a7-b291-2f0fb7d29253,askacademia_train,winning_text,4,"4

The comment scores"
2fa593d6-862d-49a7-b291-2f0fb7d29253,askacademia_train,losing_text,5,"5

This comment scores"
2fa593d6-862d-49a7-b291-2f0fb7d29253,askacademia_train,losing_generate_claude,5,"5

This comment exc"
2fa593d6-862d-49a7-b291-2f0fb7d29253,askacademia_train,losing_generate_gemini,5,"5

This comment scores"
2fa593d6-862d-49a7-b291-2f0fb7d29253,askacademia_train,losing_generate_gpt4omini,2,"2

**Reasoning"
2fa593d6-862d-49a7-b291-2f0fb7d29253,askacademia_train,losing_generate_gpt5nano,4,"4

This comment scores"
2fa593d6-862d-49a7-b291-2f0fb7d29253,askacademia_train,losing_generate_llama,2,"2

The comment mis"
2fa593d6-862d-49a7-b291-2f0fb7d29253,askacademia_train,losing_generate_mistral,2,"2

**Reasoning"
2fa593d6-862d-49a7-b291-2f0fb7d29253,askacademia_train,losing_generate_qwen,2,"2

The comment does"
2fa593d6-862d-49a7-b291-2f0fb7d29253,askacademia_train,losing_improve_claude,5,"5

This comment exc"
2fa593d6-862d-49a7-b291-2f0fb7d29253,askacademia_train,losing_improve_gemini,5,"5

This comment scores"
2fa593d6-862d-49a7-b291-2f0fb7d29253,askacademia_train,losing_improve_gpt4omini,5,"5

This comment scores"
2fa593d6-862d-49a7-b291-2f0fb7d29253,askacademia_train,losing_improve_gpt5nano,2,"2

This comment fails"
2fa593d6-862d-49a7-b291-2f0fb7d29253,askacademia_train,losing_improve_llama,4,"4

The comment scores"
2fa593d6-862d-49a7-b291-2f0fb7d29253,askacademia_train,losing_improve_qwen,5,"5

This comment scores"
2fa593d6-862d-49a7-b291-2f0fb7d29253,askacademia_train,losing_paraphrase_claude,5,"5

This comment scores"
2fa593d6-862d-49a7-b291-2f0fb7d29253,askacademia_train,losing_paraphrase_gemini,3,"3

This comment receives"
2fa593d6-862d-49a7-b291-2f0fb7d29253,askacademia_train,losing_paraphrase_gpt4omini,5,"5

This comment scores"
2fa593d6-862d-49a7-b291-2f0fb7d29253,askacademia_train,losing_paraphrase_gpt5nano,5,"5

This comment scores"
2fa593d6-862d-49a7-b291-2f0fb7d29253,askacademia_train,losing_paraphrase_llama,4,"4

The comment scores"
2fa593d6-862d-49a7-b291-2f0fb7d29253,askacademia_train,losing_paraphrase_mistral,4,"4

This comment scores"
2fa593d6-862d-49a7-b291-2f0fb7d29253,askacademia_train,losing_paraphrase_qwen,4,"4

This comment scores"
b03c3e49-bd3f-42a1-a6d2-e07db2d427e4,askacademia_train,winning_text,3,"3

The comment addresses"
b03c3e49-bd3f-42a1-a6d2-e07db2d427e4,askacademia_train,losing_text,4,"4

This comment scores"
b03c3e49-bd3f-42a1-a6d2-e07db2d427e4,askacademia_train,losing_generate_claude,5,"5

This comment exc"
b03c3e49-bd3f-42a1-a6d2-e07db2d427e4,askacademia_train,losing_generate_gemini,5,"5

This comment scores"
b03c3e49-bd3f-42a1-a6d2-e07db2d427e4,askacademia_train,losing_generate_gpt4omini,2,"2

**Reasoning"
b03c3e49-bd3f-42a1-a6d2-e07db2d427e4,askacademia_train,losing_generate_gpt5nano,2,"2

The comment has"
b03c3e49-bd3f-42a1-a6d2-e07db2d427e4,askacademia_train,losing_generate_llama,2,"2

**Reasoning"
b03c3e49-bd3f-42a1-a6d2-e07db2d427e4,askacademia_train,losing_generate_mistral,2,"2

The comment provides"
b03c3e49-bd3f-42a1-a6d2-e07db2d427e4,askacademia_train,losing_generate_qwen,2,"2

The comment does"
b03c3e49-bd3f-42a1-a6d2-e07db2d427e4,askacademia_train,losing_improve_claude,5,"5

This comment scores"
b03c3e49-bd3f-42a1-a6d2-e07db2d427e4,askacademia_train,losing_improve_gemini,5,"5

This comment scores"
b03c3e49-bd3f-42a1-a6d2-e07db2d427e4,askacademia_train,losing_improve_gpt4omini,4,"4

This comment scores"
b03c3e49-bd3f-42a1-a6d2-e07db2d427e4,askacademia_train,losing_improve_gpt5nano,4,"4

This comment scores"
b03c3e49-bd3f-42a1-a6d2-e07db2d427e4,askacademia_train,losing_improve_llama,3,"3

The comment addresses"
b03c3e49-bd3f-42a1-a6d2-e07db2d427e4,askacademia_train,losing_improve_mistral,5,"5

This comment scores"
b03c3e49-bd3f-42a1-a6d2-e07db2d427e4,askacademia_train,losing_improve_qwen,4,"4

This comment scores"
b03c3e49-bd3f-42a1-a6d2-e07db2d427e4,askacademia_train,losing_paraphrase_claude,4,"4

This comment scores"
b03c3e49-bd3f-42a1-a6d2-e07db2d427e4,askacademia_train,losing_paraphrase_gemini,3,"3

This comment receives"
b03c3e49-bd3f-42a1-a6d2-e07db2d427e4,askacademia_train,losing_paraphrase_gpt4omini,4,"4

This comment scores"
b03c3e49-bd3f-42a1-a6d2-e07db2d427e4,askacademia_train,losing_paraphrase_gpt5nano,4,"4

This comment scores"
b03c3e49-bd3f-42a1-a6d2-e07db2d427e4,askacademia_train,losing_paraphrase_llama,4,"4

This comment scores"
b03c3e49-bd3f-42a1-a6d2-e07db2d427e4,askacademia_train,losing_paraphrase_mistral,4,"4

This comment scores"
b03c3e49-bd3f-42a1-a6d2-e07db2d427e4,askacademia_train,losing_paraphrase_qwen,4,"4

The comment scores"
2673a57c-9e03-40e8-b2cb-0d0a42091ec6,askacademia_train,winning_text,4,"4

The comment scores"
2673a57c-9e03-40e8-b2cb-0d0a42091ec6,askacademia_train,losing_text,1,"1

This comment fails"
2673a57c-9e03-40e8-b2cb-0d0a42091ec6,askacademia_train,losing_generate_claude,5,"5

This comment exc"
2673a57c-9e03-40e8-b2cb-0d0a42091ec6,askacademia_train,losing_generate_gemini,5,"5

This comment scores"
2673a57c-9e03-40e8-b2cb-0d0a42091ec6,askacademia_train,losing_generate_gpt4omini,2,"2

**Reasoning"
2673a57c-9e03-40e8-b2cb-0d0a42091ec6,askacademia_train,losing_generate_gpt5nano,5,"5

This comment exc"
2673a57c-9e03-40e8-b2cb-0d0a42091ec6,askacademia_train,losing_generate_llama,2,"2

**Reasoning"
2673a57c-9e03-40e8-b2cb-0d0a42091ec6,askacademia_train,losing_generate_mistral,4,"4

This comment scores"
2673a57c-9e03-40e8-b2cb-0d0a42091ec6,askacademia_train,losing_generate_qwen,2,"2

This comment does"
2673a57c-9e03-40e8-b2cb-0d0a42091ec6,askacademia_train,losing_improve_claude,4,"4

This comment scores"
2673a57c-9e03-40e8-b2cb-0d0a42091ec6,askacademia_train,losing_improve_gemini,2,"2

This comment scores"
2673a57c-9e03-40e8-b2cb-0d0a42091ec6,askacademia_train,losing_improve_gpt4omini,2,"2

The comment is"
2673a57c-9e03-40e8-b2cb-0d0a42091ec6,askacademia_train,losing_improve_gpt5nano,2,"2

This comment appears"
2673a57c-9e03-40e8-b2cb-0d0a42091ec6,askacademia_train,losing_improve_llama,2,"2

This comment has"
2673a57c-9e03-40e8-b2cb-0d0a42091ec6,askacademia_train,losing_improve_mistral,2,"2

This comment scores"
2673a57c-9e03-40e8-b2cb-0d0a42091ec6,askacademia_train,losing_improve_qwen,2,"2

This comment scores"
2673a57c-9e03-40e8-b2cb-0d0a42091ec6,askacademia_train,losing_paraphrase_claude,1,"1

This comment fails"
2673a57c-9e03-40e8-b2cb-0d0a42091ec6,askacademia_train,losing_paraphrase_gemini,3,"3

This comment addresses"
2673a57c-9e03-40e8-b2cb-0d0a42091ec6,askacademia_train,losing_paraphrase_gpt4omini,1,"1

This comment fails"
2673a57c-9e03-40e8-b2cb-0d0a42091ec6,askacademia_train,losing_paraphrase_gpt5nano,1,"1

This comment fails"
2673a57c-9e03-40e8-b2cb-0d0a42091ec6,askacademia_train,losing_paraphrase_llama,2,"2

The comment has"
2673a57c-9e03-40e8-b2cb-0d0a42091ec6,askacademia_train,losing_paraphrase_mistral,2,"2

This comment scores"
2673a57c-9e03-40e8-b2cb-0d0a42091ec6,askacademia_train,losing_paraphrase_qwen,2,"2

This comment fails"
2b91ad7f-a14b-4847-9f52-103a101a861e,askacademia_train,winning_text,2,"2

This comment appears"
2b91ad7f-a14b-4847-9f52-103a101a861e,askacademia_train,losing_text,3,"3

This comment is"
2b91ad7f-a14b-4847-9f52-103a101a861e,askacademia_train,losing_generate_claude,5,"5

This comment exc"
2b91ad7f-a14b-4847-9f52-103a101a861e,askacademia_train,losing_generate_gemini,5,"5

This comment scores"
2b91ad7f-a14b-4847-9f52-103a101a861e,askacademia_train,losing_generate_gpt4omini,2,"2

**Reasoning"
2b91ad7f-a14b-4847-9f52-103a101a861e,askacademia_train,losing_generate_gpt5nano,5,"5

This comment exc"
2b91ad7f-a14b-4847-9f52-103a101a861e,askacademia_train,losing_generate_llama,2,"2

**Reasoning"
2b91ad7f-a14b-4847-9f52-103a101a861e,askacademia_train,losing_generate_mistral,3,"3

The comment provides"
2b91ad7f-a14b-4847-9f52-103a101a861e,askacademia_train,losing_generate_qwen,2,"2

The comment does"
2b91ad7f-a14b-4847-9f52-103a101a861e,askacademia_train,losing_improve_claude,5,"5

This comment exc"
2b91ad7f-a14b-4847-9f52-103a101a861e,askacademia_train,losing_improve_gemini,4,"4

This comment scores"
2b91ad7f-a14b-4847-9f52-103a101a861e,askacademia_train,losing_improve_gpt4omini,2,"2

The comment has"
2b91ad7f-a14b-4847-9f52-103a101a861e,askacademia_train,losing_improve_gpt5nano,5,"5

This comment scores"
2b91ad7f-a14b-4847-9f52-103a101a861e,askacademia_train,losing_improve_llama,3,"3

The comment addresses"
2b91ad7f-a14b-4847-9f52-103a101a861e,askacademia_train,losing_improve_mistral,3,"3

This comment is"
2b91ad7f-a14b-4847-9f52-103a101a861e,askacademia_train,losing_improve_qwen,3,"3

This comment partially"
2b91ad7f-a14b-4847-9f52-103a101a861e,askacademia_train,losing_paraphrase_claude,3,"3

This comment partially"
2b91ad7f-a14b-4847-9f52-103a101a861e,askacademia_train,losing_paraphrase_gemini,3,"3

This comment addresses"
2b91ad7f-a14b-4847-9f52-103a101a861e,askacademia_train,losing_paraphrase_gpt4omini,3,"3

This comment is"
2b91ad7f-a14b-4847-9f52-103a101a861e,askacademia_train,losing_paraphrase_gpt5nano,2,"2

This comment scores"
2b91ad7f-a14b-4847-9f52-103a101a861e,askacademia_train,losing_paraphrase_llama,3,"3

This comment is"
2b91ad7f-a14b-4847-9f52-103a101a861e,askacademia_train,losing_paraphrase_mistral,3,"3

This comment addresses"
2b91ad7f-a14b-4847-9f52-103a101a861e,askacademia_train,losing_paraphrase_qwen,3,"3

This comment is"
46930bb5-0654-461d-822e-8002dd40b5f3,askacademia_train,winning_text,2,"2

This comment lacks"
46930bb5-0654-461d-822e-8002dd40b5f3,askacademia_train,losing_text,3,"3

The comment addresses"
46930bb5-0654-461d-822e-8002dd40b5f3,askacademia_train,losing_generate_claude,5,"5

This comment exc"
46930bb5-0654-461d-822e-8002dd40b5f3,askacademia_train,losing_generate_gemini,5,"5

This comment scores"
46930bb5-0654-461d-822e-8002dd40b5f3,askacademia_train,losing_generate_gpt4omini,2,"2

**Reasoning"
46930bb5-0654-461d-822e-8002dd40b5f3,askacademia_train,losing_generate_gpt5nano,2,"2

**Reasoning"
46930bb5-0654-461d-822e-8002dd40b5f3,askacademia_train,losing_generate_llama,2,"2

**Reasoning"
46930bb5-0654-461d-822e-8002dd40b5f3,askacademia_train,losing_generate_mistral,2,"2

**Reasoning"
46930bb5-0654-461d-822e-8002dd40b5f3,askacademia_train,losing_generate_qwen,2,"2

This comment does"
46930bb5-0654-461d-822e-8002dd40b5f3,askacademia_train,losing_improve_claude,5,"5

This comment exc"
46930bb5-0654-461d-822e-8002dd40b5f3,askacademia_train,losing_improve_gemini,4,"4

This comment scores"
46930bb5-0654-461d-822e-8002dd40b5f3,askacademia_train,losing_improve_gpt4omini,2,"2

The comment has"
46930bb5-0654-461d-822e-8002dd40b5f3,askacademia_train,losing_improve_gpt5nano,5,"5

This comment scores"
46930bb5-0654-461d-822e-8002dd40b5f3,askacademia_train,losing_improve_llama,2,"2

This comment has"
46930bb5-0654-461d-822e-8002dd40b5f3,askacademia_train,losing_improve_mistral,3,"3

The comment addresses"
46930bb5-0654-461d-822e-8002dd40b5f3,askacademia_train,losing_improve_qwen,4,"4

The comment scores"
46930bb5-0654-461d-822e-8002dd40b5f3,askacademia_train,losing_paraphrase_claude,3,"3

This comment addresses"
46930bb5-0654-461d-822e-8002dd40b5f3,askacademia_train,losing_paraphrase_gemini,4,"4

This comment scores"
46930bb5-0654-461d-822e-8002dd40b5f3,askacademia_train,losing_paraphrase_gpt4omini,3,"3

The comment addresses"
46930bb5-0654-461d-822e-8002dd40b5f3,askacademia_train,losing_paraphrase_gpt5nano,3,"3

The comment addresses"
46930bb5-0654-461d-822e-8002dd40b5f3,askacademia_train,losing_paraphrase_llama,2,"2

The comment has"
46930bb5-0654-461d-822e-8002dd40b5f3,askacademia_train,losing_paraphrase_mistral,2,"2

This comment has"
46930bb5-0654-461d-822e-8002dd40b5f3,askacademia_train,losing_paraphrase_qwen,3,"3

This comment has"
59e9e5ed-9fa2-46e4-96fc-5cda09d749e0,askacademia_train,winning_text,2,"2

This comment lacks"
59e9e5ed-9fa2-46e4-96fc-5cda09d749e0,askacademia_train,losing_text,4,"4

This comment scores"
59e9e5ed-9fa2-46e4-96fc-5cda09d749e0,askacademia_train,losing_generate_claude,5,"5

This comment exc"
59e9e5ed-9fa2-46e4-96fc-5cda09d749e0,askacademia_train,losing_generate_gemini,5,"5

This comment scores"
59e9e5ed-9fa2-46e4-96fc-5cda09d749e0,askacademia_train,losing_generate_gpt4omini,2,"2

**Reasoning"
59e9e5ed-9fa2-46e4-96fc-5cda09d749e0,askacademia_train,losing_generate_gpt5nano,2,"2

The comment mis"
59e9e5ed-9fa2-46e4-96fc-5cda09d749e0,askacademia_train,losing_generate_llama,2,"2

**Reasoning"
59e9e5ed-9fa2-46e4-96fc-5cda09d749e0,askacademia_train,losing_generate_mistral,3,"3

The comment provides"
59e9e5ed-9fa2-46e4-96fc-5cda09d749e0,askacademia_train,losing_generate_qwen,2,"2

This comment does"
59e9e5ed-9fa2-46e4-96fc-5cda09d749e0,askacademia_train,losing_improve_claude,5,"5

This comment exc"
59e9e5ed-9fa2-46e4-96fc-5cda09d749e0,askacademia_train,losing_improve_gemini,4,"4

This comment scores"
59e9e5ed-9fa2-46e4-96fc-5cda09d749e0,askacademia_train,losing_improve_gpt4omini,2,"2

This comment has"
59e9e5ed-9fa2-46e4-96fc-5cda09d749e0,askacademia_train,losing_improve_gpt5nano,3,"3

The comment has"
59e9e5ed-9fa2-46e4-96fc-5cda09d749e0,askacademia_train,losing_improve_llama,3,"3

This comment is"
59e9e5ed-9fa2-46e4-96fc-5cda09d749e0,askacademia_train,losing_improve_mistral,3,"3

This comment shares"
59e9e5ed-9fa2-46e4-96fc-5cda09d749e0,askacademia_train,losing_improve_qwen,2,"2

The comment lacks"
59e9e5ed-9fa2-46e4-96fc-5cda09d749e0,askacademia_train,losing_paraphrase_claude,2,"2

This comment has"
59e9e5ed-9fa2-46e4-96fc-5cda09d749e0,askacademia_train,losing_paraphrase_gemini,4,"4

This comment scores"
59e9e5ed-9fa2-46e4-96fc-5cda09d749e0,askacademia_train,losing_paraphrase_gpt4omini,2,"2

This comment has"
59e9e5ed-9fa2-46e4-96fc-5cda09d749e0,askacademia_train,losing_paraphrase_gpt5nano,3,"3

This comment shares"
59e9e5ed-9fa2-46e4-96fc-5cda09d749e0,askacademia_train,losing_paraphrase_llama,ERROR,
59e9e5ed-9fa2-46e4-96fc-5cda09d749e0,askacademia_train,losing_paraphrase_mistral,2,"2

This comment lacks"
59e9e5ed-9fa2-46e4-96fc-5cda09d749e0,askacademia_train,losing_paraphrase_qwen,3,"3

This comment has"
a74e5f6d-3cab-4fbe-a6aa-2ca6cdb66992,askacademia_train,winning_text,2,"2

This comment scores"
a74e5f6d-3cab-4fbe-a6aa-2ca6cdb66992,askacademia_train,losing_text,2,"2

This comment scores"
a74e5f6d-3cab-4fbe-a6aa-2ca6cdb66992,askacademia_train,losing_generate_claude,5,"5

This comment exc"
a74e5f6d-3cab-4fbe-a6aa-2ca6cdb66992,askacademia_train,losing_generate_gemini,5,"5

This comment scores"
a74e5f6d-3cab-4fbe-a6aa-2ca6cdb66992,askacademia_train,losing_generate_gpt4omini,2,"2

**Reasoning"
a74e5f6d-3cab-4fbe-a6aa-2ca6cdb66992,askacademia_train,losing_generate_gpt5nano,5,"5

This comment scores"
a74e5f6d-3cab-4fbe-a6aa-2ca6cdb66992,askacademia_train,losing_generate_llama,2,"2

**Reasoning"
a74e5f6d-3cab-4fbe-a6aa-2ca6cdb66992,askacademia_train,losing_generate_mistral,2,"2

The comment provides"
a74e5f6d-3cab-4fbe-a6aa-2ca6cdb66992,askacademia_train,losing_generate_qwen,2,"2

The comment does"
a74e5f6d-3cab-4fbe-a6aa-2ca6cdb66992,askacademia_train,losing_improve_claude,5,"5

This comment exc"
a74e5f6d-3cab-4fbe-a6aa-2ca6cdb66992,askacademia_train,losing_improve_gemini,4,"4

This comment scores"
a74e5f6d-3cab-4fbe-a6aa-2ca6cdb66992,askacademia_train,losing_improve_gpt4omini,2,"2

The comment has"
a74e5f6d-3cab-4fbe-a6aa-2ca6cdb66992,askacademia_train,losing_improve_gpt5nano,3,"3

This comment has"
a74e5f6d-3cab-4fbe-a6aa-2ca6cdb66992,askacademia_train,losing_improve_llama,3,"3

This comment is"
a74e5f6d-3cab-4fbe-a6aa-2ca6cdb66992,askacademia_train,losing_improve_mistral,2,"2

This comment lacks"
a74e5f6d-3cab-4fbe-a6aa-2ca6cdb66992,askacademia_train,losing_improve_qwen,2,"2

This comment lacks"
a74e5f6d-3cab-4fbe-a6aa-2ca6cdb66992,askacademia_train,losing_paraphrase_claude,2,"2

This comment has"
a74e5f6d-3cab-4fbe-a6aa-2ca6cdb66992,askacademia_train,losing_paraphrase_gemini,4,"4

This comment scores"
a74e5f6d-3cab-4fbe-a6aa-2ca6cdb66992,askacademia_train,losing_paraphrase_gpt4omini,2,"2

This comment has"
a74e5f6d-3cab-4fbe-a6aa-2ca6cdb66992,askacademia_train,losing_paraphrase_gpt5nano,3,"3

This comment addresses"
a74e5f6d-3cab-4fbe-a6aa-2ca6cdb66992,askacademia_train,losing_paraphrase_llama,ERROR,
a74e5f6d-3cab-4fbe-a6aa-2ca6cdb66992,askacademia_train,losing_paraphrase_mistral,2,"2

This comment has"
a74e5f6d-3cab-4fbe-a6aa-2ca6cdb66992,askacademia_train,losing_paraphrase_qwen,3,"3

This comment has"
1f654db6-e806-446d-a378-977585756ff1,askacademia_train,winning_text,3,"3

This comment is"
1f654db6-e806-446d-a378-977585756ff1,askacademia_train,losing_text,4,"4

This comment scores"
1f654db6-e806-446d-a378-977585756ff1,askacademia_train,losing_generate_claude,5,"5

This comment exc"
1f654db6-e806-446d-a378-977585756ff1,askacademia_train,losing_generate_gemini,5,"5

This comment scores"
1f654db6-e806-446d-a378-977585756ff1,askacademia_train,losing_generate_gpt4omini,2,"2

**Reasoning"
1f654db6-e806-446d-a378-977585756ff1,askacademia_train,losing_generate_gpt5nano,5,"5

This comment exc"
1f654db6-e806-446d-a378-977585756ff1,askacademia_train,losing_generate_llama,2,"2

**Reasoning"
1f654db6-e806-446d-a378-977585756ff1,askacademia_train,losing_generate_mistral,4,"4

This comment scores"
1f654db6-e806-446d-a378-977585756ff1,askacademia_train,losing_generate_qwen,2,"2

This comment does"
1f654db6-e806-446d-a378-977585756ff1,askacademia_train,losing_improve_claude,5,"5

This comment exc"
1f654db6-e806-446d-a378-977585756ff1,askacademia_train,losing_improve_gemini,4,"4

This comment scores"
1f654db6-e806-446d-a378-977585756ff1,askacademia_train,losing_improve_gpt4omini,4,"4

This comment scores"
1f654db6-e806-446d-a378-977585756ff1,askacademia_train,losing_improve_gpt5nano,5,"5

This comment exc"
1f654db6-e806-446d-a378-977585756ff1,askacademia_train,losing_improve_llama,2,"2

This comment appears"
1f654db6-e806-446d-a378-977585756ff1,askacademia_train,losing_improve_mistral,4,"4

The comment is"
1f654db6-e806-446d-a378-977585756ff1,askacademia_train,losing_improve_qwen,4,"4

This comment scores"
1f654db6-e806-446d-a378-977585756ff1,askacademia_train,losing_paraphrase_claude,4,"4

This comment scores"
1f654db6-e806-446d-a378-977585756ff1,askacademia_train,losing_paraphrase_gemini,2,"2

The comment is"
1f654db6-e806-446d-a378-977585756ff1,askacademia_train,losing_paraphrase_gpt4omini,4,"4

This comment scores"
1f654db6-e806-446d-a378-977585756ff1,askacademia_train,losing_paraphrase_gpt5nano,4,"4

This comment scores"
1f654db6-e806-446d-a378-977585756ff1,askacademia_train,losing_paraphrase_llama,2,"2

The comment is"
1f654db6-e806-446d-a378-977585756ff1,askacademia_train,losing_paraphrase_mistral,4,"4

This comment scores"
1f654db6-e806-446d-a378-977585756ff1,askacademia_train,losing_paraphrase_qwen,4,"4

This comment scores"
2c5e5c7e-f171-463d-af5b-6b7c7a0eda56,askacademia_train,winning_text,2,"2

The comment is"
2c5e5c7e-f171-463d-af5b-6b7c7a0eda56,askacademia_train,losing_text,4,"4

This comment scores"
2c5e5c7e-f171-463d-af5b-6b7c7a0eda56,askacademia_train,losing_generate_claude,5,"5

This comment exc"
2c5e5c7e-f171-463d-af5b-6b7c7a0eda56,askacademia_train,losing_generate_gemini,5,"5

This comment scores"
2c5e5c7e-f171-463d-af5b-6b7c7a0eda56,askacademia_train,losing_generate_gpt4omini,2,"2

**Reasoning"
2c5e5c7e-f171-463d-af5b-6b7c7a0eda56,askacademia_train,losing_generate_gpt5nano,4,"4

This comment scores"
2c5e5c7e-f171-463d-af5b-6b7c7a0eda56,askacademia_train,losing_generate_llama,2,"2

**Reasoning"
2c5e5c7e-f171-463d-af5b-6b7c7a0eda56,askacademia_train,losing_generate_mistral,2,"2

The comment has"
2c5e5c7e-f171-463d-af5b-6b7c7a0eda56,askacademia_train,losing_generate_qwen,2,"2

The comment does"
2c5e5c7e-f171-463d-af5b-6b7c7a0eda56,askacademia_train,losing_improve_claude,4,"4

The comment is"
2c5e5c7e-f171-463d-af5b-6b7c7a0eda56,askacademia_train,losing_improve_gemini,4,"4

This comment scores"
2c5e5c7e-f171-463d-af5b-6b7c7a0eda56,askacademia_train,losing_improve_gpt4omini,4,"4

This comment scores"
2c5e5c7e-f171-463d-af5b-6b7c7a0eda56,askacademia_train,losing_improve_gpt5nano,2,"2

The comment has"
2c5e5c7e-f171-463d-af5b-6b7c7a0eda56,askacademia_train,losing_improve_llama,2,"2

This comment appears"
2c5e5c7e-f171-463d-af5b-6b7c7a0eda56,askacademia_train,losing_improve_mistral,4,"4

The comment is"
2c5e5c7e-f171-463d-af5b-6b7c7a0eda56,askacademia_train,losing_improve_qwen,4,"4

This comment scores"
2c5e5c7e-f171-463d-af5b-6b7c7a0eda56,askacademia_train,losing_paraphrase_claude,4,"4

This comment scores"
2c5e5c7e-f171-463d-af5b-6b7c7a0eda56,askacademia_train,losing_paraphrase_gemini,5,"5

This comment scores"
2c5e5c7e-f171-463d-af5b-6b7c7a0eda56,askacademia_train,losing_paraphrase_gpt4omini,4,"4

The comment is"
2c5e5c7e-f171-463d-af5b-6b7c7a0eda56,askacademia_train,losing_paraphrase_gpt5nano,4,"4

This comment scores"
2c5e5c7e-f171-463d-af5b-6b7c7a0eda56,askacademia_train,losing_paraphrase_llama,2,"2

The comment is"
2c5e5c7e-f171-463d-af5b-6b7c7a0eda56,askacademia_train,losing_paraphrase_mistral,4,"4

This comment scores"
2c5e5c7e-f171-463d-af5b-6b7c7a0eda56,askacademia_train,losing_paraphrase_qwen,4,"4

This comment scores"
9b5b6141-9e42-4edd-b7fb-82168e273469,askacademia_train,winning_text,2,"2

The comment """
9b5b6141-9e42-4edd-b7fb-82168e273469,askacademia_train,losing_text,4,"4

This comment scores"
9b5b6141-9e42-4edd-b7fb-82168e273469,askacademia_train,losing_generate_claude,5,"5

This comment exc"
9b5b6141-9e42-4edd-b7fb-82168e273469,askacademia_train,losing_generate_gemini,5,"5

This comment scores"
9b5b6141-9e42-4edd-b7fb-82168e273469,askacademia_train,losing_generate_gpt4omini,2,"2

**Reasoning"
9b5b6141-9e42-4edd-b7fb-82168e273469,askacademia_train,losing_generate_gpt5nano,2,"2

The comment assumes"
9b5b6141-9e42-4edd-b7fb-82168e273469,askacademia_train,losing_generate_llama,2,"2

**Reasoning"
9b5b6141-9e42-4edd-b7fb-82168e273469,askacademia_train,losing_generate_mistral,4,"4

The comment scores"
9b5b6141-9e42-4edd-b7fb-82168e273469,askacademia_train,losing_generate_qwen,2,"2

This comment does"
9b5b6141-9e42-4edd-b7fb-82168e273469,askacademia_train,losing_improve_claude,5,"5

This comment exc"
9b5b6141-9e42-4edd-b7fb-82168e273469,askacademia_train,losing_improve_gemini,4,"4

This comment scores"
9b5b6141-9e42-4edd-b7fb-82168e273469,askacademia_train,losing_improve_gpt4omini,2,"2

**Reasoning"
9b5b6141-9e42-4edd-b7fb-82168e273469,askacademia_train,losing_improve_gpt5nano,4,"4

This comment scores"
9b5b6141-9e42-4edd-b7fb-82168e273469,askacademia_train,losing_improve_llama,2,"2

This comment appears"
9b5b6141-9e42-4edd-b7fb-82168e273469,askacademia_train,losing_improve_mistral,4,"4

The comment is"
9b5b6141-9e42-4edd-b7fb-82168e273469,askacademia_train,losing_improve_qwen,4,"4

This comment scores"
9b5b6141-9e42-4edd-b7fb-82168e273469,askacademia_train,losing_paraphrase_claude,4,"4

This comment scores"
9b5b6141-9e42-4edd-b7fb-82168e273469,askacademia_train,losing_paraphrase_gemini,2,"2

This comment scores"
9b5b6141-9e42-4edd-b7fb-82168e273469,askacademia_train,losing_paraphrase_gpt4omini,4,"4

This comment scores"
9b5b6141-9e42-4edd-b7fb-82168e273469,askacademia_train,losing_paraphrase_gpt5nano,4,"4

This comment scores"
9b5b6141-9e42-4edd-b7fb-82168e273469,askacademia_train,losing_paraphrase_llama,2,"2

The comment is"
9b5b6141-9e42-4edd-b7fb-82168e273469,askacademia_train,losing_paraphrase_mistral,4,"4

This comment scores"
9b5b6141-9e42-4edd-b7fb-82168e273469,askacademia_train,losing_paraphrase_qwen,4,"4

This comment scores"
0c498c68-1c49-41eb-9fdf-a33ceda5c1f5,askacademia_train,winning_text,2,"2

The comment """
0c498c68-1c49-41eb-9fdf-a33ceda5c1f5,askacademia_train,losing_text,4,"4

This comment scores"
0c498c68-1c49-41eb-9fdf-a33ceda5c1f5,askacademia_train,losing_generate_claude,5,"5

This comment exc"
0c498c68-1c49-41eb-9fdf-a33ceda5c1f5,askacademia_train,losing_generate_gemini,5,"5

This comment scores"
0c498c68-1c49-41eb-9fdf-a33ceda5c1f5,askacademia_train,losing_generate_gpt4omini,2,"2

**Reasoning"
0c498c68-1c49-41eb-9fdf-a33ceda5c1f5,askacademia_train,losing_generate_gpt5nano,4,"4

This comment scores"
0c498c68-1c49-41eb-9fdf-a33ceda5c1f5,askacademia_train,losing_generate_llama,2,"2

**Reasoning"
0c498c68-1c49-41eb-9fdf-a33ceda5c1f5,askacademia_train,losing_generate_mistral,2,"2

**Reasoning"
0c498c68-1c49-41eb-9fdf-a33ceda5c1f5,askacademia_train,losing_generate_qwen,2,"2

This comment does"
0c498c68-1c49-41eb-9fdf-a33ceda5c1f5,askacademia_train,losing_improve_claude,4,"4

This comment scores"
0c498c68-1c49-41eb-9fdf-a33ceda5c1f5,askacademia_train,losing_improve_gemini,5,"5

This comment scores"
0c498c68-1c49-41eb-9fdf-a33ceda5c1f5,askacademia_train,losing_improve_gpt4omini,2,"2

**Reasoning"
0c498c68-1c49-41eb-9fdf-a33ceda5c1f5,askacademia_train,losing_improve_gpt5nano,3,"3

This comment has"
0c498c68-1c49-41eb-9fdf-a33ceda5c1f5,askacademia_train,losing_improve_llama,2,"2

This comment appears"
0c498c68-1c49-41eb-9fdf-a33ceda5c1f5,askacademia_train,losing_improve_mistral,4,"4

The comment is"
0c498c68-1c49-41eb-9fdf-a33ceda5c1f5,askacademia_train,losing_improve_qwen,4,"4

This comment scores"
0c498c68-1c49-41eb-9fdf-a33ceda5c1f5,askacademia_train,losing_paraphrase_claude,4,"4

This comment scores"
0c498c68-1c49-41eb-9fdf-a33ceda5c1f5,askacademia_train,losing_paraphrase_gemini,4,"4

This comment scores"
0c498c68-1c49-41eb-9fdf-a33ceda5c1f5,askacademia_train,losing_paraphrase_gpt4omini,4,"4

The comment is"
0c498c68-1c49-41eb-9fdf-a33ceda5c1f5,askacademia_train,losing_paraphrase_gpt5nano,4,"4

This comment scores"
0c498c68-1c49-41eb-9fdf-a33ceda5c1f5,askacademia_train,losing_paraphrase_llama,2,"2

The comment is"
0c498c68-1c49-41eb-9fdf-a33ceda5c1f5,askacademia_train,losing_paraphrase_mistral,4,"4

This comment scores"
0c498c68-1c49-41eb-9fdf-a33ceda5c1f5,askacademia_train,losing_paraphrase_qwen,4,"4

This comment scores"
7097e5c2-0f9a-4e3a-9c92-2979785001ca,askacademia_train,winning_text,4,"4

This comment scores"
7097e5c2-0f9a-4e3a-9c92-2979785001ca,askacademia_train,losing_text,4,"4

This comment scores"
7097e5c2-0f9a-4e3a-9c92-2979785001ca,askacademia_train,losing_generate_claude,5,"5

This comment exc"
7097e5c2-0f9a-4e3a-9c92-2979785001ca,askacademia_train,losing_generate_gemini,5,"5

This comment scores"
7097e5c2-0f9a-4e3a-9c92-2979785001ca,askacademia_train,losing_generate_gpt4omini,3,"3

The comment provides"
7097e5c2-0f9a-4e3a-9c92-2979785001ca,askacademia_train,losing_generate_gpt5nano,4,"4

This comment scores"
7097e5c2-0f9a-4e3a-9c92-2979785001ca,askacademia_train,losing_generate_llama,2,"2

**Reasoning"
7097e5c2-0f9a-4e3a-9c92-2979785001ca,askacademia_train,losing_generate_mistral,4,"4

This comment scores"
7097e5c2-0f9a-4e3a-9c92-2979785001ca,askacademia_train,losing_generate_qwen,2,"2

The comment does"
7097e5c2-0f9a-4e3a-9c92-2979785001ca,askacademia_train,losing_improve_claude,4,"4

This comment scores"
7097e5c2-0f9a-4e3a-9c92-2979785001ca,askacademia_train,losing_improve_gemini,4,"4

This comment scores"
7097e5c2-0f9a-4e3a-9c92-2979785001ca,askacademia_train,losing_improve_gpt4omini,2,"2

**Reasoning"
7097e5c2-0f9a-4e3a-9c92-2979785001ca,askacademia_train,losing_improve_gpt5nano,4,"4

This comment scores"
7097e5c2-0f9a-4e3a-9c92-2979785001ca,askacademia_train,losing_improve_llama,2,"2

This comment appears"
7097e5c2-0f9a-4e3a-9c92-2979785001ca,askacademia_train,losing_improve_mistral,4,"4

The comment is"
7097e5c2-0f9a-4e3a-9c92-2979785001ca,askacademia_train,losing_improve_qwen,4,"4

This comment scores"
7097e5c2-0f9a-4e3a-9c92-2979785001ca,askacademia_train,losing_paraphrase_claude,4,"4

This comment scores"
7097e5c2-0f9a-4e3a-9c92-2979785001ca,askacademia_train,losing_paraphrase_gemini,3,"3

The comment shows"
7097e5c2-0f9a-4e3a-9c92-2979785001ca,askacademia_train,losing_paraphrase_gpt4omini,4,"4

This comment scores"
7097e5c2-0f9a-4e3a-9c92-2979785001ca,askacademia_train,losing_paraphrase_gpt5nano,4,"4

This comment scores"
7097e5c2-0f9a-4e3a-9c92-2979785001ca,askacademia_train,losing_paraphrase_llama,2,"2

The comment is"
7097e5c2-0f9a-4e3a-9c92-2979785001ca,askacademia_train,losing_paraphrase_mistral,4,"4

This comment scores"
7097e5c2-0f9a-4e3a-9c92-2979785001ca,askacademia_train,losing_paraphrase_qwen,4,"4

This comment scores"
c568b2ec-55b0-41af-97ec-76594c021399,askacademia_train,winning_text,4,"4

The comment is"
c568b2ec-55b0-41af-97ec-76594c021399,askacademia_train,losing_text,4,"4

This comment scores"
c568b2ec-55b0-41af-97ec-76594c021399,askacademia_train,losing_generate_claude,5,"5

This comment exc"
c568b2ec-55b0-41af-97ec-76594c021399,askacademia_train,losing_generate_gemini,5,"5

This comment scores"
c568b2ec-55b0-41af-97ec-76594c021399,askacademia_train,losing_generate_gpt4omini,2,"2

**Reasoning"
c568b2ec-55b0-41af-97ec-76594c021399,askacademia_train,losing_generate_gpt5nano,2,"2

The comment fails"
c568b2ec-55b0-41af-97ec-76594c021399,askacademia_train,losing_generate_llama,2,"2

**Reasoning"
c568b2ec-55b0-41af-97ec-76594c021399,askacademia_train,losing_generate_mistral,2,"2

The comment has"
c568b2ec-55b0-41af-97ec-76594c021399,askacademia_train,losing_generate_qwen,2,"2

This comment fails"
c568b2ec-55b0-41af-97ec-76594c021399,askacademia_train,losing_improve_claude,5,"5

This comment exc"
c568b2ec-55b0-41af-97ec-76594c021399,askacademia_train,losing_improve_gemini,4,"4

This comment scores"
c568b2ec-55b0-41af-97ec-76594c021399,askacademia_train,losing_improve_gpt4omini,4,"4

This comment scores"
c568b2ec-55b0-41af-97ec-76594c021399,askacademia_train,losing_improve_gpt5nano,4,"4

This comment scores"
c568b2ec-55b0-41af-97ec-76594c021399,askacademia_train,losing_improve_llama,2,"2

This comment appears"
c568b2ec-55b0-41af-97ec-76594c021399,askacademia_train,losing_improve_mistral,4,"4

This comment scores"
c568b2ec-55b0-41af-97ec-76594c021399,askacademia_train,losing_improve_qwen,4,"4

This comment scores"
c568b2ec-55b0-41af-97ec-76594c021399,askacademia_train,losing_paraphrase_claude,4,"4

This comment scores"
c568b2ec-55b0-41af-97ec-76594c021399,askacademia_train,losing_paraphrase_gemini,4,"4

This comment scores"
c568b2ec-55b0-41af-97ec-76594c021399,askacademia_train,losing_paraphrase_gpt4omini,4,"4

This comment scores"
c568b2ec-55b0-41af-97ec-76594c021399,askacademia_train,losing_paraphrase_gpt5nano,4,"4

This comment scores"
c568b2ec-55b0-41af-97ec-76594c021399,askacademia_train,losing_paraphrase_llama,2,"2

The comment is"
c568b2ec-55b0-41af-97ec-76594c021399,askacademia_train,losing_paraphrase_mistral,4,"4

This comment scores"
c568b2ec-55b0-41af-97ec-76594c021399,askacademia_train,losing_paraphrase_qwen,4,"4

This comment scores"
360124a0-c6d8-4ce1-9e86-b3b60b7fe78d,askacademia_train,winning_text,2,"2

The comment is"
360124a0-c6d8-4ce1-9e86-b3b60b7fe78d,askacademia_train,losing_text,3,"3

This comment is"
360124a0-c6d8-4ce1-9e86-b3b60b7fe78d,askacademia_train,losing_generate_claude,5,"5

This comment exc"
360124a0-c6d8-4ce1-9e86-b3b60b7fe78d,askacademia_train,losing_generate_gemini,5,"5

This comment scores"
360124a0-c6d8-4ce1-9e86-b3b60b7fe78d,askacademia_train,losing_generate_gpt4omini,2,"2

**Reasoning"
360124a0-c6d8-4ce1-9e86-b3b60b7fe78d,askacademia_train,losing_generate_gpt5nano,4,"4

This comment scores"
360124a0-c6d8-4ce1-9e86-b3b60b7fe78d,askacademia_train,losing_generate_llama,2,"2

**Reasoning"
360124a0-c6d8-4ce1-9e86-b3b60b7fe78d,askacademia_train,losing_generate_mistral,2,"2

The comment has"
360124a0-c6d8-4ce1-9e86-b3b60b7fe78d,askacademia_train,losing_generate_qwen,2,"2

This comment fails"
360124a0-c6d8-4ce1-9e86-b3b60b7fe78d,askacademia_train,losing_improve_claude,2,"2

This comment has"
360124a0-c6d8-4ce1-9e86-b3b60b7fe78d,askacademia_train,losing_improve_gemini,4,"4

This comment scores"
360124a0-c6d8-4ce1-9e86-b3b60b7fe78d,askacademia_train,losing_improve_gpt4omini,2,"2

This comment is"
360124a0-c6d8-4ce1-9e86-b3b60b7fe78d,askacademia_train,losing_improve_gpt5nano,3,"3

The comment is"
360124a0-c6d8-4ce1-9e86-b3b60b7fe78d,askacademia_train,losing_improve_llama,2,"2

This comment scores"
360124a0-c6d8-4ce1-9e86-b3b60b7fe78d,askacademia_train,losing_improve_mistral,2,"2

**Reasoning"
360124a0-c6d8-4ce1-9e86-b3b60b7fe78d,askacademia_train,losing_improve_qwen,2,"2

This comment has"
360124a0-c6d8-4ce1-9e86-b3b60b7fe78d,askacademia_train,losing_paraphrase_claude,2,"2

The comment is"
360124a0-c6d8-4ce1-9e86-b3b60b7fe78d,askacademia_train,losing_paraphrase_gemini,4,"4

This comment scores"
360124a0-c6d8-4ce1-9e86-b3b60b7fe78d,askacademia_train,losing_paraphrase_gpt4omini,3,"3

This comment is"
360124a0-c6d8-4ce1-9e86-b3b60b7fe78d,askacademia_train,losing_paraphrase_gpt5nano,4,"4

This comment scores"
360124a0-c6d8-4ce1-9e86-b3b60b7fe78d,askacademia_train,losing_paraphrase_llama,2,"2

This comment appears"
360124a0-c6d8-4ce1-9e86-b3b60b7fe78d,askacademia_train,losing_paraphrase_mistral,2,"2

The comment is"
360124a0-c6d8-4ce1-9e86-b3b60b7fe78d,askacademia_train,losing_paraphrase_qwen,2,"2

The comment is"
720672bc-085a-4323-9009-4069c14cbe6d,askacademia_train,winning_text,2,"2

The comment """
720672bc-085a-4323-9009-4069c14cbe6d,askacademia_train,losing_text,3,"3

This comment is"
720672bc-085a-4323-9009-4069c14cbe6d,askacademia_train,losing_generate_claude,5,"5

This comment exc"
720672bc-085a-4323-9009-4069c14cbe6d,askacademia_train,losing_generate_gemini,5,"5

This comment scores"
720672bc-085a-4323-9009-4069c14cbe6d,askacademia_train,losing_generate_gpt4omini,2,"2

**Reasoning"
720672bc-085a-4323-9009-4069c14cbe6d,askacademia_train,losing_generate_gpt5nano,5,"5

This comment exc"
720672bc-085a-4323-9009-4069c14cbe6d,askacademia_train,losing_generate_llama,2,"2

**Reasoning"
720672bc-085a-4323-9009-4069c14cbe6d,askacademia_train,losing_generate_mistral,2,"2

The comment has"
720672bc-085a-4323-9009-4069c14cbe6d,askacademia_train,losing_generate_qwen,2,"2

The comment does"
720672bc-085a-4323-9009-4069c14cbe6d,askacademia_train,losing_improve_claude,4,"4

This comment scores"
720672bc-085a-4323-9009-4069c14cbe6d,askacademia_train,losing_improve_gemini,2,"2

This comment appears"
720672bc-085a-4323-9009-4069c14cbe6d,askacademia_train,losing_improve_gpt4omini,2,"2

This comment is"
720672bc-085a-4323-9009-4069c14cbe6d,askacademia_train,losing_improve_gpt5nano,4,"4

This comment scores"
720672bc-085a-4323-9009-4069c14cbe6d,askacademia_train,losing_improve_llama,2,"2

This comment scores"
720672bc-085a-4323-9009-4069c14cbe6d,askacademia_train,losing_improve_mistral,2,"2

This comment scores"
720672bc-085a-4323-9009-4069c14cbe6d,askacademia_train,losing_improve_qwen,2,"2

This comment has"
720672bc-085a-4323-9009-4069c14cbe6d,askacademia_train,losing_paraphrase_claude,2,"2

The comment is"
720672bc-085a-4323-9009-4069c14cbe6d,askacademia_train,losing_paraphrase_gemini,3,"3

This comment receives"
720672bc-085a-4323-9009-4069c14cbe6d,askacademia_train,losing_paraphrase_gpt4omini,3,"3

This comment is"
720672bc-085a-4323-9009-4069c14cbe6d,askacademia_train,losing_paraphrase_gpt5nano,3,"3

This comment is"
720672bc-085a-4323-9009-4069c14cbe6d,askacademia_train,losing_paraphrase_llama,2,"2

This comment appears"
720672bc-085a-4323-9009-4069c14cbe6d,askacademia_train,losing_paraphrase_mistral,2,"2

The comment is"
720672bc-085a-4323-9009-4069c14cbe6d,askacademia_train,losing_paraphrase_qwen,2,"2

The comment is"
b03afad7-b8c7-4d70-86af-a8b61f59d669,askacademia_train,winning_text,2,"2

The comment """
b03afad7-b8c7-4d70-86af-a8b61f59d669,askacademia_train,losing_text,3,"3

This comment is"
b03afad7-b8c7-4d70-86af-a8b61f59d669,askacademia_train,losing_generate_claude,5,"5

This comment exc"
b03afad7-b8c7-4d70-86af-a8b61f59d669,askacademia_train,losing_generate_gemini,5,"5

This comment scores"
b03afad7-b8c7-4d70-86af-a8b61f59d669,askacademia_train,losing_generate_gpt4omini,2,"2

**Reasoning"
b03afad7-b8c7-4d70-86af-a8b61f59d669,askacademia_train,losing_generate_gpt5nano,2,"2

**Reasoning"
b03afad7-b8c7-4d70-86af-a8b61f59d669,askacademia_train,losing_generate_llama,2,"2

**Reasoning"
b03afad7-b8c7-4d70-86af-a8b61f59d669,askacademia_train,losing_generate_mistral,2,"2

**Reasoning"
b03afad7-b8c7-4d70-86af-a8b61f59d669,askacademia_train,losing_generate_qwen,2,"2

The comment does"
b03afad7-b8c7-4d70-86af-a8b61f59d669,askacademia_train,losing_improve_claude,2,"2

This comment appears"
b03afad7-b8c7-4d70-86af-a8b61f59d669,askacademia_train,losing_improve_gemini,2,"2

This comment appears"
b03afad7-b8c7-4d70-86af-a8b61f59d669,askacademia_train,losing_improve_gpt4omini,2,"2

This comment is"
b03afad7-b8c7-4d70-86af-a8b61f59d669,askacademia_train,losing_improve_gpt5nano,4,"4

This comment scores"
b03afad7-b8c7-4d70-86af-a8b61f59d669,askacademia_train,losing_improve_llama,2,"2

This comment scores"
b03afad7-b8c7-4d70-86af-a8b61f59d669,askacademia_train,losing_improve_mistral,2,"2

This comment has"
b03afad7-b8c7-4d70-86af-a8b61f59d669,askacademia_train,losing_improve_qwen,2,"2

This comment has"
b03afad7-b8c7-4d70-86af-a8b61f59d669,askacademia_train,losing_paraphrase_claude,2,"2

The comment is"
b03afad7-b8c7-4d70-86af-a8b61f59d669,askacademia_train,losing_paraphrase_gemini,3,"3

This comment receives"
b03afad7-b8c7-4d70-86af-a8b61f59d669,askacademia_train,losing_paraphrase_gpt4omini,3,"3

This comment is"
b03afad7-b8c7-4d70-86af-a8b61f59d669,askacademia_train,losing_paraphrase_gpt5nano,3,"3

The comment is"
b03afad7-b8c7-4d70-86af-a8b61f59d669,askacademia_train,losing_paraphrase_llama,2,"2

This comment appears"
b03afad7-b8c7-4d70-86af-a8b61f59d669,askacademia_train,losing_paraphrase_mistral,2,"2

The comment is"
b03afad7-b8c7-4d70-86af-a8b61f59d669,askacademia_train,losing_paraphrase_qwen,2,"2

The comment is"
20296672-f854-4723-bb81-f4f56da168ef,askacademia_train,winning_text,4,"4

The comment scores"
20296672-f854-4723-bb81-f4f56da168ef,askacademia_train,losing_text,2,"2

The comment is"
20296672-f854-4723-bb81-f4f56da168ef,askacademia_train,losing_generate_claude,5,"5

This comment exc"
20296672-f854-4723-bb81-f4f56da168ef,askacademia_train,losing_generate_gemini,5,"5

This comment scores"
20296672-f854-4723-bb81-f4f56da168ef,askacademia_train,losing_generate_gpt4omini,2,"2

**Reasoning"
20296672-f854-4723-bb81-f4f56da168ef,askacademia_train,losing_generate_gpt5nano,3,"3

**Reasoning"
20296672-f854-4723-bb81-f4f56da168ef,askacademia_train,losing_generate_llama,2,"2

The comment mis"
20296672-f854-4723-bb81-f4f56da168ef,askacademia_train,losing_generate_mistral,2,"2

**Reasoning"
20296672-f854-4723-bb81-f4f56da168ef,askacademia_train,losing_generate_qwen,2,"2

This comment does"
20296672-f854-4723-bb81-f4f56da168ef,askacademia_train,losing_improve_claude,2,"2

The comment appears"
20296672-f854-4723-bb81-f4f56da168ef,askacademia_train,losing_improve_gemini,2,"2

This comment is"
20296672-f854-4723-bb81-f4f56da168ef,askacademia_train,losing_improve_gpt4omini,4,"4

This comment scores"
20296672-f854-4723-bb81-f4f56da168ef,askacademia_train,losing_improve_gpt5nano,4,"4

The comment scores"
20296672-f854-4723-bb81-f4f56da168ef,askacademia_train,losing_improve_llama,2,"2

This comment lacks"
20296672-f854-4723-bb81-f4f56da168ef,askacademia_train,losing_improve_mistral,3,"3

The comment provides"
20296672-f854-4723-bb81-f4f56da168ef,askacademia_train,losing_improve_qwen,2,"2

The comment is"
20296672-f854-4723-bb81-f4f56da168ef,askacademia_train,losing_paraphrase_claude,2,"2

The comment is"
20296672-f854-4723-bb81-f4f56da168ef,askacademia_train,losing_paraphrase_gemini,3,"3

This comment receives"
20296672-f854-4723-bb81-f4f56da168ef,askacademia_train,losing_paraphrase_gpt4omini,2,"2

The comment is"
20296672-f854-4723-bb81-f4f56da168ef,askacademia_train,losing_paraphrase_gpt5nano,2,"2

The comment is"
20296672-f854-4723-bb81-f4f56da168ef,askacademia_train,losing_paraphrase_llama,3,"3

The comment addresses"
20296672-f854-4723-bb81-f4f56da168ef,askacademia_train,losing_paraphrase_mistral,2,"2

The comment is"
20296672-f854-4723-bb81-f4f56da168ef,askacademia_train,losing_paraphrase_qwen,2,"2

The comment is"
70fd65d6-5258-4c0e-b2ab-a6c2d89ef4e6,askacademia_train,winning_text,2,"2

The comment """
70fd65d6-5258-4c0e-b2ab-a6c2d89ef4e6,askacademia_train,losing_text,2,"2

The comment is"
70fd65d6-5258-4c0e-b2ab-a6c2d89ef4e6,askacademia_train,losing_generate_claude,5,"5

This comment exc"
70fd65d6-5258-4c0e-b2ab-a6c2d89ef4e6,askacademia_train,losing_generate_gemini,5,"5

This comment scores"
70fd65d6-5258-4c0e-b2ab-a6c2d89ef4e6,askacademia_train,losing_generate_gpt4omini,2,"2

**Reasoning"
70fd65d6-5258-4c0e-b2ab-a6c2d89ef4e6,askacademia_train,losing_generate_gpt5nano,5,"5

This comment exc"
70fd65d6-5258-4c0e-b2ab-a6c2d89ef4e6,askacademia_train,losing_generate_llama,2,"2

**Reasoning"
70fd65d6-5258-4c0e-b2ab-a6c2d89ef4e6,askacademia_train,losing_generate_mistral,2,"2

**Reasoning"
70fd65d6-5258-4c0e-b2ab-a6c2d89ef4e6,askacademia_train,losing_generate_qwen,2,"2

This comment does"
70fd65d6-5258-4c0e-b2ab-a6c2d89ef4e6,askacademia_train,losing_improve_claude,2,"2

The comment appears"
70fd65d6-5258-4c0e-b2ab-a6c2d89ef4e6,askacademia_train,losing_improve_gemini,2,"2

This comment lacks"
70fd65d6-5258-4c0e-b2ab-a6c2d89ef4e6,askacademia_train,losing_improve_gpt4omini,4,"4

This comment scores"
70fd65d6-5258-4c0e-b2ab-a6c2d89ef4e6,askacademia_train,losing_improve_gpt5nano,2,"2

This comment appears"
70fd65d6-5258-4c0e-b2ab-a6c2d89ef4e6,askacademia_train,losing_improve_llama,2,"2

This comment lacks"
70fd65d6-5258-4c0e-b2ab-a6c2d89ef4e6,askacademia_train,losing_improve_mistral,2,"2

This comment appears"
70fd65d6-5258-4c0e-b2ab-a6c2d89ef4e6,askacademia_train,losing_improve_qwen,2,"2

The comment is"
70fd65d6-5258-4c0e-b2ab-a6c2d89ef4e6,askacademia_train,losing_paraphrase_claude,2,"2

The comment is"
70fd65d6-5258-4c0e-b2ab-a6c2d89ef4e6,askacademia_train,losing_paraphrase_gemini,2,"2

The comment is"
70fd65d6-5258-4c0e-b2ab-a6c2d89ef4e6,askacademia_train,losing_paraphrase_gpt4omini,2,"2

The comment is"
70fd65d6-5258-4c0e-b2ab-a6c2d89ef4e6,askacademia_train,losing_paraphrase_gpt5nano,2,"2

The comment is"
70fd65d6-5258-4c0e-b2ab-a6c2d89ef4e6,askacademia_train,losing_paraphrase_llama,3,"3

The comment addresses"
70fd65d6-5258-4c0e-b2ab-a6c2d89ef4e6,askacademia_train,losing_paraphrase_mistral,2,"2

The comment is"
70fd65d6-5258-4c0e-b2ab-a6c2d89ef4e6,askacademia_train,losing_paraphrase_qwen,2,"2

The comment is"
103ae850-e32a-4fc3-a2db-3a99dec6746d,askacademia_train,winning_text,4,"4

This comment scores"
103ae850-e32a-4fc3-a2db-3a99dec6746d,askacademia_train,losing_text,2,"2

The comment is"
103ae850-e32a-4fc3-a2db-3a99dec6746d,askacademia_train,losing_generate_claude,5,"5

This comment exc"
103ae850-e32a-4fc3-a2db-3a99dec6746d,askacademia_train,losing_generate_gemini,5,"5

This comment scores"
103ae850-e32a-4fc3-a2db-3a99dec6746d,askacademia_train,losing_generate_gpt4omini,2,"2

**Reasoning"
103ae850-e32a-4fc3-a2db-3a99dec6746d,askacademia_train,losing_generate_gpt5nano,3,"3

This comment has"
103ae850-e32a-4fc3-a2db-3a99dec6746d,askacademia_train,losing_generate_llama,2,"2

**Reasoning"
103ae850-e32a-4fc3-a2db-3a99dec6746d,askacademia_train,losing_generate_mistral,2,"2

**Reasoning"
103ae850-e32a-4fc3-a2db-3a99dec6746d,askacademia_train,losing_generate_qwen,2,"2

This comment does"
103ae850-e32a-4fc3-a2db-3a99dec6746d,askacademia_train,losing_improve_claude,2,"2

This comment appears"
103ae850-e32a-4fc3-a2db-3a99dec6746d,askacademia_train,losing_improve_gemini,2,"2

This comment is"
103ae850-e32a-4fc3-a2db-3a99dec6746d,askacademia_train,losing_improve_gpt4omini,2,"2

This comment fails"
103ae850-e32a-4fc3-a2db-3a99dec6746d,askacademia_train,losing_improve_gpt5nano,2,"2

The comment fails"
103ae850-e32a-4fc3-a2db-3a99dec6746d,askacademia_train,losing_improve_llama,2,"2

This comment lacks"
103ae850-e32a-4fc3-a2db-3a99dec6746d,askacademia_train,losing_improve_mistral,2,"2

This comment appears"
103ae850-e32a-4fc3-a2db-3a99dec6746d,askacademia_train,losing_improve_qwen,2,"2

The comment is"
103ae850-e32a-4fc3-a2db-3a99dec6746d,askacademia_train,losing_paraphrase_claude,2,"2

The comment is"
103ae850-e32a-4fc3-a2db-3a99dec6746d,askacademia_train,losing_paraphrase_gemini,2,"2

The comment is"
103ae850-e32a-4fc3-a2db-3a99dec6746d,askacademia_train,losing_paraphrase_gpt4omini,2,"2

The comment is"
103ae850-e32a-4fc3-a2db-3a99dec6746d,askacademia_train,losing_paraphrase_gpt5nano,2,"2

The comment is"
103ae850-e32a-4fc3-a2db-3a99dec6746d,askacademia_train,losing_paraphrase_llama,3,"3

The comment addresses"
103ae850-e32a-4fc3-a2db-3a99dec6746d,askacademia_train,losing_paraphrase_mistral,2,"2

The comment is"
103ae850-e32a-4fc3-a2db-3a99dec6746d,askacademia_train,losing_paraphrase_qwen,2,"2

The comment is"
32ba4d66-9b9f-433e-b04c-29cfe2c22414,askacademia_train,winning_text,4,"4

The comment is"
32ba4d66-9b9f-433e-b04c-29cfe2c22414,askacademia_train,losing_text,2,"2

The comment is"
32ba4d66-9b9f-433e-b04c-29cfe2c22414,askacademia_train,losing_generate_claude,5,"5

This comment exc"
32ba4d66-9b9f-433e-b04c-29cfe2c22414,askacademia_train,losing_generate_gemini,5,"5

This comment scores"
32ba4d66-9b9f-433e-b04c-29cfe2c22414,askacademia_train,losing_generate_gpt4omini,3,"3

**Reasoning"
32ba4d66-9b9f-433e-b04c-29cfe2c22414,askacademia_train,losing_generate_gpt5nano,5,"5

This comment scores"
32ba4d66-9b9f-433e-b04c-29cfe2c22414,askacademia_train,losing_generate_llama,2,"2

**Reasoning"
32ba4d66-9b9f-433e-b04c-29cfe2c22414,askacademia_train,losing_generate_mistral,2,"2

**Reasoning"
32ba4d66-9b9f-433e-b04c-29cfe2c22414,askacademia_train,losing_generate_qwen,2,"2

The comment does"
32ba4d66-9b9f-433e-b04c-29cfe2c22414,askacademia_train,losing_improve_claude,2,"2

The comment is"
32ba4d66-9b9f-433e-b04c-29cfe2c22414,askacademia_train,losing_improve_gemini,2,"2

This comment has"
32ba4d66-9b9f-433e-b04c-29cfe2c22414,askacademia_train,losing_improve_gpt4omini,4,"4

This comment scores"
32ba4d66-9b9f-433e-b04c-29cfe2c22414,askacademia_train,losing_improve_gpt5nano,3,"3

This comment has"
32ba4d66-9b9f-433e-b04c-29cfe2c22414,askacademia_train,losing_improve_llama,2,"2

This comment lacks"
32ba4d66-9b9f-433e-b04c-29cfe2c22414,askacademia_train,losing_improve_mistral,2,"2

This comment appears"
32ba4d66-9b9f-433e-b04c-29cfe2c22414,askacademia_train,losing_improve_qwen,2,"2

The comment is"
32ba4d66-9b9f-433e-b04c-29cfe2c22414,askacademia_train,losing_paraphrase_claude,2,"2

The comment is"
32ba4d66-9b9f-433e-b04c-29cfe2c22414,askacademia_train,losing_paraphrase_gemini,2,"2

This comment has"
32ba4d66-9b9f-433e-b04c-29cfe2c22414,askacademia_train,losing_paraphrase_gpt4omini,2,"2

The comment is"
32ba4d66-9b9f-433e-b04c-29cfe2c22414,askacademia_train,losing_paraphrase_gpt5nano,2,"2

The comment is"
32ba4d66-9b9f-433e-b04c-29cfe2c22414,askacademia_train,losing_paraphrase_llama,3,"3

The comment addresses"
32ba4d66-9b9f-433e-b04c-29cfe2c22414,askacademia_train,losing_paraphrase_mistral,2,"2

The comment is"
32ba4d66-9b9f-433e-b04c-29cfe2c22414,askacademia_train,losing_paraphrase_qwen,2,"2

The comment is"
d830e64e-7697-43b8-b738-6277ab1414af,askacademia_train,winning_text,4,"4

This comment scores"
d830e64e-7697-43b8-b738-6277ab1414af,askacademia_train,losing_text,2,"2

The comment is"
d830e64e-7697-43b8-b738-6277ab1414af,askacademia_train,losing_generate_claude,5,"5

This comment exc"
d830e64e-7697-43b8-b738-6277ab1414af,askacademia_train,losing_generate_gemini,5,"5

This comment scores"
d830e64e-7697-43b8-b738-6277ab1414af,askacademia_train,losing_generate_gpt4omini,2,"2

**Reasoning"
d830e64e-7697-43b8-b738-6277ab1414af,askacademia_train,losing_generate_gpt5nano,2,"2

The comment fails"
d830e64e-7697-43b8-b738-6277ab1414af,askacademia_train,losing_generate_llama,2,"2

**Reasoning"
d830e64e-7697-43b8-b738-6277ab1414af,askacademia_train,losing_generate_mistral,2,"2

**Reasoning"
d830e64e-7697-43b8-b738-6277ab1414af,askacademia_train,losing_generate_qwen,2,"2

The comment does"
d830e64e-7697-43b8-b738-6277ab1414af,askacademia_train,losing_improve_claude,2,"2

The comment is"
d830e64e-7697-43b8-b738-6277ab1414af,askacademia_train,losing_improve_gemini,2,"2

This comment is"
d830e64e-7697-43b8-b738-6277ab1414af,askacademia_train,losing_improve_gpt4omini,2,"2

This comment has"
d830e64e-7697-43b8-b738-6277ab1414af,askacademia_train,losing_improve_gpt5nano,3,"3

This comment receives"
d830e64e-7697-43b8-b738-6277ab1414af,askacademia_train,losing_improve_llama,2,"2

This comment lacks"
d830e64e-7697-43b8-b738-6277ab1414af,askacademia_train,losing_improve_mistral,2,"2

This comment appears"
d830e64e-7697-43b8-b738-6277ab1414af,askacademia_train,losing_improve_qwen,2,"2

The comment is"
d830e64e-7697-43b8-b738-6277ab1414af,askacademia_train,losing_paraphrase_claude,2,"2

The comment is"
d830e64e-7697-43b8-b738-6277ab1414af,askacademia_train,losing_paraphrase_gemini,2,"2

This comment has"
d830e64e-7697-43b8-b738-6277ab1414af,askacademia_train,losing_paraphrase_gpt4omini,2,"2

The comment is"
d830e64e-7697-43b8-b738-6277ab1414af,askacademia_train,losing_paraphrase_gpt5nano,2,"2

The comment is"
d830e64e-7697-43b8-b738-6277ab1414af,askacademia_train,losing_paraphrase_llama,3,"3

The comment addresses"
d830e64e-7697-43b8-b738-6277ab1414af,askacademia_train,losing_paraphrase_mistral,2,"2

The comment is"
d830e64e-7697-43b8-b738-6277ab1414af,askacademia_train,losing_paraphrase_qwen,2,"2

The comment is"
571b083f-a3d3-492f-bdea-7459053400ef,askacademia_train,winning_text,2,"2

The comment """
571b083f-a3d3-492f-bdea-7459053400ef,askacademia_train,losing_text,2,"2

The comment is"
571b083f-a3d3-492f-bdea-7459053400ef,askacademia_train,losing_generate_claude,5,"5

This comment exc"
571b083f-a3d3-492f-bdea-7459053400ef,askacademia_train,losing_generate_gemini,5,"5

This comment scores"
571b083f-a3d3-492f-bdea-7459053400ef,askacademia_train,losing_generate_gpt4omini,1,"1

**Reasoning"
571b083f-a3d3-492f-bdea-7459053400ef,askacademia_train,losing_generate_gpt5nano,2,"2

This comment fails"
571b083f-a3d3-492f-bdea-7459053400ef,askacademia_train,losing_generate_llama,2,"2

**Reasoning"
571b083f-a3d3-492f-bdea-7459053400ef,askacademia_train,losing_generate_mistral,2,"2

**Reasoning"
571b083f-a3d3-492f-bdea-7459053400ef,askacademia_train,losing_generate_qwen,2,"2

This comment does"
571b083f-a3d3-492f-bdea-7459053400ef,askacademia_train,losing_improve_claude,2,"2

The comment doesn"
571b083f-a3d3-492f-bdea-7459053400ef,askacademia_train,losing_improve_gemini,2,"2

This comment is"
571b083f-a3d3-492f-bdea-7459053400ef,askacademia_train,losing_improve_gpt4omini,4,"4

This comment scores"
571b083f-a3d3-492f-bdea-7459053400ef,askacademia_train,losing_improve_gpt5nano,2,"2

The comment appears"
571b083f-a3d3-492f-bdea-7459053400ef,askacademia_train,losing_improve_llama,2,"2

This comment lacks"
571b083f-a3d3-492f-bdea-7459053400ef,askacademia_train,losing_improve_mistral,2,"2

This comment appears"
571b083f-a3d3-492f-bdea-7459053400ef,askacademia_train,losing_improve_qwen,2,"2

The comment is"
571b083f-a3d3-492f-bdea-7459053400ef,askacademia_train,losing_paraphrase_claude,2,"2

The comment is"
571b083f-a3d3-492f-bdea-7459053400ef,askacademia_train,losing_paraphrase_gemini,2,"2

This comment lacks"
571b083f-a3d3-492f-bdea-7459053400ef,askacademia_train,losing_paraphrase_gpt4omini,2,"2

The comment is"
571b083f-a3d3-492f-bdea-7459053400ef,askacademia_train,losing_paraphrase_gpt5nano,2,"2

The comment is"
571b083f-a3d3-492f-bdea-7459053400ef,askacademia_train,losing_paraphrase_llama,3,3
571b083f-a3d3-492f-bdea-7459053400ef,askacademia_train,losing_paraphrase_mistral,2,"2

The comment is"
571b083f-a3d3-492f-bdea-7459053400ef,askacademia_train,losing_paraphrase_qwen,2,"2

The comment is"
fe561348-89a1-4137-8ecf-ac6c8471cec5,askacademia_train,winning_text,2,"2

The comment """
fe561348-89a1-4137-8ecf-ac6c8471cec5,askacademia_train,losing_text,2,"2

The comment is"
fe561348-89a1-4137-8ecf-ac6c8471cec5,askacademia_train,losing_generate_claude,5,"5

This comment exc"
fe561348-89a1-4137-8ecf-ac6c8471cec5,askacademia_train,losing_generate_gemini,5,"5

This comment scores"
fe561348-89a1-4137-8ecf-ac6c8471cec5,askacademia_train,losing_generate_gpt4omini,2,"2

**Reasoning"
fe561348-89a1-4137-8ecf-ac6c8471cec5,askacademia_train,losing_generate_gpt5nano,2,"2

This comment fails"
fe561348-89a1-4137-8ecf-ac6c8471cec5,askacademia_train,losing_generate_llama,2,"2

**Reasoning"
fe561348-89a1-4137-8ecf-ac6c8471cec5,askacademia_train,losing_generate_mistral,2,"2

The comment provides"
fe561348-89a1-4137-8ecf-ac6c8471cec5,askacademia_train,losing_generate_qwen,2,"2

This comment does"
fe561348-89a1-4137-8ecf-ac6c8471cec5,askacademia_train,losing_improve_claude,2,"2

This comment appears"
fe561348-89a1-4137-8ecf-ac6c8471cec5,askacademia_train,losing_improve_gemini,2,"2

This comment is"
fe561348-89a1-4137-8ecf-ac6c8471cec5,askacademia_train,losing_improve_gpt4omini,2,"2

This comment appears"
fe561348-89a1-4137-8ecf-ac6c8471cec5,askacademia_train,losing_improve_gpt5nano,2,"2

This comment appears"
fe561348-89a1-4137-8ecf-ac6c8471cec5,askacademia_train,losing_improve_llama,2,"2

This comment lacks"
fe561348-89a1-4137-8ecf-ac6c8471cec5,askacademia_train,losing_improve_mistral,2,"2

This comment appears"
fe561348-89a1-4137-8ecf-ac6c8471cec5,askacademia_train,losing_improve_qwen,2,"2

The comment is"
fe561348-89a1-4137-8ecf-ac6c8471cec5,askacademia_train,losing_paraphrase_claude,2,"2

The comment is"
fe561348-89a1-4137-8ecf-ac6c8471cec5,askacademia_train,losing_paraphrase_gemini,2,"2

This comment fails"
fe561348-89a1-4137-8ecf-ac6c8471cec5,askacademia_train,losing_paraphrase_gpt4omini,2,"2

The comment is"
fe561348-89a1-4137-8ecf-ac6c8471cec5,askacademia_train,losing_paraphrase_gpt5nano,2,"2

The comment is"
fe561348-89a1-4137-8ecf-ac6c8471cec5,askacademia_train,losing_paraphrase_llama,3,"3

The comment addresses"
fe561348-89a1-4137-8ecf-ac6c8471cec5,askacademia_train,losing_paraphrase_mistral,2,"2

The comment is"
fe561348-89a1-4137-8ecf-ac6c8471cec5,askacademia_train,losing_paraphrase_qwen,2,"2

The comment is"
e35f0582-6618-4e5c-a4e2-dba01adc70c8,askacademia_train,winning_text,2,"2

The comment """
e35f0582-6618-4e5c-a4e2-dba01adc70c8,askacademia_train,losing_text,2,"2

The comment is"
e35f0582-6618-4e5c-a4e2-dba01adc70c8,askacademia_train,losing_generate_claude,5,"5

This comment exc"
e35f0582-6618-4e5c-a4e2-dba01adc70c8,askacademia_train,losing_generate_gemini,5,"5

This comment scores"
e35f0582-6618-4e5c-a4e2-dba01adc70c8,askacademia_train,losing_generate_gpt4omini,2,"2

The comment has"
e35f0582-6618-4e5c-a4e2-dba01adc70c8,askacademia_train,losing_generate_gpt5nano,5,"5

This comment exc"
e35f0582-6618-4e5c-a4e2-dba01adc70c8,askacademia_train,losing_generate_llama,2,"2

**Reasoning"
e35f0582-6618-4e5c-a4e2-dba01adc70c8,askacademia_train,losing_generate_mistral,2,"2

**Reasoning"
e35f0582-6618-4e5c-a4e2-dba01adc70c8,askacademia_train,losing_generate_qwen,2,"2

The comment does"
e35f0582-6618-4e5c-a4e2-dba01adc70c8,askacademia_train,losing_improve_claude,2,"2

The comment doesn"
e35f0582-6618-4e5c-a4e2-dba01adc70c8,askacademia_train,losing_improve_gemini,2,"2

This comment is"
e35f0582-6618-4e5c-a4e2-dba01adc70c8,askacademia_train,losing_improve_gpt4omini,2,"2

This comment appears"
e35f0582-6618-4e5c-a4e2-dba01adc70c8,askacademia_train,losing_improve_gpt5nano,3,"3

This comment appears"
e35f0582-6618-4e5c-a4e2-dba01adc70c8,askacademia_train,losing_improve_llama,2,"2

This comment lacks"
e35f0582-6618-4e5c-a4e2-dba01adc70c8,askacademia_train,losing_improve_mistral,2,"2

The comment provides"
e35f0582-6618-4e5c-a4e2-dba01adc70c8,askacademia_train,losing_improve_qwen,2,"2

The comment is"
e35f0582-6618-4e5c-a4e2-dba01adc70c8,askacademia_train,losing_paraphrase_claude,2,"2

The comment is"
e35f0582-6618-4e5c-a4e2-dba01adc70c8,askacademia_train,losing_paraphrase_gemini,4,"4

This comment scores"
e35f0582-6618-4e5c-a4e2-dba01adc70c8,askacademia_train,losing_paraphrase_gpt4omini,2,"2

The comment is"
e35f0582-6618-4e5c-a4e2-dba01adc70c8,askacademia_train,losing_paraphrase_gpt5nano,2,"2

The comment is"
e35f0582-6618-4e5c-a4e2-dba01adc70c8,askacademia_train,losing_paraphrase_llama,3,"3

The comment addresses"
e35f0582-6618-4e5c-a4e2-dba01adc70c8,askacademia_train,losing_paraphrase_mistral,2,"2

The comment is"
e35f0582-6618-4e5c-a4e2-dba01adc70c8,askacademia_train,losing_paraphrase_qwen,2,"2

The comment is"
51fb8e78-ac3b-41e2-b0e3-a62495335b10,askacademia_train,winning_text,2,"2

The comment """
51fb8e78-ac3b-41e2-b0e3-a62495335b10,askacademia_train,losing_text,4,"4

The comment scores"
51fb8e78-ac3b-41e2-b0e3-a62495335b10,askacademia_train,losing_generate_claude,5,"5

This comment exc"
51fb8e78-ac3b-41e2-b0e3-a62495335b10,askacademia_train,losing_generate_gemini,5,"5

This comment scores"
51fb8e78-ac3b-41e2-b0e3-a62495335b10,askacademia_train,losing_generate_gpt4omini,2,"2

**Reasoning"
51fb8e78-ac3b-41e2-b0e3-a62495335b10,askacademia_train,losing_generate_gpt5nano,5,"5

This comment exc"
51fb8e78-ac3b-41e2-b0e3-a62495335b10,askacademia_train,losing_generate_llama,2,"2

**Reasoning"
51fb8e78-ac3b-41e2-b0e3-a62495335b10,askacademia_train,losing_generate_mistral,2,"2

The comment provides"
51fb8e78-ac3b-41e2-b0e3-a62495335b10,askacademia_train,losing_generate_qwen,2,"2

The comment does"
51fb8e78-ac3b-41e2-b0e3-a62495335b10,askacademia_train,losing_improve_claude,2,"2

This comment fails"
51fb8e78-ac3b-41e2-b0e3-a62495335b10,askacademia_train,losing_improve_gemini,5,"5

This comment scores"
51fb8e78-ac3b-41e2-b0e3-a62495335b10,askacademia_train,losing_improve_gpt4omini,5,"5

This comment scores"
51fb8e78-ac3b-41e2-b0e3-a62495335b10,askacademia_train,losing_improve_gpt5nano,4,"4

This comment scores"
51fb8e78-ac3b-41e2-b0e3-a62495335b10,askacademia_train,losing_improve_llama,2,"2

This comment has"
51fb8e78-ac3b-41e2-b0e3-a62495335b10,askacademia_train,losing_improve_mistral,2,"2

This comment appears"
51fb8e78-ac3b-41e2-b0e3-a62495335b10,askacademia_train,losing_improve_qwen,4,"4

This comment scores"
51fb8e78-ac3b-41e2-b0e3-a62495335b10,askacademia_train,losing_paraphrase_claude,4,"4

This comment scores"
51fb8e78-ac3b-41e2-b0e3-a62495335b10,askacademia_train,losing_paraphrase_gemini,4,"4

This comment scores"
51fb8e78-ac3b-41e2-b0e3-a62495335b10,askacademia_train,losing_paraphrase_gpt4omini,4,"4

This comment scores"
51fb8e78-ac3b-41e2-b0e3-a62495335b10,askacademia_train,losing_paraphrase_gpt5nano,4,"4

The comment scores"
51fb8e78-ac3b-41e2-b0e3-a62495335b10,askacademia_train,losing_paraphrase_llama,4,"4

This comment scores"
51fb8e78-ac3b-41e2-b0e3-a62495335b10,askacademia_train,losing_paraphrase_mistral,4,"4

This comment scores"
51fb8e78-ac3b-41e2-b0e3-a62495335b10,askacademia_train,losing_paraphrase_qwen,4,"4

This comment scores"
a7e28b67-7f41-4ac8-ab7c-db7eeee30cb3,askacademia_train,winning_text,4,"4

This comment scores"
a7e28b67-7f41-4ac8-ab7c-db7eeee30cb3,askacademia_train,losing_text,4,"4

The comment scores"
a7e28b67-7f41-4ac8-ab7c-db7eeee30cb3,askacademia_train,losing_generate_claude,5,"5

This comment exc"
a7e28b67-7f41-4ac8-ab7c-db7eeee30cb3,askacademia_train,losing_generate_gemini,5,"5

This comment scores"
a7e28b67-7f41-4ac8-ab7c-db7eeee30cb3,askacademia_train,losing_generate_gpt4omini,2,"2

**Reasoning"
a7e28b67-7f41-4ac8-ab7c-db7eeee30cb3,askacademia_train,losing_generate_gpt5nano,5,"5

This comment scores"
a7e28b67-7f41-4ac8-ab7c-db7eeee30cb3,askacademia_train,losing_generate_llama,2,"2

**Reasoning"
a7e28b67-7f41-4ac8-ab7c-db7eeee30cb3,askacademia_train,losing_generate_mistral,3,"3

The comment provides"
a7e28b67-7f41-4ac8-ab7c-db7eeee30cb3,askacademia_train,losing_generate_qwen,2,"2

The comment does"
a7e28b67-7f41-4ac8-ab7c-db7eeee30cb3,askacademia_train,losing_improve_claude,2,"2

This comment appears"
a7e28b67-7f41-4ac8-ab7c-db7eeee30cb3,askacademia_train,losing_improve_gemini,5,"5

This comment scores"
a7e28b67-7f41-4ac8-ab7c-db7eeee30cb3,askacademia_train,losing_improve_gpt4omini,5,"5

This comment scores"
a7e28b67-7f41-4ac8-ab7c-db7eeee30cb3,askacademia_train,losing_improve_gpt5nano,4,"4

This comment scores"
a7e28b67-7f41-4ac8-ab7c-db7eeee30cb3,askacademia_train,losing_improve_llama,2,"2

This comment has"
a7e28b67-7f41-4ac8-ab7c-db7eeee30cb3,askacademia_train,losing_improve_mistral,2,"2

The comment has"
a7e28b67-7f41-4ac8-ab7c-db7eeee30cb3,askacademia_train,losing_improve_qwen,4,"4

This comment scores"
a7e28b67-7f41-4ac8-ab7c-db7eeee30cb3,askacademia_train,losing_paraphrase_claude,4,"4

This comment scores"
a7e28b67-7f41-4ac8-ab7c-db7eeee30cb3,askacademia_train,losing_paraphrase_gemini,4,"4

This comment scores"
a7e28b67-7f41-4ac8-ab7c-db7eeee30cb3,askacademia_train,losing_paraphrase_gpt4omini,4,"4

This comment scores"
a7e28b67-7f41-4ac8-ab7c-db7eeee30cb3,askacademia_train,losing_paraphrase_gpt5nano,4,"4

This comment scores"
a7e28b67-7f41-4ac8-ab7c-db7eeee30cb3,askacademia_train,losing_paraphrase_llama,4,"4

This comment scores"
a7e28b67-7f41-4ac8-ab7c-db7eeee30cb3,askacademia_train,losing_paraphrase_mistral,4,"4

This comment scores"
a7e28b67-7f41-4ac8-ab7c-db7eeee30cb3,askacademia_train,losing_paraphrase_qwen,4,"4

This comment scores"
c77f94ab-c1db-4991-a96a-3bc2b3572e74,askacademia_train,winning_text,4,"4

The comment is"
c77f94ab-c1db-4991-a96a-3bc2b3572e74,askacademia_train,losing_text,4,"4

The comment scores"
c77f94ab-c1db-4991-a96a-3bc2b3572e74,askacademia_train,losing_generate_claude,5,"5

This comment exc"
c77f94ab-c1db-4991-a96a-3bc2b3572e74,askacademia_train,losing_generate_gemini,5,"5

This comment scores"
c77f94ab-c1db-4991-a96a-3bc2b3572e74,askacademia_train,losing_generate_gpt4omini,4,"4

This comment scores"
c77f94ab-c1db-4991-a96a-3bc2b3572e74,askacademia_train,losing_generate_gpt5nano,2,"2

This comment fails"
c77f94ab-c1db-4991-a96a-3bc2b3572e74,askacademia_train,losing_generate_llama,2,"2

**Reasoning"
c77f94ab-c1db-4991-a96a-3bc2b3572e74,askacademia_train,losing_generate_mistral,2,"2

The comment provides"
c77f94ab-c1db-4991-a96a-3bc2b3572e74,askacademia_train,losing_generate_qwen,2,"2

The comment does"
c77f94ab-c1db-4991-a96a-3bc2b3572e74,askacademia_train,losing_improve_claude,2,"2

This comment fails"
c77f94ab-c1db-4991-a96a-3bc2b3572e74,askacademia_train,losing_improve_gemini,5,"5

This comment scores"
c77f94ab-c1db-4991-a96a-3bc2b3572e74,askacademia_train,losing_improve_gpt4omini,5,"5

This comment scores"
c77f94ab-c1db-4991-a96a-3bc2b3572e74,askacademia_train,losing_improve_gpt5nano,4,"4

This comment scores"
c77f94ab-c1db-4991-a96a-3bc2b3572e74,askacademia_train,losing_improve_llama,2,"2

This comment has"
c77f94ab-c1db-4991-a96a-3bc2b3572e74,askacademia_train,losing_improve_mistral,2,"2

The comment has"
c77f94ab-c1db-4991-a96a-3bc2b3572e74,askacademia_train,losing_improve_qwen,4,"4

This comment scores"
c77f94ab-c1db-4991-a96a-3bc2b3572e74,askacademia_train,losing_paraphrase_claude,4,"4

This comment scores"
c77f94ab-c1db-4991-a96a-3bc2b3572e74,askacademia_train,losing_paraphrase_gemini,3,"3

This comment shares"
c77f94ab-c1db-4991-a96a-3bc2b3572e74,askacademia_train,losing_paraphrase_gpt4omini,4,"4

This comment scores"
c77f94ab-c1db-4991-a96a-3bc2b3572e74,askacademia_train,losing_paraphrase_gpt5nano,4,"4

The comment scores"
c77f94ab-c1db-4991-a96a-3bc2b3572e74,askacademia_train,losing_paraphrase_llama,4,"4

This comment scores"
c77f94ab-c1db-4991-a96a-3bc2b3572e74,askacademia_train,losing_paraphrase_mistral,4,"4

This comment scores"
c77f94ab-c1db-4991-a96a-3bc2b3572e74,askacademia_train,losing_paraphrase_qwen,4,"4

This comment scores"
8cc6883b-13d6-4f1f-976c-b8a6c39ed774,askacademia_train,winning_text,4,"4

This comment scores"
8cc6883b-13d6-4f1f-976c-b8a6c39ed774,askacademia_train,losing_text,4,"4

The comment scores"
8cc6883b-13d6-4f1f-976c-b8a6c39ed774,askacademia_train,losing_generate_claude,5,"5

This comment exc"
8cc6883b-13d6-4f1f-976c-b8a6c39ed774,askacademia_train,losing_generate_gemini,5,"5

This comment scores"
8cc6883b-13d6-4f1f-976c-b8a6c39ed774,askacademia_train,losing_generate_gpt4omini,3,"3

**Reasoning"
8cc6883b-13d6-4f1f-976c-b8a6c39ed774,askacademia_train,losing_generate_gpt5nano,2,"2

This comment fails"
8cc6883b-13d6-4f1f-976c-b8a6c39ed774,askacademia_train,losing_generate_llama,2,"2

**Reasoning"
8cc6883b-13d6-4f1f-976c-b8a6c39ed774,askacademia_train,losing_generate_mistral,2,"2

**Reasoning"
8cc6883b-13d6-4f1f-976c-b8a6c39ed774,askacademia_train,losing_generate_qwen,2,"2

The comment does"
8cc6883b-13d6-4f1f-976c-b8a6c39ed774,askacademia_train,losing_improve_claude,2,"2

This comment appears"
8cc6883b-13d6-4f1f-976c-b8a6c39ed774,askacademia_train,losing_improve_gemini,4,"4

This comment scores"
8cc6883b-13d6-4f1f-976c-b8a6c39ed774,askacademia_train,losing_improve_gpt4omini,5,"5

This comment scores"
8cc6883b-13d6-4f1f-976c-b8a6c39ed774,askacademia_train,losing_improve_gpt5nano,4,"4

The comment scores"
8cc6883b-13d6-4f1f-976c-b8a6c39ed774,askacademia_train,losing_improve_llama,2,"2

This comment has"
8cc6883b-13d6-4f1f-976c-b8a6c39ed774,askacademia_train,losing_improve_mistral,2,"2

The comment has"
8cc6883b-13d6-4f1f-976c-b8a6c39ed774,askacademia_train,losing_improve_qwen,4,"4

This comment scores"
8cc6883b-13d6-4f1f-976c-b8a6c39ed774,askacademia_train,losing_paraphrase_claude,4,"4

This comment scores"
8cc6883b-13d6-4f1f-976c-b8a6c39ed774,askacademia_train,losing_paraphrase_gemini,3,"3

This comment appears"
8cc6883b-13d6-4f1f-976c-b8a6c39ed774,askacademia_train,losing_paraphrase_gpt4omini,4,"4

This comment scores"
8cc6883b-13d6-4f1f-976c-b8a6c39ed774,askacademia_train,losing_paraphrase_gpt5nano,4,"4

This comment scores"
8cc6883b-13d6-4f1f-976c-b8a6c39ed774,askacademia_train,losing_paraphrase_llama,4,"4

This comment scores"
8cc6883b-13d6-4f1f-976c-b8a6c39ed774,askacademia_train,losing_paraphrase_mistral,4,"4

This comment scores"
8cc6883b-13d6-4f1f-976c-b8a6c39ed774,askacademia_train,losing_paraphrase_qwen,4,"4

This comment scores"
f71e9298-abae-472a-975d-9d692df8414a,askacademia_train,winning_text,2,"2

The comment """
f71e9298-abae-472a-975d-9d692df8414a,askacademia_train,losing_text,4,"4

The comment scores"
f71e9298-abae-472a-975d-9d692df8414a,askacademia_train,losing_generate_claude,5,"5

This comment exc"
f71e9298-abae-472a-975d-9d692df8414a,askacademia_train,losing_generate_gemini,5,"5

This comment scores"
f71e9298-abae-472a-975d-9d692df8414a,askacademia_train,losing_generate_gpt4omini,2,"2

**Reasoning"
f71e9298-abae-472a-975d-9d692df8414a,askacademia_train,losing_generate_gpt5nano,2,"2

**Reasoning"
f71e9298-abae-472a-975d-9d692df8414a,askacademia_train,losing_generate_llama,2,"2

**Reasoning"
f71e9298-abae-472a-975d-9d692df8414a,askacademia_train,losing_generate_mistral,2,"2

The comment has"
f71e9298-abae-472a-975d-9d692df8414a,askacademia_train,losing_generate_qwen,2,"2

The comment does"
f71e9298-abae-472a-975d-9d692df8414a,askacademia_train,losing_improve_claude,4,"4

This comment scores"
f71e9298-abae-472a-975d-9d692df8414a,askacademia_train,losing_improve_gemini,5,"5

This comment scores"
f71e9298-abae-472a-975d-9d692df8414a,askacademia_train,losing_improve_gpt4omini,5,"5

This comment scores"
f71e9298-abae-472a-975d-9d692df8414a,askacademia_train,losing_improve_gpt5nano,4,"4

This comment scores"
f71e9298-abae-472a-975d-9d692df8414a,askacademia_train,losing_improve_llama,2,"2

This comment has"
f71e9298-abae-472a-975d-9d692df8414a,askacademia_train,losing_improve_mistral,2,"2

This comment has"
f71e9298-abae-472a-975d-9d692df8414a,askacademia_train,losing_improve_qwen,4,"4

This comment scores"
f71e9298-abae-472a-975d-9d692df8414a,askacademia_train,losing_paraphrase_claude,4,"4

This comment scores"
f71e9298-abae-472a-975d-9d692df8414a,askacademia_train,losing_paraphrase_gemini,3,"3

This comment shares"
f71e9298-abae-472a-975d-9d692df8414a,askacademia_train,losing_paraphrase_gpt4omini,4,"4

The comment is"
f71e9298-abae-472a-975d-9d692df8414a,askacademia_train,losing_paraphrase_gpt5nano,4,"4

This comment scores"
f71e9298-abae-472a-975d-9d692df8414a,askacademia_train,losing_paraphrase_llama,4,"4

This comment scores"
f71e9298-abae-472a-975d-9d692df8414a,askacademia_train,losing_paraphrase_mistral,4,"4

This comment scores"
f71e9298-abae-472a-975d-9d692df8414a,askacademia_train,losing_paraphrase_qwen,4,"4

This comment scores"
f8fa2e75-734f-41e5-8ad9-35a3a90697a8,askacademia_train,winning_text,2,"2

The comment """
f8fa2e75-734f-41e5-8ad9-35a3a90697a8,askacademia_train,losing_text,4,"4

The comment scores"
f8fa2e75-734f-41e5-8ad9-35a3a90697a8,askacademia_train,losing_generate_claude,5,"5

This comment exc"
f8fa2e75-734f-41e5-8ad9-35a3a90697a8,askacademia_train,losing_generate_gemini,5,"5

This comment scores"
f8fa2e75-734f-41e5-8ad9-35a3a90697a8,askacademia_train,losing_generate_gpt4omini,2,"2

**Reasoning"
f8fa2e75-734f-41e5-8ad9-35a3a90697a8,askacademia_train,losing_generate_gpt5nano,2,"2

**Reasoning"
f8fa2e75-734f-41e5-8ad9-35a3a90697a8,askacademia_train,losing_generate_llama,2,"2

**Reasoning"
f8fa2e75-734f-41e5-8ad9-35a3a90697a8,askacademia_train,losing_generate_mistral,4,"4

This comment scores"
f8fa2e75-734f-41e5-8ad9-35a3a90697a8,askacademia_train,losing_generate_qwen,2,"2

This comment does"
f8fa2e75-734f-41e5-8ad9-35a3a90697a8,askacademia_train,losing_improve_claude,2,"2

This comment fails"
f8fa2e75-734f-41e5-8ad9-35a3a90697a8,askacademia_train,losing_improve_gemini,5,"5

This comment scores"
f8fa2e75-734f-41e5-8ad9-35a3a90697a8,askacademia_train,losing_improve_gpt4omini,5,"5

This comment scores"
f8fa2e75-734f-41e5-8ad9-35a3a90697a8,askacademia_train,losing_improve_gpt5nano,4,"4

This comment scores"
f8fa2e75-734f-41e5-8ad9-35a3a90697a8,askacademia_train,losing_improve_llama,2,"2

This comment has"
f8fa2e75-734f-41e5-8ad9-35a3a90697a8,askacademia_train,losing_improve_mistral,2,"2

The comment has"
f8fa2e75-734f-41e5-8ad9-35a3a90697a8,askacademia_train,losing_improve_qwen,4,"4

This comment scores"
f8fa2e75-734f-41e5-8ad9-35a3a90697a8,askacademia_train,losing_paraphrase_claude,4,"4

This comment scores"
f8fa2e75-734f-41e5-8ad9-35a3a90697a8,askacademia_train,losing_paraphrase_gemini,3,"3

This comment shares"
f8fa2e75-734f-41e5-8ad9-35a3a90697a8,askacademia_train,losing_paraphrase_gpt4omini,4,"4

This comment scores"
f8fa2e75-734f-41e5-8ad9-35a3a90697a8,askacademia_train,losing_paraphrase_gpt5nano,4,"4

The comment is"
f8fa2e75-734f-41e5-8ad9-35a3a90697a8,askacademia_train,losing_paraphrase_llama,4,"4

This comment scores"
f8fa2e75-734f-41e5-8ad9-35a3a90697a8,askacademia_train,losing_paraphrase_mistral,4,"4

This comment scores"
f8fa2e75-734f-41e5-8ad9-35a3a90697a8,askacademia_train,losing_paraphrase_qwen,4,"4

This comment scores"
6a763d25-1db8-437d-893f-734c24ceefe8,askacademia_train,winning_text,2,"2

The comment """
6a763d25-1db8-437d-893f-734c24ceefe8,askacademia_train,losing_text,4,"4

The comment scores"
6a763d25-1db8-437d-893f-734c24ceefe8,askacademia_train,losing_generate_claude,5,"5

This comment exc"
6a763d25-1db8-437d-893f-734c24ceefe8,askacademia_train,losing_generate_gemini,5,"5

This comment scores"
6a763d25-1db8-437d-893f-734c24ceefe8,askacademia_train,losing_generate_gpt4omini,2,"2

**Reasoning"
6a763d25-1db8-437d-893f-734c24ceefe8,askacademia_train,losing_generate_gpt5nano,2,"2

The comment mis"
6a763d25-1db8-437d-893f-734c24ceefe8,askacademia_train,losing_generate_llama,2,"2

**Reasoning"
6a763d25-1db8-437d-893f-734c24ceefe8,askacademia_train,losing_generate_mistral,2,"2

The comment has"
6a763d25-1db8-437d-893f-734c24ceefe8,askacademia_train,losing_generate_qwen,2,"2

The comment does"
6a763d25-1db8-437d-893f-734c24ceefe8,askacademia_train,losing_improve_claude,2,"2

This comment fails"
6a763d25-1db8-437d-893f-734c24ceefe8,askacademia_train,losing_improve_gemini,5,"5

This comment scores"
6a763d25-1db8-437d-893f-734c24ceefe8,askacademia_train,losing_improve_gpt4omini,5,"5

This comment scores"
6a763d25-1db8-437d-893f-734c24ceefe8,askacademia_train,losing_improve_gpt5nano,4,"4

This comment scores"
6a763d25-1db8-437d-893f-734c24ceefe8,askacademia_train,losing_improve_llama,2,"2

This comment has"
6a763d25-1db8-437d-893f-734c24ceefe8,askacademia_train,losing_improve_mistral,2,"2

This comment has"
6a763d25-1db8-437d-893f-734c24ceefe8,askacademia_train,losing_improve_qwen,4,"4

This comment scores"
6a763d25-1db8-437d-893f-734c24ceefe8,askacademia_train,losing_paraphrase_claude,4,"4

This comment scores"
6a763d25-1db8-437d-893f-734c24ceefe8,askacademia_train,losing_paraphrase_gemini,3,"3

This comment shares"
6a763d25-1db8-437d-893f-734c24ceefe8,askacademia_train,losing_paraphrase_gpt4omini,4,"4

This comment scores"
6a763d25-1db8-437d-893f-734c24ceefe8,askacademia_train,losing_paraphrase_gpt5nano,4,"4

This comment scores"
6a763d25-1db8-437d-893f-734c24ceefe8,askacademia_train,losing_paraphrase_llama,4,"4

This comment scores"
6a763d25-1db8-437d-893f-734c24ceefe8,askacademia_train,losing_paraphrase_mistral,4,"4

This comment scores"
6a763d25-1db8-437d-893f-734c24ceefe8,askacademia_train,losing_paraphrase_qwen,4,"4

This comment scores"
f95ed0e5-3e90-4544-b710-d2af80e3488c,askacademia_train,winning_text,2,"2

The comment """
f95ed0e5-3e90-4544-b710-d2af80e3488c,askacademia_train,losing_text,4,"4

This comment scores"
f95ed0e5-3e90-4544-b710-d2af80e3488c,askacademia_train,losing_generate_claude,5,"5

This comment exc"
f95ed0e5-3e90-4544-b710-d2af80e3488c,askacademia_train,losing_generate_gemini,5,"5

This comment scores"
f95ed0e5-3e90-4544-b710-d2af80e3488c,askacademia_train,losing_generate_gpt4omini,2,"2

**Reasoning"
f95ed0e5-3e90-4544-b710-d2af80e3488c,askacademia_train,losing_generate_gpt5nano,2,"2

This comment fails"
f95ed0e5-3e90-4544-b710-d2af80e3488c,askacademia_train,losing_generate_llama,2,"2

**Reasoning"
f95ed0e5-3e90-4544-b710-d2af80e3488c,askacademia_train,losing_generate_mistral,4,"4

The comment scores"
f95ed0e5-3e90-4544-b710-d2af80e3488c,askacademia_train,losing_generate_qwen,2,"2

This comment fails"
f95ed0e5-3e90-4544-b710-d2af80e3488c,askacademia_train,losing_improve_claude,3,"3

This comment addresses"
f95ed0e5-3e90-4544-b710-d2af80e3488c,askacademia_train,losing_improve_gemini,4,"4

This comment scores"
f95ed0e5-3e90-4544-b710-d2af80e3488c,askacademia_train,losing_improve_gpt4omini,4,"4

The comment is"
f95ed0e5-3e90-4544-b710-d2af80e3488c,askacademia_train,losing_improve_gpt5nano,5,"5

This comment exc"
f95ed0e5-3e90-4544-b710-d2af80e3488c,askacademia_train,losing_improve_llama,4,"4

This comment scores"
f95ed0e5-3e90-4544-b710-d2af80e3488c,askacademia_train,losing_improve_mistral,2,"2

This comment has"
f95ed0e5-3e90-4544-b710-d2af80e3488c,askacademia_train,losing_improve_qwen,4,"4

This comment scores"
f95ed0e5-3e90-4544-b710-d2af80e3488c,askacademia_train,losing_paraphrase_claude,5,"5

This comment scores"
f95ed0e5-3e90-4544-b710-d2af80e3488c,askacademia_train,losing_paraphrase_gemini,4,"4

This comment scores"
f95ed0e5-3e90-4544-b710-d2af80e3488c,askacademia_train,losing_paraphrase_gpt4omini,2,"2

The comment has"
f95ed0e5-3e90-4544-b710-d2af80e3488c,askacademia_train,losing_paraphrase_gpt5nano,3,"3

This comment is"
f95ed0e5-3e90-4544-b710-d2af80e3488c,askacademia_train,losing_paraphrase_llama,2,"2

This comment is"
f95ed0e5-3e90-4544-b710-d2af80e3488c,askacademia_train,losing_paraphrase_mistral,2,"2

This comment has"
f95ed0e5-3e90-4544-b710-d2af80e3488c,askacademia_train,losing_paraphrase_qwen,4,"4

This comment scores"
71c08e3c-2789-436e-88fb-594d6b4a2b5d,askacademia_train,winning_text,2,"2

The comment """
71c08e3c-2789-436e-88fb-594d6b4a2b5d,askacademia_train,losing_text,4,"4

This comment scores"
71c08e3c-2789-436e-88fb-594d6b4a2b5d,askacademia_train,losing_generate_claude,5,"5

This comment exc"
71c08e3c-2789-436e-88fb-594d6b4a2b5d,askacademia_train,losing_generate_gemini,5,"5

This comment scores"
71c08e3c-2789-436e-88fb-594d6b4a2b5d,askacademia_train,losing_generate_gpt4omini,2,"2

**Reasoning"
71c08e3c-2789-436e-88fb-594d6b4a2b5d,askacademia_train,losing_generate_gpt5nano,2,"2

The comment mis"
71c08e3c-2789-436e-88fb-594d6b4a2b5d,askacademia_train,losing_generate_llama,2,"2

**Reasoning"
71c08e3c-2789-436e-88fb-594d6b4a2b5d,askacademia_train,losing_generate_mistral,2,"2

The comment provides"
71c08e3c-2789-436e-88fb-594d6b4a2b5d,askacademia_train,losing_generate_qwen,2,"2

This comment does"
71c08e3c-2789-436e-88fb-594d6b4a2b5d,askacademia_train,losing_improve_claude,3,"3

This comment addresses"
71c08e3c-2789-436e-88fb-594d6b4a2b5d,askacademia_train,losing_improve_gemini,4,"4

This comment scores"
71c08e3c-2789-436e-88fb-594d6b4a2b5d,askacademia_train,losing_improve_gpt4omini,2,"2

The comment has"
71c08e3c-2789-436e-88fb-594d6b4a2b5d,askacademia_train,losing_improve_gpt5nano,5,"5

This comment scores"
71c08e3c-2789-436e-88fb-594d6b4a2b5d,askacademia_train,losing_improve_llama,4,"4

This comment scores"
71c08e3c-2789-436e-88fb-594d6b4a2b5d,askacademia_train,losing_improve_mistral,2,"2

This comment has"
71c08e3c-2789-436e-88fb-594d6b4a2b5d,askacademia_train,losing_improve_qwen,4,"4

This comment scores"
71c08e3c-2789-436e-88fb-594d6b4a2b5d,askacademia_train,losing_paraphrase_claude,4,"4

This comment scores"
71c08e3c-2789-436e-88fb-594d6b4a2b5d,askacademia_train,losing_paraphrase_gemini,4,"4

This comment scores"
71c08e3c-2789-436e-88fb-594d6b4a2b5d,askacademia_train,losing_paraphrase_gpt4omini,2,"2

The comment has"
71c08e3c-2789-436e-88fb-594d6b4a2b5d,askacademia_train,losing_paraphrase_gpt5nano,4,"4

This comment scores"
71c08e3c-2789-436e-88fb-594d6b4a2b5d,askacademia_train,losing_paraphrase_llama,2,"2

This comment is"
71c08e3c-2789-436e-88fb-594d6b4a2b5d,askacademia_train,losing_paraphrase_mistral,3,"3

This comment is"
71c08e3c-2789-436e-88fb-594d6b4a2b5d,askacademia_train,losing_paraphrase_qwen,4,"4

This comment scores"
d4f30e38-c1b8-4cdd-8f99-ae8c311d21fb,askacademia_train,winning_text,2,"2

The comment """
d4f30e38-c1b8-4cdd-8f99-ae8c311d21fb,askacademia_train,losing_text,4,"4

This comment scores"
d4f30e38-c1b8-4cdd-8f99-ae8c311d21fb,askacademia_train,losing_generate_claude,5,"5

This comment exc"
d4f30e38-c1b8-4cdd-8f99-ae8c311d21fb,askacademia_train,losing_generate_gemini,5,"5

This comment scores"
d4f30e38-c1b8-4cdd-8f99-ae8c311d21fb,askacademia_train,losing_generate_gpt4omini,2,"2

**Reasoning"
d4f30e38-c1b8-4cdd-8f99-ae8c311d21fb,askacademia_train,losing_generate_gpt5nano,5,"5

This comment is"
d4f30e38-c1b8-4cdd-8f99-ae8c311d21fb,askacademia_train,losing_generate_llama,2,"2

**Reasoning"
d4f30e38-c1b8-4cdd-8f99-ae8c311d21fb,askacademia_train,losing_generate_mistral,4,"4

The comment scores"
d4f30e38-c1b8-4cdd-8f99-ae8c311d21fb,askacademia_train,losing_generate_qwen,2,"2

The comment does"
d4f30e38-c1b8-4cdd-8f99-ae8c311d21fb,askacademia_train,losing_improve_claude,2,2
d4f30e38-c1b8-4cdd-8f99-ae8c311d21fb,askacademia_train,losing_improve_gemini,4,"4

This comment scores"
d4f30e38-c1b8-4cdd-8f99-ae8c311d21fb,askacademia_train,losing_improve_gpt4omini,2,"2

The comment has"
d4f30e38-c1b8-4cdd-8f99-ae8c311d21fb,askacademia_train,losing_improve_gpt5nano,5,"5

This comment scores"
d4f30e38-c1b8-4cdd-8f99-ae8c311d21fb,askacademia_train,losing_improve_llama,4,"4

This comment scores"
d4f30e38-c1b8-4cdd-8f99-ae8c311d21fb,askacademia_train,losing_improve_mistral,2,"2

This comment has"
d4f30e38-c1b8-4cdd-8f99-ae8c311d21fb,askacademia_train,losing_improve_qwen,4,"4

This comment scores"
d4f30e38-c1b8-4cdd-8f99-ae8c311d21fb,askacademia_train,losing_paraphrase_claude,4,"4

This comment scores"
d4f30e38-c1b8-4cdd-8f99-ae8c311d21fb,askacademia_train,losing_paraphrase_gemini,4,"4

This comment scores"
d4f30e38-c1b8-4cdd-8f99-ae8c311d21fb,askacademia_train,losing_paraphrase_gpt4omini,2,"2

The comment has"
d4f30e38-c1b8-4cdd-8f99-ae8c311d21fb,askacademia_train,losing_paraphrase_gpt5nano,3,"3

This comment is"
d4f30e38-c1b8-4cdd-8f99-ae8c311d21fb,askacademia_train,losing_paraphrase_llama,2,"2

This comment is"
d4f30e38-c1b8-4cdd-8f99-ae8c311d21fb,askacademia_train,losing_paraphrase_mistral,2,"2

This comment has"
d4f30e38-c1b8-4cdd-8f99-ae8c311d21fb,askacademia_train,losing_paraphrase_qwen,4,"4

This comment scores"
11a7b14b-45d7-486f-8b0c-4b5704e1721c,askacademia_train,winning_text,1,"1

This comment fails"
11a7b14b-45d7-486f-8b0c-4b5704e1721c,askacademia_train,losing_text,4,"4

The comment is"
11a7b14b-45d7-486f-8b0c-4b5704e1721c,askacademia_train,losing_generate_claude,5,"5

This comment exc"
11a7b14b-45d7-486f-8b0c-4b5704e1721c,askacademia_train,losing_generate_gemini,5,"5

This comment scores"
11a7b14b-45d7-486f-8b0c-4b5704e1721c,askacademia_train,losing_generate_gpt4omini,2,"2

**Reasoning"
11a7b14b-45d7-486f-8b0c-4b5704e1721c,askacademia_train,losing_generate_gpt5nano,3,"3

**Reasoning"
11a7b14b-45d7-486f-8b0c-4b5704e1721c,askacademia_train,losing_generate_llama,2,"2

**Reasoning"
11a7b14b-45d7-486f-8b0c-4b5704e1721c,askacademia_train,losing_generate_mistral,2,"2

**Reasoning"
11a7b14b-45d7-486f-8b0c-4b5704e1721c,askacademia_train,losing_generate_qwen,2,"2

The comment does"
11a7b14b-45d7-486f-8b0c-4b5704e1721c,askacademia_train,losing_improve_claude,3,"3

This comment has"
11a7b14b-45d7-486f-8b0c-4b5704e1721c,askacademia_train,losing_improve_gemini,4,"4

This comment scores"
11a7b14b-45d7-486f-8b0c-4b5704e1721c,askacademia_train,losing_improve_gpt4omini,2,"2

The comment has"
11a7b14b-45d7-486f-8b0c-4b5704e1721c,askacademia_train,losing_improve_gpt5nano,3,"3

This comment has"
11a7b14b-45d7-486f-8b0c-4b5704e1721c,askacademia_train,losing_improve_llama,2,"2

**Reasoning"
11a7b14b-45d7-486f-8b0c-4b5704e1721c,askacademia_train,losing_improve_mistral,3,"3

This comment appears"
11a7b14b-45d7-486f-8b0c-4b5704e1721c,askacademia_train,losing_improve_qwen,3,"3

This comment shows"
11a7b14b-45d7-486f-8b0c-4b5704e1721c,askacademia_train,losing_paraphrase_claude,4,"4

This comment scores"
11a7b14b-45d7-486f-8b0c-4b5704e1721c,askacademia_train,losing_paraphrase_gemini,4,"4

This comment scores"
11a7b14b-45d7-486f-8b0c-4b5704e1721c,askacademia_train,losing_paraphrase_gpt4omini,2,"2

The comment asks"
11a7b14b-45d7-486f-8b0c-4b5704e1721c,askacademia_train,losing_paraphrase_gpt5nano,3,"3

The comment addresses"
11a7b14b-45d7-486f-8b0c-4b5704e1721c,askacademia_train,losing_paraphrase_llama,3,"3

This comment is"
11a7b14b-45d7-486f-8b0c-4b5704e1721c,askacademia_train,losing_paraphrase_mistral,3,"3

The comment addresses"
11a7b14b-45d7-486f-8b0c-4b5704e1721c,askacademia_train,losing_paraphrase_qwen,2,"2

The comment appears"
7e8594a5-e5fa-4fa9-952d-42ecdaab1f1a,askacademia_train,winning_text,2,"2

This comment scores"
7e8594a5-e5fa-4fa9-952d-42ecdaab1f1a,askacademia_train,losing_text,4,"4

The comment is"
7e8594a5-e5fa-4fa9-952d-42ecdaab1f1a,askacademia_train,losing_generate_claude,5,"5

This comment exc"
7e8594a5-e5fa-4fa9-952d-42ecdaab1f1a,askacademia_train,losing_generate_gemini,5,"5

This comment scores"
7e8594a5-e5fa-4fa9-952d-42ecdaab1f1a,askacademia_train,losing_generate_gpt4omini,2,"2

**Reasoning"
7e8594a5-e5fa-4fa9-952d-42ecdaab1f1a,askacademia_train,losing_generate_gpt5nano,5,"5

This comment scores"
7e8594a5-e5fa-4fa9-952d-42ecdaab1f1a,askacademia_train,losing_generate_llama,2,"2

**Reasoning"
7e8594a5-e5fa-4fa9-952d-42ecdaab1f1a,askacademia_train,losing_generate_mistral,2,"2

The comment has"
7e8594a5-e5fa-4fa9-952d-42ecdaab1f1a,askacademia_train,losing_generate_qwen,2,"2

The comment does"
7e8594a5-e5fa-4fa9-952d-42ecdaab1f1a,askacademia_train,losing_improve_claude,2,"2

This comment fails"
7e8594a5-e5fa-4fa9-952d-42ecdaab1f1a,askacademia_train,losing_improve_gemini,4,"4

This comment scores"
7e8594a5-e5fa-4fa9-952d-42ecdaab1f1a,askacademia_train,losing_improve_gpt4omini,2,"2

The comment makes"
7e8594a5-e5fa-4fa9-952d-42ecdaab1f1a,askacademia_train,losing_improve_gpt5nano,5,"5

This comment exc"
7e8594a5-e5fa-4fa9-952d-42ecdaab1f1a,askacademia_train,losing_improve_llama,2,"2

**Reasoning"
7e8594a5-e5fa-4fa9-952d-42ecdaab1f1a,askacademia_train,losing_improve_mistral,3,"3

This comment appears"
7e8594a5-e5fa-4fa9-952d-42ecdaab1f1a,askacademia_train,losing_improve_qwen,3,"3

This comment shows"
7e8594a5-e5fa-4fa9-952d-42ecdaab1f1a,askacademia_train,losing_paraphrase_claude,4,"4

This comment scores"
7e8594a5-e5fa-4fa9-952d-42ecdaab1f1a,askacademia_train,losing_paraphrase_gemini,4,"4

This comment scores"
7e8594a5-e5fa-4fa9-952d-42ecdaab1f1a,askacademia_train,losing_paraphrase_gpt4omini,2,"2

The comment asks"
7e8594a5-e5fa-4fa9-952d-42ecdaab1f1a,askacademia_train,losing_paraphrase_gpt5nano,2,"2

The comment appears"
7e8594a5-e5fa-4fa9-952d-42ecdaab1f1a,askacademia_train,losing_paraphrase_llama,3,"3

The comment shows"
7e8594a5-e5fa-4fa9-952d-42ecdaab1f1a,askacademia_train,losing_paraphrase_mistral,2,"2

The comment lacks"
7e8594a5-e5fa-4fa9-952d-42ecdaab1f1a,askacademia_train,losing_paraphrase_qwen,2,"2

The comment appears"
6afb0fd7-9d43-4e14-ac3f-38b988f6196d,askacademia_train,winning_text,2,"2

This comment scores"
6afb0fd7-9d43-4e14-ac3f-38b988f6196d,askacademia_train,losing_text,1,"1

This comment fails"
6afb0fd7-9d43-4e14-ac3f-38b988f6196d,askacademia_train,losing_generate_claude,5,"5

This comment exc"
6afb0fd7-9d43-4e14-ac3f-38b988f6196d,askacademia_train,losing_generate_gemini,5,"5

This comment scores"
6afb0fd7-9d43-4e14-ac3f-38b988f6196d,askacademia_train,losing_generate_gpt4omini,2,"2

**Reasoning"
6afb0fd7-9d43-4e14-ac3f-38b988f6196d,askacademia_train,losing_generate_gpt5nano,5,"5

This comment exc"
6afb0fd7-9d43-4e14-ac3f-38b988f6196d,askacademia_train,losing_generate_llama,2,"2

**Reasoning"
6afb0fd7-9d43-4e14-ac3f-38b988f6196d,askacademia_train,losing_generate_mistral,2,"2

**Reasoning"
6afb0fd7-9d43-4e14-ac3f-38b988f6196d,askacademia_train,losing_generate_qwen,2,"2

This comment does"
6afb0fd7-9d43-4e14-ac3f-38b988f6196d,askacademia_train,losing_improve_claude,4,"4

The comment scores"
6afb0fd7-9d43-4e14-ac3f-38b988f6196d,askacademia_train,losing_improve_gemini,2,"2

The comment mis"
6afb0fd7-9d43-4e14-ac3f-38b988f6196d,askacademia_train,losing_improve_gpt4omini,1,"1

This comment appears"
6afb0fd7-9d43-4e14-ac3f-38b988f6196d,askacademia_train,losing_improve_gpt5nano,2,"2

This comment appears"
6afb0fd7-9d43-4e14-ac3f-38b988f6196d,askacademia_train,losing_improve_llama,2,"2

This comment appears"
6afb0fd7-9d43-4e14-ac3f-38b988f6196d,askacademia_train,losing_improve_mistral,2,"2

The comment lacks"
6afb0fd7-9d43-4e14-ac3f-38b988f6196d,askacademia_train,losing_improve_qwen,2,"2

This comment appears"
6afb0fd7-9d43-4e14-ac3f-38b988f6196d,askacademia_train,losing_paraphrase_claude,1,"1

This comment fails"
6afb0fd7-9d43-4e14-ac3f-38b988f6196d,askacademia_train,losing_paraphrase_gemini,4,"4

This comment scores"
6afb0fd7-9d43-4e14-ac3f-38b988f6196d,askacademia_train,losing_paraphrase_gpt4omini,1,"1

This comment fails"
6afb0fd7-9d43-4e14-ac3f-38b988f6196d,askacademia_train,losing_paraphrase_gpt5nano,1,"1

This comment fails"
6afb0fd7-9d43-4e14-ac3f-38b988f6196d,askacademia_train,losing_paraphrase_llama,2,"2

This comment appears"
6afb0fd7-9d43-4e14-ac3f-38b988f6196d,askacademia_train,losing_paraphrase_mistral,1,"1

This comment fails"
6afb0fd7-9d43-4e14-ac3f-38b988f6196d,askacademia_train,losing_paraphrase_qwen,2,"2

The comment identifies"
be821d07-8214-483e-bf90-6a87b06546be,askacademia_train,winning_text,3,"3

The comment addresses"
be821d07-8214-483e-bf90-6a87b06546be,askacademia_train,losing_text,2,"2

This comment scores"
be821d07-8214-483e-bf90-6a87b06546be,askacademia_train,losing_generate_claude,5,"5

This comment exc"
be821d07-8214-483e-bf90-6a87b06546be,askacademia_train,losing_generate_gemini,5,"5

This comment scores"
be821d07-8214-483e-bf90-6a87b06546be,askacademia_train,losing_generate_gpt4omini,2,"2

**Reasoning"
be821d07-8214-483e-bf90-6a87b06546be,askacademia_train,losing_generate_gpt5nano,2,"2

**Reasoning"
be821d07-8214-483e-bf90-6a87b06546be,askacademia_train,losing_generate_llama,2,"2

**Reasoning"
be821d07-8214-483e-bf90-6a87b06546be,askacademia_train,losing_generate_mistral,2,"2

The comment has"
be821d07-8214-483e-bf90-6a87b06546be,askacademia_train,losing_generate_qwen,2,"2

The comment does"
be821d07-8214-483e-bf90-6a87b06546be,askacademia_train,losing_improve_claude,3,"3

This comment receives"
be821d07-8214-483e-bf90-6a87b06546be,askacademia_train,losing_improve_gemini,2,"2

This comment scores"
be821d07-8214-483e-bf90-6a87b06546be,askacademia_train,losing_improve_gpt4omini,2,"2

The comment demonstrates"
be821d07-8214-483e-bf90-6a87b06546be,askacademia_train,losing_improve_gpt5nano,4,4
be821d07-8214-483e-bf90-6a87b06546be,askacademia_train,losing_improve_llama,2,"2

The comment appears"
be821d07-8214-483e-bf90-6a87b06546be,askacademia_train,losing_improve_mistral,2,"2

This comment appears"
be821d07-8214-483e-bf90-6a87b06546be,askacademia_train,losing_improve_qwen,2,"2

This comment appears"
be821d07-8214-483e-bf90-6a87b06546be,askacademia_train,losing_paraphrase_claude,2,"2

The comment has"
be821d07-8214-483e-bf90-6a87b06546be,askacademia_train,losing_paraphrase_gemini,4,"4

This comment scores"
be821d07-8214-483e-bf90-6a87b06546be,askacademia_train,losing_paraphrase_gpt4omini,2,"2

This comment scores"
be821d07-8214-483e-bf90-6a87b06546be,askacademia_train,losing_paraphrase_gpt5nano,2,"2

This comment scores"
be821d07-8214-483e-bf90-6a87b06546be,askacademia_train,losing_paraphrase_llama,2,"2

This comment appears"
be821d07-8214-483e-bf90-6a87b06546be,askacademia_train,losing_paraphrase_mistral,2,"2

This comment scores"
be821d07-8214-483e-bf90-6a87b06546be,askacademia_train,losing_paraphrase_qwen,2,"2

This comment scores"
eda35455-d5a6-4334-a61c-c4b9f023e3a8,askacademia_train,winning_text,2,"2

This comment scores"
eda35455-d5a6-4334-a61c-c4b9f023e3a8,askacademia_train,losing_text,2,"2

This comment scores"
eda35455-d5a6-4334-a61c-c4b9f023e3a8,askacademia_train,losing_generate_claude,5,"5

This comment exc"
eda35455-d5a6-4334-a61c-c4b9f023e3a8,askacademia_train,losing_generate_gemini,5,"5

This comment scores"
eda35455-d5a6-4334-a61c-c4b9f023e3a8,askacademia_train,losing_generate_gpt4omini,3,"3

**Reasoning"
eda35455-d5a6-4334-a61c-c4b9f023e3a8,askacademia_train,losing_generate_gpt5nano,5,"5

This comment exc"
eda35455-d5a6-4334-a61c-c4b9f023e3a8,askacademia_train,losing_generate_llama,2,"2

**Reasoning"
eda35455-d5a6-4334-a61c-c4b9f023e3a8,askacademia_train,losing_generate_mistral,3,"3

The comment provides"
eda35455-d5a6-4334-a61c-c4b9f023e3a8,askacademia_train,losing_generate_qwen,2,"2

The comment does"
eda35455-d5a6-4334-a61c-c4b9f023e3a8,askacademia_train,losing_improve_claude,4,"4

This comment scores"
eda35455-d5a6-4334-a61c-c4b9f023e3a8,askacademia_train,losing_improve_gemini,2,"2

This comment lacks"
eda35455-d5a6-4334-a61c-c4b9f023e3a8,askacademia_train,losing_improve_gpt4omini,2,"2

The comment appears"
eda35455-d5a6-4334-a61c-c4b9f023e3a8,askacademia_train,losing_improve_gpt5nano,3,"3

The comment shows"
eda35455-d5a6-4334-a61c-c4b9f023e3a8,askacademia_train,losing_improve_llama,2,"2

The comment appears"
eda35455-d5a6-4334-a61c-c4b9f023e3a8,askacademia_train,losing_improve_mistral,2,"2

This comment scores"
eda35455-d5a6-4334-a61c-c4b9f023e3a8,askacademia_train,losing_improve_qwen,2,"2

This comment appears"
eda35455-d5a6-4334-a61c-c4b9f023e3a8,askacademia_train,losing_paraphrase_claude,2,"2

This comment appears"
eda35455-d5a6-4334-a61c-c4b9f023e3a8,askacademia_train,losing_paraphrase_gemini,4,"4

This comment scores"
eda35455-d5a6-4334-a61c-c4b9f023e3a8,askacademia_train,losing_paraphrase_gpt4omini,2,"2

This comment scores"
eda35455-d5a6-4334-a61c-c4b9f023e3a8,askacademia_train,losing_paraphrase_gpt5nano,2,"2

This comment scores"
eda35455-d5a6-4334-a61c-c4b9f023e3a8,askacademia_train,losing_paraphrase_llama,2,"2

This comment appears"
eda35455-d5a6-4334-a61c-c4b9f023e3a8,askacademia_train,losing_paraphrase_mistral,2,"2

This comment scores"
eda35455-d5a6-4334-a61c-c4b9f023e3a8,askacademia_train,losing_paraphrase_qwen,2,"2

This comment scores"
b4725eac-ba53-4885-9ccf-1c079f85b6de,askacademia_train,winning_text,2,"2

This comment scores"
b4725eac-ba53-4885-9ccf-1c079f85b6de,askacademia_train,losing_text,2,"2

This comment scores"
b4725eac-ba53-4885-9ccf-1c079f85b6de,askacademia_train,losing_generate_claude,5,"5

This comment exc"
b4725eac-ba53-4885-9ccf-1c079f85b6de,askacademia_train,losing_generate_gemini,5,"5

This comment scores"
b4725eac-ba53-4885-9ccf-1c079f85b6de,askacademia_train,losing_generate_gpt4omini,2,"2

**Reasoning"
b4725eac-ba53-4885-9ccf-1c079f85b6de,askacademia_train,losing_generate_gpt5nano,2,"2

The comment has"
b4725eac-ba53-4885-9ccf-1c079f85b6de,askacademia_train,losing_generate_llama,2,"2

**Reasoning"
b4725eac-ba53-4885-9ccf-1c079f85b6de,askacademia_train,losing_generate_mistral,2,"2

**Reasoning"
b4725eac-ba53-4885-9ccf-1c079f85b6de,askacademia_train,losing_generate_qwen,2,"2

The comment does"
b4725eac-ba53-4885-9ccf-1c079f85b6de,askacademia_train,losing_improve_claude,3,"3

This comment receives"
b4725eac-ba53-4885-9ccf-1c079f85b6de,askacademia_train,losing_improve_gemini,2,"2

This comment lacks"
b4725eac-ba53-4885-9ccf-1c079f85b6de,askacademia_train,losing_improve_gpt4omini,2,"2

The comment demonstrates"
b4725eac-ba53-4885-9ccf-1c079f85b6de,askacademia_train,losing_improve_gpt5nano,5,"5

This comment exc"
b4725eac-ba53-4885-9ccf-1c079f85b6de,askacademia_train,losing_improve_llama,2,"2

The comment appears"
b4725eac-ba53-4885-9ccf-1c079f85b6de,askacademia_train,losing_improve_mistral,2,"2

This comment appears"
b4725eac-ba53-4885-9ccf-1c079f85b6de,askacademia_train,losing_improve_qwen,2,"2

This comment appears"
b4725eac-ba53-4885-9ccf-1c079f85b6de,askacademia_train,losing_paraphrase_claude,2,"2

This comment appears"
b4725eac-ba53-4885-9ccf-1c079f85b6de,askacademia_train,losing_paraphrase_gemini,4,"4

This comment scores"
b4725eac-ba53-4885-9ccf-1c079f85b6de,askacademia_train,losing_paraphrase_gpt4omini,2,"2

This comment scores"
b4725eac-ba53-4885-9ccf-1c079f85b6de,askacademia_train,losing_paraphrase_gpt5nano,2,"2

This comment scores"
b4725eac-ba53-4885-9ccf-1c079f85b6de,askacademia_train,losing_paraphrase_llama,2,"2

This comment appears"
b4725eac-ba53-4885-9ccf-1c079f85b6de,askacademia_train,losing_paraphrase_mistral,2,"2

This comment scores"
b4725eac-ba53-4885-9ccf-1c079f85b6de,askacademia_train,losing_paraphrase_qwen,2,"2

This comment scores"
20a26a47-78bf-452d-9e37-3437e07d24b3,askacademia_train,winning_text,2,"2

This comment has"
20a26a47-78bf-452d-9e37-3437e07d24b3,askacademia_train,losing_text,2,"2

This comment scores"
20a26a47-78bf-452d-9e37-3437e07d24b3,askacademia_train,losing_generate_claude,5,"5

This comment exc"
20a26a47-78bf-452d-9e37-3437e07d24b3,askacademia_train,losing_generate_gemini,5,"5

This comment scores"
20a26a47-78bf-452d-9e37-3437e07d24b3,askacademia_train,losing_generate_gpt4omini,2,"2

**Reasoning"
20a26a47-78bf-452d-9e37-3437e07d24b3,askacademia_train,losing_generate_gpt5nano,4,"4

This comment scores"
20a26a47-78bf-452d-9e37-3437e07d24b3,askacademia_train,losing_generate_llama,2,"2

**Reasoning"
20a26a47-78bf-452d-9e37-3437e07d24b3,askacademia_train,losing_generate_mistral,2,"2

The comment has"
20a26a47-78bf-452d-9e37-3437e07d24b3,askacademia_train,losing_generate_qwen,2,"2

This comment does"
20a26a47-78bf-452d-9e37-3437e07d24b3,askacademia_train,losing_improve_claude,2,"2

This comment appears"
20a26a47-78bf-452d-9e37-3437e07d24b3,askacademia_train,losing_improve_gemini,2,"2

This comment lacks"
20a26a47-78bf-452d-9e37-3437e07d24b3,askacademia_train,losing_improve_gpt4omini,2,"2

The comment appears"
20a26a47-78bf-452d-9e37-3437e07d24b3,askacademia_train,losing_improve_gpt5nano,3,"3

This comment has"
20a26a47-78bf-452d-9e37-3437e07d24b3,askacademia_train,losing_improve_llama,2,"2

The comment appears"
20a26a47-78bf-452d-9e37-3437e07d24b3,askacademia_train,losing_improve_mistral,2,"2

This comment appears"
20a26a47-78bf-452d-9e37-3437e07d24b3,askacademia_train,losing_improve_qwen,2,"2

This comment appears"
20a26a47-78bf-452d-9e37-3437e07d24b3,askacademia_train,losing_paraphrase_claude,2,"2

The comment appears"
20a26a47-78bf-452d-9e37-3437e07d24b3,askacademia_train,losing_paraphrase_gemini,4,"4

This comment scores"
20a26a47-78bf-452d-9e37-3437e07d24b3,askacademia_train,losing_paraphrase_gpt4omini,2,"2

This comment scores"
20a26a47-78bf-452d-9e37-3437e07d24b3,askacademia_train,losing_paraphrase_gpt5nano,2,"2

This comment scores"
20a26a47-78bf-452d-9e37-3437e07d24b3,askacademia_train,losing_paraphrase_llama,2,"2

This comment appears"
20a26a47-78bf-452d-9e37-3437e07d24b3,askacademia_train,losing_paraphrase_mistral,2,"2

This comment scores"
20a26a47-78bf-452d-9e37-3437e07d24b3,askacademia_train,losing_paraphrase_qwen,2,"2

This comment scores"
e9e43029-19cd-4a50-9c19-32d0fc3c9503,askacademia_train,winning_text,2,"2

This comment appears"
e9e43029-19cd-4a50-9c19-32d0fc3c9503,askacademia_train,losing_text,2,"2

This comment scores"
e9e43029-19cd-4a50-9c19-32d0fc3c9503,askacademia_train,losing_generate_claude,5,"5

This comment exc"
e9e43029-19cd-4a50-9c19-32d0fc3c9503,askacademia_train,losing_generate_gemini,5,"5

This comment scores"
e9e43029-19cd-4a50-9c19-32d0fc3c9503,askacademia_train,losing_generate_gpt4omini,2,"2

**Reasoning"
e9e43029-19cd-4a50-9c19-32d0fc3c9503,askacademia_train,losing_generate_gpt5nano,2,"2

The comment mis"
e9e43029-19cd-4a50-9c19-32d0fc3c9503,askacademia_train,losing_generate_llama,2,"2

**Reasoning"
e9e43029-19cd-4a50-9c19-32d0fc3c9503,askacademia_train,losing_generate_mistral,2,"2

**Reasoning"
e9e43029-19cd-4a50-9c19-32d0fc3c9503,askacademia_train,losing_generate_qwen,2,"2

This comment does"
e9e43029-19cd-4a50-9c19-32d0fc3c9503,askacademia_train,losing_improve_claude,3,"3

This comment receives"
e9e43029-19cd-4a50-9c19-32d0fc3c9503,askacademia_train,losing_improve_gemini,2,"2

This comment lacks"
e9e43029-19cd-4a50-9c19-32d0fc3c9503,askacademia_train,losing_improve_gpt4omini,2,"2

**Reasoning"
e9e43029-19cd-4a50-9c19-32d0fc3c9503,askacademia_train,losing_improve_gpt5nano,5,"5

This comment scores"
e9e43029-19cd-4a50-9c19-32d0fc3c9503,askacademia_train,losing_improve_llama,2,"2

The comment appears"
e9e43029-19cd-4a50-9c19-32d0fc3c9503,askacademia_train,losing_improve_mistral,2,"2

This comment appears"
e9e43029-19cd-4a50-9c19-32d0fc3c9503,askacademia_train,losing_improve_qwen,2,"2

This comment appears"
e9e43029-19cd-4a50-9c19-32d0fc3c9503,askacademia_train,losing_paraphrase_claude,2,"2

This comment appears"
e9e43029-19cd-4a50-9c19-32d0fc3c9503,askacademia_train,losing_paraphrase_gemini,3,"3

This comment is"
e9e43029-19cd-4a50-9c19-32d0fc3c9503,askacademia_train,losing_paraphrase_gpt4omini,2,"2

This comment scores"
e9e43029-19cd-4a50-9c19-32d0fc3c9503,askacademia_train,losing_paraphrase_gpt5nano,2,"2

This comment scores"
e9e43029-19cd-4a50-9c19-32d0fc3c9503,askacademia_train,losing_paraphrase_llama,2,"2

This comment appears"
e9e43029-19cd-4a50-9c19-32d0fc3c9503,askacademia_train,losing_paraphrase_mistral,2,"2

This comment scores"
e9e43029-19cd-4a50-9c19-32d0fc3c9503,askacademia_train,losing_paraphrase_qwen,2,"2

This comment scores"
7ecba3e5-0533-4c42-8691-03e109fc4e86,askacademia_train,winning_text,2,"2

This comment scores"
7ecba3e5-0533-4c42-8691-03e109fc4e86,askacademia_train,losing_text,3,"3

The comment has"
7ecba3e5-0533-4c42-8691-03e109fc4e86,askacademia_train,losing_generate_claude,5,"5

This comment exc"
7ecba3e5-0533-4c42-8691-03e109fc4e86,askacademia_train,losing_generate_gemini,5,"5

This comment scores"
7ecba3e5-0533-4c42-8691-03e109fc4e86,askacademia_train,losing_generate_gpt4omini,1,"1

**Reasoning"
7ecba3e5-0533-4c42-8691-03e109fc4e86,askacademia_train,losing_generate_gpt5nano,5,"5

This comment exc"
7ecba3e5-0533-4c42-8691-03e109fc4e86,askacademia_train,losing_generate_llama,2,"2

**Reasoning"
7ecba3e5-0533-4c42-8691-03e109fc4e86,askacademia_train,losing_generate_mistral,2,"2

The comment provides"
7ecba3e5-0533-4c42-8691-03e109fc4e86,askacademia_train,losing_generate_qwen,2,"2

The comment does"
7ecba3e5-0533-4c42-8691-03e109fc4e86,askacademia_train,losing_improve_claude,2,"2

This comment appears"
7ecba3e5-0533-4c42-8691-03e109fc4e86,askacademia_train,losing_improve_gemini,4,"4

This comment scores"
7ecba3e5-0533-4c42-8691-03e109fc4e86,askacademia_train,losing_improve_gpt4omini,1,"1

This comment appears"
7ecba3e5-0533-4c42-8691-03e109fc4e86,askacademia_train,losing_improve_gpt5nano,5,"5

This comment scores"
7ecba3e5-0533-4c42-8691-03e109fc4e86,askacademia_train,losing_improve_llama,4,"4

This comment scores"
7ecba3e5-0533-4c42-8691-03e109fc4e86,askacademia_train,losing_improve_mistral,2,"2

The comment fails"
7ecba3e5-0533-4c42-8691-03e109fc4e86,askacademia_train,losing_improve_qwen,2,"2

The comment appears"
7ecba3e5-0533-4c42-8691-03e109fc4e86,askacademia_train,losing_paraphrase_claude,2,"2

**Reasoning"
7ecba3e5-0533-4c42-8691-03e109fc4e86,askacademia_train,losing_paraphrase_gemini,4,"4

This comment scores"
7ecba3e5-0533-4c42-8691-03e109fc4e86,askacademia_train,losing_paraphrase_gpt4omini,2,"2

The comment has"
7ecba3e5-0533-4c42-8691-03e109fc4e86,askacademia_train,losing_paraphrase_gpt5nano,3,"3

The comment addresses"
7ecba3e5-0533-4c42-8691-03e109fc4e86,askacademia_train,losing_paraphrase_llama,2,"2

The comment lacks"
7ecba3e5-0533-4c42-8691-03e109fc4e86,askacademia_train,losing_paraphrase_mistral,2,"2

The comment fails"
7ecba3e5-0533-4c42-8691-03e109fc4e86,askacademia_train,losing_paraphrase_qwen,2,"2

The comment has"
3d3e034a-2230-46ec-a57b-9a449e76ec89,askacademia_train,winning_text,2,"2

The comment is"
3d3e034a-2230-46ec-a57b-9a449e76ec89,askacademia_train,losing_text,3,"3

The comment has"
3d3e034a-2230-46ec-a57b-9a449e76ec89,askacademia_train,losing_generate_claude,5,"5

This comment exc"
3d3e034a-2230-46ec-a57b-9a449e76ec89,askacademia_train,losing_generate_gemini,5,"5

This comment scores"
3d3e034a-2230-46ec-a57b-9a449e76ec89,askacademia_train,losing_generate_gpt4omini,2,"2

The comment has"
3d3e034a-2230-46ec-a57b-9a449e76ec89,askacademia_train,losing_generate_gpt5nano,5,"5

This comment scores"
3d3e034a-2230-46ec-a57b-9a449e76ec89,askacademia_train,losing_generate_llama,2,"2

**Reasoning"
3d3e034a-2230-46ec-a57b-9a449e76ec89,askacademia_train,losing_generate_mistral,2,"2

**Reasoning"
3d3e034a-2230-46ec-a57b-9a449e76ec89,askacademia_train,losing_generate_qwen,2,"2

This comment does"
3d3e034a-2230-46ec-a57b-9a449e76ec89,askacademia_train,losing_improve_claude,2,"2

This comment appears"
3d3e034a-2230-46ec-a57b-9a449e76ec89,askacademia_train,losing_improve_gemini,5,"5

This comment scores"
3d3e034a-2230-46ec-a57b-9a449e76ec89,askacademia_train,losing_improve_gpt4omini,2,"2

**Reasoning"
3d3e034a-2230-46ec-a57b-9a449e76ec89,askacademia_train,losing_improve_gpt5nano,5,"5

This comment exc"
3d3e034a-2230-46ec-a57b-9a449e76ec89,askacademia_train,losing_improve_llama,4,"4

This comment scores"
3d3e034a-2230-46ec-a57b-9a449e76ec89,askacademia_train,losing_improve_mistral,2,"2

The comment fails"
3d3e034a-2230-46ec-a57b-9a449e76ec89,askacademia_train,losing_improve_qwen,2,"2

The comment appears"
3d3e034a-2230-46ec-a57b-9a449e76ec89,askacademia_train,losing_paraphrase_claude,2,"2

This comment has"
3d3e034a-2230-46ec-a57b-9a449e76ec89,askacademia_train,losing_paraphrase_gemini,4,"4

This comment scores"
3d3e034a-2230-46ec-a57b-9a449e76ec89,askacademia_train,losing_paraphrase_gpt4omini,2,"2

The comment has"
3d3e034a-2230-46ec-a57b-9a449e76ec89,askacademia_train,losing_paraphrase_gpt5nano,4,"4

This comment scores"
3d3e034a-2230-46ec-a57b-9a449e76ec89,askacademia_train,losing_paraphrase_llama,2,"2

The comment lacks"
3d3e034a-2230-46ec-a57b-9a449e76ec89,askacademia_train,losing_paraphrase_mistral,2,"2

The comment lacks"
3d3e034a-2230-46ec-a57b-9a449e76ec89,askacademia_train,losing_paraphrase_qwen,2,"2

The comment has"
5cfe511d-59ec-4d7a-abb5-7bff22380bd1,askacademia_train,winning_text,2,"2

This comment scores"
5cfe511d-59ec-4d7a-abb5-7bff22380bd1,askacademia_train,losing_text,2,"2

This comment scores"
5cfe511d-59ec-4d7a-abb5-7bff22380bd1,askacademia_train,losing_generate_claude,5,"5

This comment exc"
5cfe511d-59ec-4d7a-abb5-7bff22380bd1,askacademia_train,losing_generate_gemini,5,"5

This comment scores"
5cfe511d-59ec-4d7a-abb5-7bff22380bd1,askacademia_train,losing_generate_gpt4omini,4,"4

This comment scores"
5cfe511d-59ec-4d7a-abb5-7bff22380bd1,askacademia_train,losing_generate_gpt5nano,4,4
5cfe511d-59ec-4d7a-abb5-7bff22380bd1,askacademia_train,losing_generate_llama,2,"2

**Reasoning"
5cfe511d-59ec-4d7a-abb5-7bff22380bd1,askacademia_train,losing_generate_mistral,2,"2

**Reasoning"
5cfe511d-59ec-4d7a-abb5-7bff22380bd1,askacademia_train,losing_generate_qwen,2,"2

This comment does"
5cfe511d-59ec-4d7a-abb5-7bff22380bd1,askacademia_train,losing_improve_claude,2,2
5cfe511d-59ec-4d7a-abb5-7bff22380bd1,askacademia_train,losing_improve_gemini,2,"2

This comment appears"
5cfe511d-59ec-4d7a-abb5-7bff22380bd1,askacademia_train,losing_improve_gpt4omini,1,"1

This comment appears"
5cfe511d-59ec-4d7a-abb5-7bff22380bd1,askacademia_train,losing_improve_gpt5nano,4,"4

This comment scores"
5cfe511d-59ec-4d7a-abb5-7bff22380bd1,askacademia_train,losing_improve_llama,1,"1

This comment appears"
5cfe511d-59ec-4d7a-abb5-7bff22380bd1,askacademia_train,losing_improve_mistral,2,"2

**Reasoning"
5cfe511d-59ec-4d7a-abb5-7bff22380bd1,askacademia_train,losing_improve_qwen,2,"2

This comment scores"
5cfe511d-59ec-4d7a-abb5-7bff22380bd1,askacademia_train,losing_paraphrase_claude,2,"2

The comment appears"
5cfe511d-59ec-4d7a-abb5-7bff22380bd1,askacademia_train,losing_paraphrase_gemini,5,"5

This comment scores"
5cfe511d-59ec-4d7a-abb5-7bff22380bd1,askacademia_train,losing_paraphrase_gpt4omini,2,"2

This comment appears"
5cfe511d-59ec-4d7a-abb5-7bff22380bd1,askacademia_train,losing_paraphrase_gpt5nano,2,"2

This comment appears"
5cfe511d-59ec-4d7a-abb5-7bff22380bd1,askacademia_train,losing_paraphrase_llama,2,"2

The comment appears"
5cfe511d-59ec-4d7a-abb5-7bff22380bd1,askacademia_train,losing_paraphrase_mistral,1,"1

This comment fails"
5cfe511d-59ec-4d7a-abb5-7bff22380bd1,askacademia_train,losing_paraphrase_qwen,2,"2

The comment itself"
60d8cbf5-e8a3-4820-856f-d9a8c1c305ab,askacademia_train,winning_text,2,"2

This comment lacks"
60d8cbf5-e8a3-4820-856f-d9a8c1c305ab,askacademia_train,losing_text,2,"2

This comment scores"
60d8cbf5-e8a3-4820-856f-d9a8c1c305ab,askacademia_train,losing_generate_claude,5,"5

This comment exc"
60d8cbf5-e8a3-4820-856f-d9a8c1c305ab,askacademia_train,losing_generate_gemini,5,"5

This comment scores"
60d8cbf5-e8a3-4820-856f-d9a8c1c305ab,askacademia_train,losing_generate_gpt4omini,2,"2

**Reasoning"
60d8cbf5-e8a3-4820-856f-d9a8c1c305ab,askacademia_train,losing_generate_gpt5nano,2,"2

This comment scores"
60d8cbf5-e8a3-4820-856f-d9a8c1c305ab,askacademia_train,losing_generate_llama,2,"2

**Reasoning"
60d8cbf5-e8a3-4820-856f-d9a8c1c305ab,askacademia_train,losing_generate_mistral,2,"2

The comment has"
60d8cbf5-e8a3-4820-856f-d9a8c1c305ab,askacademia_train,losing_generate_qwen,2,"2

This comment does"
60d8cbf5-e8a3-4820-856f-d9a8c1c305ab,askacademia_train,losing_improve_claude,2,"2

This comment appears"
60d8cbf5-e8a3-4820-856f-d9a8c1c305ab,askacademia_train,losing_improve_gemini,2,"2

This comment appears"
60d8cbf5-e8a3-4820-856f-d9a8c1c305ab,askacademia_train,losing_improve_gpt4omini,1,"1

This comment appears"
60d8cbf5-e8a3-4820-856f-d9a8c1c305ab,askacademia_train,losing_improve_gpt5nano,2,"2

The comment appears"
60d8cbf5-e8a3-4820-856f-d9a8c1c305ab,askacademia_train,losing_improve_llama,1,"1

This comment appears"
60d8cbf5-e8a3-4820-856f-d9a8c1c305ab,askacademia_train,losing_improve_mistral,2,"2

The comment has"
60d8cbf5-e8a3-4820-856f-d9a8c1c305ab,askacademia_train,losing_improve_qwen,2,"2

This comment scores"
60d8cbf5-e8a3-4820-856f-d9a8c1c305ab,askacademia_train,losing_paraphrase_claude,2,"2

This comment appears"
60d8cbf5-e8a3-4820-856f-d9a8c1c305ab,askacademia_train,losing_paraphrase_gemini,4,"4

This comment scores"
60d8cbf5-e8a3-4820-856f-d9a8c1c305ab,askacademia_train,losing_paraphrase_gpt4omini,2,"2

This comment appears"
60d8cbf5-e8a3-4820-856f-d9a8c1c305ab,askacademia_train,losing_paraphrase_gpt5nano,2,"2

This comment scores"
60d8cbf5-e8a3-4820-856f-d9a8c1c305ab,askacademia_train,losing_paraphrase_llama,2,"2

The comment appears"
60d8cbf5-e8a3-4820-856f-d9a8c1c305ab,askacademia_train,losing_paraphrase_mistral,1,"1

This comment fails"
60d8cbf5-e8a3-4820-856f-d9a8c1c305ab,askacademia_train,losing_paraphrase_qwen,2,"2

The comment itself"
1b16ac33-438c-407c-a248-5b96e0a3e4eb,askacademia_train,winning_text,2,"2

The comment is"
1b16ac33-438c-407c-a248-5b96e0a3e4eb,askacademia_train,losing_text,3,"3

This comment receives"
1b16ac33-438c-407c-a248-5b96e0a3e4eb,askacademia_train,losing_generate_claude,5,"5

This comment exc"
1b16ac33-438c-407c-a248-5b96e0a3e4eb,askacademia_train,losing_generate_gemini,5,"5

This comment scores"
1b16ac33-438c-407c-a248-5b96e0a3e4eb,askacademia_train,losing_generate_gpt4omini,2,"2

**Reasoning"
1b16ac33-438c-407c-a248-5b96e0a3e4eb,askacademia_train,losing_generate_gpt5nano,2,"2

**Reasoning"
1b16ac33-438c-407c-a248-5b96e0a3e4eb,askacademia_train,losing_generate_llama,2,"2

**Reasoning"
1b16ac33-438c-407c-a248-5b96e0a3e4eb,askacademia_train,losing_generate_mistral,2,"2

The comment provides"
1b16ac33-438c-407c-a248-5b96e0a3e4eb,askacademia_train,losing_generate_qwen,2,"2

The comment does"
1b16ac33-438c-407c-a248-5b96e0a3e4eb,askacademia_train,losing_improve_claude,2,"2

This comment fails"
1b16ac33-438c-407c-a248-5b96e0a3e4eb,askacademia_train,losing_improve_gemini,2,"2

This comment lacks"
1b16ac33-438c-407c-a248-5b96e0a3e4eb,askacademia_train,losing_improve_gpt4omini,3,"3

The comment demonstrates"
1b16ac33-438c-407c-a248-5b96e0a3e4eb,askacademia_train,losing_improve_gpt5nano,3,"3

This comment demonstrates"
1b16ac33-438c-407c-a248-5b96e0a3e4eb,askacademia_train,losing_improve_llama,2,"2

**Reasoning"
1b16ac33-438c-407c-a248-5b96e0a3e4eb,askacademia_train,losing_improve_mistral,2,"2

This comment is"
1b16ac33-438c-407c-a248-5b96e0a3e4eb,askacademia_train,losing_improve_qwen,3,"3

This comment is"
1b16ac33-438c-407c-a248-5b96e0a3e4eb,askacademia_train,losing_paraphrase_claude,2,"2

This comment has"
1b16ac33-438c-407c-a248-5b96e0a3e4eb,askacademia_train,losing_paraphrase_gemini,4,"4

This comment scores"
1b16ac33-438c-407c-a248-5b96e0a3e4eb,askacademia_train,losing_paraphrase_gpt4omini,3,"3

This comment receives"
1b16ac33-438c-407c-a248-5b96e0a3e4eb,askacademia_train,losing_paraphrase_gpt5nano,3,3
1b16ac33-438c-407c-a248-5b96e0a3e4eb,askacademia_train,losing_paraphrase_llama,3,3
1b16ac33-438c-407c-a248-5b96e0a3e4eb,askacademia_train,losing_paraphrase_mistral,3,"3

This comment receives"
1b16ac33-438c-407c-a248-5b96e0a3e4eb,askacademia_train,losing_paraphrase_qwen,3,"3

This comment is"
d6079abd-6c4b-4ad8-af07-25a51e1c4873,askacademia_train,winning_text,2,"2

This comment appears"
d6079abd-6c4b-4ad8-af07-25a51e1c4873,askacademia_train,losing_text,3,"3

This comment receives"
d6079abd-6c4b-4ad8-af07-25a51e1c4873,askacademia_train,losing_generate_claude,5,"5

This comment exc"
d6079abd-6c4b-4ad8-af07-25a51e1c4873,askacademia_train,losing_generate_gemini,5,"5

This comment scores"
d6079abd-6c4b-4ad8-af07-25a51e1c4873,askacademia_train,losing_generate_gpt4omini,2,"2

**Reasoning"
d6079abd-6c4b-4ad8-af07-25a51e1c4873,askacademia_train,losing_generate_gpt5nano,5,"5

This comment exc"
d6079abd-6c4b-4ad8-af07-25a51e1c4873,askacademia_train,losing_generate_llama,2,"2

**Reasoning"
d6079abd-6c4b-4ad8-af07-25a51e1c4873,askacademia_train,losing_generate_mistral,2,"2

**Reasoning"
d6079abd-6c4b-4ad8-af07-25a51e1c4873,askacademia_train,losing_generate_qwen,2,"2

This comment does"
d6079abd-6c4b-4ad8-af07-25a51e1c4873,askacademia_train,losing_improve_claude,3,"3

This comment appears"
d6079abd-6c4b-4ad8-af07-25a51e1c4873,askacademia_train,losing_improve_gemini,2,"2

The comment lacks"
d6079abd-6c4b-4ad8-af07-25a51e1c4873,askacademia_train,losing_improve_gpt4omini,3,"3

The comment demonstrates"
d6079abd-6c4b-4ad8-af07-25a51e1c4873,askacademia_train,losing_improve_gpt5nano,4,"4

This comment scores"
d6079abd-6c4b-4ad8-af07-25a51e1c4873,askacademia_train,losing_improve_llama,2,"2

**Reasoning"
d6079abd-6c4b-4ad8-af07-25a51e1c4873,askacademia_train,losing_improve_mistral,2,"2

This comment is"
d6079abd-6c4b-4ad8-af07-25a51e1c4873,askacademia_train,losing_improve_qwen,3,"3

This comment is"
d6079abd-6c4b-4ad8-af07-25a51e1c4873,askacademia_train,losing_paraphrase_claude,4,"4

The comment scores"
d6079abd-6c4b-4ad8-af07-25a51e1c4873,askacademia_train,losing_paraphrase_gemini,3,"3

The comment addresses"
d6079abd-6c4b-4ad8-af07-25a51e1c4873,askacademia_train,losing_paraphrase_gpt4omini,3,"3

The comment is"
d6079abd-6c4b-4ad8-af07-25a51e1c4873,askacademia_train,losing_paraphrase_gpt5nano,3,3
d6079abd-6c4b-4ad8-af07-25a51e1c4873,askacademia_train,losing_paraphrase_llama,3,3
d6079abd-6c4b-4ad8-af07-25a51e1c4873,askacademia_train,losing_paraphrase_mistral,3,"3

This comment receives"
d6079abd-6c4b-4ad8-af07-25a51e1c4873,askacademia_train,losing_paraphrase_qwen,3,"3

This comment is"
b92931aa-e3a9-46ff-a6a3-bb50145b6c46,askacademia_train,winning_text,2,"2

This comment has"
b92931aa-e3a9-46ff-a6a3-bb50145b6c46,askacademia_train,losing_text,2,"2

This comment scores"
b92931aa-e3a9-46ff-a6a3-bb50145b6c46,askacademia_train,losing_generate_claude,5,"5

This comment exc"
b92931aa-e3a9-46ff-a6a3-bb50145b6c46,askacademia_train,losing_generate_gemini,5,"5

This comment scores"
b92931aa-e3a9-46ff-a6a3-bb50145b6c46,askacademia_train,losing_generate_gpt4omini,2,"2

**Reasoning"
b92931aa-e3a9-46ff-a6a3-bb50145b6c46,askacademia_train,losing_generate_gpt5nano,2,"2

**Reasoning"
b92931aa-e3a9-46ff-a6a3-bb50145b6c46,askacademia_train,losing_generate_llama,2,"2

**Reasoning"
b92931aa-e3a9-46ff-a6a3-bb50145b6c46,askacademia_train,losing_generate_mistral,2,"2

**Reasoning"
b92931aa-e3a9-46ff-a6a3-bb50145b6c46,askacademia_train,losing_generate_qwen,2,"2

The comment does"
b92931aa-e3a9-46ff-a6a3-bb50145b6c46,askacademia_train,losing_improve_claude,5,"5

This comment scores"
b92931aa-e3a9-46ff-a6a3-bb50145b6c46,askacademia_train,losing_improve_gemini,4,"4

This comment scores"
b92931aa-e3a9-46ff-a6a3-bb50145b6c46,askacademia_train,losing_improve_gpt4omini,3,"3

The comment appears"
b92931aa-e3a9-46ff-a6a3-bb50145b6c46,askacademia_train,losing_improve_gpt5nano,2,"2

**Reasoning"
b92931aa-e3a9-46ff-a6a3-bb50145b6c46,askacademia_train,losing_improve_llama,2,"2

**Reasoning"
b92931aa-e3a9-46ff-a6a3-bb50145b6c46,askacademia_train,losing_improve_mistral,2,"2

This comment appears"
b92931aa-e3a9-46ff-a6a3-bb50145b6c46,askacademia_train,losing_improve_qwen,2,"2

This comment appears"
b92931aa-e3a9-46ff-a6a3-bb50145b6c46,askacademia_train,losing_paraphrase_claude,2,"2

This comment appears"
b92931aa-e3a9-46ff-a6a3-bb50145b6c46,askacademia_train,losing_paraphrase_gemini,3,"3

The comment addresses"
b92931aa-e3a9-46ff-a6a3-bb50145b6c46,askacademia_train,losing_paraphrase_gpt4omini,2,"2

This comment scores"
b92931aa-e3a9-46ff-a6a3-bb50145b6c46,askacademia_train,losing_paraphrase_gpt5nano,2,"2

This comment appears"
b92931aa-e3a9-46ff-a6a3-bb50145b6c46,askacademia_train,losing_paraphrase_llama,2,"2

This comment appears"
b92931aa-e3a9-46ff-a6a3-bb50145b6c46,askacademia_train,losing_paraphrase_mistral,2,"2

This comment scores"
b92931aa-e3a9-46ff-a6a3-bb50145b6c46,askacademia_train,losing_paraphrase_qwen,2,"2

This comment appears"
fd3579b8-19ab-4618-977b-7a60a7d22e18,askacademia_train,winning_text,2,"2

This comment has"
fd3579b8-19ab-4618-977b-7a60a7d22e18,askacademia_train,losing_text,2,"2

This comment scores"
fd3579b8-19ab-4618-977b-7a60a7d22e18,askacademia_train,losing_generate_claude,5,"5

This comment exc"
fd3579b8-19ab-4618-977b-7a60a7d22e18,askacademia_train,losing_generate_gemini,5,"5

This comment scores"
fd3579b8-19ab-4618-977b-7a60a7d22e18,askacademia_train,losing_generate_gpt4omini,2,"2

**Reasoning"
fd3579b8-19ab-4618-977b-7a60a7d22e18,askacademia_train,losing_generate_gpt5nano,3,"3

**Reasoning"
fd3579b8-19ab-4618-977b-7a60a7d22e18,askacademia_train,losing_generate_llama,2,"2

**Reasoning"
fd3579b8-19ab-4618-977b-7a60a7d22e18,askacademia_train,losing_generate_mistral,4,"4

The comment scores"
fd3579b8-19ab-4618-977b-7a60a7d22e18,askacademia_train,losing_generate_qwen,2,"2

This comment does"
fd3579b8-19ab-4618-977b-7a60a7d22e18,askacademia_train,losing_improve_claude,5,"5

This comment scores"
fd3579b8-19ab-4618-977b-7a60a7d22e18,askacademia_train,losing_improve_gemini,4,"4

This comment scores"
fd3579b8-19ab-4618-977b-7a60a7d22e18,askacademia_train,losing_improve_gpt4omini,2,"2

The comment appears"
fd3579b8-19ab-4618-977b-7a60a7d22e18,askacademia_train,losing_improve_gpt5nano,4,"4

This comment scores"
fd3579b8-19ab-4618-977b-7a60a7d22e18,askacademia_train,losing_improve_llama,2,"2

**Reasoning"
fd3579b8-19ab-4618-977b-7a60a7d22e18,askacademia_train,losing_improve_mistral,2,"2

This comment appears"
fd3579b8-19ab-4618-977b-7a60a7d22e18,askacademia_train,losing_improve_qwen,2,"2

This comment appears"
fd3579b8-19ab-4618-977b-7a60a7d22e18,askacademia_train,losing_paraphrase_claude,2,"2

This comment appears"
fd3579b8-19ab-4618-977b-7a60a7d22e18,askacademia_train,losing_paraphrase_gemini,3,"3

The comment addresses"
fd3579b8-19ab-4618-977b-7a60a7d22e18,askacademia_train,losing_paraphrase_gpt4omini,2,"2

This comment scores"
fd3579b8-19ab-4618-977b-7a60a7d22e18,askacademia_train,losing_paraphrase_gpt5nano,2,"2

This comment scores"
fd3579b8-19ab-4618-977b-7a60a7d22e18,askacademia_train,losing_paraphrase_llama,2,"2

This comment appears"
fd3579b8-19ab-4618-977b-7a60a7d22e18,askacademia_train,losing_paraphrase_mistral,2,"2

This comment scores"
fd3579b8-19ab-4618-977b-7a60a7d22e18,askacademia_train,losing_paraphrase_qwen,2,"2

This comment scores"
a64e70ee-3677-49cd-a853-addd633c8b16,askacademia_train,winning_text,2,"2

This comment appears"
a64e70ee-3677-49cd-a853-addd633c8b16,askacademia_train,losing_text,2,"2

This comment scores"
a64e70ee-3677-49cd-a853-addd633c8b16,askacademia_train,losing_generate_claude,5,"5

This comment exc"
a64e70ee-3677-49cd-a853-addd633c8b16,askacademia_train,losing_generate_gemini,5,"5

This comment scores"
a64e70ee-3677-49cd-a853-addd633c8b16,askacademia_train,losing_generate_gpt4omini,3,"3

**Reasoning"
a64e70ee-3677-49cd-a853-addd633c8b16,askacademia_train,losing_generate_gpt5nano,2,"2

The comment has"
a64e70ee-3677-49cd-a853-addd633c8b16,askacademia_train,losing_generate_llama,2,"2

**Reasoning"
a64e70ee-3677-49cd-a853-addd633c8b16,askacademia_train,losing_generate_mistral,2,"2

The comment provides"
a64e70ee-3677-49cd-a853-addd633c8b16,askacademia_train,losing_generate_qwen,2,"2

This comment does"
a64e70ee-3677-49cd-a853-addd633c8b16,askacademia_train,losing_improve_claude,5,"5

This comment scores"
a64e70ee-3677-49cd-a853-addd633c8b16,askacademia_train,losing_improve_gemini,4,"4

This comment scores"
a64e70ee-3677-49cd-a853-addd633c8b16,askacademia_train,losing_improve_gpt4omini,3,"3

The comment appears"
a64e70ee-3677-49cd-a853-addd633c8b16,askacademia_train,losing_improve_gpt5nano,5,"5

This comment scores"
a64e70ee-3677-49cd-a853-addd633c8b16,askacademia_train,losing_improve_llama,2,"2

**Reasoning"
a64e70ee-3677-49cd-a853-addd633c8b16,askacademia_train,losing_improve_mistral,1,"1

This comment appears"
a64e70ee-3677-49cd-a853-addd633c8b16,askacademia_train,losing_improve_qwen,2,"2

This comment appears"
a64e70ee-3677-49cd-a853-addd633c8b16,askacademia_train,losing_paraphrase_claude,2,"2

This comment appears"
a64e70ee-3677-49cd-a853-addd633c8b16,askacademia_train,losing_paraphrase_gemini,3,"3

The comment addresses"
a64e70ee-3677-49cd-a853-addd633c8b16,askacademia_train,losing_paraphrase_gpt4omini,2,"2

This comment scores"
a64e70ee-3677-49cd-a853-addd633c8b16,askacademia_train,losing_paraphrase_gpt5nano,2,"2

This comment scores"
a64e70ee-3677-49cd-a853-addd633c8b16,askacademia_train,losing_paraphrase_llama,2,"2

This comment appears"
a64e70ee-3677-49cd-a853-addd633c8b16,askacademia_train,losing_paraphrase_mistral,2,"2

This comment scores"
a64e70ee-3677-49cd-a853-addd633c8b16,askacademia_train,losing_paraphrase_qwen,2,"2

This comment appears"
b861c503-9c22-4c41-92b3-f77ac46e7fd5,askacademia_train,winning_text,2,"2

This comment lacks"
b861c503-9c22-4c41-92b3-f77ac46e7fd5,askacademia_train,losing_text,2,"2

This comment fails"
b861c503-9c22-4c41-92b3-f77ac46e7fd5,askacademia_train,losing_generate_claude,5,"5

This comment exc"
b861c503-9c22-4c41-92b3-f77ac46e7fd5,askacademia_train,losing_generate_gemini,5,"5

This comment scores"
b861c503-9c22-4c41-92b3-f77ac46e7fd5,askacademia_train,losing_generate_gpt4omini,2,"2

**Reasoning"
b861c503-9c22-4c41-92b3-f77ac46e7fd5,askacademia_train,losing_generate_gpt5nano,2,"2

This comment has"
b861c503-9c22-4c41-92b3-f77ac46e7fd5,askacademia_train,losing_generate_llama,2,"2

**Reasoning"
b861c503-9c22-4c41-92b3-f77ac46e7fd5,askacademia_train,losing_generate_mistral,4,"4

This comment scores"
b861c503-9c22-4c41-92b3-f77ac46e7fd5,askacademia_train,losing_generate_qwen,2,"2

This comment does"
b861c503-9c22-4c41-92b3-f77ac46e7fd5,askacademia_train,losing_improve_claude,2,"2

The comment fails"
b861c503-9c22-4c41-92b3-f77ac46e7fd5,askacademia_train,losing_improve_gemini,2,"2

The comment appears"
b861c503-9c22-4c41-92b3-f77ac46e7fd5,askacademia_train,losing_improve_gpt4omini,1,"1

**Reasoning"
b861c503-9c22-4c41-92b3-f77ac46e7fd5,askacademia_train,losing_improve_gpt5nano,4,"4

This comment scores"
b861c503-9c22-4c41-92b3-f77ac46e7fd5,askacademia_train,losing_improve_llama,1,"1

**Reasoning"
b861c503-9c22-4c41-92b3-f77ac46e7fd5,askacademia_train,losing_improve_mistral,2,"2

The comment appears"
b861c503-9c22-4c41-92b3-f77ac46e7fd5,askacademia_train,losing_improve_qwen,2,"2

**Reasoning"
b861c503-9c22-4c41-92b3-f77ac46e7fd5,askacademia_train,losing_paraphrase_claude,2,"2

This comment does"
b861c503-9c22-4c41-92b3-f77ac46e7fd5,askacademia_train,losing_paraphrase_gemini,4,"4

This comment scores"
b861c503-9c22-4c41-92b3-f77ac46e7fd5,askacademia_train,losing_paraphrase_gpt4omini,2,"2

The comment does"
b861c503-9c22-4c41-92b3-f77ac46e7fd5,askacademia_train,losing_paraphrase_gpt5nano,2,"2

This comment fails"
b861c503-9c22-4c41-92b3-f77ac46e7fd5,askacademia_train,losing_paraphrase_llama,2,"2

This comment appears"
b861c503-9c22-4c41-92b3-f77ac46e7fd5,askacademia_train,losing_paraphrase_mistral,2,"2

This comment does"
b861c503-9c22-4c41-92b3-f77ac46e7fd5,askacademia_train,losing_paraphrase_qwen,2,"2

This comment appears"
54402fd6-8984-4a3b-ad3e-64e967c8ba00,askacademia_train,winning_text,2,"2

This comment has"
54402fd6-8984-4a3b-ad3e-64e967c8ba00,askacademia_train,losing_text,2,"2

This comment fails"
54402fd6-8984-4a3b-ad3e-64e967c8ba00,askacademia_train,losing_generate_claude,5,"5

This comment exc"
54402fd6-8984-4a3b-ad3e-64e967c8ba00,askacademia_train,losing_generate_gemini,5,"5

This comment scores"
54402fd6-8984-4a3b-ad3e-64e967c8ba00,askacademia_train,losing_generate_gpt4omini,2,"2

**Reasoning"
54402fd6-8984-4a3b-ad3e-64e967c8ba00,askacademia_train,losing_generate_gpt5nano,2,"2

**Reasoning"
54402fd6-8984-4a3b-ad3e-64e967c8ba00,askacademia_train,losing_generate_llama,2,"2

**Reasoning"
54402fd6-8984-4a3b-ad3e-64e967c8ba00,askacademia_train,losing_generate_mistral,2,"2

**Reasoning"
54402fd6-8984-4a3b-ad3e-64e967c8ba00,askacademia_train,losing_generate_qwen,2,"2

This comment does"
54402fd6-8984-4a3b-ad3e-64e967c8ba00,askacademia_train,losing_improve_claude,2,"2

**Reasoning"
54402fd6-8984-4a3b-ad3e-64e967c8ba00,askacademia_train,losing_improve_gemini,4,"4

This comment scores"
54402fd6-8984-4a3b-ad3e-64e967c8ba00,askacademia_train,losing_improve_gpt4omini,1,"1

**Reasoning"
54402fd6-8984-4a3b-ad3e-64e967c8ba00,askacademia_train,losing_improve_gpt5nano,2,"2

**Reasoning"
54402fd6-8984-4a3b-ad3e-64e967c8ba00,askacademia_train,losing_improve_llama,1,"1

**Reasoning"
54402fd6-8984-4a3b-ad3e-64e967c8ba00,askacademia_train,losing_improve_mistral,1,"1

This comment appears"
54402fd6-8984-4a3b-ad3e-64e967c8ba00,askacademia_train,losing_improve_qwen,2,"2

**Reasoning"
54402fd6-8984-4a3b-ad3e-64e967c8ba00,askacademia_train,losing_paraphrase_claude,2,"2

This comment does"
54402fd6-8984-4a3b-ad3e-64e967c8ba00,askacademia_train,losing_paraphrase_gemini,4,"4

This comment scores"
54402fd6-8984-4a3b-ad3e-64e967c8ba00,askacademia_train,losing_paraphrase_gpt4omini,2,"2

The comment does"
54402fd6-8984-4a3b-ad3e-64e967c8ba00,askacademia_train,losing_paraphrase_gpt5nano,2,"2

This comment appears"
54402fd6-8984-4a3b-ad3e-64e967c8ba00,askacademia_train,losing_paraphrase_llama,2,"2

**Reasoning"
54402fd6-8984-4a3b-ad3e-64e967c8ba00,askacademia_train,losing_paraphrase_mistral,2,"2

This comment does"
54402fd6-8984-4a3b-ad3e-64e967c8ba00,askacademia_train,losing_paraphrase_qwen,2,"2

This comment appears"
a848e5be-ac4a-406d-82b3-7af66fc9916c,askacademia_train,winning_text,2,"2

This comment appears"
a848e5be-ac4a-406d-82b3-7af66fc9916c,askacademia_train,losing_text,2,"2

This comment fails"
a848e5be-ac4a-406d-82b3-7af66fc9916c,askacademia_train,losing_generate_claude,5,"5

This comment exc"
a848e5be-ac4a-406d-82b3-7af66fc9916c,askacademia_train,losing_generate_gemini,5,"5

This comment scores"
a848e5be-ac4a-406d-82b3-7af66fc9916c,askacademia_train,losing_generate_gpt4omini,2,"2

**Reasoning"
a848e5be-ac4a-406d-82b3-7af66fc9916c,askacademia_train,losing_generate_gpt5nano,2,"2

This comment has"
a848e5be-ac4a-406d-82b3-7af66fc9916c,askacademia_train,losing_generate_llama,2,"2

**Reasoning"
a848e5be-ac4a-406d-82b3-7af66fc9916c,askacademia_train,losing_generate_mistral,2,"2

**Reasoning"
a848e5be-ac4a-406d-82b3-7af66fc9916c,askacademia_train,losing_generate_qwen,2,"2

The comment does"
a848e5be-ac4a-406d-82b3-7af66fc9916c,askacademia_train,losing_improve_claude,2,"2

The comment fails"
a848e5be-ac4a-406d-82b3-7af66fc9916c,askacademia_train,losing_improve_gemini,2,"2

This comment appears"
a848e5be-ac4a-406d-82b3-7af66fc9916c,askacademia_train,losing_improve_gpt4omini,1,"1

This comment appears"
a848e5be-ac4a-406d-82b3-7af66fc9916c,askacademia_train,losing_improve_gpt5nano,3,"3

This comment has"
a848e5be-ac4a-406d-82b3-7af66fc9916c,askacademia_train,losing_improve_llama,1,"1

This comment appears"
a848e5be-ac4a-406d-82b3-7af66fc9916c,askacademia_train,losing_improve_mistral,2,"2

This comment has"
a848e5be-ac4a-406d-82b3-7af66fc9916c,askacademia_train,losing_improve_qwen,2,"2

**Reasoning"
a848e5be-ac4a-406d-82b3-7af66fc9916c,askacademia_train,losing_paraphrase_claude,2,"2

This comment does"
a848e5be-ac4a-406d-82b3-7af66fc9916c,askacademia_train,losing_paraphrase_gemini,4,"4

This comment scores"
a848e5be-ac4a-406d-82b3-7af66fc9916c,askacademia_train,losing_paraphrase_gpt4omini,2,"2

The comment does"
a848e5be-ac4a-406d-82b3-7af66fc9916c,askacademia_train,losing_paraphrase_gpt5nano,2,"2

This comment does"
a848e5be-ac4a-406d-82b3-7af66fc9916c,askacademia_train,losing_paraphrase_llama,2,"2

**Reasoning"
a848e5be-ac4a-406d-82b3-7af66fc9916c,askacademia_train,losing_paraphrase_mistral,2,"2

This comment does"
a848e5be-ac4a-406d-82b3-7af66fc9916c,askacademia_train,losing_paraphrase_qwen,2,"2

This comment appears"
164e3ef1-36d6-4f08-bcff-846dc0252a17,askacademia_train,winning_text,2,"2

This comment appears"
164e3ef1-36d6-4f08-bcff-846dc0252a17,askacademia_train,losing_text,2,"2

This comment has"
164e3ef1-36d6-4f08-bcff-846dc0252a17,askacademia_train,losing_generate_claude,5,"5

This comment exc"
164e3ef1-36d6-4f08-bcff-846dc0252a17,askacademia_train,losing_generate_gemini,5,"5

This comment scores"
164e3ef1-36d6-4f08-bcff-846dc0252a17,askacademia_train,losing_generate_gpt4omini,2,"2

**Reasoning"
164e3ef1-36d6-4f08-bcff-846dc0252a17,askacademia_train,losing_generate_gpt5nano,5,"5

This comment scores"
164e3ef1-36d6-4f08-bcff-846dc0252a17,askacademia_train,losing_generate_llama,2,"2

**Reasoning"
164e3ef1-36d6-4f08-bcff-846dc0252a17,askacademia_train,losing_generate_mistral,2,"2

**Reasoning"
164e3ef1-36d6-4f08-bcff-846dc0252a17,askacademia_train,losing_generate_qwen,2,"2

The comment does"
164e3ef1-36d6-4f08-bcff-846dc0252a17,askacademia_train,losing_improve_claude,4,"4

This comment scores"
164e3ef1-36d6-4f08-bcff-846dc0252a17,askacademia_train,losing_improve_gemini,4,"4

This comment scores"
164e3ef1-36d6-4f08-bcff-846dc0252a17,askacademia_train,losing_improve_gpt4omini,4,"4

This comment scores"
164e3ef1-36d6-4f08-bcff-846dc0252a17,askacademia_train,losing_improve_gpt5nano,5,"5

This comment scores"
164e3ef1-36d6-4f08-bcff-846dc0252a17,askacademia_train,losing_improve_llama,2,"2

This comment appears"
164e3ef1-36d6-4f08-bcff-846dc0252a17,askacademia_train,losing_improve_mistral,2,"2

This comment has"
164e3ef1-36d6-4f08-bcff-846dc0252a17,askacademia_train,losing_improve_qwen,4,"4

The comment scores"
164e3ef1-36d6-4f08-bcff-846dc0252a17,askacademia_train,losing_paraphrase_claude,2,"2

This comment scores"
164e3ef1-36d6-4f08-bcff-846dc0252a17,askacademia_train,losing_paraphrase_gemini,4,"4

This comment scores"
164e3ef1-36d6-4f08-bcff-846dc0252a17,askacademia_train,losing_paraphrase_gpt4omini,2,"2

This comment appears"
164e3ef1-36d6-4f08-bcff-846dc0252a17,askacademia_train,losing_paraphrase_gpt5nano,2,"2

This comment scores"
164e3ef1-36d6-4f08-bcff-846dc0252a17,askacademia_train,losing_paraphrase_llama,2,"2

This comment appears"
164e3ef1-36d6-4f08-bcff-846dc0252a17,askacademia_train,losing_paraphrase_mistral,2,"2

This comment scores"
164e3ef1-36d6-4f08-bcff-846dc0252a17,askacademia_train,losing_paraphrase_qwen,3,"3

This comment is"
1ab716b6-4d1e-49ea-bcb7-8700554c916b,askacademia_train,winning_text,4,"4

This comment scores"
1ab716b6-4d1e-49ea-bcb7-8700554c916b,askacademia_train,losing_text,4,"4

This comment scores"
1ab716b6-4d1e-49ea-bcb7-8700554c916b,askacademia_train,losing_generate_claude,5,"5

This comment exc"
1ab716b6-4d1e-49ea-bcb7-8700554c916b,askacademia_train,losing_generate_gemini,5,"5

This comment scores"
1ab716b6-4d1e-49ea-bcb7-8700554c916b,askacademia_train,losing_generate_gpt4omini,2,"2

**Reasoning"
1ab716b6-4d1e-49ea-bcb7-8700554c916b,askacademia_train,losing_generate_gpt5nano,5,"5

This comment scores"
1ab716b6-4d1e-49ea-bcb7-8700554c916b,askacademia_train,losing_generate_llama,2,"2

**Reasoning"
1ab716b6-4d1e-49ea-bcb7-8700554c916b,askacademia_train,losing_generate_mistral,2,"2

**Reasoning"
1ab716b6-4d1e-49ea-bcb7-8700554c916b,askacademia_train,losing_generate_qwen,2,"2

The comment does"
1ab716b6-4d1e-49ea-bcb7-8700554c916b,askacademia_train,losing_improve_claude,3,"3

This comment demonstrates"
1ab716b6-4d1e-49ea-bcb7-8700554c916b,askacademia_train,losing_improve_gemini,2,"2

The comment lacks"
1ab716b6-4d1e-49ea-bcb7-8700554c916b,askacademia_train,losing_improve_gpt4omini,2,"2

**Reasoning"
1ab716b6-4d1e-49ea-bcb7-8700554c916b,askacademia_train,losing_improve_gpt5nano,5,"5

This comment exc"
1ab716b6-4d1e-49ea-bcb7-8700554c916b,askacademia_train,losing_improve_llama,2,"2

**Reasoning"
1ab716b6-4d1e-49ea-bcb7-8700554c916b,askacademia_train,losing_improve_mistral,2,"2

**Reasoning"
1ab716b6-4d1e-49ea-bcb7-8700554c916b,askacademia_train,losing_improve_qwen,4,"4

The comment scores"
1ab716b6-4d1e-49ea-bcb7-8700554c916b,askacademia_train,losing_paraphrase_claude,2,"2

The comment lacks"
1ab716b6-4d1e-49ea-bcb7-8700554c916b,askacademia_train,losing_paraphrase_gemini,4,"4

This comment scores"
1ab716b6-4d1e-49ea-bcb7-8700554c916b,askacademia_train,losing_paraphrase_gpt4omini,2,"2

The comment lacks"
1ab716b6-4d1e-49ea-bcb7-8700554c916b,askacademia_train,losing_paraphrase_gpt5nano,3,"3

The comment addresses"
1ab716b6-4d1e-49ea-bcb7-8700554c916b,askacademia_train,losing_paraphrase_llama,2,"2

This comment has"
1ab716b6-4d1e-49ea-bcb7-8700554c916b,askacademia_train,losing_paraphrase_mistral,3,"3

The comment addresses"
1ab716b6-4d1e-49ea-bcb7-8700554c916b,askacademia_train,losing_paraphrase_qwen,4,"4

The comment scores"
292078fd-39f1-489e-9171-86ecbfc24533,askacademia_train,winning_text,2,"2

The comment is"
292078fd-39f1-489e-9171-86ecbfc24533,askacademia_train,losing_text,4,"4

This comment scores"
292078fd-39f1-489e-9171-86ecbfc24533,askacademia_train,losing_generate_claude,5,"5

This comment exc"
292078fd-39f1-489e-9171-86ecbfc24533,askacademia_train,losing_generate_gemini,5,"5

This comment scores"
292078fd-39f1-489e-9171-86ecbfc24533,askacademia_train,losing_generate_gpt4omini,2,"2

**Reasoning"
292078fd-39f1-489e-9171-86ecbfc24533,askacademia_train,losing_generate_gpt5nano,5,"5

This comment exc"
292078fd-39f1-489e-9171-86ecbfc24533,askacademia_train,losing_generate_llama,2,"2

**Reasoning"
292078fd-39f1-489e-9171-86ecbfc24533,askacademia_train,losing_generate_mistral,2,"2

**Reasoning"
292078fd-39f1-489e-9171-86ecbfc24533,askacademia_train,losing_generate_qwen,2,"2

This comment does"
292078fd-39f1-489e-9171-86ecbfc24533,askacademia_train,losing_improve_claude,5,"5

This comment exc"
292078fd-39f1-489e-9171-86ecbfc24533,askacademia_train,losing_improve_gemini,2,"2

The comment lacks"
292078fd-39f1-489e-9171-86ecbfc24533,askacademia_train,losing_improve_gpt4omini,2,"2

**Reasoning"
292078fd-39f1-489e-9171-86ecbfc24533,askacademia_train,losing_improve_gpt5nano,4,"4

This comment scores"
292078fd-39f1-489e-9171-86ecbfc24533,askacademia_train,losing_improve_llama,2,"2

**Reasoning"
292078fd-39f1-489e-9171-86ecbfc24533,askacademia_train,losing_improve_mistral,2,"2

The comment has"
292078fd-39f1-489e-9171-86ecbfc24533,askacademia_train,losing_improve_qwen,3,"3

The comment addresses"
292078fd-39f1-489e-9171-86ecbfc24533,askacademia_train,losing_paraphrase_claude,2,"2

The comment lacks"
292078fd-39f1-489e-9171-86ecbfc24533,askacademia_train,losing_paraphrase_gemini,3,"3

This comment offers"
292078fd-39f1-489e-9171-86ecbfc24533,askacademia_train,losing_paraphrase_gpt4omini,2,"2

The comment has"
292078fd-39f1-489e-9171-86ecbfc24533,askacademia_train,losing_paraphrase_gpt5nano,3,"3

The comment addresses"
292078fd-39f1-489e-9171-86ecbfc24533,askacademia_train,losing_paraphrase_llama,3,"3

This comment receives"
292078fd-39f1-489e-9171-86ecbfc24533,askacademia_train,losing_paraphrase_mistral,3,"3

The comment addresses"
292078fd-39f1-489e-9171-86ecbfc24533,askacademia_train,losing_paraphrase_qwen,4,"4

The comment scores"
947776e2-e1c7-450a-afc1-8c2a274b1d68,askacademia_train,winning_text,4,"4

This comment scores"
947776e2-e1c7-450a-afc1-8c2a274b1d68,askacademia_train,losing_text,3,"3

This comment addresses"
947776e2-e1c7-450a-afc1-8c2a274b1d68,askacademia_train,losing_generate_claude,5,"5

This comment exc"
947776e2-e1c7-450a-afc1-8c2a274b1d68,askacademia_train,losing_generate_gemini,5,"5

This comment scores"
947776e2-e1c7-450a-afc1-8c2a274b1d68,askacademia_train,losing_generate_gpt4omini,2,"2

**Reasoning"
947776e2-e1c7-450a-afc1-8c2a274b1d68,askacademia_train,losing_generate_gpt5nano,2,"2

The comment mis"
947776e2-e1c7-450a-afc1-8c2a274b1d68,askacademia_train,losing_generate_llama,2,"2

**Reasoning"
947776e2-e1c7-450a-afc1-8c2a274b1d68,askacademia_train,losing_generate_mistral,4,"4

This comment scores"
947776e2-e1c7-450a-afc1-8c2a274b1d68,askacademia_train,losing_generate_qwen,2,"2

The comment does"
947776e2-e1c7-450a-afc1-8c2a274b1d68,askacademia_train,losing_improve_claude,3,"3

This comment has"
947776e2-e1c7-450a-afc1-8c2a274b1d68,askacademia_train,losing_improve_gemini,5,"5

This comment scores"
947776e2-e1c7-450a-afc1-8c2a274b1d68,askacademia_train,losing_improve_gpt4omini,4,"4

This comment scores"
947776e2-e1c7-450a-afc1-8c2a274b1d68,askacademia_train,losing_improve_gpt5nano,5,"5

This comment exc"
947776e2-e1c7-450a-afc1-8c2a274b1d68,askacademia_train,losing_improve_llama,4,"4

This comment scores"
947776e2-e1c7-450a-afc1-8c2a274b1d68,askacademia_train,losing_improve_mistral,3,"3

The comment addresses"
947776e2-e1c7-450a-afc1-8c2a274b1d68,askacademia_train,losing_improve_qwen,4,"4

This comment scores"
947776e2-e1c7-450a-afc1-8c2a274b1d68,askacademia_train,losing_paraphrase_claude,4,"4

This comment scores"
947776e2-e1c7-450a-afc1-8c2a274b1d68,askacademia_train,losing_paraphrase_gemini,3,"3

This comment doesn"
947776e2-e1c7-450a-afc1-8c2a274b1d68,askacademia_train,losing_paraphrase_gpt4omini,3,"3

This comment addresses"
947776e2-e1c7-450a-afc1-8c2a274b1d68,askacademia_train,losing_paraphrase_gpt5nano,4,"4

This comment scores"
947776e2-e1c7-450a-afc1-8c2a274b1d68,askacademia_train,losing_paraphrase_llama,2,"2

This comment has"
947776e2-e1c7-450a-afc1-8c2a274b1d68,askacademia_train,losing_paraphrase_mistral,3,"3

The comment addresses"
947776e2-e1c7-450a-afc1-8c2a274b1d68,askacademia_train,losing_paraphrase_qwen,3,"3

This comment addresses"
0078f354-a1d0-40ed-99c0-8d4822f997a8,askacademia_train,winning_text,4,"4

This comment scores"
0078f354-a1d0-40ed-99c0-8d4822f997a8,askacademia_train,losing_text,3,"3

This comment addresses"
0078f354-a1d0-40ed-99c0-8d4822f997a8,askacademia_train,losing_generate_claude,5,"5

This comment exc"
0078f354-a1d0-40ed-99c0-8d4822f997a8,askacademia_train,losing_generate_gemini,5,"5

This comment scores"
0078f354-a1d0-40ed-99c0-8d4822f997a8,askacademia_train,losing_generate_gpt4omini,2,"2

**Reasoning"
0078f354-a1d0-40ed-99c0-8d4822f997a8,askacademia_train,losing_generate_gpt5nano,2,"2

This comment has"
0078f354-a1d0-40ed-99c0-8d4822f997a8,askacademia_train,losing_generate_llama,2,"2

**Reasoning"
0078f354-a1d0-40ed-99c0-8d4822f997a8,askacademia_train,losing_generate_mistral,2,"2

The comment provides"
0078f354-a1d0-40ed-99c0-8d4822f997a8,askacademia_train,losing_generate_qwen,2,"2

This comment does"
0078f354-a1d0-40ed-99c0-8d4822f997a8,askacademia_train,losing_improve_claude,5,"5

This comment exc"
0078f354-a1d0-40ed-99c0-8d4822f997a8,askacademia_train,losing_improve_gemini,5,"5

This comment scores"
0078f354-a1d0-40ed-99c0-8d4822f997a8,askacademia_train,losing_improve_gpt4omini,4,"4

This comment scores"
0078f354-a1d0-40ed-99c0-8d4822f997a8,askacademia_train,losing_improve_gpt5nano,5,"5

This comment exc"
0078f354-a1d0-40ed-99c0-8d4822f997a8,askacademia_train,losing_improve_llama,4,"4

This comment scores"
0078f354-a1d0-40ed-99c0-8d4822f997a8,askacademia_train,losing_improve_mistral,4,"4

This comment scores"
0078f354-a1d0-40ed-99c0-8d4822f997a8,askacademia_train,losing_improve_qwen,4,"4

This comment scores"
0078f354-a1d0-40ed-99c0-8d4822f997a8,askacademia_train,losing_paraphrase_claude,4,"4

This comment scores"
0078f354-a1d0-40ed-99c0-8d4822f997a8,askacademia_train,losing_paraphrase_gemini,3,"3

This comment is"
0078f354-a1d0-40ed-99c0-8d4822f997a8,askacademia_train,losing_paraphrase_gpt4omini,3,"3

This comment addresses"
0078f354-a1d0-40ed-99c0-8d4822f997a8,askacademia_train,losing_paraphrase_gpt5nano,3,"3

This comment addresses"
0078f354-a1d0-40ed-99c0-8d4822f997a8,askacademia_train,losing_paraphrase_llama,3,"3

This comment receives"
0078f354-a1d0-40ed-99c0-8d4822f997a8,askacademia_train,losing_paraphrase_mistral,3,"3

The comment addresses"
0078f354-a1d0-40ed-99c0-8d4822f997a8,askacademia_train,losing_paraphrase_qwen,3,"3

This comment addresses"
f030b6d2-a544-4afa-9af2-125fb903702f,askacademia_train,winning_text,2,"2

The comment is"
f030b6d2-a544-4afa-9af2-125fb903702f,askacademia_train,losing_text,3,"3

This comment addresses"
f030b6d2-a544-4afa-9af2-125fb903702f,askacademia_train,losing_generate_claude,5,"5

This comment exc"
f030b6d2-a544-4afa-9af2-125fb903702f,askacademia_train,losing_generate_gemini,5,"5

This comment scores"
f030b6d2-a544-4afa-9af2-125fb903702f,askacademia_train,losing_generate_gpt4omini,3,"3

**Reasoning"
f030b6d2-a544-4afa-9af2-125fb903702f,askacademia_train,losing_generate_gpt5nano,2,"2

The comment mis"
f030b6d2-a544-4afa-9af2-125fb903702f,askacademia_train,losing_generate_llama,2,"2

**Reasoning"
f030b6d2-a544-4afa-9af2-125fb903702f,askacademia_train,losing_generate_mistral,2,"2

**Reasoning"
f030b6d2-a544-4afa-9af2-125fb903702f,askacademia_train,losing_generate_qwen,2,"2

This comment does"
f030b6d2-a544-4afa-9af2-125fb903702f,askacademia_train,losing_improve_claude,2,"2

**Reasoning"
f030b6d2-a544-4afa-9af2-125fb903702f,askacademia_train,losing_improve_gemini,4,"4

This comment scores"
f030b6d2-a544-4afa-9af2-125fb903702f,askacademia_train,losing_improve_gpt4omini,4,"4

This comment scores"
f030b6d2-a544-4afa-9af2-125fb903702f,askacademia_train,losing_improve_gpt5nano,5,"5

This comment scores"
f030b6d2-a544-4afa-9af2-125fb903702f,askacademia_train,losing_improve_llama,4,"4

This comment scores"
f030b6d2-a544-4afa-9af2-125fb903702f,askacademia_train,losing_improve_mistral,3,"3

This comment addresses"
f030b6d2-a544-4afa-9af2-125fb903702f,askacademia_train,losing_improve_qwen,4,"4

This comment scores"
f030b6d2-a544-4afa-9af2-125fb903702f,askacademia_train,losing_paraphrase_claude,3,"3

This comment receives"
f030b6d2-a544-4afa-9af2-125fb903702f,askacademia_train,losing_paraphrase_gemini,3,"3

This comment offers"
f030b6d2-a544-4afa-9af2-125fb903702f,askacademia_train,losing_paraphrase_gpt4omini,3,"3

This comment addresses"
f030b6d2-a544-4afa-9af2-125fb903702f,askacademia_train,losing_paraphrase_gpt5nano,3,"3

This comment addresses"
f030b6d2-a544-4afa-9af2-125fb903702f,askacademia_train,losing_paraphrase_llama,3,"3

This comment receives"
f030b6d2-a544-4afa-9af2-125fb903702f,askacademia_train,losing_paraphrase_mistral,3,"3

This comment addresses"
f030b6d2-a544-4afa-9af2-125fb903702f,askacademia_train,losing_paraphrase_qwen,3,"3

This comment receives"
32425c5d-578f-4d7b-a081-e03332f36d9f,askacademia_train,winning_text,2,"2

The comment is"
32425c5d-578f-4d7b-a081-e03332f36d9f,askacademia_train,losing_text,4,"4

This comment scores"
32425c5d-578f-4d7b-a081-e03332f36d9f,askacademia_train,losing_generate_claude,5,"5

This comment exc"
32425c5d-578f-4d7b-a081-e03332f36d9f,askacademia_train,losing_generate_gemini,5,"5

This comment scores"
32425c5d-578f-4d7b-a081-e03332f36d9f,askacademia_train,losing_generate_gpt4omini,2,"2

**Reasoning"
32425c5d-578f-4d7b-a081-e03332f36d9f,askacademia_train,losing_generate_gpt5nano,2,"2

**Reasoning"
32425c5d-578f-4d7b-a081-e03332f36d9f,askacademia_train,losing_generate_llama,2,"2

**Reasoning"
32425c5d-578f-4d7b-a081-e03332f36d9f,askacademia_train,losing_generate_mistral,2,"2

The comment provides"
32425c5d-578f-4d7b-a081-e03332f36d9f,askacademia_train,losing_generate_qwen,2,"2

This comment does"
32425c5d-578f-4d7b-a081-e03332f36d9f,askacademia_train,losing_improve_claude,5,"5

This comment exc"
32425c5d-578f-4d7b-a081-e03332f36d9f,askacademia_train,losing_improve_gemini,5,"5

This comment scores"
32425c5d-578f-4d7b-a081-e03332f36d9f,askacademia_train,losing_improve_gpt4omini,4,"4

This comment scores"
32425c5d-578f-4d7b-a081-e03332f36d9f,askacademia_train,losing_improve_gpt5nano,5,"5

This comment scores"
32425c5d-578f-4d7b-a081-e03332f36d9f,askacademia_train,losing_improve_llama,4,"4

This comment scores"
32425c5d-578f-4d7b-a081-e03332f36d9f,askacademia_train,losing_improve_mistral,4,"4

The comment scores"
32425c5d-578f-4d7b-a081-e03332f36d9f,askacademia_train,losing_improve_qwen,4,"4

The comment scores"
32425c5d-578f-4d7b-a081-e03332f36d9f,askacademia_train,losing_paraphrase_claude,4,"4

This comment scores"
32425c5d-578f-4d7b-a081-e03332f36d9f,askacademia_train,losing_paraphrase_gemini,3,"3

This comment offers"
32425c5d-578f-4d7b-a081-e03332f36d9f,askacademia_train,losing_paraphrase_gpt4omini,4,"4

This comment scores"
32425c5d-578f-4d7b-a081-e03332f36d9f,askacademia_train,losing_paraphrase_gpt5nano,4,"4

This comment scores"
32425c5d-578f-4d7b-a081-e03332f36d9f,askacademia_train,losing_paraphrase_llama,4,"4

This comment scores"
32425c5d-578f-4d7b-a081-e03332f36d9f,askacademia_train,losing_paraphrase_mistral,4,"4

This comment scores"
32425c5d-578f-4d7b-a081-e03332f36d9f,askacademia_train,losing_paraphrase_qwen,4,"4

This comment scores"
3b2a72f5-80d9-4989-8e69-4d34e3548d47,askacademia_train,winning_text,4,"4

This comment scores"
3b2a72f5-80d9-4989-8e69-4d34e3548d47,askacademia_train,losing_text,3,"3

This comment addresses"
3b2a72f5-80d9-4989-8e69-4d34e3548d47,askacademia_train,losing_generate_claude,5,"5

This comment exc"
3b2a72f5-80d9-4989-8e69-4d34e3548d47,askacademia_train,losing_generate_gemini,5,"5

This comment scores"
3b2a72f5-80d9-4989-8e69-4d34e3548d47,askacademia_train,losing_generate_gpt4omini,2,"2

**Reasoning"
3b2a72f5-80d9-4989-8e69-4d34e3548d47,askacademia_train,losing_generate_gpt5nano,4,"4

This comment scores"
3b2a72f5-80d9-4989-8e69-4d34e3548d47,askacademia_train,losing_generate_llama,2,"2

**Reasoning"
3b2a72f5-80d9-4989-8e69-4d34e3548d47,askacademia_train,losing_generate_mistral,2,"2

The comment provides"
3b2a72f5-80d9-4989-8e69-4d34e3548d47,askacademia_train,losing_generate_qwen,2,"2

This comment does"
3b2a72f5-80d9-4989-8e69-4d34e3548d47,askacademia_train,losing_improve_claude,2,"2

This comment appears"
3b2a72f5-80d9-4989-8e69-4d34e3548d47,askacademia_train,losing_improve_gemini,4,"4

This comment scores"
3b2a72f5-80d9-4989-8e69-4d34e3548d47,askacademia_train,losing_improve_gpt4omini,4,"4

This comment scores"
3b2a72f5-80d9-4989-8e69-4d34e3548d47,askacademia_train,losing_improve_gpt5nano,3,"3

This comment has"
3b2a72f5-80d9-4989-8e69-4d34e3548d47,askacademia_train,losing_improve_llama,3,"3

This comment is"
3b2a72f5-80d9-4989-8e69-4d34e3548d47,askacademia_train,losing_improve_mistral,4,"4

This comment scores"
3b2a72f5-80d9-4989-8e69-4d34e3548d47,askacademia_train,losing_improve_qwen,3,"3

This comment provides"
3b2a72f5-80d9-4989-8e69-4d34e3548d47,askacademia_train,losing_paraphrase_claude,4,"4

This comment scores"
3b2a72f5-80d9-4989-8e69-4d34e3548d47,askacademia_train,losing_paraphrase_gemini,3,"3

This comment offers"
3b2a72f5-80d9-4989-8e69-4d34e3548d47,askacademia_train,losing_paraphrase_gpt4omini,4,"4

This comment scores"
3b2a72f5-80d9-4989-8e69-4d34e3548d47,askacademia_train,losing_paraphrase_gpt5nano,4,"4

This comment scores"
3b2a72f5-80d9-4989-8e69-4d34e3548d47,askacademia_train,losing_paraphrase_llama,2,"2

The comment describes"
3b2a72f5-80d9-4989-8e69-4d34e3548d47,askacademia_train,losing_paraphrase_mistral,4,"4

This comment scores"
3b2a72f5-80d9-4989-8e69-4d34e3548d47,askacademia_train,losing_paraphrase_qwen,4,"4

This comment scores"
00ac52a3-f8eb-4c52-b2d9-6e734d579fcb,askacademia_train,winning_text,4,"4

This comment scores"
00ac52a3-f8eb-4c52-b2d9-6e734d579fcb,askacademia_train,losing_text,3,"3

This comment is"
00ac52a3-f8eb-4c52-b2d9-6e734d579fcb,askacademia_train,losing_generate_claude,5,"5

This comment exc"
00ac52a3-f8eb-4c52-b2d9-6e734d579fcb,askacademia_train,losing_generate_gemini,5,"5

This comment scores"
00ac52a3-f8eb-4c52-b2d9-6e734d579fcb,askacademia_train,losing_generate_gpt4omini,2,"2

**Reasoning"
00ac52a3-f8eb-4c52-b2d9-6e734d579fcb,askacademia_train,losing_generate_gpt5nano,2,"2

The comment fails"
00ac52a3-f8eb-4c52-b2d9-6e734d579fcb,askacademia_train,losing_generate_llama,2,"2

**Reasoning"
00ac52a3-f8eb-4c52-b2d9-6e734d579fcb,askacademia_train,losing_generate_mistral,2,"2

The comment provides"
00ac52a3-f8eb-4c52-b2d9-6e734d579fcb,askacademia_train,losing_generate_qwen,2,"2

This comment does"
00ac52a3-f8eb-4c52-b2d9-6e734d579fcb,askacademia_train,losing_improve_claude,2,"2

This comment appears"
00ac52a3-f8eb-4c52-b2d9-6e734d579fcb,askacademia_train,losing_improve_gemini,4,"4

This comment scores"
00ac52a3-f8eb-4c52-b2d9-6e734d579fcb,askacademia_train,losing_improve_gpt4omini,4,"4

This comment scores"
00ac52a3-f8eb-4c52-b2d9-6e734d579fcb,askacademia_train,losing_improve_gpt5nano,2,"2

This comment appears"
00ac52a3-f8eb-4c52-b2d9-6e734d579fcb,askacademia_train,losing_improve_llama,2,"2

This comment has"
00ac52a3-f8eb-4c52-b2d9-6e734d579fcb,askacademia_train,losing_improve_mistral,2,"2

This comment has"
00ac52a3-f8eb-4c52-b2d9-6e734d579fcb,askacademia_train,losing_improve_qwen,3,"3

This comment has"
00ac52a3-f8eb-4c52-b2d9-6e734d579fcb,askacademia_train,losing_paraphrase_claude,3,"3

This comment receives"
00ac52a3-f8eb-4c52-b2d9-6e734d579fcb,askacademia_train,losing_paraphrase_gemini,3,"3

This comment offers"
00ac52a3-f8eb-4c52-b2d9-6e734d579fcb,askacademia_train,losing_paraphrase_gpt4omini,4,"4

This comment scores"
00ac52a3-f8eb-4c52-b2d9-6e734d579fcb,askacademia_train,losing_paraphrase_gpt5nano,4,"4

This comment scores"
00ac52a3-f8eb-4c52-b2d9-6e734d579fcb,askacademia_train,losing_paraphrase_llama,2,"2

This appears to"
00ac52a3-f8eb-4c52-b2d9-6e734d579fcb,askacademia_train,losing_paraphrase_mistral,4,"4

This comment scores"
00ac52a3-f8eb-4c52-b2d9-6e734d579fcb,askacademia_train,losing_paraphrase_qwen,4,"4

This comment scores"
febe22ae-412b-4310-894e-e568ba9d9bb1,askacademia_train,winning_text,2,"2

The comment is"
febe22ae-412b-4310-894e-e568ba9d9bb1,askacademia_train,losing_text,3,"3

This comment addresses"
febe22ae-412b-4310-894e-e568ba9d9bb1,askacademia_train,losing_generate_claude,5,"5

This comment exc"
febe22ae-412b-4310-894e-e568ba9d9bb1,askacademia_train,losing_generate_gemini,5,"5

This comment scores"
febe22ae-412b-4310-894e-e568ba9d9bb1,askacademia_train,losing_generate_gpt4omini,2,"2

**Reasoning"
febe22ae-412b-4310-894e-e568ba9d9bb1,askacademia_train,losing_generate_gpt5nano,5,"5

This comment exc"
febe22ae-412b-4310-894e-e568ba9d9bb1,askacademia_train,losing_generate_llama,2,"2

**Reasoning"
febe22ae-412b-4310-894e-e568ba9d9bb1,askacademia_train,losing_generate_mistral,4,"4

The comment scores"
febe22ae-412b-4310-894e-e568ba9d9bb1,askacademia_train,losing_generate_qwen,2,"2

The comment does"
febe22ae-412b-4310-894e-e568ba9d9bb1,askacademia_train,losing_improve_claude,2,"2

This comment appears"
febe22ae-412b-4310-894e-e568ba9d9bb1,askacademia_train,losing_improve_gemini,4,"4

This comment scores"
febe22ae-412b-4310-894e-e568ba9d9bb1,askacademia_train,losing_improve_gpt4omini,4,"4

This comment scores"
febe22ae-412b-4310-894e-e568ba9d9bb1,askacademia_train,losing_improve_gpt5nano,4,"4

This comment scores"
febe22ae-412b-4310-894e-e568ba9d9bb1,askacademia_train,losing_improve_llama,2,"2

This comment has"
febe22ae-412b-4310-894e-e568ba9d9bb1,askacademia_train,losing_improve_mistral,3,"3

This comment is"
febe22ae-412b-4310-894e-e568ba9d9bb1,askacademia_train,losing_improve_qwen,3,"3

This comment provides"
febe22ae-412b-4310-894e-e568ba9d9bb1,askacademia_train,losing_paraphrase_claude,2,"2

**Reasoning"
febe22ae-412b-4310-894e-e568ba9d9bb1,askacademia_train,losing_paraphrase_gemini,4,"4

This comment scores"
febe22ae-412b-4310-894e-e568ba9d9bb1,askacademia_train,losing_paraphrase_gpt4omini,4,"4

This comment scores"
febe22ae-412b-4310-894e-e568ba9d9bb1,askacademia_train,losing_paraphrase_gpt5nano,4,"4

This comment scores"
febe22ae-412b-4310-894e-e568ba9d9bb1,askacademia_train,losing_paraphrase_llama,3,"3

This appears to"
febe22ae-412b-4310-894e-e568ba9d9bb1,askacademia_train,losing_paraphrase_mistral,4,"4

This comment scores"
febe22ae-412b-4310-894e-e568ba9d9bb1,askacademia_train,losing_paraphrase_qwen,4,"4

This comment scores"
20726a84-5847-4d45-a08a-8e4376fa9a29,askacademia_train,winning_text,4,"4

This comment scores"
20726a84-5847-4d45-a08a-8e4376fa9a29,askacademia_train,losing_text,3,"3

This comment addresses"
20726a84-5847-4d45-a08a-8e4376fa9a29,askacademia_train,losing_generate_claude,5,"5

This comment exc"
20726a84-5847-4d45-a08a-8e4376fa9a29,askacademia_train,losing_generate_gemini,5,"5

This comment scores"
20726a84-5847-4d45-a08a-8e4376fa9a29,askacademia_train,losing_generate_gpt4omini,3,"3

**Reasoning"
20726a84-5847-4d45-a08a-8e4376fa9a29,askacademia_train,losing_generate_gpt5nano,2,"2

**Reasoning"
20726a84-5847-4d45-a08a-8e4376fa9a29,askacademia_train,losing_generate_llama,2,"2

**Reasoning"
20726a84-5847-4d45-a08a-8e4376fa9a29,askacademia_train,losing_generate_mistral,2,"2

The comment provides"
20726a84-5847-4d45-a08a-8e4376fa9a29,askacademia_train,losing_generate_qwen,2,"2

The comment does"
20726a84-5847-4d45-a08a-8e4376fa9a29,askacademia_train,losing_improve_claude,2,"2

This comment has"
20726a84-5847-4d45-a08a-8e4376fa9a29,askacademia_train,losing_improve_gemini,3,"3

This comment is"
20726a84-5847-4d45-a08a-8e4376fa9a29,askacademia_train,losing_improve_gpt4omini,4,"4

This comment scores"
20726a84-5847-4d45-a08a-8e4376fa9a29,askacademia_train,losing_improve_gpt5nano,3,"3

This comment has"
20726a84-5847-4d45-a08a-8e4376fa9a29,askacademia_train,losing_improve_llama,2,"2

This comment has"
20726a84-5847-4d45-a08a-8e4376fa9a29,askacademia_train,losing_improve_mistral,2,"2

**Reasoning"
20726a84-5847-4d45-a08a-8e4376fa9a29,askacademia_train,losing_improve_qwen,4,"4

This comment scores"
20726a84-5847-4d45-a08a-8e4376fa9a29,askacademia_train,losing_paraphrase_claude,2,"2

**Reasoning"
20726a84-5847-4d45-a08a-8e4376fa9a29,askacademia_train,losing_paraphrase_gemini,4,"4

This comment scores"
20726a84-5847-4d45-a08a-8e4376fa9a29,askacademia_train,losing_paraphrase_gpt4omini,4,"4

This comment scores"
20726a84-5847-4d45-a08a-8e4376fa9a29,askacademia_train,losing_paraphrase_gpt5nano,4,"4

This comment scores"
20726a84-5847-4d45-a08a-8e4376fa9a29,askacademia_train,losing_paraphrase_llama,3,"3

This appears to"
20726a84-5847-4d45-a08a-8e4376fa9a29,askacademia_train,losing_paraphrase_mistral,4,"4

This comment scores"
20726a84-5847-4d45-a08a-8e4376fa9a29,askacademia_train,losing_paraphrase_qwen,4,"4

This comment scores"
163fa501-abeb-47f6-84d0-2f9440b38d5d,askacademia_train,winning_text,4,"4

This comment scores"
163fa501-abeb-47f6-84d0-2f9440b38d5d,askacademia_train,losing_text,4,"4

This comment scores"
163fa501-abeb-47f6-84d0-2f9440b38d5d,askacademia_train,losing_generate_claude,5,"5

This comment exc"
163fa501-abeb-47f6-84d0-2f9440b38d5d,askacademia_train,losing_generate_gemini,5,"5

This comment scores"
163fa501-abeb-47f6-84d0-2f9440b38d5d,askacademia_train,losing_generate_gpt4omini,2,"2

**Reasoning"
163fa501-abeb-47f6-84d0-2f9440b38d5d,askacademia_train,losing_generate_gpt5nano,2,"2

The comment fails"
163fa501-abeb-47f6-84d0-2f9440b38d5d,askacademia_train,losing_generate_llama,2,"2

**Reasoning"
163fa501-abeb-47f6-84d0-2f9440b38d5d,askacademia_train,losing_generate_mistral,2,"2

The comment provides"
163fa501-abeb-47f6-84d0-2f9440b38d5d,askacademia_train,losing_generate_qwen,2,"2

This comment does"
163fa501-abeb-47f6-84d0-2f9440b38d5d,askacademia_train,losing_improve_claude,4,"4

This comment scores"
163fa501-abeb-47f6-84d0-2f9440b38d5d,askacademia_train,losing_improve_gemini,5,"5

This comment scores"
163fa501-abeb-47f6-84d0-2f9440b38d5d,askacademia_train,losing_improve_gpt4omini,4,"4

This comment scores"
163fa501-abeb-47f6-84d0-2f9440b38d5d,askacademia_train,losing_improve_gpt5nano,4,"4

This comment scores"
163fa501-abeb-47f6-84d0-2f9440b38d5d,askacademia_train,losing_improve_llama,4,"4

The comment scores"
163fa501-abeb-47f6-84d0-2f9440b38d5d,askacademia_train,losing_improve_mistral,2,"2

The comment discusses"
163fa501-abeb-47f6-84d0-2f9440b38d5d,askacademia_train,losing_improve_qwen,4,"4

This comment scores"
163fa501-abeb-47f6-84d0-2f9440b38d5d,askacademia_train,losing_paraphrase_claude,4,"4

This comment scores"
163fa501-abeb-47f6-84d0-2f9440b38d5d,askacademia_train,losing_paraphrase_gemini,4,"4

This comment scores"
163fa501-abeb-47f6-84d0-2f9440b38d5d,askacademia_train,losing_paraphrase_gpt4omini,4,"4

This comment scores"
163fa501-abeb-47f6-84d0-2f9440b38d5d,askacademia_train,losing_paraphrase_gpt5nano,4,"4

This comment scores"
163fa501-abeb-47f6-84d0-2f9440b38d5d,askacademia_train,losing_paraphrase_llama,3,"3

The comment addresses"
163fa501-abeb-47f6-84d0-2f9440b38d5d,askacademia_train,losing_paraphrase_mistral,4,"4

This comment scores"
163fa501-abeb-47f6-84d0-2f9440b38d5d,askacademia_train,losing_paraphrase_qwen,4,"4

This comment scores"
b53535e2-cb01-4d2b-be3c-ccde7b936979,askacademia_train,winning_text,2,"2

The comment is"
b53535e2-cb01-4d2b-be3c-ccde7b936979,askacademia_train,losing_text,4,"4

This comment scores"
b53535e2-cb01-4d2b-be3c-ccde7b936979,askacademia_train,losing_generate_claude,5,"5

This comment exc"
b53535e2-cb01-4d2b-be3c-ccde7b936979,askacademia_train,losing_generate_gemini,5,"5

This comment scores"
b53535e2-cb01-4d2b-be3c-ccde7b936979,askacademia_train,losing_generate_gpt4omini,2,"2

**Reasoning"
b53535e2-cb01-4d2b-be3c-ccde7b936979,askacademia_train,losing_generate_gpt5nano,2,"2

The comment fails"
b53535e2-cb01-4d2b-be3c-ccde7b936979,askacademia_train,losing_generate_llama,2,"2

**Reasoning"
b53535e2-cb01-4d2b-be3c-ccde7b936979,askacademia_train,losing_generate_mistral,2,"2

**Reasoning"
b53535e2-cb01-4d2b-be3c-ccde7b936979,askacademia_train,losing_generate_qwen,2,"2

The comment does"
b53535e2-cb01-4d2b-be3c-ccde7b936979,askacademia_train,losing_improve_claude,4,"4

This comment scores"
b53535e2-cb01-4d2b-be3c-ccde7b936979,askacademia_train,losing_improve_gemini,5,"5

This comment scores"
b53535e2-cb01-4d2b-be3c-ccde7b936979,askacademia_train,losing_improve_gpt4omini,4,"4

This comment scores"
b53535e2-cb01-4d2b-be3c-ccde7b936979,askacademia_train,losing_improve_gpt5nano,2,"2

This comment appears"
b53535e2-cb01-4d2b-be3c-ccde7b936979,askacademia_train,losing_improve_llama,4,"4

The comment scores"
b53535e2-cb01-4d2b-be3c-ccde7b936979,askacademia_train,losing_improve_mistral,4,"4

This comment scores"
b53535e2-cb01-4d2b-be3c-ccde7b936979,askacademia_train,losing_improve_qwen,4,"4

This comment scores"
b53535e2-cb01-4d2b-be3c-ccde7b936979,askacademia_train,losing_paraphrase_claude,4,"4

This comment scores"
b53535e2-cb01-4d2b-be3c-ccde7b936979,askacademia_train,losing_paraphrase_gemini,4,"4

This comment scores"
b53535e2-cb01-4d2b-be3c-ccde7b936979,askacademia_train,losing_paraphrase_gpt4omini,4,"4

This comment scores"
b53535e2-cb01-4d2b-be3c-ccde7b936979,askacademia_train,losing_paraphrase_gpt5nano,4,"4

This comment scores"
b53535e2-cb01-4d2b-be3c-ccde7b936979,askacademia_train,losing_paraphrase_llama,3,"3

The comment addresses"
b53535e2-cb01-4d2b-be3c-ccde7b936979,askacademia_train,losing_paraphrase_mistral,3,"3

This comment is"
b53535e2-cb01-4d2b-be3c-ccde7b936979,askacademia_train,losing_paraphrase_qwen,4,"4

This comment scores"
0b77b76c-26bf-47f7-8af2-56083359c0c3,askacademia_train,winning_text,2,"2

The comment is"
0b77b76c-26bf-47f7-8af2-56083359c0c3,askacademia_train,losing_text,4,"4

This comment scores"
0b77b76c-26bf-47f7-8af2-56083359c0c3,askacademia_train,losing_generate_claude,5,"5

This comment exc"
0b77b76c-26bf-47f7-8af2-56083359c0c3,askacademia_train,losing_generate_gemini,5,"5

This comment scores"
0b77b76c-26bf-47f7-8af2-56083359c0c3,askacademia_train,losing_generate_gpt4omini,3,"3

**Reasoning"
0b77b76c-26bf-47f7-8af2-56083359c0c3,askacademia_train,losing_generate_gpt5nano,5,"5

This comment exc"
0b77b76c-26bf-47f7-8af2-56083359c0c3,askacademia_train,losing_generate_llama,2,"2

**Reasoning"
0b77b76c-26bf-47f7-8af2-56083359c0c3,askacademia_train,losing_generate_mistral,4,"4

The comment scores"
0b77b76c-26bf-47f7-8af2-56083359c0c3,askacademia_train,losing_generate_qwen,2,"2

This comment does"
0b77b76c-26bf-47f7-8af2-56083359c0c3,askacademia_train,losing_improve_claude,4,"4

This comment scores"
0b77b76c-26bf-47f7-8af2-56083359c0c3,askacademia_train,losing_improve_gemini,4,"4

This comment scores"
0b77b76c-26bf-47f7-8af2-56083359c0c3,askacademia_train,losing_improve_gpt4omini,4,"4

This comment scores"
0b77b76c-26bf-47f7-8af2-56083359c0c3,askacademia_train,losing_improve_gpt5nano,4,"4

This comment scores"
0b77b76c-26bf-47f7-8af2-56083359c0c3,askacademia_train,losing_improve_llama,2,"2

The comment has"
0b77b76c-26bf-47f7-8af2-56083359c0c3,askacademia_train,losing_improve_mistral,2,"2

The comment has"
0b77b76c-26bf-47f7-8af2-56083359c0c3,askacademia_train,losing_improve_qwen,3,"3

The comment addresses"
0b77b76c-26bf-47f7-8af2-56083359c0c3,askacademia_train,losing_paraphrase_claude,4,"4

This comment scores"
0b77b76c-26bf-47f7-8af2-56083359c0c3,askacademia_train,losing_paraphrase_gemini,4,"4

This comment scores"
0b77b76c-26bf-47f7-8af2-56083359c0c3,askacademia_train,losing_paraphrase_gpt4omini,2,"2

This comment has"
0b77b76c-26bf-47f7-8af2-56083359c0c3,askacademia_train,losing_paraphrase_gpt5nano,4,"4

This comment scores"
0b77b76c-26bf-47f7-8af2-56083359c0c3,askacademia_train,losing_paraphrase_llama,4,"4

This comment scores"
0b77b76c-26bf-47f7-8af2-56083359c0c3,askacademia_train,losing_paraphrase_mistral,2,"2

This comment has"
0b77b76c-26bf-47f7-8af2-56083359c0c3,askacademia_train,losing_paraphrase_qwen,3,"3

The comment addresses"
bbed02c8-46a6-4fd8-9f8b-860095457ae4,askacademia_train,winning_text,4,"4

This comment scores"
bbed02c8-46a6-4fd8-9f8b-860095457ae4,askacademia_train,losing_text,4,"4

This comment scores"
bbed02c8-46a6-4fd8-9f8b-860095457ae4,askacademia_train,losing_generate_claude,5,"5

This comment exc"
bbed02c8-46a6-4fd8-9f8b-860095457ae4,askacademia_train,losing_generate_gemini,5,"5

This comment scores"
bbed02c8-46a6-4fd8-9f8b-860095457ae4,askacademia_train,losing_generate_gpt4omini,2,"2

**Reasoning"
bbed02c8-46a6-4fd8-9f8b-860095457ae4,askacademia_train,losing_generate_gpt5nano,4,"4

This comment scores"
bbed02c8-46a6-4fd8-9f8b-860095457ae4,askacademia_train,losing_generate_llama,2,"2

**Reasoning"
bbed02c8-46a6-4fd8-9f8b-860095457ae4,askacademia_train,losing_generate_mistral,2,"2

The comment has"
bbed02c8-46a6-4fd8-9f8b-860095457ae4,askacademia_train,losing_generate_qwen,2,"2

This comment does"
bbed02c8-46a6-4fd8-9f8b-860095457ae4,askacademia_train,losing_improve_claude,4,"4

This comment scores"
bbed02c8-46a6-4fd8-9f8b-860095457ae4,askacademia_train,losing_improve_gemini,4,"4

This comment scores"
bbed02c8-46a6-4fd8-9f8b-860095457ae4,askacademia_train,losing_improve_gpt4omini,4,"4

This comment scores"
bbed02c8-46a6-4fd8-9f8b-860095457ae4,askacademia_train,losing_improve_gpt5nano,5,"5

This comment scores"
bbed02c8-46a6-4fd8-9f8b-860095457ae4,askacademia_train,losing_improve_llama,2,"2

This comment reads"
bbed02c8-46a6-4fd8-9f8b-860095457ae4,askacademia_train,losing_improve_mistral,3,"3

This comment provides"
bbed02c8-46a6-4fd8-9f8b-860095457ae4,askacademia_train,losing_improve_qwen,4,"4

This comment scores"
bbed02c8-46a6-4fd8-9f8b-860095457ae4,askacademia_train,losing_paraphrase_claude,4,"4

This comment scores"
bbed02c8-46a6-4fd8-9f8b-860095457ae4,askacademia_train,losing_paraphrase_gemini,4,"4

This comment scores"
bbed02c8-46a6-4fd8-9f8b-860095457ae4,askacademia_train,losing_paraphrase_gpt4omini,4,"4

This comment scores"
bbed02c8-46a6-4fd8-9f8b-860095457ae4,askacademia_train,losing_paraphrase_gpt5nano,2,"2

This comment fails"
bbed02c8-46a6-4fd8-9f8b-860095457ae4,askacademia_train,losing_paraphrase_llama,4,"4

This comment scores"
bbed02c8-46a6-4fd8-9f8b-860095457ae4,askacademia_train,losing_paraphrase_mistral,2,"2

This comment has"
bbed02c8-46a6-4fd8-9f8b-860095457ae4,askacademia_train,losing_paraphrase_qwen,2,"2

The comment discusses"
28e76213-6d7a-4cf6-b6d5-dec7e1239e12,askacademia_train,winning_text,4,"4

The comment addresses"
28e76213-6d7a-4cf6-b6d5-dec7e1239e12,askacademia_train,losing_text,4,"4

This comment scores"
28e76213-6d7a-4cf6-b6d5-dec7e1239e12,askacademia_train,losing_generate_claude,5,"5

This comment exc"
28e76213-6d7a-4cf6-b6d5-dec7e1239e12,askacademia_train,losing_generate_gemini,5,"5

This comment scores"
28e76213-6d7a-4cf6-b6d5-dec7e1239e12,askacademia_train,losing_generate_gpt4omini,2,"2

**Reasoning"
28e76213-6d7a-4cf6-b6d5-dec7e1239e12,askacademia_train,losing_generate_gpt5nano,4,"4

This comment scores"
28e76213-6d7a-4cf6-b6d5-dec7e1239e12,askacademia_train,losing_generate_llama,2,"2

**Reasoning"
28e76213-6d7a-4cf6-b6d5-dec7e1239e12,askacademia_train,losing_generate_mistral,2,"2

**Reasoning"
28e76213-6d7a-4cf6-b6d5-dec7e1239e12,askacademia_train,losing_generate_qwen,2,"2

The comment does"
28e76213-6d7a-4cf6-b6d5-dec7e1239e12,askacademia_train,losing_improve_claude,4,"4

This comment scores"
28e76213-6d7a-4cf6-b6d5-dec7e1239e12,askacademia_train,losing_improve_gemini,4,"4

This comment scores"
28e76213-6d7a-4cf6-b6d5-dec7e1239e12,askacademia_train,losing_improve_gpt4omini,4,"4

This comment scores"
28e76213-6d7a-4cf6-b6d5-dec7e1239e12,askacademia_train,losing_improve_gpt5nano,5,"5

This comment exc"
28e76213-6d7a-4cf6-b6d5-dec7e1239e12,askacademia_train,losing_improve_llama,2,"2

This comment reads"
28e76213-6d7a-4cf6-b6d5-dec7e1239e12,askacademia_train,losing_improve_mistral,3,"3

This comment provides"
28e76213-6d7a-4cf6-b6d5-dec7e1239e12,askacademia_train,losing_improve_qwen,2,"2

The comment lacks"
28e76213-6d7a-4cf6-b6d5-dec7e1239e12,askacademia_train,losing_paraphrase_claude,4,"4

This comment scores"
28e76213-6d7a-4cf6-b6d5-dec7e1239e12,askacademia_train,losing_paraphrase_gemini,4,"4

This comment scores"
28e76213-6d7a-4cf6-b6d5-dec7e1239e12,askacademia_train,losing_paraphrase_gpt4omini,4,"4

This comment scores"
28e76213-6d7a-4cf6-b6d5-dec7e1239e12,askacademia_train,losing_paraphrase_gpt5nano,4,"4

This comment scores"
28e76213-6d7a-4cf6-b6d5-dec7e1239e12,askacademia_train,losing_paraphrase_llama,4,"4

This comment scores"
28e76213-6d7a-4cf6-b6d5-dec7e1239e12,askacademia_train,losing_paraphrase_mistral,4,"4

This comment scores"
28e76213-6d7a-4cf6-b6d5-dec7e1239e12,askacademia_train,losing_paraphrase_qwen,2,"2

The comment discusses"
7e18d7a2-866f-42fa-9de7-594877bc8003,askacademia_train,winning_text,5,"5

This comment exc"
7e18d7a2-866f-42fa-9de7-594877bc8003,askacademia_train,losing_text,4,"4

This comment scores"
7e18d7a2-866f-42fa-9de7-594877bc8003,askacademia_train,losing_generate_claude,5,"5

This comment exc"
7e18d7a2-866f-42fa-9de7-594877bc8003,askacademia_train,losing_generate_gemini,5,"5

This comment scores"
7e18d7a2-866f-42fa-9de7-594877bc8003,askacademia_train,losing_generate_gpt4omini,3,"3

**Reasoning"
7e18d7a2-866f-42fa-9de7-594877bc8003,askacademia_train,losing_generate_gpt5nano,5,"5

This comment scores"
7e18d7a2-866f-42fa-9de7-594877bc8003,askacademia_train,losing_generate_llama,2,"2

**Reasoning"
7e18d7a2-866f-42fa-9de7-594877bc8003,askacademia_train,losing_generate_mistral,4,"4

This comment scores"
7e18d7a2-866f-42fa-9de7-594877bc8003,askacademia_train,losing_generate_qwen,2,"2

This comment does"
7e18d7a2-866f-42fa-9de7-594877bc8003,askacademia_train,losing_improve_claude,5,"5

This comment scores"
7e18d7a2-866f-42fa-9de7-594877bc8003,askacademia_train,losing_improve_gemini,5,"5

This comment scores"
7e18d7a2-866f-42fa-9de7-594877bc8003,askacademia_train,losing_improve_gpt4omini,4,"4

This comment scores"
7e18d7a2-866f-42fa-9de7-594877bc8003,askacademia_train,losing_improve_gpt5nano,5,"5

This comment exc"
7e18d7a2-866f-42fa-9de7-594877bc8003,askacademia_train,losing_improve_llama,2,"2

This comment reads"
7e18d7a2-866f-42fa-9de7-594877bc8003,askacademia_train,losing_improve_mistral,3,"3

This comment provides"
7e18d7a2-866f-42fa-9de7-594877bc8003,askacademia_train,losing_improve_qwen,2,"2

The comment lacks"
7e18d7a2-866f-42fa-9de7-594877bc8003,askacademia_train,losing_paraphrase_claude,4,"4

This comment scores"
7e18d7a2-866f-42fa-9de7-594877bc8003,askacademia_train,losing_paraphrase_gemini,4,"4

The comment scores"
7e18d7a2-866f-42fa-9de7-594877bc8003,askacademia_train,losing_paraphrase_gpt4omini,4,"4

This comment scores"
7e18d7a2-866f-42fa-9de7-594877bc8003,askacademia_train,losing_paraphrase_gpt5nano,4,"4

This comment scores"
7e18d7a2-866f-42fa-9de7-594877bc8003,askacademia_train,losing_paraphrase_llama,4,"4

This comment scores"
7e18d7a2-866f-42fa-9de7-594877bc8003,askacademia_train,losing_paraphrase_mistral,2,"2

This comment lacks"
7e18d7a2-866f-42fa-9de7-594877bc8003,askacademia_train,losing_paraphrase_qwen,2,"2

The comment discusses"
da85c2e9-df5f-4df3-97c5-47da6ba03e4e,askacademia_train,winning_text,4,"4

This comment scores"
da85c2e9-df5f-4df3-97c5-47da6ba03e4e,askacademia_train,losing_text,4,"4

This comment scores"
da85c2e9-df5f-4df3-97c5-47da6ba03e4e,askacademia_train,losing_generate_claude,5,"5

This comment exc"
da85c2e9-df5f-4df3-97c5-47da6ba03e4e,askacademia_train,losing_generate_gemini,5,"5

This comment scores"
da85c2e9-df5f-4df3-97c5-47da6ba03e4e,askacademia_train,losing_generate_gpt4omini,2,"2

**Reasoning"
da85c2e9-df5f-4df3-97c5-47da6ba03e4e,askacademia_train,losing_generate_gpt5nano,2,"2

The comment fails"
da85c2e9-df5f-4df3-97c5-47da6ba03e4e,askacademia_train,losing_generate_llama,2,"2

**Reasoning"
da85c2e9-df5f-4df3-97c5-47da6ba03e4e,askacademia_train,losing_generate_mistral,2,"2

The comment provides"
da85c2e9-df5f-4df3-97c5-47da6ba03e4e,askacademia_train,losing_generate_qwen,2,"2

The comment does"
da85c2e9-df5f-4df3-97c5-47da6ba03e4e,askacademia_train,losing_improve_claude,4,"4

This comment scores"
da85c2e9-df5f-4df3-97c5-47da6ba03e4e,askacademia_train,losing_improve_gemini,4,"4

This comment scores"
da85c2e9-df5f-4df3-97c5-47da6ba03e4e,askacademia_train,losing_improve_gpt4omini,4,"4

This comment scores"
da85c2e9-df5f-4df3-97c5-47da6ba03e4e,askacademia_train,losing_improve_gpt5nano,5,"5

This comment exc"
da85c2e9-df5f-4df3-97c5-47da6ba03e4e,askacademia_train,losing_improve_llama,2,"2

This comment reads"
da85c2e9-df5f-4df3-97c5-47da6ba03e4e,askacademia_train,losing_improve_mistral,3,"3

This comment provides"
da85c2e9-df5f-4df3-97c5-47da6ba03e4e,askacademia_train,losing_improve_qwen,4,"4

This comment scores"
da85c2e9-df5f-4df3-97c5-47da6ba03e4e,askacademia_train,losing_paraphrase_claude,2,"2

This comment lacks"
da85c2e9-df5f-4df3-97c5-47da6ba03e4e,askacademia_train,losing_paraphrase_gemini,2,"2

This comment has"
da85c2e9-df5f-4df3-97c5-47da6ba03e4e,askacademia_train,losing_paraphrase_gpt4omini,4,"4

This comment scores"
da85c2e9-df5f-4df3-97c5-47da6ba03e4e,askacademia_train,losing_paraphrase_gpt5nano,4,"4

This comment scores"
da85c2e9-df5f-4df3-97c5-47da6ba03e4e,askacademia_train,losing_paraphrase_llama,4,"4

This comment scores"
da85c2e9-df5f-4df3-97c5-47da6ba03e4e,askacademia_train,losing_paraphrase_mistral,4,"4

This comment scores"
da85c2e9-df5f-4df3-97c5-47da6ba03e4e,askacademia_train,losing_paraphrase_qwen,2,"2

The comment discusses"
b85a8997-7faa-4977-85db-79fc13748382,askacademia_train,winning_text,2,"2

This comment has"
b85a8997-7faa-4977-85db-79fc13748382,askacademia_train,losing_text,4,"4

This comment scores"
b85a8997-7faa-4977-85db-79fc13748382,askacademia_train,losing_generate_claude,5,"5

This comment exc"
b85a8997-7faa-4977-85db-79fc13748382,askacademia_train,losing_generate_gemini,5,"5

This comment scores"
b85a8997-7faa-4977-85db-79fc13748382,askacademia_train,losing_generate_gpt4omini,2,"2

**Reasoning"
b85a8997-7faa-4977-85db-79fc13748382,askacademia_train,losing_generate_gpt5nano,2,"2

This comment has"
b85a8997-7faa-4977-85db-79fc13748382,askacademia_train,losing_generate_llama,2,"2

**Reasoning"
b85a8997-7faa-4977-85db-79fc13748382,askacademia_train,losing_generate_mistral,2,"2

**Reasoning"
b85a8997-7faa-4977-85db-79fc13748382,askacademia_train,losing_generate_qwen,2,"2

This comment does"
b85a8997-7faa-4977-85db-79fc13748382,askacademia_train,losing_improve_claude,4,"4

This comment scores"
b85a8997-7faa-4977-85db-79fc13748382,askacademia_train,losing_improve_gemini,4,"4

This comment scores"
b85a8997-7faa-4977-85db-79fc13748382,askacademia_train,losing_improve_gpt4omini,4,"4

This comment scores"
b85a8997-7faa-4977-85db-79fc13748382,askacademia_train,losing_improve_gpt5nano,5,"5

This comment scores"
b85a8997-7faa-4977-85db-79fc13748382,askacademia_train,losing_improve_llama,2,"2

This comment reads"
b85a8997-7faa-4977-85db-79fc13748382,askacademia_train,losing_improve_mistral,2,"2

The comment discusses"
b85a8997-7faa-4977-85db-79fc13748382,askacademia_train,losing_improve_qwen,2,"2

The comment lacks"
b85a8997-7faa-4977-85db-79fc13748382,askacademia_train,losing_paraphrase_claude,4,"4

This comment scores"
b85a8997-7faa-4977-85db-79fc13748382,askacademia_train,losing_paraphrase_gemini,3,"3

This comment is"
b85a8997-7faa-4977-85db-79fc13748382,askacademia_train,losing_paraphrase_gpt4omini,4,"4

This comment scores"
b85a8997-7faa-4977-85db-79fc13748382,askacademia_train,losing_paraphrase_gpt5nano,4,"4

This comment scores"
b85a8997-7faa-4977-85db-79fc13748382,askacademia_train,losing_paraphrase_llama,4,"4

This comment scores"
b85a8997-7faa-4977-85db-79fc13748382,askacademia_train,losing_paraphrase_mistral,2,"2

This comment lacks"
b85a8997-7faa-4977-85db-79fc13748382,askacademia_train,losing_paraphrase_qwen,2,"2

The comment discusses"
3480a5d5-2054-484c-86c1-20d098d54dbb,askacademia_train,winning_text,4,"4

This comment scores"
3480a5d5-2054-484c-86c1-20d098d54dbb,askacademia_train,losing_text,4,"4

This comment scores"
3480a5d5-2054-484c-86c1-20d098d54dbb,askacademia_train,losing_generate_claude,5,"5

This comment exc"
3480a5d5-2054-484c-86c1-20d098d54dbb,askacademia_train,losing_generate_gemini,5,"5

This comment scores"
3480a5d5-2054-484c-86c1-20d098d54dbb,askacademia_train,losing_generate_gpt4omini,2,"2

**Reasoning"
3480a5d5-2054-484c-86c1-20d098d54dbb,askacademia_train,losing_generate_gpt5nano,5,"5

This comment exc"
3480a5d5-2054-484c-86c1-20d098d54dbb,askacademia_train,losing_generate_llama,2,"2

**Reasoning"
3480a5d5-2054-484c-86c1-20d098d54dbb,askacademia_train,losing_generate_mistral,2,"2

**Reasoning"
3480a5d5-2054-484c-86c1-20d098d54dbb,askacademia_train,losing_generate_qwen,2,"2

This comment does"
3480a5d5-2054-484c-86c1-20d098d54dbb,askacademia_train,losing_improve_claude,5,"5

This comment scores"
3480a5d5-2054-484c-86c1-20d098d54dbb,askacademia_train,losing_improve_gemini,4,"4

This comment scores"
3480a5d5-2054-484c-86c1-20d098d54dbb,askacademia_train,losing_improve_gpt4omini,3,"3

**Reasoning"
3480a5d5-2054-484c-86c1-20d098d54dbb,askacademia_train,losing_improve_gpt5nano,5,"5

This comment exc"
3480a5d5-2054-484c-86c1-20d098d54dbb,askacademia_train,losing_improve_llama,2,"2

This comment has"
3480a5d5-2054-484c-86c1-20d098d54dbb,askacademia_train,losing_improve_mistral,2,"2

This comment lacks"
3480a5d5-2054-484c-86c1-20d098d54dbb,askacademia_train,losing_improve_qwen,2,"2

This comment lacks"
3480a5d5-2054-484c-86c1-20d098d54dbb,askacademia_train,losing_paraphrase_claude,4,"4

This comment scores"
3480a5d5-2054-484c-86c1-20d098d54dbb,askacademia_train,losing_paraphrase_gemini,3,"3

This comment is"
3480a5d5-2054-484c-86c1-20d098d54dbb,askacademia_train,losing_paraphrase_gpt4omini,4,"4

This comment scores"
3480a5d5-2054-484c-86c1-20d098d54dbb,askacademia_train,losing_paraphrase_gpt5nano,4,"4

This comment scores"
3480a5d5-2054-484c-86c1-20d098d54dbb,askacademia_train,losing_paraphrase_llama,3,"3

This comment addresses"
3480a5d5-2054-484c-86c1-20d098d54dbb,askacademia_train,losing_paraphrase_mistral,4,"4

This comment scores"
3480a5d5-2054-484c-86c1-20d098d54dbb,askacademia_train,losing_paraphrase_qwen,2,"2

This comment lacks"
b8d2eab2-c72f-4303-a58e-bdbeeafb0804,askacademia_train,winning_text,4,"4

The comment addresses"
b8d2eab2-c72f-4303-a58e-bdbeeafb0804,askacademia_train,losing_text,4,"4

This comment scores"
b8d2eab2-c72f-4303-a58e-bdbeeafb0804,askacademia_train,losing_generate_claude,5,"5

This comment exc"
b8d2eab2-c72f-4303-a58e-bdbeeafb0804,askacademia_train,losing_generate_gemini,5,"5

This comment scores"
b8d2eab2-c72f-4303-a58e-bdbeeafb0804,askacademia_train,losing_generate_gpt4omini,2,"2

**Reasoning"
b8d2eab2-c72f-4303-a58e-bdbeeafb0804,askacademia_train,losing_generate_gpt5nano,2,"2

**Reasoning"
b8d2eab2-c72f-4303-a58e-bdbeeafb0804,askacademia_train,losing_generate_llama,2,"2

**Reasoning"
b8d2eab2-c72f-4303-a58e-bdbeeafb0804,askacademia_train,losing_generate_mistral,2,"2

**Reasoning"
b8d2eab2-c72f-4303-a58e-bdbeeafb0804,askacademia_train,losing_generate_qwen,2,"2

This comment does"
b8d2eab2-c72f-4303-a58e-bdbeeafb0804,askacademia_train,losing_improve_claude,4,"4

This comment scores"
b8d2eab2-c72f-4303-a58e-bdbeeafb0804,askacademia_train,losing_improve_gemini,4,"4

This comment scores"
b8d2eab2-c72f-4303-a58e-bdbeeafb0804,askacademia_train,losing_improve_gpt4omini,3,"3

**Reasoning"
b8d2eab2-c72f-4303-a58e-bdbeeafb0804,askacademia_train,losing_improve_gpt5nano,5,"5

This comment exc"
b8d2eab2-c72f-4303-a58e-bdbeeafb0804,askacademia_train,losing_improve_llama,2,"2

This comment has"
b8d2eab2-c72f-4303-a58e-bdbeeafb0804,askacademia_train,losing_improve_mistral,2,"2

This comment lacks"
b8d2eab2-c72f-4303-a58e-bdbeeafb0804,askacademia_train,losing_improve_qwen,2,"2

This comment lacks"
b8d2eab2-c72f-4303-a58e-bdbeeafb0804,askacademia_train,losing_paraphrase_claude,5,"5

This comment excell"
b8d2eab2-c72f-4303-a58e-bdbeeafb0804,askacademia_train,losing_paraphrase_gemini,4,"4

This comment scores"
b8d2eab2-c72f-4303-a58e-bdbeeafb0804,askacademia_train,losing_paraphrase_gpt4omini,4,"4

This comment scores"
b8d2eab2-c72f-4303-a58e-bdbeeafb0804,askacademia_train,losing_paraphrase_gpt5nano,4,"4

This comment scores"
b8d2eab2-c72f-4303-a58e-bdbeeafb0804,askacademia_train,losing_paraphrase_llama,3,"3

This comment addresses"
b8d2eab2-c72f-4303-a58e-bdbeeafb0804,askacademia_train,losing_paraphrase_mistral,3,"3

This comment addresses"
b8d2eab2-c72f-4303-a58e-bdbeeafb0804,askacademia_train,losing_paraphrase_qwen,2,"2

This comment lacks"
7fadceea-2eef-4980-8f2e-71d9588416a3,askacademia_train,winning_text,5,"5

This comment exc"
7fadceea-2eef-4980-8f2e-71d9588416a3,askacademia_train,losing_text,4,"4

This comment scores"
7fadceea-2eef-4980-8f2e-71d9588416a3,askacademia_train,losing_generate_claude,5,"5

This comment exc"
7fadceea-2eef-4980-8f2e-71d9588416a3,askacademia_train,losing_generate_gemini,5,"5

This comment scores"
7fadceea-2eef-4980-8f2e-71d9588416a3,askacademia_train,losing_generate_gpt4omini,2,"2

**Reasoning"
7fadceea-2eef-4980-8f2e-71d9588416a3,askacademia_train,losing_generate_gpt5nano,5,"5

This comment scores"
7fadceea-2eef-4980-8f2e-71d9588416a3,askacademia_train,losing_generate_llama,2,"2

**Reasoning"
7fadceea-2eef-4980-8f2e-71d9588416a3,askacademia_train,losing_generate_mistral,2,"2

**Reasoning"
7fadceea-2eef-4980-8f2e-71d9588416a3,askacademia_train,losing_generate_qwen,2,"2

The comment does"
7fadceea-2eef-4980-8f2e-71d9588416a3,askacademia_train,losing_improve_claude,5,"5

This comment scores"
7fadceea-2eef-4980-8f2e-71d9588416a3,askacademia_train,losing_improve_gemini,4,"4

This comment scores"
7fadceea-2eef-4980-8f2e-71d9588416a3,askacademia_train,losing_improve_gpt4omini,3,"3

**Reasoning"
7fadceea-2eef-4980-8f2e-71d9588416a3,askacademia_train,losing_improve_gpt5nano,4,"4

This comment scores"
7fadceea-2eef-4980-8f2e-71d9588416a3,askacademia_train,losing_improve_llama,2,"2

This comment has"
7fadceea-2eef-4980-8f2e-71d9588416a3,askacademia_train,losing_improve_mistral,2,"2

This comment lacks"
7fadceea-2eef-4980-8f2e-71d9588416a3,askacademia_train,losing_improve_qwen,2,"2

This comment appears"
7fadceea-2eef-4980-8f2e-71d9588416a3,askacademia_train,losing_paraphrase_claude,4,"4

This comment scores"
7fadceea-2eef-4980-8f2e-71d9588416a3,askacademia_train,losing_paraphrase_gemini,4,"4

This comment scores"
7fadceea-2eef-4980-8f2e-71d9588416a3,askacademia_train,losing_paraphrase_gpt4omini,4,"4

This comment scores"
7fadceea-2eef-4980-8f2e-71d9588416a3,askacademia_train,losing_paraphrase_gpt5nano,4,"4

This comment scores"
7fadceea-2eef-4980-8f2e-71d9588416a3,askacademia_train,losing_paraphrase_llama,3,"3

This comment has"
7fadceea-2eef-4980-8f2e-71d9588416a3,askacademia_train,losing_paraphrase_mistral,4,"4

This comment scores"
7fadceea-2eef-4980-8f2e-71d9588416a3,askacademia_train,losing_paraphrase_qwen,3,"3

This comment receives"
